﻿Number;Start time in milliseconds;End time in milliseconds;"Text"
1;7967;10100;">> KOURTNEY: New York.
Whoo!"
2;10100;13734;"I love New York.
It's such an amazing city."
3;13734;15367;">> WOMAN: Hit eight, and that
will take you up to the"
4;15367;16834;"penthouse.
>> KIM: Thank you."
5;16834;18934;">> WOMAN: You're all set.
>> KOURTNEY: Kim and I are here"
6;18934;23200;"to open our third Dash store.
We have such a different"
7;23200;25567;"relationship than my
relationship with Khloe."
8;25567;28033;"Khloe and I became really close,
and we're really affectionate."
9;28033;30600;"Oh, Khloe!
Kim and I just aren't as"
10;30600;32333;"lovey-dovey.
>> KIM: Oh, my God."
11;32333;37667;">> KOURTNEY: Ooh.
>> KIM: How cool."
12;37667;40433;"New York is going to be an
absolute dream."
13;40433;43533;"I'm so excited to be here.
Oh, my God, your room is so much"
14;43533;45667;"cooler than mine.
I want this room."
15;45667;47266;">> KOURTNEY: Crib's already
here."
16;47266;50000;"Mason needs the better room.
>> KIM: I'm newly single and I"
17;50000;52900;"really have never taken the
time to be single."
18;52900;55333;"I've always been the one that's
always had a boyfriend."
19;55333;58433;"I've always been the one that's
in a relationship for years"
20;58433;60834;"after years.
I've never been in New York City"
21;60834;63033;"in the wintertime.
>> KOURTNEY: What?"
22;63033;65266;">> KIM: Look at this.
We have, like, a little table."
23;65266;68400;"When we were kids, Kourtney and
I were best friends, and I want"
24;68400;71066;"to kind of revert back to that
relationship."
25;71066;73633;"I'm just really looking forward
to spending, you know, quality"
26;73633;78100;"time with Kourtney, bonding with
my sister and just living the"
27;78100;80667;"single life.
What's up, New York City?!"
28;80667;82967;">> KOURTNEY: They're going to
think we're trying to, like,"
29;82967;85800;"jump off the building.
The Kardashians are here!"
30;85800;87667;"We should throw something."
31;91667;93967;">> ♪ When I step on the scene
Scene"
32;93967;95767;"♪ Y'all know me
Me"
33;95767;97900;"♪ 'Cause I walk with a limp
Like an old school pimp"
34;97900;100800;"♪ Or a real OG
You're looking kind of cute"
35;100800;104800;"Hey
In that polka dot bikini, girl"
36;104800;107900;"Hey!
I'm in New York, trick. ♪"
37;107900;110300;">> KOURTNEY: New York City!
 Captioning sponsored by"
38;110300;114166;"BUNIM-MURRAY PRODUCTIONS"
39;118667;121000;">> KOURTNEY: It's so, like,
random that Scott has his own"
40;121000;122967;"room.
>> KIM: I love Scott, but in a"
41;122967;125734;"way, like, I'm kind of glad that
he isn't staying in the suite"
42;125734;128700;"with us, because this is
allowing me and Kourtney to have"
43;128700;131700;"our bonding time.
And, you know, this is kind of"
44;131700;134533;"what I came out to New York for.
I mean, you'll see how it goes."
45;134533;136433;">> KOURTNEY: Move into Mom's.
>> KIM: You guys are on the same"
46;136433;139166;"floor, you know what I mean.
>> KOURTNEY: Scott is with us"
47;139166;142200;"here in New York, but he is
staying at our hotel just down"
48;142200;144633;"the hall.
And Kim and I are staying in the"
49;144633;147166;"suite with Mason.
Miami was definitely the lowest"
50;147166;150100;"place of mine and Scott's
relationship."
51;150100;153133;"He was going out every night,
getting a little crazy."
52;153133;155333;">> SCOTT: Kourtney!
>> KIM: What is going on?"
53;155333;157000;">> KOURTNEY: I can't do this
anymore."
54;157000;159734;"He's been going to therapy once
a week."
55;159734;163333;"But we're not quite in that
place yet where we want to move"
56;163333;166166;"back in together.
It's a giant step, and if it"
57;166166;168667;"happens before we're really
ready, it could ruin our"
58;168667;172166;"relationship for good.
I think he knows that it needs"
59;172166;174033;"to be, like, my decision."
60;180900;183900;"(knocking on door)
>> KIM: Hi."
61;183900;188000;">> SCOTT: So this is it?
>> KIM: This is the place."
62;188000;190200;">> SCOTT: Your big shebang?
>> KIM: How's your room?"
63;190200;192967;">> SCOTT: Clean. Nice bed.
Better than Miami."
64;192967;196900;"Anything's better than Miami.
Kim saw me at the lowest point"
65;196900;200467;"of my life, which was in Miami.
But I'm going to do everything"
66;200467;204333;"in my power to work as hard as I
can to really prove to her and"
67;204333;206633;"show her how much I've changed
so we can rekindle our"
68;206633;208500;"relationship.
You obviously need to pick a"
69;208500;211000;"guy more like myself.
>> KIM: Okay."
70;211000;214734;">> KOURTNEY: No. Absolutely not.
>> SCOTT: A work in progress."
71;214734;216667;"♪ ♪"
72;222934;226100;">> KOURTNEY: The absolute last
thing I want to do tonight is go"
73;226100;230033;"out, but it's Kim's single night
debut."
74;230033;233000;"But I'm definitely getting out
of here the first chance I get."
75;233000;235800;"To your night in New York--
well, our night in New York"
76;235800;237667;"City."
77;239367;241900;"Do you want me to, like, go
interview everyone and ask if"
78;241900;244266;"they want to take you out on a
date?"
79;244266;246633;">> KIM: No, I'm not desperate.
>> CARLA: What's up?"
80;246633;248667;">> KIM: Hey!
>> KOURTNEY: Hi."
81;248667;250800;">> KIM: I was just texting you.
You look so pretty."
82;250800;253467;">> CARLA: My God, we're here.
>> KIM: I know. We're in New"
83;253467;255100;"York City.
>> KOURTNEY: I know, that's what"
84;255100;257633;"I said, we're in New York with
single Kim."
85;257633;260166;"And I feel like in New York,
there would be, like, a fab,"
86;260166;261667;"like, businessman...
>> KIM: Yeah."
87;261667;263166;">> KOURTNEY: ...or something for
Kim."
88;263166;264800;">> CARLA: That's what you need.
>> KIM: I need a businessman."
89;264800;266900;">> KOURTNEY: A Wall Street guy.
>> KIM: Wall Street."
90;266900;269000;">> CARLA: Wall Street is dead
right now, but..."
91;269000;271700;">> KOURTNEY: Oh, you don't want
the Wall Street guy then."
92;271700;277834;"Um, all right, now that your
wing girl is here, I am going to"
93;277834;280600;"go be a mom and go home.
>> CARLA: No, you're leaving?"
94;280600;282533;">> KOURTNEY: Yeah.
>> KIM: You're such a bore."
95;282533;285567;">> KOURTNEY: Bye, dolls.
>> KIM: This is so typical"
96;285567;288000;"Kourtney.
As soon as my friend Carla shows"
97;288000;290867;"up, she ditches us.
It's seriously, not even"
98;290867;293033;"midnight.
Like, come on, Kourt."
99;293033;297133;"This is, like, our bonding time.
She's so annoying anyway."
100;297133;301734;"I think I know that guy.
Oh, my God, his name is Michael."
101;301734;304233;">> CARLA: He looks just like the
 Twilight."
102;304233;306066;">> KIM: He's cuter than the guy
 Twilight."
103;306066;308600;">> CARLA: Yeah, he is.
>> KIM: Michael was the guy"
104;308600;312100;"that I shot this TV show with.
 Beyond"
105;312100;314300;"the Break.
He's, like, really, like, sexy."
106;314300;316900;"He's-he's really cute.
>> CARLA: Go talk to him."
107;316900;320100;">> KIM: Absolutely not.
>> CARLA: Wait, you're not going"
108;320100;332934;"to say hi to him?
>> KIM: I don't chase people."
109;332934;335467;">> SCOTT: Hi.
>> KOURTNEY: Hey."
110;335467;338500;">> SCOTT: You're home early.
You got to shower, or you want"
111;338500;340900;"to get in bed?
>> KOURTNEY: I mean, I'm not"
112;340900;343900;"going to go to bed like this,
but I'll sit down here a second."
113;343900;347500;">> SCOTT: Oh, well...
I can't say I'm mad you got home"
114;347500;350533;"so early.
>> KOURTNEY: It's so nice to"
115;350533;353166;"come home to my family.
Scott stayed with Mason."
116;353166;355867;"And this is where I should be.
>> SCOTT: I'm glad you're home."
117;355867;358300;">> KOURTNEY: Me, too.
>> SCOTT: I'm tired, though."
118;358300;360734;"I think I'm going to go over
to my quarters."
119;360734;362834;">> KOURTNEY: No. Stay.
Let's watch a movie-- we'll"
120;362834;364333;"chill.
>> SCOTT: Really?"
121;364333;366600;">> KOURTNEY: Kim's out trying to
mingle with all these loser"
122;366600;369166;"guys.
And I have this great guy"
123;369166;371834;"staying down the hall.
>> SCOTT: Now that's more my"
124;371834;378500;"style.
>> KOURTNEY: Okay."
125;378500;380467;">> CARLA: Can you watch my bag?
>> KIM: Yeah."
126;380467;381934;">> CARLA: I'm going to go to the
restroom."
127;381934;384734;"I'll be right back.
Hey, are you Michael?"
128;384734;388367;">> MICHAEL: Yeah.
>> CARLA: I ran into some"
129;388367;390233;"friends on the way back."
130;392433;395066;">> KIM: This is so embarrassing.
Like, she doesn't have to go and"
131;395066;397433;"get guys for me and bring them
back to our table."
132;397433;400333;"Hi. How are you?
Oh, my God, what are you doing"
133;400333;402767;"in New York?
Hi. Nice to meet you."
134;402767;405867;"What's up?
How have you been?"
135;405867;409633;"I haven't seen you in, like,
five or six years."
136;409633;412967;"We did this, like, show, on The
 Beyond the"
137;412967;415367;"Break.
I was, like, so nervous."
138;415367;417600;"Like, so nervous.
>> MICHAEL: Were you single"
139;417600;419300;"then?
>> KIM: Yeah, I was single."
140;419300;425066;">> MICHAEL: How come you didn't
hit on me then?"
141;425066;428767;"Look how cute she is.
She's really laughing now."
142;428767;431033;"Why are you laughing? Come here.
>> KIM: You guys, this is really"
143;431033;433533;"awkward.
>> MICHAEL: Give me a hug. Aw."
144;433533;436500;">> KIM: I'm single.
So, I'm, like, I'm so excited"
145;436500;439400;"to be in New York.
What does your tattoo say?"
146;439400;442166;"I'm like dropping hints that I'm
single, and I don't know how"
147;442166;445333;"this dating thing works.
Like, make a move, buddy."
148;445333;447967;"I would never ask for someone's
number, so it's like, okay, what"
149;447967;450500;"do I do?
MICHAEL: Nice meeting you."
150;450500;452033;"Bye.
>> CARLA: Bye."
151;452033;453800;">> KIM: Bye.
So good to see you."
152;453800;455567;">> MICHAEL: So good to see you.
>> KIM: Bye."
153;455567;458266;">> CARLA: What's your number?
>> MICHAEL: Oh, uh, yeah, it's"
154;458266;463266;"310... 774...
>> KIM: Carla's really sneaky."
155;463266;465934;"She grabbed my phone, was so sly
and was like, "Oh, we should all"
156;465934;468934;"hang out later."
Bye."
157;468934;472467;"I'm not going to call the guy.
>> CARLA: You're not going to"
158;472467;475500;"call him?
He's so cute."
159;475500;477900;">> KIM: No. He's so cute, but
it's not my style."
160;477900;480100;"So just drop it.
I don't want them to see us"
161;480100;481600;"talking about them.
Let's, like, laugh."
162;481600;483467;"(laughing)"
163;489967;491834;"♪ ♪"
164;507066;510133;">> KOURTNEY: We just knew that
SoHo would be the perfect space"
165;510133;513033;"for a Dash store.
We're in a two-year lease, and"
166;513033;519900;"I'm so excited to turn it into
something amazing."
167;519900;522800;">> KIM: Whoo-hoo!
Whoo-hoo-hoo."
168;522800;525867;">> KOURTNEY: This is fun.
>> KIM: It is amazing."
169;525867;527867;"Hi.
>> GREGORY: Hello."
170;527867;529867;"I'm Gregory.
Nice to meet you."
171;529867;532500;">> KOURTNEY: We hired a
designer, Greg, from Studios GO,"
172;532500;535934;"who we're really excited to
work with and get this Dash"
173;535934;538166;"space started.
>> GREGORY: If you could imagine"
174;538166;540367;"this whole thing lined with
fabric, floor to ceiling, right?"
175;540367;542633;">> KOURTNEY: The walls?
>> GREGORY: All the walls from"
176;542633;544700;"this point...
>> KIM: So, while Greg is going"
177;544700;546934;"on about all the plans for
the store, I get a text from"
178;546934;549233;"Kanye West.
Kanye and I have been good"
179;549233;551533;"friends for a long time.
You know, he's someone that we"
180;551533;554600;"definitely respect his fashion
taste and his style, and so"
181;554600;559800;"we wanted him to come check out
the store."
182;559800;563233;">> KOURTNEY: Mr. West is in
the building."
183;563233;565900;">> KIM: Hi.
We're going to go to Vegas."
184;565900;567900;"If you want to come.
>> KANYE: Ah, yeah."
185;567900;571734;"(laughter)
>> KIM: I know you do."
186;571734;574567;"When did you get over here?
>> KOURTNEY: We were watching"
187;574567;577433;"a movie in bed and just
passed out."
188;577433;587567;">> KIM: Will Scott sleep over,
like, every night?"
189;587567;589567;">> KIM: This is our space.
If you're in town, do you want"
190;589567;591567;"to come to our opening?
I think it's, like, in"
191;591567;593567;"two weeks.
>> KANYE: This store is going to"
192;593567;595567;"be open in two weeks?
>> KIM: I know."
193;595567;597567;"There's so much work to do.
And I just hope we can get all"
194;597567;599600;"this work done by my birthday.
>> KANYE: What day is your"
195;599600;601600;"birthday?
>> KIM: It's the 21st."
196;601600;603600;"We're going to go to Vegas.
If you want to come."
197;603600;605834;">> KANYE: Ah, yeah.
(laughter)"
198;605834;609333;">> KIM: I know you do.
We're going to have a special,"
199;609333;612734;"like, CD player with a system
that only plays West..."
200;612734;614734;">> KOURTNEY: "Gold Digger."
(Kim laughing)"
201;614734;616734;">> KANYE: That's perfect for
a store."
202;616734;619533;">> KOURTNEY: Yeah.
Kim is single now, and she is"
203;619533;622567;"the most boy-crazy girl I've
ever seen."
204;622567;625567;"She just loves to flirt.
>> KIM: You got to do the legs."
205;625567;627667;">> KANYE: No.
>> KOURTNEY: Here, we'll do it."
206;627667;631367;">> SCOTT: Hello.
>> KANYE: Wow, he dresses"
207;631367;633367;"amazing.
>> SCOTT: How's everything?"
208;633367;635367;">> KANYE: It's good.
>> KOURTNEY: This is Sheva."
209;635367;637367;"Sheva, this is Kanye.
>> KANYE: I think she knows"
210;637367;639166;"that.
>> KIM: Kanye..."
211;639166;640867;">> KOURTNEY: You're such a
bastard."
212;640867;642367;">> KIM: You can't say that.
>> SCOTT: What? She does."
213;642367;644367;">> KANYE: Yeah. See?
>> SCOTT: He got where he is by"
214;644367;646600;"being who he is.
Let him do what he's got to do."
215;646600;648800;">> KANYE: No, I'm completely a
nice guy, and I completely"
216;648800;651033;"manage to tone it down.
>> SCOTT: I've been told"
217;651033;653166;"the same.
Look at me."
218;653166;655867;"I'm a calm, easygoing guy.
If I could sing, I would."
219;655867;657867;">> KANYE: That would be the
death of hip-hop."
220;657867;660467;"(laughter)
>> SCOTT: I just said, "If I"
221;660467;662700;"could.""
222;673100;676467;">> SCOTT: This looks delicious.
Toast?"
223;676467;678500;"I got to say, I slept so good
last night."
224;678500;680500;"You?
>> KOURTNEY: And you never"
225;680500;683467;"sleep good.
Oh, that looks so tasty."
226;683467;690166;">> KIM: Kourt!
When did you get over here?"
227;690166;692300;">> KOURTNEY: We were watching
a movie in bed and just"
228;692300;694800;"passed out.
>> KIM: I thought we were going"
229;694800;696800;"to go get breakfast today.
>> KOURTNEY: There's always"
230;696800;698834;"tomorrow, babe.
>> KIM: Um, we have to get ready"
231;698834;700834;"for the furniture store.
>> KOURTNEY: You got a deal,"
232;700834;702834;"baby, you got a deal.
>> SCOTT: You got a deal."
233;702834;705300;">> KIM: You guys are seriously,
like, beyond annoying."
234;705300;708000;">> SCOTT: You remind me of the
jungle sometimes."
235;708000;710300;">> KOURTNEY: Rawr, rawr.
>> SCOTT: Ooh, yeah."
236;710300;713166;"Rawr.
>> KIM: I got to go barf."
237;713166;717767;"Hey, Michael, it's Kim.
Do you want to, like, I don't"
238;717767;720900;"know, maybe grab something to
eat or do lunch or dinner or"
239;720900;722934;"something?
>> KOURTNEY: You're just being a"
240;722934;734266;"drama queen.
>> KIM: Just whatever, Kourtney."
241;734266;736567;">> KOURTNEY: I like these little
mirrors, too."
242;736567;738567;">> KIM: I love this.
>> KOURTNEY: Yeah."
243;738567;740567;">> KIM: I really want that,
actually."
244;740567;742834;"I want this one.
Um, you know, you could"
245;742834;745433;"have ordered me breakfast
this morning."
246;745433;748500;">> KOURTNEY: Seriously, I wasn't
thinking about it."
247;748500;750867;">> KIM: Will Scott sleep over,
like, every night?"
248;750867;753500;">> KOURTNEY: No, we just fell
asleep watching a movie."
249;753500;755500;">> KIM: Yeah, but you could
have, like, woken up and"
250;755500;757500;"included me and, like, ordered
me breakfast."
251;757500;759533;">> KOURTNEY: I'm going to send
you a warning e-mail from now"
252;759533;765467;"on: "Attention, attention."
>> KIM: Okay, I would love that."
253;765467;767500;"♪ ♪"
254;775867;778433;"(door opening)
>> KOURTNEY: This is, like, the"
255;778433;779967;"heaviest door on the planet.
>> SCOTT: Hello."
256;779967;781900;">> KOURTNEY: Hi.
>> SCOTT: How you doing?"
257;781900;784233;">> KOURTNEY: I was, like, just
making a little snack."
258;784233;786533;">> SCOTT: So, you wanted to talk
about something?"
259;786533;788767;">> KOURTNEY: I've been thinking,
you know, since we've been here"
260;788767;791400;"I've been so proud of you
lately, and, you know, how"
261;791400;793567;"hard you've been working
on yourself."
262;793567;795900;"You've been putting in a real
effort, and I've seen such a"
263;795900;803400;"change in you.
>> SCOTT: My life is my family."
264;803400;807934;">> KOURTNEY: Miami was absolute
hell and a nightmare, but I"
265;807934;810600;"mean, the last eight months have
been really amazing."
266;810600;814100;"I've been thinking a lot about
it and I feel, like, you know,"
267;814100;817433;"we might be ready to move back
in together."
268;817433;820166;"I don't know.
>> SCOTT: If you're saying what"
269;820166;822500;"I think you're saying, you're
making me one of the happiest"
270;822500;827133;"people there is.
Is it official?"
271;827133;828834;"We're roomies again?
>> KOURTNEY: Do roomies"
272;828834;834934;"shake hands or do they kiss?
>> SCOTT: I would love a kiss."
273;834934;836800;"I love you."
274;840166;857233;"Let's take it to the bedroom,
little girl."
275;857233;861600;">> KOURTNEY: Um, last night I
was with Scott, and we were"
276;861600;865367;"talking about how we were doing
and progressing and all that,"
277;865367;869800;"and that it, you know, would
make some sense for him to stay"
278;869800;875667;"in the room with us instead of
down the hall."
279;875667;878734;">> KIM: So what are you saying?
>> KOURTNEY: So I'm saying that,"
280;878734;882633;"we're, you know, moving back
in together."
281;882633;885200;">> KIM: I mean, whatever.
I just, this is really not what"
282;885200;888633;"I even signed up for.
I mean, Kourtney tells me that"
283;888633;892900;"Scott is gonna move in, and I'm
kind of annoyed because this was"
284;892900;895433;"supposed to be mine and
Kourtney's alone time."
285;895433;898266;"You know, I thought we were
gonna move out here to New"
286;898266;901633;"York together.
That's not what's going on here."
287;901633;903433;"We're moving out here...
>> KOURTNEY: Yeah, it is."
288;903433;905300;"You're just being a drama queen
like you always are."
289;905300;907233;">> KIM: I'm not being a
drama queen."
290;907233;909333;">> KOURTNEY: How is that not
dramatic?"
291;909333;912867;">> KIM: Just whatever, Kourtney.
>> MICHAEL: That was a very"
292;912867;916066;"intense look, so that must be
seven years of good sex."
293;916066;918433;">> KIM: Yes, hopefully.
(both laugh)"
294;918433;920467;">> KIM: Kourt!
>> SCOTT: I hear you screaming."
295;920467;921867;"What's the problem?
>> KIM: Seriously, I'm"
296;921867;923500;"so annoyed.
>> SCOTT: What?!"
297;923500;925467;">> KIM: Like, I'm so annoyed.
>> SCOTT: I heard you going"
298;925467;927333;"nuts."
299;934433;936433;"Captioned by
 Media Access Group at WGBH"
300;936433;939700;"access.wgbh.org
>> KOURTNEY: You know, I thought"
301;939700;941767;"we were gonna move out here
together."
302;941767;943834;"That's not what's going on here.
We're moving out here..."
303;943834;946000;">> KOURTNEY: Yeah, it is.
You're just being a drama queen"
304;946000;947734;"like you always are.
>> KIM: I am not being"
305;947734;949500;"a drama queen.
>> KOURTNEY: How is that not"
306;949500;951266;"dramatic?
>> KIM: Just whatever, Kourtney."
307;951266;953533;"I'm just, like, so frustrated.
and I need something to get,"
308;953533;956000;"you know, my mind off of this
annoyance."
309;956000;958867;"(phone line rings)
>> MICHAEL: Hello."
310;958867;962433;">> KIM: Hey, Michael, it's Kim.
>> MICHAEL: Hey, how are ya?"
311;962433;967200;">> KIM: Good. How are you?
(Michael speaks indistinctly)"
312;967200;971567;"So you want to like, I don't
know, maybe grab something"
313;971567;974467;"to eat or go to lunch
or dinner or something?"
314;974467;979000;">> MICHAEL: I would love that.
>> KIM: I cannot believe that I"
315;979000;982667;"had the balls to call Michael
and ask him out."
316;982667;985500;">> MICHAEL: Um, have you ever
heard of Serendipity?"
317;985500;988333;">> KIM: Oh, my God, I love
Serendipity."
318;988333;991233;">> MICHAEL: All right, cool.
>> KIM: All right, so I will"
319;991233;1007367;"see you tonight. Bye.
(squeals)"
320;1007367;1009767;"Well, hello there.
>> MICHAEL: Hey. Hi."
321;1009767;1012100;">> KIM: Is this okay to sit
over here?"
322;1012100;1014500;">> MICHAEL: Yeah, of course.
Wow, you look great."
323;1014500;1017033;">> KIM: Thank you.
This is, honestly, like,"
324;1017033;1019734;"my favorite place ever.
I saw the movie, and I was,"
325;1019734;1021367;"like, "Oh, my God, it's
a real place.""
326;1021367;1023533;">> MICHAEL: The last time I was
in New York I actually stayed"
327;1023533;1025834;"on the next street over.
And I was, like, "Oh, my God,"
328;1025834;1028433;"it's the real Serendipity."
>> KIM: Upstairs is where they"
329;1028433;1030367;"filmed the movie.
I need to go rent it."
330;1030367;1031767;">> MICHAEL: And watch it
together."
331;1031767;1034000;">> KIM: Then I can see what
it's like."
332;1034000;1036934;"(both chuckle)
Easy there. I'm just kidding."
333;1036934;1039200;">> MICHAEL: I'm just asking.
I'm just, you know."
334;1039200;1042367;"(Kim chuckles)
We should have a cheers to"
335;1042367;1045700;"our evening.
>> KIM: Cheers to our date with"
336;1045700;1047667;"water. (chuckles)
Wait. Did you look me in the"
337;1047667;1049367;"eyes when you said cheers?
>> MICHAEL: I did. Did you?"
338;1049367;1051066;">> KIM: I don't think I did.
>> MICHAEL: I don't think you"
339;1051066;1052800;"looked me in the eyes.
>> KIM: I didn't look you in"
340;1052800;1054867;"the eyes.
Do you know what that means?"
341;1054867;1056900;">> MICHAEL: That's seven years.
>> KIM: Of bad sex."
342;1056900;1059767;">> MICHAEL: Mm-hmm.
>> KIM: Oh, my God, so let's"
343;1059767;1061467;"cheers again.
>> MICHAEL: Let's do that again."
344;1061467;1064066;">> KIM: Cheers.
>> MICHAEL: That was a very"
345;1064066;1068066;"intense look, so that must be
seven years of good sex."
346;1068066;1069934;">> KIM: Yes, hopefully.
(both laugh)"
347;1069934;1072266;"My date with Michael is going
really well."
348;1072266;1074633;"It's cute and sweet and
romantic."
349;1074633;1076600;">> MICHAEL: So where are
you staying?"
350;1076600;1078900;">> KIM: I am staying at the
Smyth TriBeCa."
351;1078900;1080700;">> MICHAEL: Oh, yeah.
>> KIM: On Broadway."
352;1080700;1083200;"We have the most gorgeous view.
You should come over."
353;1083200;1086100;"Not like that. Not like that.
>> MICHAEL: I know. I'm just..."
354;1086100;1088133;">> KIM: I'm just saying you
should come over and see"
355;1088133;1090066;"the view.
(both laugh)"
356;1090066;1098734;">> MICHAEL: Oh, man, you're
so cute."
357;1098734;1101567;"Eight, it's my favorite number,
actually."
358;1101567;1104734;">> KIM: It is?
I like eights, too."
359;1104734;1110166;"So this is my New York pad.
Let's hope it's not too cold."
360;1110166;1113133;"A little sitting area over
there."
361;1113133;1114767;">> MICHAEL: You get nervous,
don't you?"
362;1114767;1116433;">> KIM: I always do.
Like, always."
363;1116433;1118300;">> MICHAEL: I think that's
so cute."
364;1118300;1122867;"You wouldn't expect that.
(Kim laughs)"
365;1122867;1126066;">> KIM: I really had never taken
the time to be single and just"
366;1126066;1128500;"have fun.
I don't want a boyfriend."
367;1128500;1132033;"I need to push myself to
stay single and not fall"
368;1132033;1134433;"in love.
>> MICHAEL: Can I get a cheek"
369;1134433;1136333;"at least?
>> KIM: Yes, you can"
370;1136333;1138100;"get a cheek.
Perfect."
371;1138100;1140133;"I'll walk you out."
372;1144500;1147433;"Kourt!
Kourt!"
373;1147433;1149433;">> SCOTT: I hear you screaming.
What's the problem?"
374;1149433;1151200;">> KIM: Seriously, I'm so
annoyed."
375;1151200;1152867;">> SCOTT: What?!
>> KIM: Like, I'm so annoyed."
376;1152867;1154400;">> SCOTT: I heard you
going nuts."
377;1154400;1157600;">> KIM: Oh, my God. Bible.
 "In Touch"
378;1157600;1160834;"weekly exclusive:
'Kim Kardashian has a new man.'""
379;1160834;1166467;"I just left this guy tonight.
You know, I go on one date with"
380;1166467;1169367;"this guy Michael and it's all
over the Internet."
381;1169367;1172500;""Kim and Michael met in 2006
 Beyond the"
382;1172500;1174467;"together.
But now they're hitting it"
383;1174467;1176433;"off romantically.
The timing is right for"
384;1176433;1178233;"both of them."
>> KOURTNEY: Kim just wanted to"
385;1178233;1181667;"go out with a guy and have some
fun and not have it be all"
386;1181667;1184200;"about the press and the media
and everything that"
387;1184200;1186000;"surrounds that.
>> KIM: This is why I can't"
388;1186000;1187433;"date, I swear.
>> SCOTT: You went on an"
389;1187433;1189667;"innocent date.
You didn't sleep with the guy."
390;1189667;1191967;"There's a million magazines
that are gonna say you are."
391;1191967;1194433;"But you know you didn't.
You have to live your life"
392;1194433;1197667;"for you because if you don't,
you'll never find the love"
393;1197667;1200300;"that you want.
All in all, obviously, you know"
394;1200300;1202834;"we want the best for you, and I
always have your back."
395;1202834;1204767;">> KIM: Thank you.
>> SCOTT: I know it's weird"
396;1204767;1206467;"'cause I may not be the best
best guy."
397;1206467;1208333;">> KIM: Oh, thank you!
>> SCOTT: Kourtney and I have"
398;1208333;1210166;"moved back in together.
Kim and I's relationship is"
399;1210166;1214567;"doing unbelievable.
I gotta say I'm doing pretty"
400;1214567;1217633;"good here in New York.
All right, I'm gonna go jerk"
401;1217633;1220533;"my little (bleep).
(Kourtney and Kim laugh)"
402;1220533;1223100;">> KIM: I'm sorry about getting
mad earlier about Scott."
403;1223100;1225066;">> KOURTNEY: I didn't want to
cause any drama."
404;1225066;1227433;"I was just trying to embrace it
'cause we've been doing so good"
405;1227433;1229467;"lately.
>> KIM: Yeah, and you should."
406;1229467;1231200;"I mean, I've been thinking
about it."
407;1231200;1233100;"It's kinda selfish of me,
and you really should."
408;1233100;1235867;">> KOURTNEY: I know I was making
you feel like the third wheel."
409;1235867;1238700;"I'll make a big effort not to.
>> KIM: Or just order me"
410;1238700;1240333;"breakfast.
Every morning, you know what I"
411;1240333;1243100;"want, is the yogurt with the
granola and fruit."
412;1243100;1246433;"I would love that.
Okay?! (laughing)"
413;1246433;1250000;">> KOURTNEY: Oh, my God!
(Kim laughing)"
414;1250000;1253033;"Are you crazy?
>> KIM: I'm the new Khloe!"
415;1253033;1256033;"Can't miss the new Khloe!
>> KOURTNEY: Not only jealous"
416;1256033;1258233;"of Scott, she's jealous of
Khloe."
417;1258233;1262600;"Oh, my God.
(Kim laughing)"
418;1262600;1265300;"Kourtney
& Kim Take New York:"
419;1265300;1268100;">> KOURTNEY: Whoo!
The Kardashians are here!"
420;1268100;1272633;">> KIM: I'm excited to be single
and do whatever the hell I want."
421;1272633;1275266;"♪ ♪
>> MAN: Stand by."
422;1275266;1278567;">> KOURTNEY: I'm gonna be the
next soap opera star."
423;1278567;1280367;">> MAN: And action.
>> KOURTNEY: I wouldn't have"
424;1280367;1282166;"done anything if you wouldn't
have done it first."
425;1282166;1284934;"I'm, like, the most known actor
of my day."
426;1284934;1287400;">> WOMAN: The-Dream actually
reached out to me about you"
427;1287400;1289533;"recording a song or something.
>> KOURTNEY: What?"
428;1289533;1292000;">> KIM: Yeah. The-Dream asked
me to record a song."
429;1292000;1293967;">> THE-DREAM: You ready?
>> KIM: (squeals) I'm nervous."
430;1293967;1295300;">> THE-DREAM: Calm down.
Quit playing."
431;1295300;1298166;">> KIM: When I say I'm 30, it's
like the end of time."
432;1298166;1301633;">> KOURTNEY: This could be the
down-and-dirty party."
433;1301633;1305567;"We need a keg.
>> WOMAN: Oh, my, suck on it!"
434;1305567;1308700;">> KIM: This store needs to be
our signature look."
435;1308700;1311834;"(people clamoring) 
>> GREGORY: You're slightly over"
436;1311834;1314433;"budget, meaning three times.
>> KIM: This is not good."
437;1314433;1316934;">> KOURTNEY: You are about to
fall in love."
438;1316934;1319233;">> SCOTT: I'm taking this ring
and I'm proposing to her."
439;1319233;1320800;">> KIM: You guys are
getting married!"
440;1320800;1323533;">> KRIS: You lied to me, Kim.
>> SCOTT: I find myself not"
441;1323533;1326200;"being able to control my anger.
Stop it!"
442;1326200;1328700;"These are definitely times that
make me want to have a cocktail."
443;1328700;1330700;">> KOURTNEY: What were you
doing starting a fight?!"
444;1330700;1334533;">> SCOTT: (bleep)
I will kill you!"
445;1334533;1336400;">> KIM: Do something!
I feel so (bleep) taken"
446;1336400;1338266;"advantage of!"