﻿Number;Start time in milliseconds;End time in milliseconds;"Text"
1;3934;7433;">> MASON: New York!
>> KOURTNEY: I am so excited"
2;7433;10433;"to be in New York City.
>> SCOTT: So, remember, Mason,"
3;10433;12734;"every morning we go like this
to start the day."
4;12734;15300;">> MASON: Yay!
>> HUMPHRIES: Mason's playpen,"
5;15300;18100;"five feet from my room.
Scott and that whole issue."
6;18100;19600;"I don't want to get you caught
in the middle of."
7;19600;20934;">> KOURTNEY: Where are you
going?"
8;20934;22633;">> HUMPHRIES: I'm gonna go
to Minnesota."
9;22633;24834;">> SCOTT: Doll, just give me
one step."
10;24834;27233;">> KOURTNEY: No way.
Scott gets crazy, and"
11;27233;30700;"he's embarrassing me.
You were being a little feisty."
12;30700;33066;">> SCOTT: I don't know what
you're bothering me for."
13;33066;35300;"I really just can't take
it anymore."
14;35300;37433;">> KOURTNEY: Do whatever you
want."
15;37433;44567;"Hasta luego.
>> ♪♪♪"
16;44567;46867;">> SIMON: Oh, my God, you guys
have arrived."
17;46867;48967;">> JONATHAN: I told you.
>> SIMON: This is insane."
18;48967;52100;"I didn't know it was a duplex.
>> KIM: Oh, yeah."
19;52100;54200;"Jonathan and Simon
are my two best friends"
20;54200;57967;"in New York, and they are coming
over to check out our new place,"
21;57967;61400;"and they really are the two guys
that I can really confide in"
22;61400;64000;"and talk to them about anything.
You're staring at my ring."
23;64000;65834;">> SIMON: I just can't
believe it."
24;65834;68467;"I can't believe the size of it.
You're married now."
25;68467;71000;"You're not dating anymore.
>> KIM: I didn't realize like"
26;71000;73066;"how he's literally like
a big kid."
27;73066;74967;">> JONATHAN: Right.
>> SIMON: Things are different"
28;74967;76667;"when you're married.
>> KIM: He just left"
29;76667;78400;"for Minnesota.
>> SIMON: Just for like a little"
30;78400;80433;"visit or something?
>> KIM: No, like we haven't"
31;80433;83133;"really figured it out.
>> SIMON: What happened?"
32;83133;85834;"Was there a fight?
>> JONATHAN: I thought he was"
33;85834;87166;"like back here and like running
around town."
34;87166;89100;">> SIMON: But why would he go
to Minnesota?"
35;89100;91133;"He lives in New York with
you now."
36;91133;93066;"You guys are married together.
>> KIM: I know, but like he"
37;93066;95767;"has his stuff that he has to
do and I have stuff I have"
38;95767;97400;"to do.
>> SIMON: That's strange."
39;97400;98967;">> JONATHAN: Like what?
>> SIMON: If he wants to go to"
40;98967;101066;"Minnesota for a few days,
that's one thing, but a long"
41;101066;103166;"period of time in Minnesota?
That's like detrimental"
42;103166;105066;"to your relationship.
>> JONATHAN: I mean, I would"
43;105066;107500;"freak out.
>> SIMON: He should be here."
44;107500;109133;">> KOURTNEY: Hi, guys.
>> JONATHAN: Kourt."
45;109133;111033;">> KIM: Hi.
>> KOURTNEY: The sleeping baby."
46;111033;113500;"We just had the most fun day.
>> JONATHAN: Where have you"
47;113500;115900;"guys been?
>> KOURTNEY: We went to like"
48;115900;118567;"Central Park, and then I went
on the slide."
49;118567;122266;">> SIMON: So where is Scott?
>> KOURTNEY: I have not spoken"
50;122266;125400;"to Scott.
I have no idea where he is."
51;125400;128166;"We're just not in a good place
right now, and I just would"
52;128166;130934;"rather him not be around.
>> JONATHAN: I saw him."
53;130934;133533;">> SCOTT: It's like I'm
literally in jail over there."
54;133533;135633;"Kourtney and I don't sleep
in bed together, haven't"
55;135633;138100;"in years.
She goes to bed with Mason,"
56;138100;140967;"and then if I say I'm gonna
go do anything else, she's"
57;140967;142700;"automatically mad at me.
>> JONATHAN: Right."
58;142700;144033;">> SCOTT: So I can't
have either."
59;144033;145900;">> JONATHAN: Well, you could
just move in here."
60;145900;148400;">> SCOTT: You got a guest room?
>> JONATHAN: Yeah, I got two."
61;148400;151633;"Either cut him or like love him.
>> KOURTNEY: Yeah."
62;151633;153667;">> JONATHAN: I feel bad for him,
though, because, you know,"
63;153667;155734;"whenever he gets to New York
it's always rocky for him."
64;155734;157533;">> KOURTNEY: Okay, well, I don't
just run away."
65;157533;160433;"I wouldn't just run away from
Mason and be like nowhere to be"
66;160433;162734;"found.
>> (phone rings)"
67;162734;164834;">> KOURTNEY: Hold on.
Scott's parents are calling me."
68;164834;167734;"Hello?
>> JEFF: Hello."
69;167734;170567;">> KOURTNEY: Hi.
>> JEFF: He's gonna be like"
70;170567;173233;"a fricking ass (bleep) to me.
I mean, I can't even get"
71;173233;175533;"a straight answer out of him.
>> KOURTNEY: About what?"
72;175533;178400;">> JEFF: To please call me.
And he doesn't call."
73;178400;181300;">> KOURTNEY: We're all supposed
to go to the Hamptons this"
74;181300;183700;"weekend to go see Scott's
parents."
75;183700;187000;"I've been really close with them
for years and years."
76;187000;190300;"Since everything's gone down
with Scott, I don't really know"
77;190300;194100;"what the deal is, but everyone's
coming-- Jonathan, Khloe, Mason,"
78;194100;196033;"all of us.
I promised his parents we"
79;196033;197934;"would come, so that's what
we're gonna do."
80;197934;200000;">> JEFF: I mean, does he think
that I don't know that there's"
81;200000;202266;"something not right?
I don't know."
82;202266;204433;"He didn't even answer
my last text."
83;204433;206600;">> KOURTNEY: That's weird.
Well, don't worry."
84;206600;208333;">> JEFF: I remember when
Jonathan..."
85;208333;211266;"Jonathan could have straightened
him up for five minutes."
86;211266;214233;">> KOURTNEY: Jonathan's here.
He's at my place."
87;214233;216033;">> JONATHAN: Hey, Jeff.
How are you?"
88;216033;218367;">> JEFF: How's he doing with
the mental case?"
89;218367;220400;">> KOURTNEY: He said, "What's up
with the mental case?""
90;220400;222667;">> JONATHAN: You know how it is.
It's been the same for seven"
91;222667;224467;"years, and you're still
surprised about it?"
92;224467;226734;">> JEFF: Hey, that's no excuse.
I mean, Kourtney's texting him,"
93;226734;228633;"he's not answering.
You know what I mean?"
94;228633;230333;">> KOURTNEY: It's okay.
We'll figure it out."
95;230333;232367;"But we're gonna come regardless
and have fun."
96;232367;243500;">> JEFF: That's fine by me.
>> ♪♪♪"
97;243500;248367;">> KHLOE: Um, 12th floor.
>> KIM: Who is it?"
98;248367;251200;">> KHLOE: Oh, money.
Shake your (bleep)."
99;251200;254600;">> KIM: Welcome to our crib.
>> (both whooping)"
100;254600;258500;">> KHLOE: Oh, my God!
Kourtney!"
101;258500;260467;"What?
>> (Mason babbles)"
102;260467;262600;">> KHLOE: A-na-na-na!
What's my name?"
103;262600;264633;">> (Mason babbles)
>> KHLOE: Come here."
104;264633;267400;"I am in New York.
I miss my sisters so much, so"
105;267400;271667;"I love coming here to visit them
and also it's the last big"
106;271667;275133;"weekend of summer, and we are
going to the Hamptons."
107;275133;277166;"Do you give this kid speed
or something?"
108;277166;279266;"What did he take today?
>> KOURTNEY: He just woke up"
109;279266;282934;"from his nap, so he's excited.
>> KHLOE: So, Kourt..."
110;282934;286600;">> KOURTNEY: Hmm?
>> KHLOE: Scott called me."
111;286600;289100;">> KOURTNEY: What did he say?
>> KHLOE: You know there's two"
112;289100;293000;"sides to every story, but I am
gonna tell you some of the"
113;293000;296033;"concerns and issues that he
was saying to me."
114;296033;298400;"Can you like listen to me?
>> KOURTNEY: I am."
115;298400;300533;">> KHLOE: Scott and I,
we're cool."
116;300533;302266;"We're working on our
relationship."
117;302266;304900;"There's no bad blood.
But typically, Scott is not"
118;304900;308333;"someone who calls me.
But for some reason, he's"
119;308333;310633;"confiding in me and just
telling me all of his"
120;310633;312333;"frustrations.
If you really care about"
121;312333;314033;"your relationship--
>> KOURTNEY: I do."
122;314033;316967;"I want to hear. I'm listening.
>> KHLOE: So Scott feels like"
123;316967;319266;"now that he's started drinking
again, now you've lost all"
124;319266;321800;"respect for him, and you feel
like you could talk to him any"
125;321800;324367;"which kind of way.
And I told Scott, I said, "I do"
126;324367;327100;"think Kourtney has
deep-rooted issues because"
127;327100;330066;"of the Miami situation."
>> (glass breaks)"
128;330066;332333;">> KOURTNEY (voice breaking): I
can't do this (bleep) anymore."
129;332333;336667;"Like I'm not gonna-- like I love
Mason more than I love you."
130;336667;339133;">> KHLOE: Maybe you guys have
to talk this through and have"
131;339133;341467;"a compromise, but the more--
>> KOURTNEY: It's not really"
132;341467;343934;"fair to me, though.
I can't live my life being"
133;343934;346600;"scared like that.
That something like that's"
134;346600;349300;"gonna happen like every time
he drinks."
135;349300;351967;">> KHLOE: He feels like you
don't respect him as a person,"
136;351967;353967;"you guys don't sleep in the
same bed together."
137;353967;357200;"Your man is crying for
attention, and if you don't want"
138;357200;360266;"to be with Scott, then it's not
fair to string him along."
139;360266;362867;"Why are you laughing?
>> KOURTNEY: I don't know."
140;362867;364800;">> KHLOE: 'Cause am I
being funny?"
141;364800;366533;">> KOURTNEY: No.
>> KHLOE: You're that person."
142;366533;369433;"Like you really don't care.
I know when Kourtney gets"
143;369433;371533;"uncomfortable, she starts
to laugh."
144;371533;374200;"She doesn't really know how
to talk things out."
145;374200;376333;"And Scott has put her though
a lot."
146;376333;379100;"But if that has finally got
to her and she's finally"
147;379100;381300;"over it, then she needs to
to let him go."
148;381300;383900;"It's not fair for Scott.
Scott loves you."
149;383900;385800;"He doesn't want to be with
somebody else."
150;385800;388533;"It's not that.
He just wants-- like he wants to"
151;388533;403834;"to feel like he's the man.
>> ♪♪♪"
152;403834;407567;">> KOURTNEY: Shapes. Wait.
Show KoKo. What is this?"
153;407567;409367;">> MASON: Oval.
>> KOURTNEY: Oval?"
154;409367;411367;">> KHLOE: What color is this?
>> MASON: Oval."
155;411367;413633;">> KHLOE: No, no, look.
>> KIM: You know Jonathan lives"
156;413633;416033;"on our block?
>> KHLOE: Oh, no way."
157;416033;417800;">> KIM: Right across the street
on the corner."
158;417800;419967;">> KHLOE: No way.
>> KIM: Mm-hmm. It was so funny."
159;419967;423300;"I told Simon that Kris and I
were living separate."
160;423300;425266;">> KOURTNEY: Yeah?
>> KIM: And he thought it was"
161;425266;427433;"like the craziest thing ever.
>> KOURTNEY: I think it might"
162;427433;430300;"be a little weird if this is
going on the whole time we're"
163;430300;432333;"here, and he's gonna stay
in Minnesota."
164;432333;434734;">> KIM: It's not like he's
gonna be gone for like ever."
165;434734;438367;">> KHLOE: But if you do have
a few days off, I would think"
166;438367;440600;"you would want to go
to Minnesota."
167;440600;444266;"Personally, I stopped a lot
of work so I could be with"
168;444266;446700;"my husband more.
I think especially within"
169;446700;449433;"the first year, you are like
your most obsessed with"
170;449433;451400;"that person.
So I find it just a little"
171;451400;454367;"unsettling since not even been
a month into their marriage."
172;454367;456500;"But to each their own.
Sometimes I think too much"
173;456500;458533;"distance, like then you guys get
comfortable with that, and then"
174;458533;460667;"there's really no relationship.
You guys are just married."
175;460667;462934;"It's just the title.
>> KIM: I mean, I want to live"
176;462934;465033;"with him.
It's not that I don't want"
177;465033;467200;"to live with him, but I don't
want to be the reason that"
178;467200;469333;"stops him.
>> KOURTNEY: I think they're"
179;469333;471400;"also adjusting to living
together, like..."
180;471400;473333;">> KHLOE: They haven't lived
together yet."
181;473333;475300;"They don't have a home
together."
182;475300;477300;">> KOURTNEY: Right, but I'm
saying, Kim was like, "He's such"
183;477300;479066;"a slob and I can't stand this.
I need my own room.""
184;479066;481100;">> KHLOE: But like it's so weird
that you would be just like,"
185;481100;484567;""Okay, fine. Leave. Bye."
>> KIM: Khloe has a point."
186;484567;487166;"I'd rather be with Kris in
Minnesota than be in"
187;487166;489533;"the Hamptons.
I'm willing to do whatever it"
188;489533;492033;"takes to make this work with
Kris and I will get our own room"
189;492033;494767;"in New York if I have to, just
so we can be together."
190;494767;496900;"Yeah, no, you're right.
I have the weekend off."
191;496900;498800;"I think I should go to
Minnesota."
192;498800;501433;"Why would I go hang out with
you slores in the Hamptons?"
193;501433;505467;"So I'm gonna go call Kris and 
tell him I am going."
194;505467;507533;">> ♪♪♪"
195;512934;515266;">> KHLOE: Now say "morning."
>> MASON: Morning."
196;515266;519300;">> KHLOE: Yeah! Morning.
You ready to go to the Hamptons?"
197;519300;521266;">> KOURTNEY: Do you want to go
see the deer?"
198;521266;523500;"What does a chipmunk do?
Show KoKo."
199;523500;528100;"We are leaving for the Hamptons.
I don't know what's going on"
200;528100;530467;"with Scott.
We haven't really spoken, so"
201;530467;533600;"I don't know if he's there
or if he's in the city"
202;533600;535567;"or what he's doing.
>> KHLOE: But I'm sad Kimmy's"
203;535567;537834;"not coming.
>> KOURTNEY: Should we say bye?"
204;537834;541033;">> KHLOE: Kimmy?
Hi."
205;541033;544066;"Did you just go to wherever
you get tan?"
206;544066;546066;">> KIM: Mm-hmm.
>> KHLOE: You are tanner..."
207;546066;548600;"you are blacker than Kris.
>> KIM: She's so rude to like"
208;548600;551734;"literally wake me up when
I have an alarm set."
209;551734;554233;"I don't have to be up for
an hour, so please get out."
210;554233;556500;">> KHLOE: Okay, we just came
to say bye."
211;556500;558567;">> KIM: You took my one (bleep)
day to sleep in."
212;558567;561166;"It's rude.
Last night I told everyone"
213;561166;564800;"a hundred times that I am so
sleep-deprived and that I"
214;564800;567700;"really, really need my sleep.
>> KOURTNEY: Bye, Kim!"
215;567700;569500;">> KHLOE: Don't... don't yell
at her."
216;569500;572367;">> KIM: Of course, Khloe wakes
me up an hour before"
217;572367;575200;"my alarm goes off.
Khloe has like no respect for"
218;575200;577800;"me.
She already knows that I'm going"
219;577800;580033;"to Minnesota.
There's so many other things"
220;580033;583066;"that I just feel like she hasn't
really been supportive of me on."
221;583066;585934;"Even at my wedding, she was so
weird about it."
222;585934;589233;">> KHLOE: Death, 26-year-old.
Death till you part."
223;589233;591600;">> KIM: She doesn't like Kris,
so she's purposely trying to"
224;591600;594200;"like mess with me.
>> KOURTNEY: Love you."
225;594200;595767;">> KHLOE: I wouldn't do that if
I were you."
226;595767;597633;">> KOURTNEY: Fly safe."
227;602367;605500;">> KHLOE: Such a (bleep) 'cause
we woke her up."
228;605500;607433;"What a bitch.
>> KOURTNEY: Watch the cursing."
229;607433;609667;">> KHLOE: Oh, sorry.
I'm going to learn really fast,"
230;609667;611367;"okay, I promise.
>> KOURTNEY: Yeah, 'cause he"
231;611367;613734;"copies everything.
>> MASON: Oh, yeah."
232;613734;616233;">> KHLOE: Oh, yeah.
>> (phone ringing)"
233;616233;617633;">> KHLOE: It's your beautiful
sister."
234;617633;619934;">> KOURTNEY: What?
>> KIM: Khloe barged in here"
235;619934;622500;"and woke me the (bleep) up.
I've been working 18 hours"
236;622500;625000;"a day.
I was woken up."
237;625000;627133;"You know that I need to sleep.
I've been falling asleep at"
238;627133;629800;"everything that we (bleep) do.
>> KHLOE: This isn't like my"
239;629800;633066;"sister at all.
By Kim lashing out at me, yeah,"
240;633066;635367;"I'm hurt by what she's
saying, and even that these"
241;635367;639133;"thoughts can even come to her
head, but I don't think this is"
242;639133;641233;"all about me.
There's something else bigger"
243;641233;643000;"than me, and she's just taking
it out on me."
244;643000;644400;">> KIM: I wanted that extra hour
of sleep."
245;644400;646333;">> KHLOE: Honestly, there's
bigger things to complain about."
246;646333;648333;">> KOURTNEY: I can't even argue.
I hung up."
247;648333;650033;"I can't.
It's pointless."
248;650033;652133;"What are we talking about?
Who cares?"
249;652133;657166;"Like this is so stupid.
I think she's just pissed 'cause"
250;657166;667967;"she's married to a barking dog.
>> (Khloe laughing)"
251;667967;669433;">> KOURTNEY: So what I'm saying
is..."
252;669433;670934;">> (Mason jabbers)
>> KHLOE: Do it."
253;670934;672967;"Say it.
>> KOURTNEY: This is like a farm"
254;672967;676934;"and like the beach, and they
have cute little stores."
255;676934;678834;">> KHLOE: So is Scott already
there?"
256;678834;680834;">> KOURTNEY: No.
When I talked to Bonnie last"
257;680834;684100;"night, she told me-- I don't
know if Jonathan and Scott were"
258;684100;686700;"on their way out.
>> KHLOE: Mmm."
259;686700;690066;">> KOURTNEY: But whenever I go
to Bonnie's, I like clean."
260;690066;693834;"'Cause like, you know, the
bathrooms are older, so like--"
261;693834;696100;">> KHLOE: Do they get offended
by you cleaning?"
262;696100;698867;">> KOURTNEY: No.
I just say, "Why don't you guys"
263;698867;702367;"get rid of that big box and call
Goodwill and pick it up?"
264;702367;705767;"It looks so ugly."
Scott's parents are really busy."
265;705767;709667;"They have a lot going on, so
whatever I can do to help them"
266;709667;712633;"around the house, like I'm more
than happy to help."
267;712633;716867;"And every time I come out here,
I love organizing their stuff,"
268;716867;719834;"helping them de-clutter.
And like they love it."
269;719834;725333;"Under their house, which I've
never seen, they have tons of"
270;725333;727100;"crap.
>> KHLOE: Stop."
271;727100;728967;"Get out of here."
272;731367;734266;"You'll die.
Kim sent an e-mail that said,"
273;734266;736266;""How (bleep) dare you.
You're such an evil bitch."
274;736266;738266;"How spiteful and jealous you
are of me.""
275;738266;739934;">> KOURTNEY: Watch the cursing.
>> KHLOE: "How eff-ing dare you,"
276;739934;741734;"Khloe.
You crossed a major line with"
277;741734;744433;"me.
That sh... that (bleep) is not"
278;744433;747133;"okay.
You dumb, evil, little eff-ing"
279;747133;749100;"troll.
You have no idea how much I hate"
280;749100;750500;"you."
>> KOURTNEY: Oh, my God."
281;750500;753200;">> KHLOE: "You're disgusting."
>> KOURTNEY: What?!"
282;753200;755934;">> KHLOE: Kimberly is BBMing
me."
283;755934;759133;"She called me an evil, ugly,
little troll."
284;759133;762066;"I'm spiteful, I'm jealous of her
life."
285;762066;764934;"It's crazy that she thinks that
way, but also sad."
286;764934;767500;"What do I even reply back?
>> KOURTNEY: Don't respond."
287;767500;775500;"She's just on one.
You just need to let it breathe."
288;775500;778867;"Here's the dome.
>> KHLOE: My God, it's like an"
289;778867;781133;"octagon.
This is the first time that I've"
290;781133;783600;"ever been to Scott's parents'
house."
291;783600;785600;"I don't know, the weirdest thing
to me is that we're going to the"
292;785600;789500;"Hamptons, but not with Scott.
Kourtney, have you thought this"
293;789500;791100;"through?
Is it going to be uncomfortable"
294;791100;793800;"for you?
>> KOURTNEY: Hi, guys."
295;793800;795800;">> JEFF: Masey.
>> KOURTNEY: Hey, Jeff."
296;795800;798133;">> JEFF: It's Papa.
>> KOURTNEY: Hi."
297;798133;800333;">> BONNIE: Hello.
>> JEFF: Hey, Mase, give me"
298;800333;802000;"a kiss.
Give Popi a kiss."
299;802000;803834;">> MASON: Deer.
>> JEFF: Deer? Yeah, deer."
300;803834;805266;">> KOURTNEY: He wants to see the
deer."
301;805266;806600;">> JEFF: Yeah.
>> KOURTNEY: Hi."
302;806600;808000;">> BONNIE: Are we ready for the
deer?"
303;808000;809600;">> JEFF: How you doing?
>> KHLOE: How you feeling?"
304;809600;811300;">> JEFF: Aw, fair.
>> BONNIE: We ready for the"
305;811300;812900;"deer?
>> JEFF: Fair's better than bad."
306;812900;815767;">> KOURTNEY: Here, let's show
KoKo where the deer are, okay?"
307;815767;819233;"Over here.
>> JONATHAN: This is a real"
308;819233;821734;"fricking treat.
>> KHLOE: It's so cute out here."
309;821734;825834;"Well, I see Jonathan here, so I
guess I know Scott is somewhere"
310;825834;828133;"in this house.
I know this weekend is going to"
311;828133;830633;"be a little more interesting
than I thought."
312;830633;832100;"Where's Scott?
>> JONATHAN: Scott's still"
313;832100;833467;"sleeping.
>> KOURTNEY: Of course."
314;833467;836033;">> KHLOE: How's he doing?
>> JONATHAN: He wasn't coming,"
315;836033;838600;"and I basically told him that
you and Kourtney were still"
316;838600;840166;"coming.
And he was so confused about"
317;840166;841667;"that.
"What do you mean...?""
318;841667;843300;">> KHLOE: I was confused.
I go, "We're going to Jeff and"
319;843300;845367;"Bonnie's and Scott's not
coming?""
320;845367;848033;"She was like, "Yeah.
Mason likes it there."
321;848033;850166;"That's what we're doing."
I was like, "Okay.""
322;850166;853333;">> JONATHAN: Yeah, so I
basically like made him get"
323;853333;856567;"dressed and get it together
before traffic."
324;856567;858266;"And I was like, "We need to go
to the Hamptons."
325;858266;859800;"I mean, they're here for one
weekend."
326;859800;861967;"You can't not go."
>> KOURTNEY: I mean, there's"
327;861967;864767;"definitely tension being here
knowing that Scott's in the"
328;864767;868133;"other room, and I'm just not
in the mood to talk."
329;868133;871000;"I know that we have a lot to say
to each other."
330;871000;872567;">> KOURTNEY: Spider!
>> BONNIE: Where?"
331;872567;875834;">> KOURTNEY: There's three right
now I see, they're huge."
332;875834;878100;">> BONNIE: We're in the woods.
>> KOURTNEY: Are they like bad?"
333;878100;880934;">> BONNIE: No, they're just...
I'll get the spider spray."
334;880934;882934;">> KHLOE: Everyone has spiders.
Stop critiquing this woman's"
335;882934;885433;"house.
>> BONNIE: Oh, they're just"
336;885433;887133;"big daddy longlegs.
>> KOURTNEY: Are they?"
337;887133;889300;">> BONNIE: Yeah.
>> KOURTNEY: New toys?"
338;889300;891300;">> MASON: Toys!
>> BONNIE: I told you, toys!"
339;891300;893133;">> KOURTNEY: Toys.
>> MASON: Toys!"
340;893133;894934;">> BONNIE: Mase, we bought you
new toys."
341;894934;897934;">> KOURTNEY: Mase, here.
If you walk in here... Mason,"
342;897934;899800;"Mason, go in here and you can
Dad."
343;899800;901233;">> BONNIE: Yeah, we'll bring a
toy in."
344;901233;902633;">> KOURTNEY: Mason, if you walk
in here..."
345;902633;906333;">> BONNIE: Let's go see Daddy.
>> SCOTT: Mase!"
346;906333;911233;">> (Mason jabbers)
>> SCOTT: Come here."
347;911233;914333;">> KOURTNEY: Hello.
>> HUMPHRIES: How was you nap?"
348;914333;917700;">> KIM: Good.
Kris really loves like a"
349;917700;920000;"home-cooked meal.
>> HUMPHRIES: Is this what it"
350;920000;922166;"feels like to like actually be
married right here?"
351;922166;926633;">> KIM: I think this is it.
>> KHLOE: Hey, Scott-a-roo!"
352;926633;928734;">> JONATHAN: Scott-a-roni.
>> KHLOE: What's cooking?"
353;928734;930800;">> SCOTT: Kourtney and I have
not really talked about things"
354;930800;934300;"yet, and there's definitely some
tension and I feel like"
355;934300;945767;"everybody's feeling, and it's
weird."
356;945767;948200;">> KOURTNEY: Do you want to see
more toys?"
357;948200;950834;"I am kind of anxious about
seeing Scott."
358;950834;954333;"We've been fighting and not
talking and it's just awkward."
359;954333;956166;">> (Mason talking)
>> KHLOE: Well, let me see."
360;956166;958734;">> KOURTNEY: He does his head
like this."
361;958734;962033;">> (playing random notes)
>> KHLOE: Yeah, man."
362;962033;964367;"Did you see Scott?
>> KOURTNEY: Yeah."
363;964367;968000;">> JONATHAN: There he is.
>> KHLOE: Hey, Scott-a-roo."
364;968000;970033;">> JONATHAN: Scott-a-roni.
>> KHLOE: What's cooking?"
365;970033;972166;">> SCOTT: Kourtney and I have
not really talked about things"
366;972166;975400;"yet, and there's definitely some
tension, and I feel like"
367;975400;988400;"everybody's feeling it, and it's
weird."
368;988400;990367;">> (horn honking)
>> HUMPHRIES: What's up, baby"
369;990367;992200;"girl?
How are you?"
370;992200;994967;"Good to see you.
>> KIM: So it's been a little"
371;994967;998133;"while since I've seen Kris, and
I'm so excited to see him and"
372;998133;1001000;"just to be here-- to get out of
New York and just spend some"
373;1001000;1003266;"time with Kris."
374;1005867;1008200;"Oh, my God.
>> HUMPHRIES: What?"
375;1008200;1010033;">> KIM: Oh, my God.
>> HUMPHRIES: Did I break"
376;1010033;1012433;"something?
Oh, my God."
377;1012433;1014633;">> (Kim laughing)
>> HUMPHRIES: It's not funny."
378;1014633;1018100;">> KIM: I mean...
It's your bad driving skills."
379;1018100;1019900;"Come on, Brodi.
Let's go."
380;1019900;1022533;"Oh, my God, what kind of car is
this?"
381;1022533;1024400;">> HUMPHRIES: The kind of car
that Bruce probably lost his"
382;1024400;1027400;"virginity in.
It's good to see you."
383;1027400;1029600;">> KIM: I'm glad we're in
Minnie."
384;1029600;1032400;">> HUMPHRIES: I know.
It's great to see my wife."
385;1032400;1035433;"Like it still sounds crazy that
I'm saying "my wife.""
386;1035433;1038600;"But, you know, it's unbelievable
to see her."
387;1038600;1042133;"And I'm glad that she came in.
>> KIM: Babe, have you missed me"
388;1042133;1046000;"and like New York and...
living with me?"
389;1046000;1050467;">> HUMPHRIES: I've missed you.
I haven't missed living with"
390;1050467;1055667;"everyone.
Crying babies, weirdo yoga"
391;1055667;1058767;"teachers.
I've been able to focus here."
392;1058767;1061800;"I'm getting my workouts in.
I got my family here and"
393;1061800;1064400;"everything, so I'm good, I'm
chillin'."
394;1064400;1066400;">> KIM: So you like, like how
it's going?"
395;1066400;1071700;"Like you here and me there?
I know Kris is focused on like"
396;1071700;1074834;"basketball and training and
everything, but like it's"
397;1074834;1078200;"weird to me and frustrating that
he's so content with living"
398;1078200;1080800;"separately.
(laughs) Ow, ow."
399;1080800;1082500;">> HUMPHRIES: Oh, you did fly
in."
400;1082500;1085500;"Your armpits smell like
a combination of fish and hot"
401;1085500;1093433;"garbage.
>> KIM: Okay."
402;1093433;1095100;">> JONATHAN: Welcome to my man
cave for the weekend."
403;1095100;1096600;">> KOURTNEY: Are you staying
here all weekend?"
404;1096600;1099233;">> JONATHAN: Huh?
>> KOURTNEY: My boob's having"
405;1099233;1101367;"a tingle.
>> JONATHAN: You're popping out."
406;1101367;1103433;">> KHLOE: Milking again?
>> KOURTNEY: No, I think it"
407;1103433;1106533;"means my period's coming.
>> KHLOE: Yeah, it does."
408;1106533;1108934;"Jonathan's like, thanks.
>> JONATHAN: Oh, cool, is that"
409;1108934;1111400;"what that means?
>> KOURTNEY (whispers): Every..."
410;1111400;1114433;"every time I come here I
reorganize."
411;1114433;1117633;">> KHLOE: No, let me tell you.
She told me that they were"
412;1117633;1119600;"hoarders.
This is not hoarding."
413;1119600;1121367;">> JONATHAN: No, they're
not hoarders."
414;1121367;1123367;">> KHLOE: Have you seen the TV
 Hoarders?"
415;1123367;1126166;">> KOURTNEY: Do you see the
box TV, Khloe?"
416;1126166;1127934;">> JONATHAN: You thought it was
going to be like packed..."
417;1127934;1129333;">> KHLOE: I thought it was going
to be more hoarding..."
418;1129333;1130767;">> JONATHAN: You were going to
have to do a trail..."
419;1130767;1132900;">> KOURTNEY: Okay, first of all,
like I make a list."
420;1132900;1134400;"Like now I know, I'll go get new
bedding."
421;1134400;1137066;"Let me tell you something.
There's a trash can downstairs"
422;1137066;1139734;"that has a dent in it.
>> KHLOE: Oh, God."
423;1139734;1141533;">> KOURTNEY: I've seen it every
time I come."
424;1141533;1145433;"I am a little bit OCD.
I love everything to be like"
425;1145433;1149600;"clean and organized, and ever
since I've started coming to"
426;1149600;1153900;"Jeff and Bonnie's house, I
always organize it a little bit."
427;1153900;1156533;"I'm being helpful, I love doing
it."
428;1156533;1160200;"This old Sony computer is from
what year?"
429;1160200;1162200;">> JONATHAN: Purple?
It was probably 1992."
430;1162200;1164533;">> KOURTNEY: Tapes, tapes.
>> KHLOE: So Kourtney?"
431;1164533;1166400;">> KOURTNEY: This is the dented
trash can."
432;1166400;1168066;"Do you guys see it?
No one sees it."
433;1168066;1169533;">> JONATHAN: Yeah.
Bonnie, you're gorgeous in this"
434;1169533;1171433;"picture.
Look at little Scott."
435;1171433;1173066;"That's when Scott was a good
kid."
436;1173066;1174567;">> BONNIE: Yeah.
>> JONATHAN: Before he turned"
437;1174567;1176000;"wild.
>> BONNIE: Before he turned bad."
438;1176000;1177734;">> JONATHAN: Yeah, man.
I could see it in his eyes, he"
439;1177734;1179700;"was ready to go.
>> (Bonnie laughing)"
440;1179700;1182467;">> KHLOE: Kourt, I just feel
like I really want to like"
441;1182467;1184633;"enjoy this time here, and like
have fun."
442;1184633;1186433;">> KOURTNEY: Mm-hmm.
>> KHLOE: I know you don't like"
443;1186433;1188967;"confrontation, but don't you
just think, like, a talk with"
444;1188967;1192033;"Scott would be good, so we
could like move on and like"
445;1192033;1194734;"go to lunch and enjoy ourselves?
>> KOURTNEY: No."
446;1194734;1196734;">> MASON: Mommy!
>> KHLOE: I see your boobies!"
447;1196734;1198900;">> MASON: Boobies!
>> KHLOE: I'm the tickle"
448;1198900;1200767;"monster!
It's gonna come!"
449;1200767;1203867;"Oh, I got a baby.
>> KOURTNEY: Ow."
450;1203867;1205700;"Just getting dressed.
>> KHLOE: Hold on."
451;1205700;1207166;">> MASON: Mommy!
>> KHLOE: I'm going to show"
452;1207166;1210734;"Mommy the baby.
>> KOURTNEY: Is there a little"
453;1210734;1212700;"baby?
>> KHLOE: There's a baby..."
454;1212700;1214233;"You want to hold... you want to
hold my baby?"
455;1214233;1216900;">> MASON: Mommy.
Mommy!"
456;1216900;1219033;">> KOURTNEY: Wait, wait.
Come with me."
457;1219033;1220700;"Let's go show KoKo her room.
Here, Khlo."
458;1220700;1222500;"Right here.
>> SCOTT: I know Kourtney is a"
459;1222500;1224500;"little cold.
You know, I'm not asking for a"
460;1224500;1226867;"ton of respect around the house,
but just something."
461;1226867;1229834;"All she cares about is her role
of being a mom."
462;1229834;1232400;"But she still needs to remember
she's got another boy, too, and"
463;1232400;1235000;"that's me.
>> KHLOE: She dissed you."
464;1235000;1238233;">> SCOTT: It happens often.
>> CHRIS: So we're gonna have to"
465;1238233;1240133;"spend some time.
>> HUMPHRIES: That's why I came"
466;1240133;1243100;"back here, was to get my 
workouts in, and..."
467;1243100;1246233;">> CHRIS: You know, marriage
adds 15 pounds to you."
468;1246233;1248200;">> SCOTT: We don't stay in the
same room."
469;1248200;1250166;"We don't really live the same
life."
470;1250166;1251900;"I feel like there's a huge void
in my life."
471;1251900;1261166;"I don't have a relationship.
>> KOURTNEY: Mm-hmm."
472;1261166;1265233;">> KHLOE: This is like, what is
wrong with you two?"
473;1265233;1269233;"Let me just say, you do have to
make Scott a priority."
474;1269233;1271033;">> KOURTNEY: Sure.
>> KHLOE: You can't just, 'cause"
475;1271033;1273600;"you had Mason, be like, okay,
and think Scott's just going to"
476;1273600;1276133;"like fend for himself.
Like that's not fair."
477;1276133;1279266;"Scott desperately wants
one-on-one time with you."
478;1279266;1281400;"So even if it's one night a
week, and you guys say, "Hey,"
479;1281400;1284033;"like, every Monday let's talk.
What night are we free this"
480;1284033;1285834;"week?"
And you guys have that whole"
481;1285834;1287266;"night-- you guys go to dinner
or a movie..."
482;1287266;1290233;">> (knocking)
>> KHLOE: Hi."
483;1290233;1293166;">> SCOTT: You guys comfortable?
>> KHLOE: Mm-hmm."
484;1293166;1295533;"We wanted to talk to you.
>> SCOTT: Oh, no."
485;1295533;1298367;"Are my parents annoying you?
>> KHLOE: No, we love your"
486;1298367;1300900;"parents.
We had a talk, and you and"
487;1300900;1304700;"Kourtney have not had your alone
time yet, to have your own talk."
488;1304700;1308767;"And, Scott, for a whole year, I
feel like you've earned a lot"
489;1308767;1311767;"of trust back with Kourtney.
>> SCOTT: I know, but I just"
490;1311767;1315233;"always feel like I'm working to
get you somewhere that I don't"
491;1315233;1317500;"really ever really find.
>> KOURTNEY: Mm-hmm."
492;1317500;1320266;">> SCOTT: And you know, we don't
stay in the same room."
493;1320266;1324033;"We don't really live the same
life together like we used to."
494;1324033;1326400;">> KOURTNEY: Mm-hmm.
>> SCOTT: I ask you all the time"
495;1326400;1329600;"to do things with me, and you
blow them off, so in the past"
496;1329600;1332533;"few weeks, I've found this, you
know, like a real void in my"
497;1332533;1336000;"life that I think I was trying
to fix with drinking, which is"
498;1336000;1338567;"the worst thing you could do.
>> KOURTNEY: Mm-hmm."
499;1338567;1340734;">> SCOTT: Therefore, I realize I
need to work on that void with"
500;1340734;1343200;"my partner.
I feel like there's a huge void"
501;1343200;1345133;"in my life.
I don't have a relationship"
502;1345133;1347900;"after 10:00 at night.
Kourtney reports to her room,"
503;1347900;1350233;"and I report to mine.
It's ridiculous."
504;1350233;1352667;">> KHLOE: I'm not saying you're
back at Miami, but you will have"
505;1352667;1356567;"to slowly like prove to her,
okay, I can have a beer or two"
506;1356567;1358667;"and be fine.
But also, Kourtney, if Scott is"
507;1358667;1362500;"like crying for help and is
saying that he feels a void,"
508;1362500;1367400;"I think as his partner, you need
to try."
509;1367400;1371900;">> KOURTNEY: I mean, I
understand what Khloe's saying,"
510;1371900;1376033;"and that I need to give my
relationship more attention than"
511;1376033;1381266;"I am right now, but I also have
certain expectations for who my"
512;1381266;1385333;"son's father needs to be.
So when I see him slipping into"
513;1385333;1388567;"like certain behavior that's
unacceptable, I'm not just going"
514;1388567;1391533;"to be okay with it.
>> KHLOE: One night a week."
515;1391533;1394066;"Like I'm sure that will change
a lot of things."
516;1394066;1397100;"And you also want Mason to see
love."
517;1397100;1399233;"Because that's what Mason will
grow into."
518;1399233;1401233;">> KOURTNEY: Mm-hmm.
>> SCOTT: I mean, I don't know"
519;1401233;1403500;"if you still are that in love
with me like you used to be,"
520;1403500;1405834;"but I'd like to have fun with
the only girl I'm going to be"
521;1405834;1409667;"with the rest of my life.
I mean, I love you."
522;1409667;1411500;">> KOURTNEY: I see my life with
Scott."
523;1411500;1414367;"I don't want to be with someone
else."
524;1414367;1418567;"I want to be with him.
We just have a lot to work out."
525;1418567;1421533;"And I don't think we're in a
perfect place whatsoever right"
526;1421533;1423867;"now.
But just knowing that we want to"
527;1423867;1427100;"work on it makes me feel better.
>> SCOTT: I'm down to hug it out"
528;1427100;1429133;"if you want.
Haven't hugged you in like a day"
529;1429133;1446467;"and a half.
That's nice."
530;1446467;1450800;">> CHRIS: Right now I just
really, really caution you."
531;1450800;1453934;"So we're going to have to spend
some time getting you in shape."
532;1453934;1456100;">> HUMPHRIES: Right, working.
>> CHRIS: Although that you're"
533;1456100;1458734;"married, don't forget what
butters your bread now."
534;1458734;1460467;">> HUMPHRIES: Right.
>> CHRIS: You're a professional"
535;1460467;1462500;"basketball player.
And you're coming off the best"
536;1462500;1465467;"year of your career and one of
best years in the NBA for power"
537;1465467;1467600;"forwards.
You can't forget what's made"
538;1467600;1469533;"you good.
>> HUMPHRIES: That's why I came"
539;1469533;1472333;"back here, was to get my
workouts in, and..."
540;1472333;1474433;">> CHRIS: You always adapt and
adjust quickly."
541;1474433;1478133;"Your body-- that's the beauty of
you staying remotely in good"
542;1478133;1480066;"shape all the time.
Your body bounces back really"
543;1480066;1481800;"quick.
And you're not hard on your"
544;1481800;1483367;"body.
You're not doing a bunch of"
545;1483367;1485033;"crazy stuff.
You know, marriage adds 15"
546;1485033;1487567;"pounds to you.
(laughing)"
547;1487567;1489266;">> HUMPHRIES: It takes a couple
inches off your vertical?"
548;1489266;1492367;">> CHRIS: Yeah, absolutely.
Marriage-- you'll get good rest."
549;1492367;1495934;"'Cause you'll always at least be
sleeping in a bed in your house."
550;1495934;1498133;"Either with your wife, or in the
guest room when you're pissed"
551;1498133;1501133;"off.
>> HUMPHRIES: So like, man, is"
552;1501133;1504734;"there any way you can come out
to New York and train me?"
553;1504734;1508834;"I know that you have, you know,
family and you coach here and"
554;1508834;1511033;"all that stuff, but...
>> CHRIS: You know what type"
555;1511033;1512967;"of work we do here.
>> HUMPHRIES: What do you mean?"
556;1512967;1514834;"Like, of course.
>> CHRIS: I know, I mean..."
557;1514834;1517166;">> HUMPHRIES: I can only push
myself so hard, you know."
558;1517166;1519100;">> CHRIS: Yeah, I know that.
>> HUMPHRIES: Me being in the"
559;1519100;1521834;"gym, getting up shots, you know,
being with a trainer, we can"
560;1521834;1523700;"only do so much."
561;1529266;1531700;"Kim.
>> KIM: Yeah."
562;1531700;1533333;">> HUMPHRIES: I got some
groceries."
563;1533333;1536233;">> KIM: How manly of you.
I could not find anything to"
564;1536233;1539967;"wear but your underwear, so...
>> HUMPHRIES: Ooh."
565;1539967;1542000;">> KIM: And my shorts.
>> HUMPHRIES: How was your nap?"
566;1542000;1545266;">> KIM: Good.
Kris really loves like a"
567;1545266;1547767;"home-cooked meal.
And like this is like the"
568;1547767;1549867;"first real time that we're
together that I can actually"
569;1549867;1553333;"cook something and just be like
a normal wife."
570;1553333;1556000;">> HUMPHRIES: This is your
family recipe."
571;1556000;1559400;"Help pulling the skin off the
sausage."
572;1559400;1561133;">> KIM: But you have to do it
like neatly."
573;1561133;1563567;">> HUMPHRIES: Is this what it
feels like to like actually be"
574;1563567;1567133;"married right here?
>> KIM: I think this is it."
575;1567133;1570533;">> HUMPHRIES: Like we're here,
we're cooking dinner."
576;1570533;1573800;">> (dogs barking)
>> HUMPHRIES: We've got our two"
577;1573800;1575467;"children running around on
the floor."
578;1575467;1577700;"Come here, Gizmo.
>> KIM: I don't know, this is"
579;1577700;1580533;"what married couples are
supposed to do."
580;1580533;1582967;"We should be like living
together."
581;1582967;1585400;">> HUMPHRIES: You're the one
that said I could come."
582;1585400;1588233;"I'm focused, I love it here.
We're gonna hit the lake"
583;1588233;1590433;"tomorrow.
Like you don't get to hit the"
584;1590433;1592700;"lake on the weekends in--
>> KIM: So why don't you come"
585;1592700;1595567;"here just for the weekends?
Like at least compromise."
586;1595567;1597533;"Like what's going to happen...?
>> HUMPHRIES: I just can't"
587;1597533;1599300;"afford to fly back and forth
every weekend."
588;1599300;1601367;">> KIM: It's not like I just
have all the free time in the"
589;1601367;1604667;"world to like move my life
to live in Minnesota."
590;1604667;1608133;">> HUMPHRIES: Living apart from
Kim is not the ideal situation,"
591;1608133;1611734;"but right now I think it's
what is best for me, and I feel"
592;1611734;1614500;"like right now it has to be
done."
593;1614500;1618834;"Kim, like you're out here in
Minnesota."
594;1618834;1621333;"You're cooking.
I feel like somebody put you up"
595;1621333;1624033;"to this.
>> KIM: You are my husband."
596;1624033;1626633;"Why would I not want to be with
you?"
597;1626633;1628600;">> HUMPHRIES: I get it, but
like..."
598;1628600;1630767;">> KIM: I mean, I did talk to
my sisters, and everyone thinks"
599;1630767;1633100;"it's a little weird.
>> HUMPHRIES: Khloe did leave"
600;1633100;1636000;"Miami to be with Lamar.
I'm glad you have a role model"
601;1636000;1640200;"like that in your life.
She's so down for her man."
602;1640200;1643000;"'Cause I feel like if you were
like 5% down for me..."
603;1643000;1645266;">> KIM: Whatever.
It's fine that you don't get it."
604;1645266;1648166;"Kris makes lots of comparisons
about Khloe and Lamar and Khloe"
605;1648166;1651333;"changing her life to fit Lamar's
schedule."
606;1651333;1654400;"But like Lamar and Khloe are
a different situation."
607;1654400;1657967;"It's just not fair.
(gasps)"
608;1657967;1660934;"Ow.
>> HUMPHRIES: What, you cut your"
609;1660934;1662600;"finger?
You really haven't been in"
610;1662600;1665567;"a kitchen for a while.
>> KIM: Ow."
611;1665567;1667533;">> HUMPHRIES: What do you need,
some sterilization or something?"
612;1667533;1669734;"Make sure you wash your hands
before you cook."
613;1669734;1673667;">> KIM: Just like don't
be annoying."
614;1673667;1676633;"All you really are caring about
is basketball."
615;1676633;1680834;"But if you're married, there
has to be another priority."
616;1680834;1682900;">> KHLOE: I don't compete
with her."
617;1682900;1685166;"Kim has not tried to reach
out to me once."
618;1685166;1687300;">> KOURTNEY: Maybe she isn't
sorry right now."
619;1687300;1689500;">> KHLOE: And she's not sorry."
620;1698633;1701066;">> HUMPHRIES: You look like a
basketball player-- so hot."
621;1701066;1704033;">> KIM (laughs): You are so
annoying."
622;1704033;1707500;">> (doorbell rings, dogs bark)
>> KIM: Babe? Ow! Ow!"
623;1707500;1709333;">> HUMPHRIES: Jujitsu.
>> (knocking)"
624;1709333;1713467;">> KIM: Stop. Go get the door.
>> HUMPHRIES: Hi, guys."
625;1713467;1716567;"How are you? I'm good.
What are you guys doing today?"
626;1716567;1718333;">> BOY: Just getting your
autograph."
627;1718333;1720633;">> HUMPHRIES: Oh, yeah? Okay.
>> (phone rings)"
628;1720633;1722567;">> KOURTNEY: Hello?
>> KIM: Hey."
629;1722567;1724333;">> KOURTNEY: Hi.
>> KIM: How's the Hamptons?"
630;1724333;1726100;">> KOURTNEY: It's good.
We're at a wine tasting"
631;1726100;1728934;"right now.
Are you having fun in Minnesota?"
632;1728934;1731200;">> KIM: It's fun.
We're gonna go on the lake."
633;1731200;1734333;"I've been like trying to hint
to Kris, like this isn't normal."
634;1734333;1737133;"We should live together.
>> KOURTNEY: So what did he say?"
635;1737133;1739533;">> KIM: He like thinks like
I'm joking around."
636;1739533;1742633;">> KHLOE: That's so shocking.
>> KIM: What is Khloe saying"
637;1742633;1744433;"in the background?
>> KOURTNEY: Who knows?"
638;1744433;1747033;">> KHLOE: I said, "He always
jokes around." What's new?"
639;1747033;1749100;">> KOURTNEY: So what are you
gonna do?"
640;1749100;1751433;"Is he gonna come back?
>> KIM: Um, I have no idea."
641;1751433;1754133;">> KOURTNEY: Isn't the whole
reason that you went"
642;1754133;1756934;"out there was to tell Kris
that you wanted him to come"
643;1756934;1759233;"back to New York?
So why don't you stop being"
644;1759233;1761233;"a little baby and have
your talk?"
645;1761233;1763166;">> KIM: I mean, I am.
He's just not taking me"
646;1763166;1765166;"seriously.
>> KHLOE: That's mature."
647;1765166;1767567;">> KOURTNEY: Well, if he doesn't
want to come, he doesn't want"
648;1767567;1769400;"to come.
>> KHLOE: He doesn't want"
649;1769400;1771500;"to be married to you.
>> KOURTNEY: And then he can"
650;1771500;1773800;"move into a cave and you can
move into a palace."
651;1773800;1775867;">> KIM: Minnesota-- this is a
cave right here."
652;1775867;1777867;">> KOURTNEY: I feel for you."
653;1783467;1785900;">> KHLOE: It's so nice out here
in the daytime."
654;1785900;1788800;"I love how those vines grow
up that tree."
655;1788800;1791500;">> KOURTNEY: Khloe, I really
appreciate you like helping"
656;1791500;1794400;"Scott and I talk yesterday.
>> KHLOE: Word."
657;1794400;1796633;">> KOURTNEY: Are you okay?
>> KHLOE: I don't know."
658;1796633;1800700;"You know, obviously, it's, like
she feels these feelings about"
659;1800700;1802333;"me, and she's always felt them
about me."
660;1802333;1804700;"This isn't something...
She just holds them in."
661;1804700;1807700;"And she always says little digs
or little things about me"
662;1807700;1811133;"or tries to always belittle me
or make me feel bad or..."
663;1811133;1813400;">> KOURTNEY: You guys are
always competitive."
664;1813400;1817467;">> KHLOE: No, on Dad, I don't
compete with her."
665;1817467;1820367;"She's in her own lane and has
her own (bleep)."
666;1820367;1823300;"I do my own thing.
I don't want the things that she"
667;1823300;1826734;"wants in life.
>> KOURTNEY: Khloe and Kim say"
668;1826734;1829000;"that they're not completive
with each other, but they just"
669;1829000;1831133;"have such a different
relationship than I have"
670;1831133;1834000;"with each of them, and they
just seem to get mad at"
671;1834000;1837166;"these little petty things.
>> KHLOE: Like I feel like all"
672;1837166;1839166;"three of us are so different.
>> KOURTNEY: Yeah."
673;1839166;1841000;">> KHLOE: We have similarities,
but we're so different."
674;1841000;1843467;"So to hear you say that we're
always competing, I think"
675;1843467;1846433;"that's a lie.
I don't compete with her."
676;1846433;1849400;"Like, to me, there's nothing
to compete for."
677;1849400;1851800;">> KOURTNEY: Yeah.
>> KHLOE: So I'm sorry that you"
678;1851800;1855033;"feel that we do.
That does hurt my feelings when"
679;1855033;1857967;"I hear Kourtney say that because
I don't believe that."
680;1857967;1859800;"I don't think that we are
competitive."
681;1859800;1862200;"Kim is gorgeous and she's 
successful and she's this, but"
682;1862200;1865200;"I'm definitely not jealous.
I'm not trying to take anything"
683;1865200;1867333;"away from my sisters.
If anything, I'm their"
684;1867333;1869667;"biggest protector.
I just think I'm an easy person"
685;1869667;1873000;"for her to take it out on.
Kim has not tried to reach"
686;1873000;1875667;"out to me once.
She hasn't even sent me a BBM"
687;1875667;1877767;"and an apology.
>> KOURTNEY: Maybe she isn't"
688;1877767;1879900;"sorry right now.
>> KHLOE: And she's not sorry."
689;1879900;1883433;"So I'm not gonna go and
talk to her."
690;1883433;1886033;"I just don't want to choose
to be mean."
691;1886033;1888066;"She doesn't make or break
my life."
692;1888066;1890133;">> KOURTNEY: Yeah."
693;1897333;1902700;">> HUMPHRIES: Kimberly, wake up.
>> KIM: I took a good nap."
694;1902700;1907266;"So I've decided to confront
Kris to talk about our living"
695;1907266;1909400;"situation and try and
figure it out."
696;1909400;1912133;"I mean, why wait any longer?
I need to talk to him now"
697;1912133;1914900;"and tell him how I'm feeling.
I feel like we really need"
698;1914900;1918133;"to talk about this.
Like whole living situation."
699;1918133;1922033;"I just feel like you don't even
take this seriously when I'm"
700;1922033;1925133;"seriously trying to like tell
you that I think it's really"
701;1925133;1927834;"weird, and I'm trying
to support you."
702;1927834;1929900;"But it's your off-season,
and I think that you should be"
703;1929900;1931734;"living with me.
>> HUMPHRIES: I mean, really,"
704;1931734;1933533;"like I tried it.
>> KIM: You tried what?"
705;1933533;1935233;"You tried one week?
>> HUMPHRIES: Yeah, it was"
706;1935233;1936800;"ridiculous.
You got to see it from"
707;1936800;1938633;"my perspective.
You know that my training's"
708;1938633;1940600;"important.
And if I can't get it done"
709;1940600;1943233;"in New York, and there's too
many distractions with Mason"
710;1943233;1945400;"and Scott and Kourtney fighting
and all living in the same"
711;1945400;1947400;"place, it's easier for me
to go here."
712;1947400;1949233;">> KIM: So many things in life
are easier."
713;1949233;1951367;"It's easier for me to stay
at home."
714;1951367;1954066;"But is that what I want to do?
No. Are you really worried"
715;1954066;1956667;"about your hair right now
when I'm trying to like talk"
716;1956667;1959967;"to you about something serious?
Like hello?"
717;1959967;1963600;"Are you like listening
to a word I'm saying?"
718;1963600;1966834;"You're just literally gonna
walk away when I'm trying to"
719;1966834;1969033;"have a serious conversation
with you?"
720;1969033;1973433;"I came all the way out here
to like talk to you and to"
721;1973433;1976700;"hang out here, and this is all
you're really are caring about"
722;1976700;1979433;"is basketball.
But if you're married, there has"
723;1979433;1984734;"to be another priority.
You have to meet me halfway"
724;1984734;1986633;"somewhere.
You're not even like..."
725;1986633;1988600;">> HUMPHRIES: You don't want me
to resent you, do you, baby?"
726;1988600;1990433;"Baby, you don't want me to
resent you, do you?"
727;1990433;1992567;">> KIM: Isn't this about what--
>> HUMPHRIES: You don't want me"
728;1992567;1995633;"to resent you, do you?
>> KIM: You want to live"
729;1995633;1999667;"in separate cities?
If that's what you want, fine."
730;1999667;2002166;"I'll go pack and we'll go live
in separate cities."
731;2002166;2003934;"I'll Skype you to say bye."
732;2013533;2016100;">> KOURTNEY: Hey.
>> KHLOE: So where'd Bonnie go?"
733;2016100;2018633;">> KOURTNEY: I think she went
to visit a friend."
734;2018633;2023800;"Why don't we go through and
just like get rid"
735;2023800;2025900;"of the clutter, like...?
>> KHLOE: Um..."
736;2025900;2027734;">> KOURTNEY: I'm sure she'll
appreciate it."
737;2027734;2030033;"Let's just do it.
Bonnie is out of the house"
738;2030033;2033433;"for the day, and Scott and
Mason are taking a nap, so this"
739;2033433;2037100;"is the perfect time for Khloe
and I to do some house"
740;2037100;2039100;"organizing.
>> KHLOE: Kourtney, you can't"
741;2039100;2041166;"throw away their blanket.
>> KOURTNEY: Khloe, I'll buy"
742;2041166;2043066;"them a new one.
>> KHLOE: You just throw it"
743;2043066;2044400;"just anywhere outside?
>> KOURTNEY: Yep."
744;2044400;2046600;">> KHLOE: What is this thing?
>> KOURTNEY: A ski?"
745;2046600;2048967;"Oh, my God.
>> KHLOE: This must be from 19--"
746;2048967;2052567;">> (both scream)
>> KOURTNEY: There was the"
747;2052567;2055066;"biggest spider on it.
(screams) There's the spider."
748;2055066;2057133;"It's right there.
>> (both scream)"
749;2057133;2059066;">> KHLOE: Oh, my God.
>> KOURTNEY: I have a plan."
750;2059066;2061367;"I have a plan.
>> KHLOE: You have no (bleep)"
751;2061367;2063467;"plan.
You have about 30 minutes before"
752;2063467;2065834;"someone comes home.
>> KOURTNEY: I have a plan."
753;2065834;2067834;">> KHLOE: Kourtney has lost
her mind."
754;2067834;2070500;"I would not do this in my
mom's house without asking her."
755;2070500;2072633;"Obviously, if you have to
secretly do this, there's"
756;2072633;2075300;"a problem.
This is like not the dress"
757;2075300;2079533;"to be going in the woods in.
>> KOURTNEY: This is all trash."
758;2079533;2081166;"What is that?
>> KHLOE: It looks like"
759;2081166;2082500;"a nipple.
>> KOURTNEY: This goes"
760;2082500;2084834;"to donating.
>> KHLOE: It could be your hat."
761;2084834;2086834;">> KOURTNEY: No. What is this?
>> KHLOE: That's chess."
762;2086834;2089367;"Get it out of here.
Oh, baby."
763;2089367;2091800;">> KOURTNEY: This already
looks better."
764;2091800;2093800;">> KHLOE: Yeah, totally, dude."
765;2097600;2099700;">> HUMPHRIES: What are
you doing?"
766;2099700;2101700;">> KIM: I'm packing.
>> HUMPHRIES: Why?"
767;2101700;2103633;">> KIM: 'Cause I'm going
back home to New York."
768;2103633;2105266;">> HUMPHRIES: Right now?
>> KIM: Yeah."
769;2105266;2107066;">> HUMPHRIES: You're supposed
to go tomorrow."
770;2107066;2109467;">> KIM: I know, but obviously
you don't give a (bleep),"
771;2109467;2112467;"so I'd rather go now.
>> HUMPHRIES: Come here."
772;2112467;2114700;"I do care, baby.
Come here."
773;2114700;2119000;"You're crying.
>> KIM: It's just like we're"
774;2119000;2121767;"not gonna have a successful
marriage if we live in different"
775;2121767;2125767;"states.
>> HUMPHRIES: I'm comfortable"
776;2125767;2128533;"in Minnesota, but it's tough
to see my wife crying like that."
777;2128533;2131467;"I got to figure out a way to
make my marriage work and make"
778;2131467;2134000;"my career work as well.
I just felt like there's"
779;2134000;2136333;"so many distractions there, that
it was just really, really hard"
780;2136333;2138333;"for me.
>> KIM: So let's try"
781;2138333;2140133;"something else first.
Let's try getting a separate"
782;2140133;2142133;"room there.
Let's try locking off the"
783;2142133;2145100;"whole downstairs.
Let's try getting a trainer"
784;2145100;2146834;"there.
>> HUMPHRIES: No Mason upstairs?"
785;2146834;2149133;">> KIM: There's so many things
that we can at least try first."
786;2149133;2152600;"The first thing we think of
shouldn't be like, let's live"
787;2152600;2156200;"in separate states.
Let's try something else first."
788;2156200;2160934;">> HUMPHRIES: I agree.
>> KIM: Like I need a husband."
789;2160934;2171033;">> HUMPHRIES: I am your husband.
>> KIM: Then act like it."
790;2171033;2186467;">> HUMPHRIES: Come over here.
>> (Kim chuckles)"
791;2186467;2189433;">> BONNIE: Hi, guys.
>> KHLOE: How was the birthday"
792;2189433;2191200;"party?
>> BONNIE: Oh, it was"
793;2191200;2192867;"really lovely.
It was very nice."
794;2192867;2194867;"We had a really sweet time.
>> KHLOE: Good."
795;2194867;2196867;">> KOURTNEY: Oh, good.
>> BONNIE: Yeah, I had fun"
796;2196867;2202967;"with my friends.
Looks a little bare in here."
797;2202967;2205467;">> KOURTNEY: We were organizing.
>> KHLOE: No, actually,"
798;2205467;2207166;"Kourtney was organizing.
>> BONNIE: What happened"
799;2207166;2209033;"to the table?
>> KOURTNEY: It's outside"
800;2209033;2211734;"in our pile of stuff.
Do you want to see it?"
801;2211734;2214233;"Mason kept running into it.
>> BONNIE: Oh, God, there's"
802;2214233;2216900;"a pile outside?
>> KOURTNEY: Let's show you."
803;2216900;2222734;"Khloe, come on.
We made a trash pile."
804;2222734;2226033;"This broke, and the same
with the candelabra."
805;2226033;2228800;">> BONNIE: You can't get rid
of the chess set."
806;2228800;2230934;">> KOURTNEY: Oh, why?
Can I buy you like a fabulous"
807;2230934;2232900;"chess set?
>> BONNIE: You don't like"
808;2232900;2234800;"the chess set?
>> KOURTNEY: I don't think so."
809;2234800;2236834;">> KHLOE: I can't be out here
to break her heart."
810;2236834;2240367;"I am very uncomfortable, and
I don't want to be blamed"
811;2240367;2243300;"for any of this.
Okay, well, say bye to me."
812;2243300;2245367;"I love you.
I'll see you tomorrow."
813;2245367;2247266;">> KOURTNEY: Love you.
>> KHLOE: I love Bonnie and"
814;2247266;2250266;"Jeff, but I have to leave the
Hamptons a day early for an"
815;2250266;2252200;"appearance in the city.
Bye, Jeff."
816;2252200;2254066;"Thank you so much.
>> BONNIE: Oh, good-bye."
817;2254066;2256266;">> KHLOE: Love you guys.
>> KOURTNEY: Drive safe."
818;2256266;2259300;">> BONNIE: Scott, I have to have
a little talk with you."
819;2259300;2262066;">> SCOTT: What's up?
>> BONNIE: Well, I came home and"
820;2262066;2265467;"Kourtney sort of rearranged
the house a little on me."
821;2265467;2268233;"I didn't want to say anything
to her, but she threw a few"
822;2268233;2270100;"things out.
>> SCOTT: She does that"
823;2270100;2272066;"everywhere.
>> BONNIE: Well, the one thing"
824;2272066;2274600;"she threw out that I really got
upset about was the chess set."
825;2274600;2278700;"Because I bought that for you
to learn how to play chess with."
826;2278700;2281400;">> SCOTT: She, I think, is
trying to do things to be nice,"
827;2281400;2283500;"but sometimes, you know, she can
throw things out that do"
828;2283500;2286100;"have meaning.
But I'll tell her that's it's"
829;2286100;2288567;"made you a little uncomfortable.
I'm sure that you don't want"
830;2288567;2290500;"to say it, so I'll say it to
her."
831;2290500;2294734;">> BONNIE: I appreciate it.
>> SCOTT: Tonight Kourtney and"
832;2294734;2297400;"I are going to dinner.
It's really nice to be on a date"
833;2297400;2300867;"for once with Kourtney and just
enjoying one another's company."
834;2300867;2303667;">> KHLOE: Are you even gonna
acknowledge me and say hi,"
835;2303667;2306300;"anything?
>> KIM: Hi."
836;2306300;2308166;">> KHLOE: So sincere."
837;2315000;2317967;">> KOURTNEY: Is this it?
>> SCOTT: Tonight Kourtney and"
838;2317967;2320133;"I are going to dinner.
We're gonna meet my friend Tom"
839;2320133;2322266;"and one of Kourtney's friends,
Courtney Walsh."
840;2322266;2324800;"And it's really nice to be
on a date for once with Kourtney"
841;2324800;2327233;"and just enjoying one another's
company."
842;2327233;2329166;">> MAN: How are you, man?
>> SCOTT: How you doing, man?"
843;2329166;2330800;">> MAN: Good to see you.
>> SCOTT: How's everything?"
844;2330800;2332467;">> MAN: Good.
>> SCOTT: This is Kourtney."
845;2332467;2336433;">> TOM: Hi.
So how did Khloe like staying"
846;2336433;2339266;"with Scott's parents?
>> KOURTNEY: We had so much fun"
847;2339266;2342300;"yesterday.
>> SCOTT: By the way, my mom"
848;2342300;2345300;"like had a sit-down with me.
>> KOURTNEY: About what?"
849;2345300;2347867;">> SCOTT: Well, first of all,
you made her very uncomfortable."
850;2347867;2349900;">> KOURTNEY: Why?
>> SCOTT: So she went around"
851;2349900;2352533;"my mom's house like finding
things and just trashing 'em."
852;2352533;2355000;">> KOURTNEY: I thought I was
being nice like for--"
853;2355000;2356633;">> SCOTT: Throwing her
belongings out."
854;2356633;2358734;">> KOURTNEY: And so she was...
>> SCOTT: My mom was upset about"
855;2358734;2362100;"some of the stuff you threw out.
But most of all, she was upset"
856;2362100;2365567;"about some vintage chess set,
and you just had no regard and"
857;2365567;2370300;"threw it out.
>> KOURTNEY: Scott tells me that"
858;2370300;2372667;"I offended his mom.
It never occurred to me that"
859;2372667;2375700;"she would be offended.
I always just thought I was"
860;2375700;2377600;"helping.
>> SCOTT: Long story short,"
861;2377600;2380166;"I don't care.
Like I get over things."
862;2380166;2383300;"I've lived with her a long time.
I realize that if something"
863;2383300;2385367;"doesn't look right, she's gonna
throw it out."
864;2385367;2398066;"That's why I hide things like
that I want to keep."
865;2398066;2400400;">> BONNIE: Oh, yeah...
Oh, do that? Okay."
866;2400400;2403066;"You can help me.
I'd be very happy to have"
867;2403066;2406300;"a helper clean.
>> KOURTNEY: Well, Scott told"
868;2406300;2409567;"me about the chess set, that
it was really sentimental."
869;2409567;2414233;"So I just wanted to say sorry.
I was just trying to help"
870;2414233;2416533;"clean up.
>> BONNIE: I appreciate that."
871;2416533;2418867;">> KOURTNEY: If someone came
into my house and started taking"
872;2418867;2421900;"stuff out, I would freak out.
>> BONNIE: You'd kill them."
873;2421900;2423734;">> KOURTNEY: Yeah, I would.
Bye, Jeff."
874;2423734;2425767;">> JEFF: Bye, Kourt.
Bye, Masey."
875;2425767;2427867;">> KOURTNEY: Thanks for having
us."
876;2427867;2430300;">> MASON: Bye-bye.
>> JEFF: I love you, Mase."
877;2430300;2432667;">> KOURTNEY: Blow kisses.
>> (Mason babbles)"
878;2432667;2434533;">> BONNIE: Good-bye.
Can I have a kiss?"
879;2434533;2445734;">> KOURTNEY: Bye.
 Hasta luego."
880;2445734;2449000;">> KOURTNEY (gasps): Look, Mase,
we're back."
881;2449000;2452433;">> MASON: Nap.
>> SCOTT: Yes, nap."
882;2452433;2455400;">> KOURTNEY: I need a big hug.
>> SCOTT: Where's Kris and Kim?"
883;2455400;2457600;">> KOURTNEY: Oh, my goodness,
that was a good one."
884;2457600;2459900;"I have no idea.
I think Kim and Kris got"
885;2459900;2462100;"into a fight.
I don't really know."
886;2462100;2464500;">> SCOTT: It's tough when you're
married that long, a week or"
887;2464500;2467433;"two.
>> KOURTNEY: Yeah. I thought"
888;2467433;2472000;"that maybe you and I could have
a little date night tonight."
889;2472000;2475233;">> SCOTT: Are you serious?
An actual date with the man"
890;2475233;2477533;"of your dreams?
>> KOURTNEY: I'm making"
891;2477533;2479667;"an effort, so don't mock me.
>> MASON: Mom!"
892;2479667;2482333;">> KOURTNEY: I think mine and
Scott's relationship is always"
893;2482333;2485567;"a work in progress.
As long as we want to be"
894;2485567;2488300;"together-- and we know that--
then it's worth working on."
895;2488300;2491367;">> SCOTT: Remember what we did
on the pool?"
896;2491367;2494900;"We lean, feet up.
Hands up, flying baby."
897;2494900;2496266;"Ah!"
898;2501834;2506400;">> KHLOE: Mason, can I have one?
Uh! That's... Uh!"
899;2506400;2510133;">> KOURTNEY: Mason, now we can't
eat these."
900;2510133;2513667;">> KHLOE: He is gonna eat them,
I'll tell you that much."
901;2513667;2515900;">> (doorbell rings) 
>> KOURTNEY: Hey, kid."
902;2515900;2519400;">> KIM: Hey, guys.
>> KOURTNEY: Hey!"
903;2519400;2521200;">> HUMPHRIES: Guess who's
bazack?"
904;2521200;2523633;">> KOURTNEY: Hump is back."
905;2528233;2532300;"Captioning sponsored by
 BUNIM-MURRAY PRODUCTIONS"
906;2532300;2534333;"Captioned by 
 Media Access Group at WGBH"
907;2534333;2537200;"access.wgbh.org"
908;2539433;2542633;">> KIM: Hey, guys.
>> KOURTNEY: Hey!"
909;2542633;2545033;">> KIM: I'm back from Minnesota.
>> KOURTNEY: How was it?"
910;2545033;2547066;">> KIM: It was good.
>> KOURTNEY: The Hump is back?"
911;2547066;2549000;">> (Mason babbling)
>> KHLOE: What is this?"
912;2549000;2550867;">> KOURTNEY: The Hump is back.
>> HUMPHRIES: Guess who's"
913;2550867;2552233;"bazack?
Come on."
914;2552233;2554233;">> KOURTNEY: Yeah, the Hump
is back."
915;2554233;2556934;">> HUMPHRIES: I decided to come
back to New York because"
916;2556934;2559333;"I want to see my wife happy.
And marriage is all about"
917;2559333;2562734;"compromise, and I'm willing
to compromise in this situation."
918;2562734;2565266;">> KOURTNEY: Look who's here,
Mase-- Kris and Kim."
919;2565266;2567834;">> KIM: We're back from
Minnesota, and we've decided not"
920;2567834;2570300;"to move out of our suite with
Kourt and Scott."
921;2570300;2572700;"We're gonna make some
adjustments, and hopefully it"
922;2572700;2575300;"works out for everyone.
If not, we'll figure something"
923;2575300;2577100;"out.
>> HUMPHRIES: I'll let you guys"
924;2577100;2579300;"catch up.
I know all the sisters hang"
925;2579300;2581200;"together.
I'll see you later, baby."
926;2581200;2584000;">> KOURTNEY: How did you guys
end up coming back together?"
927;2584000;2586133;">> KIM: I mean, it's weird.
I don't want to live like"
928;2586133;2588000;"separate from him.
You know what I mean?"
929;2588000;2590667;"He's gonna find a trainer out
here, and like do some things"
930;2590667;2595533;"to compromise a little bit.
>> KHLOE: Are you even gonna"
931;2595533;2598333;"like acknowledge me and say hi,
anything?"
932;2598333;2602967;">> KIM: Hi.
>> KHLOE: So sincere."
933;2602967;2607166;"There's definitely tension, and
I find it odd that Kim will not"
934;2607166;2611200;"even acknowledge the very
hurtful, hateful things she said"
935;2611200;2613767;"to me.
>> KOURTNEY: So are you...?"
936;2613767;2615567;"Do you have to leave to catch
your flight?"
937;2615567;2617934;">> KHLOE: Seems like it's
perfect timing, baby."
938;2617934;2620533;">> KOURTNEY: Oh, good.
To get on out of here."
939;2620533;2622767;">> KHLOE: Perfect time for me to
leave."
940;2622767;2624633;">> KOURTNEY: Well, we're gonna
miss you."
941;2624633;2627033;"Are you excited to go see Lamar?
>> KHLOE: You, Mason, and Scott"
942;2627033;2630667;"will miss me.
>> KIM: I honestly am just so"
943;2630667;2634700;"annoyed with Khloe, so I just
would rather like avoid her all"
944;2634700;2637900;"together until she calms down.
>> KHLOE: Bye, squirt."
945;2637900;2639567;">> KOURTNEY: Bye, doll.
Love you."
946;2639567;2645700;">> KHLOE: Bye, Hump.
Bye-bye."
947;2645700;2647233;">> KOURTNEY: That wasn't
awkward."
948;2647233;2649700;">> KIM: What you want me to do?
She's being awkward."
949;2649700;2651700;">> KOURTNEY: You guys are both
awkward."
950;2651700;2654133;">> KIM: Whatever, I can't deal."
951;2657734;2660400;"Kourtney &
Kim Take New York..."
952;2660400;2661633;"The
Today Show."
953;2661633;2663734;"Maybe you could go with me.
>> KOURTNEY: Scott will go with"
954;2663734;2666400;"you.
Look what I found on Scott's"
955;2666400;2668567;"computer.
>> KIM AND KOURTNEY: Ew!"
956;2668567;2671200;">> KOURTNEY: That's disgusting.
>> KIM: I think I'm gonna get"
957;2671200;2673200;"off birth control.
>> KRIS: What?"
958;2673200;2675166;"You got to be prepared.
>> KIM: Yeah, I'm prepared."
959;2675166;2676934;"I mean, I'm married.
>> KRIS: You are so not"
960;2676934;2678867;"prepared.
>> KIM: Where do you think we're"
961;2678867;2680400;"gonna raise kids?
Do you ever think it's gonna be"
962;2680400;2682000;"Minnesota?
>> HUMPHRIES: I think it's"
963;2682000;2683967;"a great place to raise kids.
>> KIM: I'm never moving to"
964;2683967;2686000;"Minnesota, ever."