﻿Number;Start time in milliseconds;End time in milliseconds;"Text"
1;3800;5800;"Kourtney &
Kim Take New York..."
2;5800;7600;">> KRIS: Are you excited to get
home to your hubby?"
3;7600;9467;">> KIM: Not really.
>> KRIS: Okay."
4;9467;11300;"Do you want to talk to me about
something?"
5;11300;12834;">> KIM: I don't know.
I can't really explain it."
6;12834;15800;"There's something in my
relationship that I just feel"
7;15800;18567;"like isn't right.
I mean, is this, like, normal?"
8;18567;20600;"Should I be feeling this way?
>> KRIS: No, Kim, it's not"
9;20600;23600;"normal.
>> KIM: You want these bags?"
10;23600;26000;">> HUMPHRIES: Yeah, just relax.
That was just me trying to send"
11;26000;27734;"you a message.
>> KOURTNEY: What's the message?"
12;27734;29200;">> HUMPHRIES: It's a dominance
thing."
13;29200;30900;">> KIM: I'm not gonna keep doing
this."
14;30900;32967;">> SCOTT: I feel like you're in
a full-blown family feud."
15;32967;35800;"Like, you need to chill for a
little bit, 'cause you're pissed"
16;35800;38333;"off at the world.
>> KIM: I feel like I want to"
17;38333;40667;"apologize to you.
I've just been, like, so"
18;40667;43667;"unhappy, and I'm taking it out,
like, on everyone."
19;43667;46767;"I'm just, like, a different
person, and I don't like who I"
20;46767;48667;"am in this marriage."
21;61200;63567;">> KOURTNEY: This is the part of
New York that I love."
22;63567;65166;">> KIM: Really?
>> KOURTNEY: Mm-hmm."
23;65166;67700;"This part with all the good
stores."
24;67700;69633;"I love the windows at
Bergdorf's."
25;69633;72400;"Like, that's what I want our
Dash windows to be."
26;72400;75567;">> KIM: Oh, my God, that's where
we used to stay all the time."
27;75567;77200;"Ooh.
At The Plaza."
28;77200;79767;"That's, like, Dad's favorite
hotel."
29;79767;82934;">> KOURTNEY: I know.
I have, um, one of The Plaza"
30;82934;85834;"towels that he took from there.
>> KIM: Really?"
31;85834;87500;">> KOURTNEY: Yeah.
>> KIM: Around this time of"
32;87500;89834;"year, it's the anniversary of my
dad's passing, and, you know, I"
33;89834;93800;"think we all get a little bit
sentimental and emotional."
34;93800;96600;"And, you know, we're walking by
The Plaza Hotel, and that's"
35;96600;99400;"where my dad took us to New York
for the first time, and that's"
36;99400;101734;"where we stayed.
And, you know, there's so many"
37;101734;104233;"things about New York that
remind us of our dad."
38;104233;108934;"So, Jill Fritzo is friends
with this guy named John"
39;108934;110633;"Edward.
Have you ever heard of him?"
40;110633;113233;">> KOURTNEY: No.
>> KIM: He's, like, a medium."
41;113233;114800;"Do you know what that is?
>> KOURTNEY: No."
42;114800;117633;">> KIM: It's, like, someone that
can communicate with the dead."
43;117633;120000;">> KOURTNEY: Yeah.
>> KIM: And I don't necessarily"
44;120000;123100;"believe in psychics, but, like,
I would, you know, meet with a"
45;123100;125467;"guy if he can, like, communicate
with the dead."
46;125467;127533;">> KOURTNEY: Why would you want
to communicate?"
47;127533;130266;"Like, do you think that's what
you're supposed to do?"
48;130266;133767;">> KIM: What if you just want to
know, like, what someone else is"
49;133767;138500;"saying and, like, if, you know,
Dad sees what we're doing now..."
50;138500;140600;">> KOURTNEY: No, but I'm sure he
does."
51;140600;142600;"I think it's just something you
have to believe in."
52;142600;145333;">> KIM: I know he does now...
I feel like there's a lot that"
53;145333;148600;"I've been going through, like,
emotionally and mentally that"
54;148600;153467;"I really think I'll find comfort
in connecting with my dad again."
55;153467;156700;"It's like, you want that person
that you respect so much to, you"
56;156700;160033;"know, talk to and get advice
from and see, am I making, you"
57;160033;162500;"know, the right decisions, did I
make the right decision?"
58;162500;165967;"Kris is, like, so against it.
>> KOURTNEY: He is?"
59;165967;170133;">> KIM: He says he has, like, a
conviction from God to, like,"
60;170133;173033;"not ever do that.
>> KOURTNEY: Well, that's what"
61;173033;175266;"I'm saying, like...
>> KIM: But he's, like, a"
62;175266;178433;"religious man, and, like, he,
you know..."
63;178433;182033;">> KOURTNEY: Right, but I just
feel like, what is the point of"
64;182033;184200;"it?
Like, why..."
65;184200;186000;">> KIM: I don't think there's
any harm."
66;186000;188133;"I think he's, like, a really
smart man, and, like, that's"
67;188133;189734;"what...
>> KOURTNEY: I'm not saying he's"
68;189734;192500;"not a smart man, and I'm not
saying I don't believe what he"
69;192500;194567;"does, 'cause I do.
I don't know."
70;194567;213800;"I'm just against it.
I don't think you should do it."
71;213800;216467;"(line ringing)
>> HUMPHRIES: Hi."
72;216467;218133;">> KAELA: Hey, what's up?
>> HUMPHRIES: So you're coming"
73;218133;220500;"to town?
>> KAELA: Yeah, I come tomorrow,"
74;220500;223867;"and, um...
>> HUMPHRIES: Nice, exciting."
75;223867;226367;">> KAELA: What are some things
that we can do when I come to"
76;226367;229367;"town?
>> HUMPHRIES: Um, I don't know."
77;229367;232567;"I go to the gym every morning
till about 12:00 or noon, so you"
78;232567;235500;"can probably come and do that.
All right, I'll see you"
79;235500;237367;"tomorrow.
>> KAELA: All right, love you."
80;237367;238867;">> HUMPHRIES: Love you, too.
Bye."
81;238867;240967;">> KIM: Who was that?
>> HUMPHRIES: It was Kaela."
82;240967;243934;">> KIM: When is she coming?
>> HUMPHRIES: Tomorrow."
83;243934;245934;">> KIM: For what?
>> HUMPHRIES: Do your boobs need"
84;245934;247900;"to be so out? It's ridiculous.
>> KIM: I didn't know they were"
85;247900;249633;"that out.
Relax."
86;249633;252800;">> HUMPHRIES: Oh, she's calling
me again."
87;252800;255500;"Hello.
>> KIM: Kaela is coming in"
88;255500;259967;"town, and I love Kaela, I think
she's so sweet."
89;259967;262600;"But I just feel like Kris
should've communicated that with"
90;262600;264633;"me.
Like, he knew weeks in advance"
91;264633;267633;"when Khloe was coming, and we
were all prepared for that."
92;267633;270066;"You could've told me she was
coming to stay."
93;270066;271467;">> HUMPHRIES: I mean, I live
here, too."
94;271467;273467;"I don't need to get permission
to do stuff."
95;273467;276467;">> KIM: Okay, my work week is,
like, so crazy, so I don't know"
96;276467;278934;"if I'm gonna have a chance to,
like, hang out with you guys."
97;278934;281033;">> HUMPHRIES: Maybe take the ten
minutes that you spend with me"
98;281033;283800;"and spend it with, uh, her
instead."
99;283800;285533;">> KIM: Okay.
>> HUMPHRIES: Well, I'm sure"
100;285533;289266;"you'll find some time.
We'll have fun together."
101;289266;294166;"It's all good.
(sighs)"
102;294166;296033;"See ya."
103;304800;307433;">> SCOTT: What a wonderful day.
>> KOURTNEY: Wonderful day for a"
104;307433;311133;"stroll in seven-inch heels.
>> SCOTT: Oh, doll, why don't we"
105;311133;313867;"get a picture drawn of us?
Like, a real old-school New York"
106;313867;315600;"picture of, like, where you look
like a cartoon."
107;315600;317533;">> KOURTNEY: That's just silly.
What are we gonna do with it?"
108;317533;318934;">> SCOTT: Come on!
>> KOURTNEY: What are we gonna"
109;318934;320367;"do with it?
>> SCOTT: What do you mean?"
110;320367;321967;"We'll hang it on the wall one
day; it'll be great."
111;321967;323700;">> KOURTNEY: Okay, fine.
>> SCOTT: You know, it's nice to"
112;323700;326333;"spend time together, and been
really making an effort to try"
113;326333;328600;"to get some quality time in.
You know, it's nice just being"
114;328600;331000;"in the park, relaxing and
enjoying the weather and"
115;331000;333200;"enjoying New York.
This is gonna be our first photo"
116;333200;334567;"together.
>> ARTIST: Together?"
117;334567;337266;">> SCOTT: That we can put on our
wall."
118;337266;339300;"(Kourtney laughs)
>> ARTIST: Brown, right?"
119;339300;340900;">> KOURTNEY: What?
>> ARTIST: Brown..."
120;340900;343300;">> KOURTNEY: Brow?
>> SCOTT: Brown rice?"
121;343300;345000;">> ARTIST: Brown.
>> SCOTT: Oh, brown eyes."
122;345000;346767;">> KOURTNEY: Oh, brown eyes.
Yeah, dark brown."
123;346767;348500;">> ARTIST: Dark brown.
>> KOURTNEY: I thought he was"
124;348500;349834;"saying "smile nice."
I was like..."
125;349834;351166;">> SCOTT: I thought he said
"brown rice.""
126;351166;352500;">> ARTIST: Switch.
>> KOURTNEY: Switch."
127;352500;353934;">> SCOTT: Switch?
>> KOURTNEY: It's your turn."
128;353934;355667;">> SCOTT: I'm ready to go.
>> KOURTNEY: Well, you smile"
129;355667;358133;"pretty.
>> ARTIST: Yes, yes."
130;358133;360734;"(laughs)
>> SCOTT: What do you want?"
131;360734;362200;">> ARTIST: Smile.
>> SCOTT: Oh, smile?"
132;362200;366467;">> KOURTNEY: Literally, you are
so embarrassing to be around."
133;366467;368633;"(Scott laughs)
First of all..."
134;368633;370600;">> ARTIST: Uh, ready?
>> KOURTNEY: Yes."
135;370600;372934;">> SCOTT: Oh, yeah, see...
Wow."
136;372934;374800;">> KOURTNEY: Amazing.
>> SCOTT: Wow."
137;374800;377433;">> KOURTNEY: Thank you.
>> ARTIST: ...sign, date."
138;377433;379333;">> KOURTNEY: Perfect.
>> SCOTT: Perfect, thank you."
139;379333;380967;">> KOURTNEY: Thank you.
>> SCOTT: Beautiful."
140;380967;382600;"Let's get going.
>> KOURTNEY: It's beautiful."
141;382600;384066;">> SCOTT: Gonna put that up on
the wall."
142;384066;386100;"This is great, huh?
>> KOURTNEY: Yeah."
143;386100;389100;">> SCOTT: We have no pictures of
each other, and this is a nice"
144;389100;391967;"little stepping stone until we
do, you know, either some kind"
145;391967;394033;"of photo shoot together or...
>> KOURTNEY: Photo shoot?"
146;394033;395767;">> SCOTT: ...some kind of
portrait to have in our house."
147;395767;401000;"Yeah, you know, I want some kind
of picture on the wall of you"
148;401000;403266;"and me.
I don't think that's crazy."
149;403266;406400;">> KOURTNEY: I do not like
having photographs in my house."
150;406400;410200;"I just think it's so cheesy,
like, having framed pictures"
151;410200;414033;"everywhere.
And my mom and my sisters are"
152;414033;417700;"obsessed with having millions
and millions of framed photos"
153;417700;420667;"everywhere.
And I'm just not into it."
154;420667;424667;"Pictures could be cheesy.
>> SCOTT: Look, whether you like"
155;424667;428333;"it or not, this is going on the
 we're doing a portrait"
156;428333;430033;"together and that's going on
the wall."
157;430033;432133;">> KOURTNEY: Let's do a portrait
and that can go on the wall."
158;432133;434567;"This can go in your closet.
>> SCOTT: This is going on the"
159;434567;437734;"top of my ceiling."
160;440400;445433;"(line ringing)
>> GABE: Jill Fritzo's office."
161;445433;447800;">> KIM: Hey, Gabe, it's Kim.
How are you?"
162;447800;450166;">> GABE: I'm good. How are you?
>> KIM: Good."
163;450166;453166;"Is, uh, Jill around?
>> GABE: Uh, yeah, just one"
164;453166;456200;"moment.
>> JILL: Hey, how are ya?"
165;456200;458400;">> KIM: Good. How are you?
>> JILL: Amazing."
166;458400;461834;">> KIM: Wait, so I remember you
told me that you were John"
167;461834;464433;"Edward's publicist.
>> JILL: Yeah, I am."
168;464433;465934;"He's also a really good friend
of mine."
169;465934;467834;">> KIM: I don't know, I'm really
interested."
170;467834;470767;"I would love to meet him.
>> JILL: Okay, and, like, and"
171;470767;472900;"get a reading?
>> KIM: Yeah, and get a reading."
172;472900;474567;"Like, I...
>> JILL: I will, I'll talk to"
173;474567;476767;"him.
I mean, I can tell you he"
174;476767;481433;"travels constantly and he also
has an insane waiting list, but"
175;481433;483400;"I can check with his office.
>> KIM: All right, well, call"
176;483400;485166;"him and let me know what he
says."
177;485166;487467;"I really, really want to meet
with him."
178;487467;489333;">> JILL: Okay."
179;497333;499433;">> HUMPHRIES: What's up, baby?
>> KIM (yawns): I'm just playing"
180;499433;502867;"solitaire, and I'm so tired.
>> HUMPHRIES: I just talked to"
181;502867;504667;"my sis.
She's gonna be here in a little"
182;504667;506033;"bit.
>> KIM: She is?"
183;506033;508633;"It's so late.
>> HUMPHRIES: I know."
184;508633;510300;">> KIM: Okay, I'm just gonna go
to bed."
185;510300;511867;"I'm so tired.
>> HUMPHRIES: No, baby, say hi"
186;511867;513800;"to Kaela.
>> KIM: I'll see her in the"
187;513800;518000;"morning.
You really are Frankenstein."
188;518000;522500;"(knocking)
>> HUMPHRIES: Oh."
189;522500;525900;"Hello, lady!
>> KAELA: How are you?"
190;525900;528467;">> KIM: Hi.
>> HUMPHRIES: Good to see you."
191;528467;529867;">> KAELA: Hey, Kim.
>> KIM: How are you?"
192;529867;533033;">> KAELA: Good.
>> KIM: How was your flight?"
193;533033;535033;">> KAELA: It was good.
It was long, but..."
194;535033;536400;">> KIM: You look pretty.
>> KAELA: Thank you."
195;536400;539367;">> KIM: After a long flight.
>> KAELA: Yeah."
196;539367;542133;">> KIM: I'm so tired.
>> HUMPHRIES: Well, you can go"
197;542133;543600;"to bed.
I know it's late."
198;543600;545233;">> KAELA: Ooh, do I get a tour
of the place?"
199;545233;546600;">> HUMPHRIES: Here's the
balcony."
200;546600;549467;"Let me show you the balcony.
I'm excited for Kaela to be"
201;549467;552467;"here, I'm happy to have one of
my family members around for a"
202;552467;553967;"change.
Excuse us, Kim."
203;553967;556066;">> KAELA: So, all right, well,
what are you guys gonna do"
204;556066;557900;"tonight?
Let's go see New York."
205;557900;559400;">> KIM: I love you guys...
>> HUMPHRIES: Yes!"
206;559400;561300;">> KAELA: Yes!
Team Hump. Let's do it."
207;561300;563066;">> KIM: ...but I am so tired.
>> HUMPHRIES: No, I'll wake you"
208;563066;564800;"up, I'll wake you up.
>> KIM: Why don't you guys"
209;564800;567033;"bond... Stop.
Stop!"
210;567033;570400;"Kaela and I don't have issues,
but I'm having such a hard time"
211;570400;574300;"with my relationship with him,
it's hard to let another member"
212;574300;577667;"of his family into my heart.
It's going to be hard to put on"
213;577667;580433;"a happy face.
>> KAELA: Are you practicing"
214;580433;588367;"your moves?
(Kaela laughing)"
215;588367;590667;">> KOURTNEY: Wait, is this
a painting?"
216;590667;593166;"I thought it was a photo.
>> SCOTT: No, no."
217;593166;595500;"You said photos were cheesy.
>> KOURTNEY: Yeah."
218;595500;598367;">> SCOTT: So we're going
real-deal old-school painting."
219;598367;601633;">> KOURTNEY: Oh.
>> KIM: I got a call that John"
220;601633;605767;"Edwards will meet with me, and I
really want you to come."
221;605767;620033;">> KOURTNEY: I just really don't
think it's a good idea."
222;620033;622800;">> KAELA: Ready to go, buddy?
>> HUMPHRIES: Yeah, let's go."
223;622800;627066;">> KAELA: I wish Kim had some
time to hang out with us more."
224;627066;631700;"(photographers clamoring)
>> HUMPHRIES: Hi."
225;631700;633900;"Hey, Kim's leaving in like
two minutes."
226;633900;635900;"You might want to stay over
there, buddy."
227;635900;640433;"(Kaela laughing)
>> KAELA: You're such a jerk."
228;640433;643133;">> HUMPHRIES: This should be
fun."
229;643133;645667;"Like, I've never been to the
Empire State Building."
230;645667;648600;"I've never... I want to see the
9/11 site, um..."
231;648600;650667;">> KAELA: Uh, yeah, I really
want to see that, too."
232;650667;653000;"Have you been here before?
>> HUMPHRIES: No, I don't even"
233;653000;655800;"know what this is.
Is this Central Park?"
234;655800;658433;">> KAELA: Uh, I don't think so.
Just going to throw that"
235;658433;661100;"out there.
It's a little small."
236;661100;664867;"Oh, this is a dog park.
>> HUMPHRIES: That's tight."
237;664867;669300;"Oh, poop.
(Humphries barks)"
238;669300;671734;"So you want to get some yogurt?
>> KAELA: Oh, yeah."
239;671734;677700;">> HUMPHRIES: Only if it's
healthy, though."
240;677700;679967;">> KAELA: Thank you."
241;688066;689900;">> SCOTT: Let's do it!
Tell me you're not excited"
242;689900;691734;"for this.
Come on, baby."
243;691734;693400;"Come on!
>> KOURTNEY: Stop."
244;693400;695266;">> SCOTT: Get excited.
>> KOURTNEY: Don't be annoying."
245;695266;696834;"You're too aggressive.
>> SCOTT: Okay, I just want to"
246;696834;698967;"tell you, you're about to get
the nicest picture made of you"
247;698967;700567;"you've ever seen.
>> KOURTNEY: You're too"
248;700567;702066;"aggressive.
>> SCOTT: How is that?"
249;702066;704300;"I'm pretty surprised I somehow
talked Kourtney into doing a"
250;704300;706333;"portrait together.
Hello."
251;706333;707900;">> REBECCA: Hi. Welcome.
I'm Rebecca."
252;707900;709834;"Pleasure to meet you.
Hi, Kourtney."
253;709834;711967;"Nice to meet you.
Come on in."
254;711967;714567;">> SCOTT: And, if I'm going to
finally get this portrait, I'm"
255;714567;716133;"going to go a little
over the top with it."
256;716133;718133;"I'm not just going to get an
eight by ten."
257;718133;720200;">> KOURTNEY: Wait, is this
a painting?"
258;720200;723100;"I thought it was a photo.
>> SCOTT: No, no, a painting."
259;723100;725400;">> KOURTNEY: Really?
>> SCOTT: You said photos"
260;725400;727633;"were cheesy.
>> KOURTNEY: Yeah."
261;727633;730700;">> SCOTT: So we're going
real-deal old-school painting."
262;730700;733367;">> REBECCA: What kind of style
do you like?"
263;733367;735367;">> KOURTNEY: This is for him, so
we could do..."
264;735367;737633;">> SCOTT: It's for us.
>> KOURTNEY: Okay, but we could"
265;737633;740033;"do, like, his style more.
>> SCOTT: If you're not in this"
266;740033;742467;"to win it, I'm not... it's not
going to come out right."
267;742467;744533;">> KOURTNEY: But I just said I'd
like something more modern."
268;744533;746533;">> SCOTT: So we're going to
have to do two sides, split in"
269;746533;748600;"the middle.
>> REBECCA: There can be a"
270;748600;750767;"looseness, and it can be
whimsical, and... just, like, be"
271;750767;753367;"natural and relaxed.
>> KOURTNEY: Okay."
272;753367;755367;"Stop!
>> SCOTT: Hey, hey!"
273;755367;757367;"That kind of energy's not going
to get the portrait where it"
274;757367;759367;"needs to be.
>> REBECCA: So Emily's going to"
275;759367;761367;"ask you more questions just to
get a sense of..."
276;761367;763367;">> EMILY: I want to get a
sense of your personality,"
277;763367;765400;"really.
Some adjectives that you would"
278;765400;770066;"describe about one another.
>> KOURTNEY: He's fun."
279;770066;774734;"He's very over-the-top.
He's a good dad."
280;774734;778300;">> SCOTT: That's true reporting.
>> EMILY: What made you fall in"
281;778300;780900;"love with him?
>> KOURTNEY: His sense of humor."
282;780900;782900;">> EMILY: So how would you
describe Kourtney?"
283;782900;784900;"Like, what made you fall in
love with her?"
284;784900;786934;"What do you love about her most?
>> SCOTT: I mean, I... I-I think"
285;786934;789467;"I fell in love with her because
she was cute and down-to-earth."
286;789467;791700;">> EMILY: Uh-huh.
>> SCOTT: And I know she has a"
287;791700;793967;"good heart.
I feel like I'm in therapy."
288;793967;797133;"You know, it's nice to see
Kourtney kind of going against"
289;797133;799700;"some of her ways and saying yes
to things that she's not"
290;799700;801734;"comfortable with.
I don't think this is the"
291;801734;804467;"biggest step in our life, but it
really makes me feel good, and I"
292;804467;808700;"really think our relationship's
doing great."
293;808700;812066;">> REBECCA: Let us know if you
need a break to stretch."
294;812066;813567;">> KOURTNEY: We'll be right
back."
295;813567;815300;"Taking a little break.
>> SCOTT: You better not peek."
296;815300;817300;">> KOURTNEY: I'm not going to
peek."
297;817300;819333;">> SCOTT: She's very sneaky.
>> KOURTNEY: You can feel free"
298;819333;821567;"to do something, like, silly
on him."
299;821567;824066;"Like if you do, like, a
unibrow or something."
300;824066;827600;"Like, feel free.
Just 'cause he's, like... I just"
301;827600;829600;"think it would be funny.
>> REBECCA: Okay."
302;829600;832200;">> KOURTNEY: Scott is taking
this portrait way too seriously."
303;832200;835100;"I think I just need to do
something to bring him back"
304;835100;837734;"to reality.
How long does this take?"
305;837734;840266;">> REBECCA: Not much longer."
306;844934;846934;">> KATE: Hi.
Hi. I'm Kate."
307;846934;849100;">> KIM: I have such a busy day
ahead of me."
308;849100;850767;"I have this big charity
commitment."
309;850767;852800;"I have to go to Dash.
I have meetings."
310;852800;854567;"I have to do the buying.
There's so much that I have"
311;854567;856533;"going on.
Things are really weird between"
312;856533;859734;"Kris and I, so I think it's
better for all of us if I just"
313;859734;863767;"kind of keep my distance from
Kaela so she doesn't catch wind"
314;863767;866333;"that, like, you know, there's
tension."
315;866333;868433;"(phone ringing)
Hi."
316;868433;870433;">> KAELA: Hey. How are you?
>> KIM: Good."
317;870433;872700;"I am out and about.
I have a meeting, and I just"
318;872700;875500;"went to go trade at Cantor
Fitzgerald."
319;875500;878033;">> KAELA: Oh, [bleep].
Well, I'd really like to hang"
320;878033;880467;"out with you while I'm here.
>> KIM: Yeah, call me when"
321;880467;883500;"you're done running around, and
if, um... if I get, like, any"
322;883500;886266;"opening, I'll come and meet you
guys real quick."
323;886266;888266;">> KAELA: All right.
Sounds good."
324;888266;891633;">> KIM: Okay, okay, bye.
Hi."
325;891633;894166;"How are you?
>> WOMAN: Perfect timing."
326;894166;896800;"We just got those line sheets I
need you to approve."
327;896800;902133;"(phone ringing)
>> KIM: Hold on."
328;902133;903834;"Hello?
>> JOHN: Hi, Kim."
329;903834;905767;"This is John Edward."
330;907734;910700;">> SCOTT: Portrait's here!
I want everybody to be here when"
331;910700;916033;"I unveil this bad boy.
>> KOURTNEY: Reveal."
332;916033;918533;"(laughter)
>> SCOTT: Why would you do that?"
333;918533;920400;"That's not funny at all!"
334;928033;930066;">> KIM: Hello?
>> JOHN: Hi, Kim."
335;930066;932100;"This is John Edward.
>> KIM: How are you?"
336;932100;934100;"Thank you for calling me back.
I am so excited that we are"
337;934100;936100;"connecting.
>> JOHN: Absolutely."
338;936100;938100;"Jill's a sweetheart.
>> KIM: Yeah, she told me the"
339;938100;940100;"waiting list is... is a little
crazy, but you might have"
340;940100;942100;"something that's opened up,
so I'll..."
341;942100;944100;">> JOHN: Well, here's... here's
what I said."
342;944100;946100;"If we can do it this Friday...
I'm leaving for Australia right"
343;946100;948100;"after that, so I have a very
short window."
344;948100;950100;"If we could make this happen in
the city, then I think we can"
345;950100;952333;"make it happen.
>> KIM: I... I'll move whatever"
346;952333;955033;"I have around.
I will make Friday work."
347;955033;957567;">> JOHN: Okay.
>> KIM: Okay, I'll see you soon."
348;957567;959867;">> JOHN: All right, bye-bye.
>> KIM: Bye."
349;959867;963533;">> JOYCE: That (bleep) is cray.
>> KIM: I'm so excited."
350;963533;966000;">> JOYCE: So who do you want to
connect to?"
351;966000;968266;">> KIM: I mean, obviously
my dad."
352;968266;971100;"But for me, it's not like, "Is
my dad okay?""
353;971100;974000;"And, "Is he looking over me?"
Like, no, I know all of that."
354;974000;976066;"Like, I know that.
It's just, like, a chance to"
355;976066;978133;"have another conversation with
my dad kind of thing."
356;978133;980900;"There is a lot that I've been
going through, like, emotionally"
357;980900;985233;"and mentally that I really think
I'll find comfort in connecting"
358;985233;987400;"with my dad again.
>> JOYCE: Do you know who's"
359;987400;989400;"going to freak out?
>> KIM: Who?"
360;989400;991400;">> JOYCE: Kris.
>> KIM: He doesn't know what"
361;991400;993400;"it's like to have someone really
close to him pass away."
362;993400;998266;"I think, if anything, it puts,
like, more of a separation."
363;998266;1002066;"Makes me not want to talk to him
about it because I can't relate"
364;1002066;1004066;"to him.
>> JOYCE: It's personal."
365;1004066;1006066;">> KIM: It's so personal.
>> JOYCE: He doesn't even need"
366;1006066;1008066;"to know details or anything
about it, really."
367;1008066;1010066;">> KIM: He makes me not want to
tell him details."
368;1010066;1012066;"I think, you know, he feels
really strongly about it, and"
369;1012066;1014467;"I'm glad he has his feelings,
so I won't rub it in his face."
370;1014467;1016834;">> JOYCE: Yeah."
371;1022433;1025300;">> HUMPHRIES: Hi.
>> JOY: Hi."
372;1025300;1027300;">> KAELA: Hi.
>> JOY: Welcome. I'm Joy."
373;1027300;1029300;"I'll be your server
this evening."
374;1029300;1031300;">> HUMPHRIES: Joy?
Is that your real name?"
375;1031300;1033333;">> JOY: That is my real name.
>> HUMPHRIES: Prove it."
376;1033333;1035333;">> JOY: It'll be on the check.
>> HUMPHRIES: Okay."
377;1035333;1037333;">> JOY: What can I get for you?
>> HUMPHRIES: Pigs in a blanket."
378;1037333;1039333;"I love those.
>> JOY: All right."
379;1039333;1041333;"Awesome.
>> HUMPHRIES: It felt so good to"
380;1041333;1043333;"go work out.
That's, like, the best stress"
381;1043333;1045333;"reliever is getting to the gym.
>> KAELA: Are you a little"
382;1045333;1047333;"stressed?
Like, what's-what's going on?"
383;1047333;1049333;">> HUMPHRIES: You know, we were
talking about kids and where"
384;1049333;1051333;"we're going to live and this
and that."
385;1051333;1053600;"She wants to keep working, and
I'm like... I don't know if"
386;1053600;1056133;"she's going to be willing to
make the sacrifices."
387;1056133;1059500;">> KAELA: Speaking of Kim, uh,
is she mad at me?"
388;1059500;1062333;"I haven't seen her at all.
Like, we haven't hung out."
389;1062333;1065300;"Like, I thought it'd be a great
week to get to know her better."
390;1065300;1068333;">> HUMPHRIES: I mean, she's busy
at work."
391;1068333;1071700;">> KAELA: Are you sure?
'Cause I feel like..."
392;1071700;1075633;">> HUMPHRIES: Yeah, I mean, it's
hard 'cause she's working."
393;1075633;1078600;">> KAELA: Well, I'd really like
to, you know, get to know her"
394;1078600;1082133;"better and hang out with her.
She's my sister, so... you know,"
395;1082133;1084133;"let her know that...
>> HUMPHRIES: We can arrange"
396;1084133;1094700;"that.
>> KAELA: Yeah."
397;1094700;1097667;">> KIM: Mom's coming right back.
There she is!"
398;1097667;1099800;"(Mason crying)
>> SCOTT: Mason!"
399;1099800;1102100;">> KIM: There she is!
>> KOURTNEY: Hi."
400;1102100;1104100;"Hi.
>> KIM: There she is."
401;1104100;1106100;">> KOURTNEY: I'm here.
Mm."
402;1106100;1108100;">> KIM: How was your photo
shoot?"
403;1108100;1111467;">> KOURTNEY: It was actually not
a photo shoot."
404;1111467;1115400;"It was like a sit-down portrait,
where you have to sit for hours"
405;1115400;1117633;"and they sketch you and paint
you."
406;1117633;1119633;">> KIM: Are you serious?
>> KOURTNEY: And I'm like, what"
407;1119633;1122100;"are we going to do with this
painting-portrait of ourselves."
408;1122100;1124100;"Like, we're not going to hang it
in my house."
409;1124100;1125667;">> KIM: Torture.
>> KOURTNEY: Yeah."
410;1125667;1127133;">> SCOTT: What do you mean,
we're not gonna hang it in the"
411;1127133;1128800;"house?
(Mason fussing)"
412;1128800;1130667;">> KOURTNEY: Oh, I didn't know
you were sitting there."
413;1130667;1132600;">> SCOTT: Am I that nonexistent
to you?"
414;1132600;1134367;">> KOURTNEY: Oh, yeah, baby.
>> SCOTT: That's exactly why"
415;1134367;1136133;"we're putting a portrait in the
house, then."
416;1136133;1138934;">> KIM: Okay, on a positive
note..."
417;1138934;1142467;"I got a call that John Edwards
will meet with me."
418;1142467;1145800;"And I really want you to come.
>> KOURTNEY: I just don't agree"
419;1145800;1147934;"with it.
I don't think that you should"
420;1147934;1150166;"meet with him.
Do you feel like this will help"
421;1150166;1153767;"you grieve Dad's death, or...?
>> KIM: I just think it's, like,"
422;1153767;1157867;"meant to be, if an opening came
up and he's willing to do it,"
423;1157867;1162300;"and come here, and this is like
the one opening he has?"
424;1162300;1164734;">> KOURTNEY: I really don't
think that Kim should be meeting"
425;1164734;1168300;"with John Edward.
I'm not doubting that he can"
426;1168300;1171166;"speak to people who have passed
away."
427;1171166;1175166;"She should just have faith that
my dad is here and around us,"
428;1175166;1178000;"and I don't think she needs to
meet with a medium to have that"
429;1178000;1181200;"faith.
I just really don't think it's a"
430;1181200;1185033;"good idea.
>> KIM: Well, I'm gonna make my"
431;1185033;1188266;"own decision, so...
just respect my decision, you"
432;1188266;1192433;"know?
(Scott sighs)"
433;1192433;1194233;">> SCOTT: All right, I'm dying
to get out of here."
434;1194233;1197200;"No pun.
>> KIM: It's surprising to me"
435;1197200;1200467;"that Kourtney would be not
really caring for me to meet"
436;1200467;1202867;"with him, when she knows I just
want to reconnect with my dad"
437;1202867;1204767;"again.
>> KOURTNEY: Foot hurts?"
438;1204767;1206133;"You want me to kiss it again?
>> KIM: All right."
439;1206133;1207467;"I'm gonna go.
>> MASON: Yeah."
440;1207467;1209467;">> KOURTNEY: Okay, let me kiss
it."
441;1209467;1211967;"(door closes)"
442;1214600;1216467;"(horn honks)"
443;1218400;1221166;">> SCOTT: Doll, you in there?
>> KOURTNEY: Mm-hmm."
444;1221166;1223266;">> SCOTT: I just got the sickest
cupcakes delivered from Dean &"
445;1223266;1225367;"Deluca.
Hungry, fella?"
446;1225367;1228233;"There you go.
>> KOURTNEY: Ooh, is that"
447;1228233;1230233;"pumpkin one?
>> SCOTT: Yeah."
448;1230233;1232166;"It's unreal.
And there's a chocolate-"
449;1232166;1233967;"chocolate.
And a peanut butter chocolate."
450;1233967;1235400;">> KOURTNEY: Uh-oh, one 
tipped over."
451;1235400;1236967;">> SCOTT: Oh, my God, cry me a
river."
452;1236967;1238467;"It's still edible.
Here."
453;1238467;1239934;">> KOURTNEY: No.
>> SCOTT: No, you're gonna enjoy"
454;1239934;1241367;"it. Doll, don't be rude.
>> KOURTNEY: No, I'm into my"
455;1241367;1242934;"salt, stop.
>> SCOTT: Don't turn away from"
456;1242934;1246233;"pleasure. Don't...
Look what you did."
457;1246233;1248533;"You little jerk.
>> TV ANNOUNCER: ...new lease on"
458;1248533;1250734;"life, thanks to surgery.
(announcer continues"
459;1250734;1252600;"indistinctly on TV)"
460;1258900;1262200;">> SCOTT: This is the life,
isn't it?"
461;1262200;1265633;"It's like old times.
>> KOURTNEY: It is like old"
462;1265633;1273467;"times.
>> SCOTT: Chip me."
463;1273467;1286200;"(horn honks)
(indistinct voices)"
464;1286200;1288066;"(Scott sighs)"
465;1294800;1297000;">> KAELA: Hey, Scott.
What are you up to today?"
466;1297000;1299033;">> SCOTT: Eventually get moving.
What are you doing?"
467;1299033;1300800;">> KAELA: Not much.
Just hanging out, waiting for"
468;1300800;1302600;"Kris.
>> SCOTT: He's a little slow,"
469;1302600;1304166;"isn't he?
(Kaela laughs)"
470;1304166;1305500;"He is, right?
>> KAELA: Yeah, he is."
471;1305500;1306967;">> SCOTT: But he acts like he's
fast."
472;1306967;1308600;">> KAELA: No, he's very slow.
>> SCOTT: Like, "Yo, bro, I'll"
473;1308600;1311867;"be down in one second. Ar!"
(laughing)"
474;1311867;1314266;"And then I'm like, dude, it's
been an hour."
475;1314266;1316266;"He's like, "Yo, dude, I was on a
call.""
476;1316266;1318033;"(giggling)
So how's New York?"
477;1318033;1319633;">> KAELA: It's good.
I haven't really spent a whole"
478;1319633;1321734;"lot of time in New York before,
so..."
479;1321734;1323734;"I haven't seen Kim at all.
I haven't really gotten to hang"
480;1323734;1326633;"out with her, she seems like
she's so busy all the time."
481;1326633;1328900;">> SCOTT: Yeah... I mean, Kim's
schedule is so crazy this week,"
482;1328900;1331400;"and I feel like you coming now
to visit, it's like..."
483;1331400;1338967;"No offense, but she had no idea
you were even coming."
484;1338967;1340967;"Yeah, if you didn't know, you
didn't know."
485;1340967;1343800;">> KAELA: Yeah.
>> SCOTT: I think it's pretty"
486;1343800;1347033;"crazy that Kris didn't give Kim
some advance notice that his"
487;1347033;1349600;"sister was coming to town.
You know, seems like Kim and"
488;1349600;1352300;"Kris need to communicate more,
because at this point it doesn't"
489;1352300;1354967;"really seem like they're on the
same page."
490;1354967;1357467;"I wouldn't worry about it that
much."
491;1357467;1359533;">> KAELA: All right."
492;1370233;1372300;">> HUMPHRIES (over phone): Hey.
>> KIM: Hey, it's me."
493;1372300;1374500;"I just got the craziest text
from Kaela."
494;1374500;1377900;">> HUMPHRIES: What'd she say?
>> KIM: Here, let me find it."
495;1377900;1381166;"She said, "Hey, Kim.
I'm so sorry I came out here"
496;1381166;1383066;"during a bad time for you.
I feel terrible.""
497;1383066;1384667;">> HUMPHRIES: I'm almost home.
We'll talk about this when I get"
498;1384667;1387100;"back. I'm pulling up.
>> KIM: Okay, bye."
499;1387100;1389367;"(phone beeps)
Kaela wasn't supposed to leave"
500;1389367;1393066;"by now, so I kind of feel like
she left because she thinks"
501;1393066;1396500;"that I was trying to avoid her.
I mean, this had nothing to do"
502;1396500;1400700;"with Kaela.
>> HUMPHRIES: Kim."
503;1400700;1403300;"What's going on?
>> KIM: Your sister sent me a"
504;1403300;1406934;"text just saying that she knows
it's a busy week for me, and"
505;1406934;1411400;"that, like, maybe we'll hang out
next time."
506;1411400;1413900;">> HUMPHRIES: It's not cool that
Kim didn't make an effort with"
507;1413900;1416133;"Kaela.
I feel like you make time for"
508;1416133;1419633;"things that you care about.
I feel bad that Kaela felt so"
509;1419633;1422400;"uncomfortable that she felt the
need to leave New York."
510;1422400;1425867;"Kim, like... you could at least
make a little bit of an effort."
511;1425867;1429133;"I mean, you make time for Khloe,
your mom, everyone that comes"
512;1429133;1431734;"into town, and it's just like...
>> KIM: Well, 'cause I know"
513;1431734;1433367;"they're coming into town.
>> HUMPHRIES: You won't even..."
514;1433367;1434800;">> KIM: I know it's planned,
okay?"
515;1434800;1436200;">> HUMPHRIES: Go get, like,
coffee, or you could do"
516;1436200;1437800;"something.
>> KIM: No, you're right."
517;1437800;1440166;"Like, I feel bad.
Does she hate me?"
518;1440166;1441834;">> HUMPHRIES: I'm sure she
doesn't hate you."
519;1441834;1444066;"I'm sure... she's just kind of
over your "I'm too busy for"
520;1444066;1446934;"anyone" attitude."
521;1459233;1461467;">> SCOTT: Yeah?
>> MICHAEL: Hello, this Michael"
522;1461467;1463133;"at reception.
>> SCOTT: Hi."
523;1463133;1464533;">> MICHAEL: I have a painting
down here for Mr. Disick?"
524;1464533;1465900;">> SCOTT: Oh, yeah?
>> MICHAEL: Yes, we do."
525;1465900;1467333;">> SCOTT: Okay, coming down to
grab it."
526;1467333;1469133;"Portrait's here!
>> KOURTNEY: Are you, like,"
527;1469133;1471400;"dying to see this picture, like
I am?"
528;1471400;1473834;">> SCOTT: I'm going to unveil
the thing in front of everybody."
529;1473834;1476333;"It's a big day.
Excuse me, I'll be back."
530;1476333;1478934;"Next time you see me, it'll be
portrait time."
531;1478934;1481934;">> KOURTNEY: I have no idea what
the portrait looks like, and I'm"
532;1481934;1486667;"so excited to see it.
>> SCOTT: Yello!"
533;1486667;1488400;">> KOURTNEY: Yeah.
>> SCOTT: Kim?"
534;1488400;1490400;"Come down.
>> KOURTNEY: You gotta come down"
535;1490400;1492333;"and see the portrait.
>> KIM: Fine."
536;1492333;1494033;">> SCOTT: Get pumped up.
Show me your best pumped up"
537;1494033;1496500;"face.
That's nice, I like the energy."
538;1496500;1499066;"I've been waiting for this
portrait to be delivered for"
539;1499066;1502200;"over a week now, and I'm
excited."
540;1502200;1504700;"And that's why I want everybody
to be here when I unveil this"
541;1504700;1506934;"bad boy.
We have no pictures of one"
542;1506934;1509533;"another.
None, of us together, in our"
543;1509533;1511533;"house at home.
Kim's got pictures of people she"
544;1511533;1514233;"doesn't even know on her walls.
I wanted to have one good"
545;1514233;1516266;"picture, you know what I mean?
So I found some people that"
546;1516266;1518266;"would do a portrait of us.
>> HUMPHRIES: This is gonna be"
547;1518266;1519700;"funny.
>> SCOTT: And I'm hoping it"
548;1519700;1521100;"came out as good as I thought it
was gonna come out."
549;1521100;1529433;">> KOURTNEY: Reveal.
(Kourtney laughs)"
550;1529433;1532433;">> SCOTT (laughing): Oh,
that's not funny at all."
551;1532433;1534333;">> KOURTNEY: Let me see.
>> HUMPHRIES: What's in her"
552;1534333;1537066;"hand, a ball?
Let me see, move, Scott."
553;1537066;1538500;">> KOURTNEY: Look at Scott's
eyebrows."
554;1538500;1540533;"(laughing)
>> HUMPHRIES: Wait a second..."
555;1540533;1543233;">> SCOTT: Why did they give
me a uni...?"
556;1543233;1545266;"(Kim laughs)
>> HUMPHRIES: They gave you a"
557;1545266;1547300;"uni?
I told you you needed to pluck,"
558;1547300;1550333;"bro.
>> KOURTNEY: I told them to do"
559;1550333;1554367;"it, as a joke.
(Kourtney laughing hysterically)"
560;1554367;1560934;">> SCOTT: Why would you do that?
That's not funny at all."
561;1560934;1562734;">> HUMPHRIES: It's so creepy, I
love it."
562;1562734;1564433;">> KIM: You guys just look
miserable."
563;1564433;1568433;">> SCOTT: It's not a funny joke!
This thing meant a lot to me!"
564;1568433;1571100;"I thought she knew how important
this was to me, but evidently"
565;1571100;1573100;"she doesn't.
>> KOURTNEY: It was a joke to"
566;1573100;1574734;"make it the unibrow.
>> SCOTT: It's not funny!"
567;1574734;1576500;">> HUMPHRIES: Did you do that?
>> KOURTNEY: No, I told them to"
568;1576500;1578734;"put a little piece of tape, and
then we could pick it off."
569;1578734;1580233;">> SCOTT: Why would you go out
of your way and mock me to"
570;1580233;1582800;"somebody we don't even know?
Can't you respect something that"
571;1582800;1585667;"I want, for once?"
572;1587934;1589633;">> KIM: Babe, what is wrong?
>> HUMPHRIES: Nothing."
573;1589633;1591100;"I just don't want to be with
you."
574;1591100;1592767;">> KIM: No, but what is wrong?
>> HUMPHRIES: I'll take the"
575;1592767;1594433;"stairs, then.
>> KIM: John Edward is coming"
576;1594433;1596867;"over to do our reading, and I
really just want to connect with"
577;1596867;1598400;"my dad.
>> JOHN: I'm gonna jump in"
578;1598400;1600300;"right now."
579;1609166;1610800;">> KOURTNEY: It was a joke to
make it the unibrow."
580;1610800;1612633;">> SCOTT: It's not funny!
Can't you respect something"
581;1612633;1615500;"that I want, for once?"
582;1617734;1620867;">> KOURTNEY: I'm sending it to
his parents, and they are gonna"
583;1620867;1623033;"be so thrilled.
>> HUMPHRIES: I think you're"
584;1623033;1625767;"failing to understand the whole
reason why he did this."
585;1625767;1628367;">> KOURTNEY: But it was a
sticker on top of it."
586;1628367;1630433;">> HUMPHRIES: First of all, he
didn't know it was a sticker."
587;1630433;1632934;"I know that Scott jokes a lot,
and you know his personality,"
588;1632934;1635200;"but I think this was really
important to him."
589;1635200;1637600;"Really, though, you should go
apologize and tell him you'll do"
590;1637600;1639967;"whatever you want with it.
He probably won't even want to"
591;1639967;1642266;"put it up in the house, but the
fact the you're willing to..."
592;1642266;1644433;"He just wants to know that you
care and you're considering his"
593;1644433;1646166;"feelings.
>> KOURTNEY: True dat."
594;1646166;1648367;">> HUMPHRIES: You're
considering his feelings."
595;1648367;1650467;">> KOURTNEY: True dat.
>> HUMPHRIES: So go talk to him."
596;1650467;1653500;">> KOURTNEY: True dat.
It's me."
597;1653500;1655967;">> SCOTT: What do you want,
devil woman?"
598;1655967;1658533;">> KOURTNEY: Sorry for making
your unibrow, but that was"
599;1658533;1662300;"amazing, you have to admit.
This painting really did mean a"
600;1662300;1665066;"lot to Scott.
He wanted something the we would"
601;1665066;1667367;"have forever of just the two of
us."
602;1667367;1670967;"So I do feel bad that I forgot
about the real reason we were"
603;1670967;1673333;"doing this and kind of turned it
into a joke."
604;1673333;1675967;"I'm gonna hang it in the house
because I know that you want it"
605;1675967;1677533;"there.
>> SCOTT: What room?"
606;1677533;1680367;">> KOURTNEY: Whatever room you
want besides the living room."
607;1680367;1684934;">> SCOTT: I'll take that.
>> KOURTNEY: And Mason's room."
608;1684934;1687100;"And our bedroom.
>> SCOTT: Okay."
609;1687100;1689200;">> KOURTNEY: Okay?
>> SCOTT: Thank you."
610;1689200;1691066;">> KOURTNEY: I love you.
>> SCOTT: I love you, too."
611;1691066;1692934;">> KOURTNEY: And your unibrow."
612;1702500;1704934;">> KIM: I really just can't get
over how miserable your face"
613;1704934;1707300;"looks.
>> SCOTT: I can't even look at"
614;1707300;1710000;"it.
>> KOURTNEY: Okay, you ready to"
615;1710000;1712100;"be a photographer?
>> KIM: Oh, yeah."
616;1712100;1715100;"I'm really good, too.
>> KOURTNEY: I don't ever want"
617;1715100;1718600;"to hurt Scott's feelings
intentionally, and I know that"
618;1718600;1720967;"this is really important to
Scott."
619;1720967;1723700;"So, to smooth things over, I
agreed to do a photo shoot with"
620;1723700;1726100;"Scott.
Kim's gonna be the photographer,"
621;1726100;1729333;"and we can finally have some
good pictures of ourselves."
622;1729333;1731400;">> SCOTT: This is a nice little
area."
623;1731400;1734266;">> KOURTNEY: I scouted this
location out just for our shoot."
624;1734266;1736333;">> KIM: Who knew we even had
this? I would have been"
625;1736333;1738467;"laying out every day.
>> SCOTT: I think Kourtney's"
626;1738467;1740934;"finally taking my feelings into
consideration."
627;1740934;1743100;"I'm just excited we're finally
getting that picture taken."
628;1743100;1745700;"It doesn't matter to me that
Kim's taking it and not a"
629;1745700;1748500;"professional photographer.
I mean, the truth is I wouldn't"
630;1748500;1751033;"care if it was taken with a
Polaroid."
631;1751033;1753600;"I just want a nice picture of
us, and I want it on our wall."
632;1753600;1756500;">> KIM: Okay, chin... neck out.
Chin down."
633;1756500;1758400;">> SCOTT: I feel like I'm at the
prom."
634;1758400;1760667;">> KOURTNEY: This is like...
>> SCOTT: This is odd."
635;1760667;1765000;">> KIM: Okay, one, two, three.
Get close together."
636;1765000;1767333;"Oh, this is major.
I want that background."
637;1767333;1769967;"I mean, this is definitely a fun
shoot on the rooftop and taking"
638;1769967;1772066;"pictures of them.
I know how important this is for"
639;1772066;1774233;"Scott.
Like, they don't... Kourtney"
640;1774233;1776333;"doesn't like pictures, and she
doesn't have them up in her"
641;1776333;1778000;"house.
So, I think it's just more of a"
642;1778000;1780633;"big deal to him, and that makes
me happy that he's so happy."
643;1780633;1782967;"This is, like, iconic.
Guys, I think we got it great."
644;1782967;1785967;">> KOURTNEY: That's a wrap on
the photo shoot."
645;1785967;1788433;"All right, shoot me.
Love you."
646;1788433;1790500;"Oh, that was powerful.
>> SCOTT: That's what I do,"
647;1790500;1792567;"baby.
They call me the power man for"
648;1792567;1794300;"no...
I don't know."
649;1794300;1796166;">> KOURTNEY: For no reason?"
650;1808166;1814000;"(knocking)
>> KIM: Hello?"
651;1814000;1817033;"I tried to talk to Kris about
John Edward, but he just wasn't"
652;1817033;1820600;"having it, and he kind of just,
like, flipped out on me."
653;1820600;1824333;"The two people closest to me,
Kourtney and Kris, they both"
654;1824333;1827600;"aren't really being supportive.
Oh, my God, Kourt, he's just,"
655;1827600;1829934;"like, being totally
unreasonable."
656;1829934;1832066;">> KOURTNEY: Really?
>> KIM: I started talking to him"
657;1832066;1837500;"about John Edward, and he just
totally shut down."
658;1837500;1841033;"Wait, why are you...
(door closes)"
659;1841033;1845533;"Babe, what-what is wrong?
Wait, babe, what is wrong?"
660;1845533;1847667;"But what is wrong?
>> HUMPHRIES: Nothing."
661;1847667;1849967;">> KIM: No, but what is wrong?
I can't believe you're so mad"
662;1849967;1852266;"about this.
>> HUMPHRIES: No, stop."
663;1852266;1854433;">> KIM: Well, clearly you are.
>> HUMPHRIES: I'll take the"
664;1854433;1856367;"stairs, then.
>> KIM: Kris can sit and counsel"
665;1856367;1858934;"Kourtney and Scott about their
issues, but when it comes to"
666;1858934;1862066;"himself, he can't understand
when there's an issue in his own"
667;1862066;1864166;"life.
>> KOURTNEY: I just don't"
668;1864166;1866633;"understand.
I don't think normal people hate"
669;1866633;1878100;"the people that they're with
this much."
670;1878100;1880367;">> SCOTT: Hey, come here.
Agua."
671;1880367;1882100;"Aren't you cold?
There's Mommy."
672;1882100;1883467;">> KOURTNEY: It's chilly.
 Agua."
673;1883467;1885934;">> KOURTNEY: Oops.
Yucky."
674;1885934;1889033;"I can't believe Kim is doing
that John Edward thing."
675;1889033;1891367;">> SCOTT: I mean, if she wants
to do it, there's no reason not"
676;1891367;1893266;"to.
I mean, if she believes in it"
677;1893266;1896000;"and feels that she's gonna
either talk to your dad or"
678;1896000;1898233;"something or...
>> KOURTNEY: I just don't know"
679;1898233;1900700;"how I feel, 'cause my dad used
to always tell us, like,"
680;1900700;1903133;"psychics and stuff like that,
that you shouldn't really go to"
681;1903133;1905200;"them.
>> SCOTT: Look, I don't feel"
682;1905200;1908667;"good or bad about it.
If you asked me, I wouldn't push"
683;1908667;1911433;"you in either direction, yes or
no."
684;1911433;1913567;"I mean, it's up to you.
>> KOURTNEY: Yeah."
685;1913567;1915633;">> SCOTT: I would just be there
for her."
686;1915633;1918033;"I mean, I don't know.
Are you thinking of doing it?"
687;1918033;1920233;">> KOURTNEY: I'm not doing it
for me."
688;1920233;1922200;"I'm just saying if I should
support her or not."
689;1922200;1924900;">> SCOTT: You have to.
I mean, she must be going"
690;1924900;1927467;"through a lot in her life right
now, and she needs something."
691;1927467;1929200;">> KOURTNEY: Yeah.
For whatever reason, she's,"
692;1929200;1931900;"like, grabbing for it.
>> SCOTT: If she's got a reason,"
693;1931900;1934700;"and she thinks there may be an
answer, let her try to get it,"
694;1934700;1937467;"whichever way it is.
I mean, I don't know who the guy"
695;1937467;1939667;"is, I mean, I could look him up.
>> KOURTNEY: He's a... he's,"
696;1939667;1942166;"like, the person you would do it
with, if you were doing it."
697;1942166;1944266;">> SCOTT: I don't... I don't
know, I never looked into it,"
698;1944266;1946700;"so, I don't...
I don't know who's "hot" in the"
699;1946700;1949133;"talking-to-dead-people world.
(laughs)"
700;1949133;1952667;"(Kourtney mocks laughter)
(Mason giggles)"
701;1952667;1956700;"(all laughing)
>> JOHN: Is-is somebody"
702;1956700;1959066;"pregnant now?
I know there's a baby coming,"
703;1959066;1961066;"and I think there's gonna be two
people that are gonna be"
704;1961066;1972500;"pregnant in a short period of
time; it's gonna happen."
705;1972500;1974834;">> SCOTT: Hey, doll, you want to
hop in the sack master?"
706;1974834;1976700;">> KOURTNEY: Why?
>> SCOTT: We don't spend any"
707;1976700;1979100;"time in bed together.
If you're not just with your"
708;1979100;1980967;"son.
You want to hop in the bed and"
709;1980967;1983200;"have a macaroon or what?
>> KOURTNEY: No."
710;1983200;1985433;">> SCOTT: Why?
>> KOURTNEY: 'Cause I don't."
711;1985433;1987367;">> SCOTT: Tell you something.
Get in that bed and have a"
712;1987367;1989066;"macaroon.
>> KOURTNEY: I don't want to"
713;1989066;1991200;"have a macaroon.
Why are you dirtying my bed?"
714;1991200;1993033;"Stop.
I don't want that."
715;1993033;1994700;">> SCOTT: Get in there, and
enjoy this."
716;1994700;1996300;">> KOURTNEY: Where's the other
half of it?"
717;1996300;1997800;">> SCOTT: Don't worry, it's
coming."
718;1997800;1999700;">> KOURTNEY: You ate the good
part, and then you're trying to"
719;1999700;2002400;"give me the leftover, disgusting
part."
720;2002400;2004500;">> SCOTT: That's the story of my
life with you, babe."
721;2004500;2006934;"(sighs)
You think there's any chance you"
722;2006934;2008834;"could be pregnant?
>> KOURTNEY: I had my period"
723;2008834;2011533;"three weeks ago.
>> SCOTT: Yeah, I'm just saying."
724;2011533;2013967;">> KOURTNEY: Ooh, yeah.
>> SCOTT: How do you know for"
725;2013967;2016500;"sure?
>> KOURTNEY: I'm not nauseous."
726;2016500;2019433;"There's no signs.
And that's that."
727;2019433;2021667;"Stop.
>> SCOTT: What, you don't like"
728;2021667;2023567;"that?
>> KOURTNEY: That is so"
729;2023567;2028700;"disgusting, your extra long
toenail scratching me."
730;2028700;2032700;"Get a pedicure, seriously.
>> SCOTT: Can't afford it."
731;2032700;2036633;">> KOURTNEY: You spend $800 on a
robe, but you won't spend 30"
732;2036633;2040567;"bucks on a mani-pedi?
>> SCOTT: There's no return."
733;2040567;2043700;">> KOURTNEY: Seriously?
>> SCOTT: This I look fabu."
734;2043700;2046033;"No one can see my toenails.
>> KOURTNEY: I can."
735;2046033;2048467;"What if I broke up with you
because of your disgusting"
736;2048467;2051200;"toenail?
>> SCOTT: Hey, hey!"
737;2051200;2054100;"You're insane.
Oh, you going for the Jimmy"
738;2054100;2056166;"Twist?
That what you're looking to do"
739;2056166;2058734;"again?
Ow, ow, ow!"
740;2058734;2062533;"Ow, ow, ow, ow, ow, ow!"
741;2072000;2074133;">> KOURTNEY: Hey.
>> KIM: Hey."
742;2074133;2076433;">> KOURTNEY: Where's Kris?
>> KIM: He's at the gym."
743;2076433;2079767;">> KOURTNEY: Are these chewy?
>> KIM: Nope."
744;2079767;2081967;">> KOURTNEY: What's the point if
they're not?"
745;2081967;2085834;"But anyways, are you still doing
the John Edward thing?"
746;2085834;2087900;">> KIM: Yeah.
First of all, I just looked at"
747;2087900;2091700;"the date, and I realized today
is the day that Dad passed away"
748;2091700;2093934;"eight years ago.
>> KOURTNEY: I knew that, but"
749;2093934;2096500;"today the day you're doing it?
>> KIM: Yeah, 'cause today's the"
750;2096500;2099500;"only day that he had available.
So, if that's not a sign, I"
751;2099500;2104500;"don't know what is.
>> KOURTNEY: I was talking to"
752;2104500;2108900;"Scott, and he said that there
was obviously a reason that you"
753;2108900;2111500;"wanted to go to John Edward,
and that maybe I don't"
754;2111500;2114433;"understand it, but that I should
try to be more supportive."
755;2114433;2119500;"So, if you want me to do it with
you, I will."
756;2119500;2121934;">> KIM: I would, like, like your
support."
757;2121934;2124967;">> KOURTNEY: All right, well,
I'll do it."
758;2124967;2141600;">> KIM: You got a deal, baby.
>> KOURTNEY: No fingerprints."
759;2141600;2144100;">> KIM: Are you excited or
nervous or..."
760;2144100;2146100;">> KOURTNEY: I just feel
anxious."
761;2146100;2148000;"(phone ringing)
>> KIM: Oh, it's Kris."
762;2148000;2149667;"He has, like, no idea I'm doing
this."
763;2149667;2152400;"So, today's the day that John
Edward is coming over to do our"
764;2152400;2156100;"reading, and I'm just excited to
see what this process is like."
765;2156100;2159400;"I've never done anything like
this before, and I really just"
766;2159400;2162133;"want to connect with my dad.
You're anxious?"
767;2162133;2164467;">> KOURTNEY: Yeah, I don't like
stuff like this."
768;2164467;2166667;"(knocking)
>> KIM: Oh, my God, I'm so"
769;2166667;2168934;"nervous.
Hi."
770;2168934;2170300;">> JOHN: Hello.
>> KIM: How are you?"
771;2170300;2171633;">> JOHN: Nice to meet you.
>> KIM: Nice to meet you."
772;2171633;2172967;">> JOHN: Oh, hug.
How are you?"
773;2172967;2174367;">> KIM: Good.
>> KOURTNEY: Hi."
774;2174367;2176100;">> JOHN: How are you doing?
>> KOURTNEY: Good. How are you?"
775;2176100;2177834;">> KIM: This is my sister,
Kourtney."
776;2177834;2180233;">> JOHN: I'm good.
Nice to meet you."
777;2180233;2182367;">> KOURTNEY: Hi.
Nice to meet you."
778;2182367;2184300;">> KIM: I am so excited.
>> JOHN: Um, I'm gonna jump in"
779;2184300;2186166;"right now."
780;2193867;2196533;">> JOHN: Um, I'm gonna
jump in right now."
781;2196533;2198734;"And then, if we can, you can
ask me questions at the end"
782;2198734;2200500;"or whatever you like.
>> KOURTNEY: Okay."
783;2200500;2202700;">> JOHN: The most important
thing, if you can just let me"
784;2202700;2205433;"do what I do as opposed to
going, "Oh, my God, yes,""
785;2205433;2207633;"and then filling in the blanks
because it makes it harder"
786;2207633;2210266;"for me.
I like to protect the integrity"
787;2210266;2212800;"of your experience, all righty?
The first thing I'm gonna tell"
788;2212800;2215400;"you is do you have a father,
in-law or an older male that"
789;2215400;2217400;"would be like uncle who passed
from cancer?"
790;2217400;2219400;">> KIM: Our dad passed
from cancer."
791;2219400;2224266;">> JOHN: Okay. Wh...?
Okay, two things: one, would"
792;2224266;2226567;"your dad have the connection
to a person who drowned or does"
793;2226567;2229333;"he know the person who
lost a child in the drowning?"
794;2229333;2233200;">> KIM: I mean, O.J. Simpson's
daughter drowned... when she"
795;2233200;2236233;"was, like, three or four.
That was his best friend."
796;2236233;2238500;">> JOHN: So he would know
that girl?"
797;2238500;2240633;">> KIM: I mean, yeah.
>> JOHN: So I know that person"
798;2240633;2243600;"is here.
He's also making me feel like"
799;2243600;2247000;"there's a joke about a...
I'm sorry-- either a joke about"
800;2247000;2249667;"a mole, scar or tattoo on the
inside thigh."
801;2249667;2251934;"I don't know if he had surgery
there, if there's something"
802;2251934;2254066;"about that, but there's
something about the inner part"
803;2254066;2257033;"of the...
>> KOURTNEY: He had his groin..."
804;2257033;2258834;"Remember?
>> KIM: Oh, yeah."
805;2258834;2261433;"He tore his groin muscle when
he was skiing."
806;2261433;2263700;">> JOHN: And was there a
conversation that you guys had"
807;2263700;2266166;"about, like, the scar or...?
>> KIM: I think everyone made"
808;2266166;2269400;"fun of him for a while.
>> JOHN: Okay. Do you know"
809;2269400;2272633;"the big paintings that, that
Andy Warhol used to do?"
810;2272633;2274900;"I think Andy Warhol used to do
the different color paintings?"
811;2274900;2276500;">> KOURTNEY: Mm-hmm.
>> JOHN: Do you have one of"
812;2276500;2278200;"those that was his?
>> KOURTNEY: I have, like, two"
813;2278200;2280033;"big paintings of his in
my house."
814;2280033;2281533;">> JOHN: Huge? Big?
>> KOURTNEY: But they're not"
815;2281533;2283000;"like Andy Warhol, but
they're big."
816;2283000;2284433;">> JOHN: But big?
>> KOURTNEY: Yeah."
817;2284433;2285667;">> JOHN: Is one of them
vibrantly colored?"
818;2285667;2287433;">> KOURTNEY: Yeah.
>> JOHN: Okay, he's just showing"
819;2287433;2290233;"me the big painting as if...
as to connect it to you."
820;2290233;2292033;">> KOURTNEY: Yeah.
>> JOHN: I also feel like, I"
821;2292033;2294667;"don't know if he dressed up
as a character, if there's"
822;2294667;2297100;"a joke about this or...
>> KIM: Santa Claus."
823;2297100;2298867;">> KOURTNEY: Maybe Santa Claus.
>> JOHN: Did he do it?"
824;2298867;2301100;">> KIM: Every year he was Santa,
and would, like, come"
825;2301100;2302934;"to the house.
>> JOHN: Okay. Now who was three"
826;2302934;2305133;"or four years old when he
passed?"
827;2305133;2306600;"Was somebody, like, three
or four?"
828;2306600;2308266;">> KIM: Yeah, Kylie was,
like, four."
829;2308266;2310800;">> JOHN: Okay. Did he have
a special kind of connection"
830;2310800;2312934;"to her?
>> KOURTNEY: She had a really"
831;2312934;2315800;"crazy dream about my dad.
Like, really intense."
832;2315800;2318166;"Like, where she called...
Didn't she call you, crying?"
833;2318166;2320266;">> KIM: Yeah.
>> JOHN: But that's not her"
834;2320266;2322000;"dad, right, it's your dad?
>> BOTH: No."
835;2322000;2323967;">> JOHN: The week before he
passed, did you see him?"
836;2323967;2325967;">> KOURTNEY: Mm-hmm.
>> KIM: We both did."
837;2325967;2329400;">> JOHN: Did you barge in?
>> KIM: We did."
838;2329400;2331500;"Remember, she wouldn't let us
in the house?"
839;2331500;2335266;">> KOURTNEY: Mm-hmm.
>> KIM: And my mom and I, we"
840;2335266;2337667;"had Kourtney, or someone, go
with him to the hospital."
841;2337667;2340867;"And we had them leave the
door open a little bit."
842;2340867;2342967;"And then we came in after.
And then, remember, we called"
843;2342967;2344667;"her, and we're, like, "We're
coming, we don't care"
844;2344667;2346700;"what you say.
We hate you. That's our dad."
845;2346700;2348567;"We're gonna see him"?
>> KOURTNEY: Mm-hmm."
846;2348567;2350467;">> KIM: We, like, fully
just showed up."
847;2350467;2353300;">> JOHN: He loves that tenacity
'cause he didn't have that"
848;2353300;2356133;"in that way, you know what
I'm saying?"
849;2356133;2358667;"Like, I feel like that's where
your mom, as a partner for him,"
850;2358667;2361000;"amplified that.
Like, she would be that spark."
851;2361000;2363500;"Like, she would do that.
But he would, like, hold her"
852;2363500;2365800;"back in so many, so many ways.
>> KOURTNEY: Mm-hmm."
853;2365800;2369000;">> JOHN: And I feel like he's
happy to see her come"
854;2369000;2371700;"into her own.
I kind of feel like if your"
855;2371700;2374633;"mom needed to hear something
from him, it would be like,"
856;2374633;2377266;""You did an amazing job."
And I feel like she always"
857;2377266;2381200;"wanted, like, "Just tell me
I did a good job," and he"
858;2381200;2383166;"wouldn't do it.
I don't think your dad would say"
859;2383166;2384700;"it in the way that
she needed it."
860;2384700;2386667;"I don't know if your mom and
dad were divorced before"
861;2386667;2388233;"he passed.
Were they divorced before"
862;2388233;2389834;"he passed, yes?
>> KIM: Yeah. Mm-hmm."
863;2389834;2392767;">> JOHN: I don't know if your
mom got the blame for why"
864;2392767;2397200;"they're not together, but I need
you to know mom's not to blame"
865;2397200;2399900;"for why you guys were not a
family in some way."
866;2399900;2403400;"And I feel like she did a
very honorable thing in a lot"
867;2403400;2406533;"of ways and kind of let herself
take on the energy of maybe"
868;2406533;2409400;"looking as if she was the bad
guy while he knew he might"
869;2409400;2412166;"have been the bad guy.
He wants me to say thank you"
870;2412166;2415100;"to her and validate what
was not said but what"
871;2415100;2417100;"was honored.
>> KIM: Yeah."
872;2417100;2420166;">> JOHN: He wants to know how
your tooth is."
873;2420166;2422667;">> KIM: I used to always tell
him that his tooth, he had"
874;2422667;2425100;"to file it in the front,
you know?"
875;2425100;2426667;"And then now mine is the same
exact way as his 'cause"
876;2426667;2428667;"I chipped it.
>> JOHN: He told me to tease"
877;2428667;2430667;"you and say, like, ask how
the tooth is."
878;2430667;2436900;">> KIM: Oh, that's funny.
I didn't realize mine's, like,"
879;2436900;2440200;"the same as his.
>> KOURTNEY: There are"
880;2440200;2445333;"definitely things that John
is saying that no one could"
881;2445333;2447500;"possibly know.
Like, I definitely made the"
882;2447500;2450200;"right decision by being here
with Kim."
883;2450200;2453967;"She's getting very emotional,
too, and I think maybe this was"
884;2453967;2456600;"just something that we needed.
>> JOHN: And I know you just"
885;2456600;2459166;"got married.
I know that you just did that."
886;2459166;2468500;"I have to say this: is somebody
pregnant now?"
887;2468500;2472433;"Captioning sponsored by
 BUNIM-MURRAY PRODUCTIONS"
888;2472433;2475400;">> JOHN: I have to say this:
is somebody pregnant now?"
889;2475400;2478100;"Is there a pregnancy now?
They're announcing the baby,"
890;2478100;2481400;"so I feel like I need to
acknowledge that there's an"
891;2481400;2484834;"announcement of the child.
Like, we're gonna be hearing"
892;2484834;2487800;"that someone's pregnant.
>> KOURTNEY: This girl who did"
893;2487800;2490133;"my, like, a cleanse thing,
and she wrote me."
894;2490133;2493333;"She's, like, "I had a dream that
you were pregnant two days ago.""
895;2493333;2495367;">> JOHN: This just happened?
>> KOURTNEY: Yeah."
896;2495367;2496900;">> JOHN: And who's got the
birthday that's Aries?"
897;2496900;2499233;">> KOURTNEY: Me.
>> JOHN: Okay, I'm seeing twins."
898;2499233;2502033;"So what that means to me is
the sign of Gemini comes into"
899;2502033;2504500;"play or that there's a reference
to somebody having twins."
900;2504500;2506700;">> KOURTNEY: My son's dad is
a Gemini."
901;2506700;2508400;">> JOHN: I know there's a baby
coming, and I think there's"
902;2508400;2510600;"gonna be two people that are
going to be pregnant in a short"
903;2510600;2512700;"period of time.
>> KIM: Khloe."
904;2512700;2515600;">> JOHN: Now, you're all, like,
dark-haired girls, right?"
905;2515600;2518834;"Is there a joke about somebody
going platinum blonde or did"
906;2518834;2520967;"somebody make a joke about
going platinum blonde?"
907;2520967;2523367;">> KIM: My dad always liked
Khloe's hair platinum blonde."
908;2523367;2526100;"So before he died, she dyed it
platinum blonde..."
909;2526100;2527900;">> JOHN: In honor of him?
>> KIM: ...for him, to show him,"
910;2527900;2530133;"and came over and said, "I have
platinum blonde hair.""
911;2530133;2532033;">> JOHN: He's telling me to...
Then she might be pregnant or"
912;2532033;2534166;"she might be having a baby
'cause I want to connect the"
913;2534166;2536333;"the platinum blonde to the
pregnancy as well."
914;2536333;2539200;"Did she miscarry?
>> KOURTNEY: She's been having"
915;2539200;2541233;"a hard time getting pregnant.
>> KIM: She's been trying"
916;2541233;2544700;"to get pregnant.
>> JOHN: It'll happen."
917;2544700;2548166;"It's gonna happen.
Are you divorced?"
918;2548166;2550934;">> KOURTNEY: Mm-mmm.
>> KIM: I am."
919;2550934;2553100;">> JOHN: Okay.
I'm married now, but I was"
920;2553100;2555033;"married before also.
>> JOHN: Was your dad here"
921;2555033;2556467;"when you divorced?
>> KIM: Yes."
922;2556467;2558700;">> JOHN: Did he talk you
through that?"
923;2558700;2561500;">> KIM: Yes.
Yeah, he, like, didn't believe"
924;2561500;2564900;"in divorce, but he set up my
attorneys and..."
925;2564900;2566700;">> JOHN: That's the logistics
of it."
926;2566700;2570433;"I'm talking about did you learn
from what this is? Yes?"
927;2570433;2574967;"Okay, and as a father, I'm
talking to you about, did you"
928;2574967;2577767;"learn from what this is?
I'm not judging."
929;2577767;2579533;"It's just did you learn
from this?"
930;2579533;2582600;"'Cause as long as he felt you
learned from it, we're good."
931;2582600;2586967;">> KIM: Yeah.
>> JOHN: I feel like you need to"
932;2586967;2589266;"know Dad's okay.
And I feel like you need to know"
933;2589266;2594266;"that he will continue to be a
connection to your lives."
934;2594266;2597400;"And if there's anything I can
help you deep... dig deeper in"
935;2597400;2600000;"or say or anything you're
curious about..."
936;2600000;2603333;">> KIM: Um, note, I was reading
an e-mail last night or sending"
937;2603333;2605633;"something out, and I looked at
the date, and I realized today"
938;2605633;2607700;"is the day that my dad passed
away."
939;2607700;2609467;">> JOHN: Today?
>> KIM: Yeah, and we didn't"
940;2609467;2612000;"even, like, I was like, "Oh,
this is so, like, meant to be.""
941;2612000;2613967;">> JOHN: Everything happens the
way it's supposed to."
942;2613967;2615667;">> KOURTNEY: Yeah.
>> JOHN: I truly, truly, truly"
943;2615667;2617934;"believe it.
>> KOURTNEY: Yeah, I do, too."
944;2617934;2619967;">> KIM: Thank you.
It was so nice to meet you."
945;2619967;2621767;">> JOHN: Same here.
>> KIM: Thank you for"
946;2621767;2623133;"everything.
>> JOHN: No problem."
947;2623133;2624767;">> KIM: That was great.
>> KOURTNEY: Nice to meet you."
948;2624767;2626166;"Thank you for everything.
>> JOHN: Thank you, thank you."
949;2626166;2628033;">> KIM: Bye."
950;2632033;2636834;"I just feel like I'm gonna cry.
What was so crazy about that"
951;2636834;2641633;"was, like...
When he was talking about, like,"
952;2641633;2645934;"like, the divorce stuff.
That's, like, why I started to"
953;2645934;2652066;"cry because I honestly feel like
I can't do this anymore with"
954;2652066;2655767;"Kris.
Like, I feel like I got into"
955;2655767;2660633;"this, like, way too fast.
I don't want to be married"
956;2660633;2663500;"anymore."
957;2667633;2669467;"Kourtney
& Kim Take New York..."
958;2669467;2671200;">> HUMPHRIES: I feel like just
taking a nap."
959;2671200;2673834;">> KIM: We go on our date, you
just want to take a nap?"
960;2673834;2677400;"It's just all becoming so real,
and I don't like the reality."
961;2677400;2680133;"You know I'm not happy.
I'm trying to see if it'll work"
962;2680133;2682400;"out here, and I know that it's
not."
963;2682400;2684300;">> HUMPHRIES: Kim's been acting
weird, distant, and I'm just"
964;2684300;2686934;"over her.
Ready to get a divorce."