﻿Number;Start time in milliseconds;End time in milliseconds;"Text"
1;3367;5400;">> KOURTNEY: Previously on
Kourtney & Kim Take New York:"
2;5400;7400;">> SCOTT: Oh, this is a pretty
big room."
3;7400;9400;">> KOURTNEY: There are two
bedrooms downstairs."
4;9400;11400;"Scott and I sleep in
different rooms."
5;11400;13400;">> SCOTT: Enjoy yourselves.
See you in two months."
6;13400;16066;"I miss being near Kourtney, and
I hope being in New York will"
7;16066;20433;"really give Kourtney and I a
fair chance at a fresh start."
8;20433;24467;">> HUMPHRIES: We're not going
anywhere until we finish this."
9;24467;27166;">> KOURTNEY: Who are these
people?"
10;27166;29166;">> KIM: Is there something you
want to tell me?"
11;29166;31200;">> HUMPHRIES: Like what?
>> KIM: How do you think it"
12;31200;33667;"makes me feel your wife has to
find out you're in a different"
13;33667;37000;"country on Twitter?
In a marriage, like, you have"
14;37000;39800;"to be open and honest and you
tell each other everything."
15;39800;43033;"This was just a huge mess.
>> KHLOE: I am back in New York"
16;43033;47133;"while Kim is off in Dubai, and
happy that I don't have to fight"
17;47133;50166;"with her.
I hate fighting with Kim."
18;50166;52900;">> KRIS: Are you excited to get
home to your hubby?"
19;52900;55333;">> KIM: Not really.
I feel, like, a sense of relief"
20;55333;57767;"that I'm here.
Is this, like, normal?"
21;57767;59767;">> KRIS: No, Kim.
It's not normal."
22;59767;62834;">> KIM: I've had this amazing
calmness since I've been here in"
23;62834;66233;"Dubai, and, you know, that does
worry me a little bit."
24;66233;68667;">> KRIS: It's about what you're
feeling in your heart and your"
25;68667;70667;"head, Kim.
You kind of have to figure"
26;70667;72900;"that out."
27;79667;83033;">> KOURTNEY: Okay, come here.
Give me this."
28;83033;85033;"Let's come in.
Do you see some bags?"
29;85033;87033;">> KIM: Hello?
>> KOURTNEY: What do you think"
30;87033;89033;"that means?
>> MASON: Kiki!"
31;89033;91033;">> KOURTNEY: That means Kiki's
here!"
32;91033;93033;">> KIM: Hello!
Hi!"
33;93033;95033;"Oh, no.
Oh, oh, oh, oh, oh."
34;95033;97066;">> MASON: Yucky, yucky.
>> KOURTNEY: What's yucky?"
35;97066;99066;">> KIM: Yucky?
I'm just making some tea."
36;99066;101066;"I, like, literally got in, like,
an hour ago, and I'm already..."
37;101066;103066;">> KOURTNEY: Got to take these
shoes off."
38;103066;105066;">> KIM: Have to go to this
event tonight."
39;105066;107066;">> KOURTNEY: How was your trip?
>> KIM: The trip was so much"
40;107066;109333;"fun, like...
>> KOURTNEY: Whoa!"
41;109333;113133;">> KIM: I had a great time in
Dubai, but I feel like I had"
42;113133;116433;"these mixed feelings of wanting
my space, and I think I just"
43;116433;119200;"want to, like, take it all in,
see how everything is, you know,"
44;119200;121600;"with Kris and just see how
we're vibing."
45;121600;123600;">> KOURTNEY: Did you know him
and Khloe had a little talk?"
46;123600;126000;">> KIM: No.
How'd it go?"
47;126000;128233;">> KOURTNEY: I don't know.
I really don't know."
48;128233;132467;"All I know is, you should talk
to Khloe about it, maybe."
49;132467;136967;"Find out how it really went.
>> KIM: Khloe is back in New"
50;136967;139934;"York, and the last time she was
here, we got into a huge fight."
51;139934;142600;">> KHLOE: Kimmy...
>> KIM: Get out."
52;142600;144600;"My one (bleep) day to sleep in.
It's rude."
53;144600;146600;"I wanted that extra hour
of sleep!"
54;146600;148600;">> KHLOE: Oh, shut up.
What a bitch."
55;148600;150600;"Kim has not tried to reach out
to me once."
56;150600;152600;"She hasn't said anything.
>> KOURTNEY: Maybe she isn't"
57;152600;154600;"sorry right now.
>> KHLOE: And she's not sorry."
58;154600;156967;">> KIM: I just feel like I have
so much going on that, like, I"
59;156967;160867;"have enough to deal with without
having to, like, really revisit"
60;160867;163433;"all of this Khloe drama."
61;179433;183367;">> KOURTNEY: Show KoKo Donna.
>> MASON: Donna!"
62;183367;186200;">> KOURTNEY: Is Donna under
there?"
63;186200;188200;">> KHLOE: Who's Donna?
>> KOURTNEY: His imaginary"
64;188200;191333;"friend.
>> MASON: Donna!"
65;191333;193533;"Donna!
>> KOURTNEY: Show KoKo where"
66;193533;195767;"Donna is.
>> KHLOE: Donna."
67;195767;202166;">> MASON: Donna.
>> KHLOE: Mason!"
68;202166;205033;">> KOURTNEY: Hello.
>> SCOTT: Yo."
69;205033;211233;">> KIM: Hi, guys.
What's going on?"
70;211233;214400;"Interesting group.
Everyone's on their phones."
71;214400;216800;">> SCOTT: Now you know how
it feels."
72;216800;219066;">> KIM: I mean, I think it's a
little childish when I walk in"
73;219066;221533;"the room and I see Khloe for the
first time and she ignores me."
74;221533;223633;"I mean, I get it.
Like, she's upset about"
75;223633;226166;"something that I wrote, but,
like, talk to me about it and"
76;226166;235200;"let's get over it and move on.
All righty, then."
77;235200;238066;"Cool."
78;246367;249400;"(Mason babbling)"
79;252233;254333;">> KHLOE: Here."
80;256300;258967;"Mmm.
This is sour."
81;258967;261266;">> MASON: Sour.
>> KHLOE: Sour candy."
82;261266;266800;"You should try this.
Try that."
83;266800;269166;"(Khloe laughing)"
84;271567;274033;"Show Daddy.
Eat it."
85;274033;276033;">> SCOTT: What did you do?
Mmm."
86;276033;278967;">> MASON: Daddy!
(Scott and Khloe laughing)"
87;278967;281633;"Daddy!
>> SCOTT: Do you like that"
88;281633;284033;"or no?
>> MASON: No."
89;284033;288500;"(Mason babbling)
>> SCOTT: Mase, what are you"
90;288500;292900;"doing, sweetie?
(Mason squealing)"
91;292900;296667;"No, he cannot eat any more.
Mase, you're done."
92;296667;299433;"We got to go to sleep tonight.
Mommy and Daddy are going to"
93;299433;301867;"try to make another one of you.
A lot of people think it's"
94;301867;304367;"pretty crazy that Kourtney and I
don't sleep in the same bed, but"
95;304367;306467;"it's due to the fact that I'm
not a good sleeper."
96;306467;308567;"I never have been.
I roll around a bit."
97;308567;311667;"But we've been trying to fix the
situation, but it really hasn't"
98;311667;314233;"been working.
All I want to do is be back"
99;314233;317500;"in bed with them, so I'm going
to try."
100;317500;322266;">> KOURTNEY: Dinosaur's big.
And dinosaur's spiny."
101;322266;326867;">> MASON: Bye-bye.
>> KOURTNEY: Bye-bye."
102;326867;328734;"(Mason fussing)"
103;331367;334500;">> SCOTT: Hey.
>> MASON: Mom."
104;334500;336500;">> KOURTNEY: What?
Wait, will you shut that"
105;336500;338500;"light off?
>> SCOTT: Yeah."
106;338500;341533;"Ever since the Hamptons,
Kourtney and I have tried to"
107;341533;344300;"change this whole sleeping
arrangement, but it just doesn't"
108;344300;347133;"really work, and I'm starting to
think it's never going to go"
109;347133;349500;"back to the way it was.
>> KHLOE: What the hell is"
110;349500;351800;"going on?
Scott, you can't sleep in"
111;351800;354867;"here again.
>> SCOTT: I won't tell Lamar if"
112;354867;357533;"you won't.
>> KHLOE: I was about to, like,"
113;357533;360200;"have intimate time with Lamar on
the phone."
114;360200;362600;">> SCOTT: Ew!
(Khloe chuckles)"
115;362600;364767;">> KHLOE: Do you want me to
sleep there and you can"
116;364767;366767;"sleep here?
>> SCOTT: No!"
117;366767;368767;"I'll use the bath towel.
>> KHLOE: Here."
118;368767;370767;"Scott, stop.
Here."
119;370767;372767;">> SCOTT: I just can't sleep
in there."
120;372767;374767;">> KHLOE: I thought things were
going to get better with Kourt"
121;374767;376767;"and Scott, but they're not.
Scott was so generous and gave"
122;376767;378767;"me his room, but every night, he
kind of comes in and jumps on"
123;378767;380767;"the couch.
This is the most ridiculous"
124;380767;390367;"thing ever.
This is very awkward."
125;390367;394200;">> KHLOE: Morning, sunshine.
>> SCOTT: Oh, my God."
126;394200;397200;">> KHLOE: Wakey, wakey.
(Khloe laughs)"
127;397200;399233;">> SCOTT: I slept all right,
actually."
128;399233;402834;"This bed's not so bad.
>> KHLOE: I just feel like we"
129;402834;405533;"had such a great therapy session
in the Hamptons."
130;405533;408300;"We were working on things, and
then I left, and I feel like"
131;408300;411000;"nothing happened.
>> SCOTT: Honestly, I thought"
132;411000;413166;"things were going to be
different, too."
133;413166;415700;">> KHLOE: I feel like Kourtney's
not going to do anything about"
134;415700;418700;"the situation.
I feel like Scott has tried, but"
135;418700;423133;"Kourtney doesn't really listen
to Scott, so I have to stand up,"
136;423133;426834;"and I think I have to take
control and do something about"
137;426834;431500;"their sleeping arrangements.
(knock at door)"
138;431500;435500;">> SCOTT: Morning, bro.
>> KHLOE: We had a slumber"
139;435500;437500;"party.
>> HUMPHRIES: Is Lamar cool"
140;437500;439500;"with this?
>> KHLOE: We're not in the"
141;439500;441500;"same bed.
>> HUMPHRIES: This door was"
142;441500;443500;"shut, and I just walked in.
>> KHLOE: The door was open."
143;443500;445500;">> HUMPHRIES: This is Scott's
room."
144;445500;447500;">> KHLOE: Right, but the last
trip that we had together, they"
145;447500;449567;"promised they would sleep in the
same bed, so when I came out"
146;449567;452567;"here again, I didn't get my own
hotel room."
147;452567;455033;">> HUMPHRIES: Oh.
>> KHLOE: Okay, well, before I"
148;455033;457800;"leave, I'm going to try to make
it so you two are in bed"
149;457800;460700;"together every night, honey."
150;468600;470033;">> HUMPHRIES: What's she doing
up there?"
151;470033;473300;"How are you feeling right now?
Like, should we go have fun?"
152;473300;475600;">> KOURTNEY: Where?
>> HUMPHRIES: What is fun for"
153;475600;477633;"you in your life?
Other than Mason, what's fun"
154;477633;479800;"for you?
>> KIM: She'll say, "Nothing.""
155;479800;482100;">> HUMPHRIES: How perfect is it
up there?"
156;482100;484433;">> KIM: It's, uh, slo... it's,
like, sloppy."
157;484433;487233;"Do you want these bags?
>> HUMPHRIES: Yeah."
158;487233;489233;"I'm going to take care
of everything."
159;489233;491233;"Just relax.
That was just me trying to send"
160;491233;494333;"you a message.
>> KOURTNEY: What's the message?"
161;494333;497233;"Is it, like, a power message?
>> HUMPHRIES: Yeah, it's a"
162;497233;499266;"power message.
It's a dominance thing."
163;499266;501900;">> KOURTNEY: Ever since Kim got
back from Dubai, I've noticed"
164;501900;506233;"that things have been a little
bit weird between her and Kris."
165;506233;509934;"I don't know what's going on,
but it seems like Kim and Kris"
166;509934;512500;"are constantly having this
power struggle."
167;512500;514500;"Wait, but why...
>> HUMPHRIES: You know what I"
168;514500;516500;"really want?
I really want her to organize it"
169;516500;518500;"because she's so good at it.
She'd better not be throwing my"
170;518500;522333;"stuff around.
>> KIM: I'm such a neat freak."
171;522333;525800;"It's, like, a fact of life, so
why push someone's buttons?"
172;525800;529133;"Every time I clean something up,
he messes it up."
173;529133;531734;"I think he does it on purpose.
Why is there, like, water"
174;531734;533734;"everywhere on the floor?
>> HUMPHRIES: I'm going to"
175;533734;535734;"clean up.
Just..."
176;535734;537734;">> KIM: Okay, so let's undo
all these."
177;537734;539734;"I'll help you.
>> HUMPHRIES: I want them"
178;539734;541734;"color-coordinated.
>> KIM: Don't... listen."
179;541734;544133;"Hang some of these up.
I'll fold all of your sweaters."
180;544133;548200;"Do you need this many shoes?
Like, this just gives me"
181;548200;550967;"major anxiety.
It makes it hard for me to,"
182;550967;554300;"like...
>> HUMPHRIES: Love me?"
183;554300;556967;"Oh, wow.
I should be wearing these"
184;556967;559800;"right now.
>> KIM: Hey, that... that"
185;559800;562533;"doesn't fly with me.
You open a box, and you just"
186;562533;564567;"leave it there?
>> HUMPHRIES: I'm going to take"
187;564567;566567;"care of it.
>> KIM: I know, but why are"
188;566567;568567;"there shoes there, shoes there?
Your shoes and your hat"
189;568567;570567;"don't belong, like, right
on the floor."
190;570567;572567;"They should be in one area.
I'm not going to keep on"
191;572567;575467;"doing this."
192;583667;585467;">> KIM: How are you?
>> MAN: Hi, how are you?"
193;585467;587467;"Good.
>> JONATHAN: So what's up?"
194;587467;591133;"What's up with the Hump?
Is he trying to rule the, rule"
195;591133;594467;"the roost?
(Kim laughs)"
196;594467;596367;">> KIM: I sounded like my
mother."
197;596367;598467;"(Jonathan chuckles)
I almost snorted."
198;598467;599967;">> JONATHAN: I love a good
snort."
199;599967;601700;">> KIM: My mom snorts when she
laughs really hard."
200;601700;604567;">> JONATHAN: So do I.
It's terrible."
201;604567;610900;"My hair look terrible?
You-- What's the matter?"
202;610900;613000;">> KIM: Khloe is on my last
nerve."
203;613000;615300;">> JONATHAN: What?
You guys always, like, bicker"
204;615300;616834;"though.
>> KIM: I know, but it's, like,"
205;616834;620367;"on another level.
She's just been so weird lately."
206;620367;621667;">> WAITER: Ready?
>> JONATHAN: Thanks."
207;621667;625300;">> KIM: Thank you.
Her tone is just so crazy."
208;625300;626700;">> JONATHAN: She's very
aggressive."
209;626700;629867;"But that's just, that's just
Khloe."
210;629867;631367;">> KIM: I guess.
>> JONATHAN: Like, you can't"
211;631367;633967;"change somebody, you know?
It's so, it's, like, her."
212;633967;636400;">> KIM: I know.
>> JONATHAN: You guys just are"
213;636400;638066;"both so edgy right now.
You're looking for..."
214;638066;639800;">> KIM: But tell me, what do I
do?"
215;639800;643133;">> JONATHAN: Well, you did flip
out on her when she was here."
216;643133;645133;"You got to remember, you called
her ugly."
217;645133;648333;"So, I could understand where
she's coming from in one part."
218;648333;651033;">> KIM: But I didn't mean it.
>> JONATHAN: Obviously, you"
219;651033;652967;"didn't mean it.
You guys are so close."
220;652967;654800;"But there's got to be some
resolve."
221;654800;657633;"But what do you think the
resolve could be for you guys to"
222;657633;659033;"make up?
>> KIM: I don't know."
223;659033;660767;"Like, Kourtney always says,
like, we just, like, make up"
224;660767;663667;"two seconds later and never
worry about it again."
225;663667;666066;"But then, like, we still have
all these, like, anger issues"
226;666066;671400;"towards each other and never
resolve them."
227;671400;676233;">> JONATHAN: Do you miss her?
>> KIM: I mean, I do, but I"
228;676233;678166;"don't know what to do.
>> JONATHAN: We're gonna have to"
229;678166;680767;"figure something out.
Just apologize; it doesn't mean"
230;680767;683266;"you were wrong.
>> KIM: Jonathan suggests that I"
231;683266;686133;"just apologize to Khloe.
And, like, half of me thinks"
232;686133;689767;"that's what I should do, but
then why should I bow down?"
233;689767;693200;"She obviously is rude to me in
so many other ways, so the one"
234;693200;697033;"time I'm really rude to her, she
doesn't talk to me for weeks."
235;697033;698934;"So, I have mixed feelings."
236;709367;712767;">> KOURTNEY: Khloe, Kim and I
have a lot of press for our"
237;712767;716266;"Kardashian Kollection for Sears.
It's awkward, since Kim and"
238;716266;719433;"Khloe haven't spoken.
>> KRIS: This is crazy."
239;719433;722633;">> KOURTNEY: My mom is also in
town, so maybe she can kind of"
240;722633;724700;"help me mediate.
>> KHLOE: Hold on, let me show"
241;724700;726667;"you.
She said, "Don't you ever"
242;726667;729667;"(bleep) chime in, you dumb,
hateful, ugly little (bleep)"
243;729667;732200;"troll.
You're so jealous.""
244;732200;734734;">> KOURTNEY: What?
>> KRIS: She was just mad."
245;734734;736900;"You guys are fighting like...
>> KHLOE: I'm not fighting."
246;736900;738834;">> KRIS: ...teenagers.
I mean, she's acting, she's"
247;738834;740433;"acting like a...
>> KHLOE: But don't say that I"
248;740433;742600;"am, because I actually did not.
So I really..."
249;742600;744767;">> KRIS: But she's acting like a
little schoolgirl."
250;744767;746600;">> KHLOE: I feel like the ball's
in her court."
251;746600;750567;"I'm still waiting for her to
acknowledge that she feels bad"
252;750567;754667;"for saying such evil things to
me."
253;754667;756967;">> KRIS: How come you're sitting
over here with us instead of"
254;756967;759033;"over there with your sisters?"
255;761300;763900;">> KIM: 'Cause I hate them.
>> KRIS: You have to watch the"
256;763900;767500;"way you talk to people
sometimes, because words can cut"
257;767500;770066;"like a knife.
All that matters to me is the"
258;770066;772266;"way that you guys are now
speaking to each other."
259;772266;775133;"And that's painful for a mom to
watch."
260;775133;777967;"Like, you're acting like you're
in high school."
261;777967;779834;"You guys need to work it out."
262;782333;791567;">> KIM: I'm not gonna do that
right now."
263;791567;795266;">> KHLOE: Such a weird energy
with being around Kim right now."
264;795266;798500;">> KOURTNEY: I feel you, doll.
I think you and Kim have some"
265;798500;802000;"major deep-rooted issues with
each other, and you need to talk"
266;802000;804633;"it out.
This fight with Kim and Khloe,"
267;804633;808367;"there's obviously a lot of
issues that we just need to talk"
268;808367;810467;"about.
>> KHLOE: She definitely thinks"
269;810467;813834;"something totally different
about me, and I don't get it."
270;813834;816033;">> KOURTNEY: I don't know.
I think she said that when she"
271;816033;820000;"got engaged, she didn't feel
like you were excited for her or"
272;820000;822266;"something.
>> KHLOE: So that gives you a"
273;822266;825166;"reason to call me a (bleep) ugly
little troll and I'm spiteful"
274;825166;828567;"and I'm jealous of her life?
It makes me think, how many"
275;828567;830900;"other things are you holding on
to and how many things do you"
276;830900;834367;"really "hate" me for or are you
mad at me about?"
277;834367;838433;"I mean, if I only held on to the
stuff that, like, she's done to"
278;838433;840133;"me...
>> KOURTNEY: Yeah."
279;840133;851300;">> KHLOE: ...like... I just,
like-- that, it's like..."
280;851300;854433;">> KOURTNEY: This is enough.
Kim needs to apologize, 'cause I"
281;854433;856500;"don't want to see Khloe hurt
like this."
282;856500;860000;"Like, I just feel like you guys
have, like, things that are,"
283;860000;862166;"like, built up, you know?"
284;866834;868800;">> SCOTT: I heard Mase crying
last night in the middle of the"
285;868800;870200;"night.
>> KOURTNEY: We're gonna have to"
286;870200;873367;"lock the door from the inside.
>> SCOTT: Doesn't look like I'm"
287;873367;876300;"coming in that bed anytime soon.
>> KIM: Okay, so what's the deal"
288;876300;877500;"here?
>> KOURTNEY: Are you really"
289;877500;879734;"sorry or not?
>> KIM: Yeah."
290;879734;881867;">> KHLOE: That's very sincere."
291;892233;895834;">> KOURTNEY: Where's Kim now?
>> SCOTT: I think she flew home."
292;895834;898633;">> KOURTNEY: No, she didn't.
We had press all day today."
293;898633;900967;"It was so awkward with Kim and
Khloe."
294;900967;902767;">> SCOTT: Why? They're still not
speaking to one another?"
295;902767;905266;"Didn't you have one really big
falling-out with Kim, where you"
296;905266;906867;"didn't speak to her for, like,
eight months?"
297;906867;909066;">> KOURTNEY: I think it was two
months, but it felt like it was,"
298;909066;910200;"like, eight months.
>> SCOTT: What?!"
299;910200;911667;">> KOURTNEY: Yeah.
>> SCOTT: You've been telling me"
300;911667;914033;"it was almost a year, since I've
known you."
301;914033;915867;">> KOURTNEY: No, I haven't.
>> SCOTT: Yes, you have."
302;915867;918000;"So, they need to get over it.
I mean, there's nothing else"
303;918000;919567;"they can do.
>> KOURTNEY: But they're not"
304;919567;923600;"getting over it.
They always get over fights;"
305;923600;927367;"this one's different.
>> HUMPHRIES: You know that Kim"
306;927367;929500;"loves Khloe; it's her little
sister."
307;929500;932834;"If you know Kim, you know that
sometimes she says things that"
308;932834;934533;"she doesn't mean.
>> SCOTT: Yeah, but you can't"
309;934533;936200;"really walk around doing that to
people."
310;936200;940667;">> KOURTNEY: I know that Kim
tends to say crazy things in the"
311;940667;943600;"heat of the moment.
Kris can make excuses for Kim"
312;943600;946233;"and say that that's just the way
she is, but that's not a good"
313;946233;947567;"way to be.
I don't know."
314;947567;948967;">> HUMPHRIES: What kind of boots
are those?"
315;948967;950500;">> SCOTT: Those are some serious
boots."
316;950500;951800;">> KOURTNEY: Chanel.
>> KRIS: They're tripping me"
317;951800;953233;"out over here.
(laughs)"
318;953233;954633;">> KOURTNEY: All right, guys...
>> HUMPHRIES: Look at her."
319;954633;956500;">> KOURTNEY: You guys are so
good to talk to about this"
320;956500;957700;"situation.
>> HUMPHRIES: She's like a"
321;957700;960400;"little dude bent over, like,
"Yo, what's up, man?""
322;960400;962934;">> SCOTT: Yeah, I'm looking at
you with those boots, and I'm"
323;962934;968300;"thinking, damn, baby got back.
And I got to go somewhere and"
324;968300;970333;"think about it.
>> KOURTNEY: Go think about it."
325;970333;972033;">> HUMPHRIES: You guys, get
married, seriously."
326;972033;975066;">> SCOTT: We wanted to, until we
saw what marriage looked like."
327;975066;977367;">> KOURTNEY: Until we saw what
marriage is like."
328;977367;979467;"(Kourtney and Scott barking)"
329;985700;987667;">> KHLOE: Let's get down to
business, and that means"
330;987667;989800;"ordering.
I would like some water, but I"
331;989800;991467;"would also like a glass of
champagne."
332;991467;993734;">> SCOTT: Oh, my...
>> KHLOE: Keep it on the real."
333;993734;995467;">> KOURTNEY: Mason was so funny
this morning."
334;995467;997400;">> SCOTT: I heard Mase crying
last night in the middle of the"
335;997400;999000;"night.
He was just standing in the hall"
336;999000;1001100;"with his arms up, going...
(imitates crying)"
337;1001100;1005633;">> KOURTNEY: We're gonna have to
lock the door from the inside."
338;1005633;1008300;">> SCOTT: Double lock it.
I mean, doesn't look like I'm"
339;1008300;1011066;"coming in that bed anytime soon
anyway."
340;1011066;1014600;">> KHLOE: Are you jealous of
Mason's role in Kourtney's life?"
341;1014600;1016200;">> SCOTT: Yeah.
>> KOURTNEY: That's not good to"
342;1016200;1018000;"be jealous.
>> SCOTT: But he's the man in"
343;1018000;1020233;"your life, not me.
>> KOURTNEY: I'm definitely not"
344;1020233;1024800;"trying to ignore Scott or do
anything wrong for our"
345;1024800;1027500;"relationship, 'cause we're
getting in a better place."
346;1027500;1030734;"I think it's an adjustment here,
and we should just all sleep"
347;1030734;1033333;"wherever we can get sleep.
>> KHLOE: Are you using Mason"
348;1033333;1035700;"as, like, a void to talk about
some conversations?"
349;1035700;1037066;">> KOURTNEY: I'm not using him
for anything."
350;1037066;1039133;"I love having him in my bed.
>> KHLOE: You're using him to"
351;1039133;1041066;"cuddle.
Cuddle with no sex."
352;1041066;1043166;"Maybe she doesn't want to have
sex with you, and she just wants"
353;1043166;1045400;"to cuddle.
>> KOURTNEY: I do want to sleep"
354;1045400;1046700;"with Scott.
>> KHLOE: So why don't you?"
355;1046700;1049700;">> SCOTT: I know what the issue
is: she's obsessed with her son."
356;1049700;1052266;"I think it's pretty obvious most
people in a relationship should"
357;1052266;1055133;"stay in the same bed like normal
human beings, cuddling and"
358;1055133;1057467;"watching movies and having that
intimate time together."
359;1057467;1060533;"It's come to the point where I
can't live like this forever."
360;1060533;1062934;">> KOURTNEY: You're having two
glasses of champ?"
361;1062934;1076767;">> KHLOE: I need to drink just
to hang out with you guys."
362;1076767;1080200;">> KIM: Hi, babe. Ready?
Babe?"
363;1080200;1081934;">> HUMPHRIES: Yeah?
>> KIM: You want to come?"
364;1081934;1085066;">> HUMPHRIES: I'm working right
now."
365;1085066;1087567;">> KIM: Are you sure you don't
want to come with?"
366;1087567;1090166;">> HUMPHRIES: Yeah, I'm sure.
(knocking)"
367;1090166;1091600;">> KIM: Come on.
That's Jonathan."
368;1091600;1094667;"Please?
Just come hang out with us."
369;1094667;1097066;">> HUMPHRIES: No.
>> KIM: Come on, Kris!"
370;1097066;1100700;"Ever since I talked to my mom in
Dubai about my relationship..."
371;1100700;1102333;"(knocking)
Coming!"
372;1102333;1105734;"...I've been trying to make an
effort and make things better"
373;1105734;1109200;"and get that feeling back.
Hey."
374;1109200;1112000;">> JONATHAN: What's up?
>> KIM: You ready to go?"
375;1112000;1113200;"What, what?
>> JONATHAN: No, nothing, the"
376;1113200;1114533;"hat.
>> KIM: Oh, the hat."
377;1114533;1116133;">> JONATHAN: Yeah, I was like,
whoa."
378;1116133;1118567;">> KIM: Come on, babe.
>> JONATHAN: Let's go, dude."
379;1118567;1120633;">> KIM: Yeah, come on.
>> JONATHAN: It's nice outside."
380;1120633;1122300;"It's gonna be only nice for
a few more days."
381;1122300;1123767;">> HUMPHRIES: Go hang with your
best friend."
382;1123767;1125700;"I'll see you when you get back.
>> KIM: It's so hard to get"
383;1125700;1128367;"on the same page.
We're so off, and it's"
384;1128367;1130367;"really frustrating.
>> JONATHAN: Let's go."
385;1130367;1132533;"Seriously, this guy's gonna ruin
the whole day."
386;1132533;1142533;"That's weird.
>> KIM: I know."
387;1142533;1145033;">> ERICA JAFFE: How are you?
>> KOURTNEY: Good."
388;1145033;1147633;"Like finally getting...
>> ERICA: I know."
389;1147633;1150533;">> KOURTNEY: Scott and I are at
therapy with our New York"
390;1150533;1153734;"therapist, Erica Jaffe.
Just, like, seeing how far"
391;1153734;1156133;"we've come.
It's just, like, a big deal."
392;1156133;1159166;"I think it's been better lately,
'cause I care more of what he"
393;1159166;1161600;"has to say.
>> ERICA: It seems to me that"
394;1161600;1163367;"there's more room for each
other."
395;1163367;1164934;">> SCOTT: I've been spending
more time in bed, too, with her."
396;1164934;1166967;">> ERICA: Just the two of you?
>> KOURTNEY: He slept the..."
397;1166967;1168967;"No, with Mason.
>> ERICA: Okay."
398;1168967;1170967;">> SCOTT: I'm not giving any
kind of ultimatums with Mason."
399;1170967;1174100;"If we're able to get him out of
bed, yes, I think it would help"
400;1174100;1178000;"us, but I don't want her to wake
up and resent me for supposedly"
401;1178000;1182000;"throwing my son out of bed.
>> ERICA: It's not gonna be an"
402;1182000;1184300;"easy transition, but it sounds
like you know that..."
403;1184300;1186600;">> SCOTT: Now you're gonna cry.
>> ERICA: ...at some point..."
404;1186600;1188633;"But that's okay.
The sadness is a part of the"
405;1188633;1190633;"transition.
>> SCOTT: No, I agree, and I"
406;1190633;1192633;"don't want you to be crying
every night when he's down the"
407;1192633;1194934;"hall.
It wouldn't even be the worst"
408;1194934;1201233;"thing if he slept in our room
for a while in his own bed."
409;1201233;1203600;">> ERICA: You know, if Mason is
age-appropriate to start that"
410;1203600;1205600;"transition, then...
>> KOURTNEY: Yeah."
411;1205600;1207800;">> ERICA: ...how do you take
care of each other and him as a"
412;1207800;1209800;"family?
>> SCOTT: Imagine that, when he"
413;1209800;1213800;"moves out?
>> KOURTNEY: I'll move to the"
414;1213800;1217367;"city wherever he's going.
>> SCOTT: Right. That's what my"
415;1217367;1219367;"mom would have done.
>> KOURTNEY: She literally would"
416;1219367;1221367;"have.
>> SCOTT: Yeah."
417;1221367;1240533;">> KOURTNEY: That's ridiculous.
(Kourtney laughs)"
418;1240533;1242633;">> KIM: Hey, Kourt.
>> KHLOE: If this is how Kim"
419;1242633;1244633;"wants to be and just not
acknowledge me, fine."
420;1244633;1249066;"I don't know what else to do.
What is that?"
421;1249066;1252200;">> KIM: Corned beef.
>> KHLOE: What is corned beef?"
422;1252200;1254333;">> KOURTNEY: It's raised next to
corn."
423;1254333;1257333;">> KHLOE: No, it's not.
>> KOURTNEY: The animals are"
424;1257333;1263266;"only allowed to eat corn.
>> KHLOE: What does corned mean?"
425;1263266;1267633;"That's my question.
What?"
426;1267633;1269734;">> KOURTNEY: Okay, let's not do
this."
427;1269734;1273066;">> KHLOE: Listen, dude, she's
really the one who wrote evil"
428;1273066;1275166;"hate mail.
>> KIM: We're fighting over"
429;1275166;1277467;"nothing.
If I said something that was"
430;1277467;1279467;"offensive, I'm sorry.
>> KHLOE: Oh, my God."
431;1279467;1283600;"You sound so enthusiastic when
you say that."
432;1283600;1285667;">> KIM: You accept the apology
or don't."
433;1285667;1287667;">> KHLOE: Did you apologize yet?
>> KOURTNEY: Just say, "Apology"
434;1287667;1290200;"accepted."
Let's move on."
435;1290200;1292467;">> KHLOE: No.
>> KIM: No?"
436;1292467;1295200;"I tried.
>> KHLOE: I wanted just"
437;1295200;1299633;"acknowledgement that I'm a
person, and not an evil, (bleep)"
438;1299633;1302333;"ugly little troll.
Do I think you're wrong?"
439;1302333;1304633;"Yeah.
Do I think something else is"
440;1304633;1306800;"bothering you, and you're taking
it out on me?"
441;1306800;1309667;"100%."
442;1313633;1315700;">> KIM: Khloe, can I talk to
you?"
443;1315700;1319367;"It's been really tough to keep
these feelings in, but I just"
444;1319367;1334600;"know I need to take a deep
breath and talk to her."
445;1334600;1336600;">> WAITER: And I have your
sautéed spinach."
446;1336600;1339800;">> KOURTNEY: Thank you.
I just don't understand, like,"
447;1339800;1342233;"the issue with Kim and Khloe.
>> SCOTT: Oh... but just..."
448;1342233;1344233;">> KOURTNEY: They're just so
competitive with each other."
449;1344233;1346967;">> SCOTT: All I know is, if
people don't calm down and enjoy"
450;1346967;1350900;"what they have, life is
literally going to pass them by."
451;1350900;1353166;">> KOURTNEY: Are you enjoying
what you have?"
452;1353166;1356633;">> SCOTT: Yeah.
Since we've been in New York,"
453;1356633;1359834;"we've been trying to work on our
relationship, and in a real"
454;1359834;1363767;"relationship, things come up.
There's no real rule book, so,"
455;1363767;1366500;"it's difficult.
No matter what, I just really"
456;1366500;1369900;"want to make progress.
What are you looking at?"
457;1369900;1372800;">> KOURTNEY: I'm just observing.
>> SCOTT: You like what you see?"
458;1372800;1377233;">> KOURTNEY: I like it.
>> SCOTT: Kid tested, mother"
459;1377233;1380133;"approved."
460;1385100;1387100;">> MASON: Booty.
>> KHLOE: You want more Booty?"
461;1387100;1389100;"Take your bowl.
>> KOURTNEY: Say, "KoKo, can I"
462;1389100;1391100;"have some more, please?"
>> MASON: Booty."
463;1391100;1393100;"(Mason laughs)
Funny."
464;1393100;1395100;">> KHLOE: Funny.
You are funny."
465;1395100;1397100;"Give me a kiss.
>> MASON: Bye."
466;1397100;1399133;">> KHLOE: Oh, bye.
>> KOURTNEY: That..."
467;1399133;1401133;">> SCOTT: You're going to bed,
honey?"
468;1401133;1403133;"Say, "I love you."
(Mason mutters)"
469;1403133;1405133;">> KHLOE: So you guys gonna give
it another whirl tonight?"
470;1405133;1407266;">> SCOTT: I'm definitely gonna
whirl something up in there."
471;1407266;1409266;">> KOURTNEY: No, that's okay.
>> SCOTT: You know what I'm"
472;1409266;1411266;"saying?
>> KOURTNEY: I've been thinking"
473;1411266;1413467;"about what Khloe and our
therapist said, so we are gonna"
474;1413467;1416800;"give it one more shot, and
hopefully, Scott can last in the"
475;1416800;1420967;"bed all night.
And Khloe can leave me alone."
476;1420967;1422967;"All right, let's go.
>> SCOTT: Ready to hit the sack?"
477;1422967;1424967;">> KOURTNEY: Yeah.
>> SCOTT: Let's rock and roll."
478;1424967;1431200;">> KHLOE: Thanks for the room,
guys."
479;1431200;1433300;">> KHLOE: Fun game.
>> MASON: I..."
480;1433300;1437467;">> KHLOE: Whoa! Ooh.
Okay, let's go crazy."
481;1437467;1439467;"Let's go crazy.
Let's go crazy."
482;1439467;1441467;"Oh, my God. Whoa!
(Mason laughs)"
483;1441467;1444133;"Whoa.
Oh. Whoa."
484;1444133;1447133;">> KOURTNEY: What's wrong with
you?"
485;1447133;1449133;"I thought it was a pillow
all night."
486;1449133;1452367;"(Scott coughs)
What? My underarm?"
487;1452367;1454533;">> SCOTT: Your breath smells
like broccoli rabe."
488;1454533;1457066;">> KOURTNEY: Oh, my God, I ate
some last night."
489;1457066;1459066;">> SCOTT: That's disgusting.
>> KOURTNEY: For Mason and I to"
490;1459066;1462300;"wake up with Scott in the bed--
I actually was shocked when I"
491;1462300;1465533;"saw that he was still in there.
It's a big step."
492;1465533;1467934;"Hopefully, we can do this more
often."
493;1467934;1470133;"What made you stay in bed all
night?"
494;1470133;1472433;">> SCOTT: I missed you.
I'm too lonely by myself."
495;1472433;1475333;"It's at least some kind of
progress to get back in bed"
496;1475333;1477567;"together, you know?
>> KOURTNEY: Mm-hmm."
497;1477567;1480266;">> SCOTT: I wish you wanted what
I wanted."
498;1480266;1482333;">> KOURTNEY: Which is what?
>> SCOTT: You."
499;1482333;1489500;">> KOURTNEY: I do want me.
>> SCOTT: That's not annoying."
500;1489500;1492500;">> KOURTNEY: Stop.
(laughing): That's not annoying."
501;1492500;1502767;">> SCOTT: I don't know.
>> KOURTNEY: At all."
502;1502767;1504767;">> SCOTT: Khloe, you have no
idea."
503;1504767;1506767;"Last night was a big night for
us."
504;1506767;1508767;"You know that, right?
>> KHLOE: I know."
505;1508767;1511934;"Skourt is back in business.
>> SCOTT: Not only have you"
506;1511934;1515533;"rekindled the love, but I got,
like, my girlfriend and, like,"
507;1515533;1517533;"best friend back.
>> KHLOE: Well..."
508;1517533;1519533;">> SCOTT: You're like the Khloe
Whisperer."
509;1519533;1521533;">> KHLOE: And the bra whisperer.
>> SCOTT: Whoa."
510;1521533;1523533;">> KHLOE: Look.
>> SCOTT: Take it easy."
511;1523533;1525567;">> KHLOE: But it's the...
>> SCOTT: Now I can't con..."
512;1525567;1527567;"Now I can't stop looking at your
boobs."
513;1527567;1530133;"If somebody told me a year ago
that I would be sitting in this"
514;1530133;1533600;"room, joking around, enjoying
Khloe's company, I would"
515;1533600;1536700;"probably tell you to go check
into a mental institution,"
516;1536700;1540000;"'cause it will never happen.
I'd like to get a manssiere."
517;1540000;1542133;">> KHLOE: I told you, every man
needs a bra for their balls,"
518;1542133;1544133;"'cause know one wants saggy
balls."
519;1544133;1546133;">> SCOTT: Balls, in general, are
not a good-looking item."
520;1546133;1548200;">> KHLOE: Would you want me to
have saggy (bleep)?"
521;1548200;1558433;">> SCOTT: Ugh!
>> KHLOE: No."
522;1558433;1561934;">> KOURTNEY: Hi. Thank you.
We are all having dinner tonight"
523;1561934;1564633;"at the Hurricane Club, and Khloe
has decided not to come because"
524;1564633;1570033;"she doesn't want to be around
Kim if she doesn't need to be."
525;1570033;1572033;">> KIM: Do you have any fun
drinks?"
526;1572033;1574834;"But no alcohol.
>> WAITER: Do you want us to"
527;1574834;1576834;"surprise you?
>> KIM: Yeah."
528;1576834;1578834;">> WAITER: Great. I'll be right
back with your drinks."
529;1578834;1580834;">> SCOTT: Suck me, beautiful.
>> HUMPHRIES: Ugh."
530;1580834;1582834;"(Scott growls)
>> WOMAN: Oh, wow."
531;1582834;1584834;"That was fun.
>> SCOTT: That's what I'm"
532;1584834;1586834;"talking about.
My ... just moved the table."
533;1586834;1588834;">> WAITER: Here is your drink,
ma'am."
534;1588834;1590834;"Hope you'll enjoy it.
>> SCOTT: Oh, thank you."
535;1590834;1592500;">> KIM: Oh, thank you.
>> SCOTT: I appreciate that."
536;1592500;1594333;">> HUMPHRIES: When do they order
around here?"
537;1594333;1598233;">> KOURTNEY: Cheers, guys.
>> HUMPHRIES: Cheers."
538;1598233;1600266;">> KIM: Whoa!
>> MAN: Hey, sir?"
539;1600266;1602266;">> WAITER: Ma'am?
>> KIM: Yeah?"
540;1602266;1604266;">> WAITER: Did you enjoy the
drink?"
541;1604266;1606266;">> KIM: Um, yeah, thank you.
It was really good."
542;1606266;1607934;">> HUMPHRIES: It was not really
good. You wouldn't drink it."
543;1607934;1609934;">> KIM: No, it was...
It was good. I..."
544;1609934;1611934;">> HUMPHRIES: You're such a
two-face."
545;1611934;1613967;"You are such a two-face.
>> SCOTT: You are so fake."
546;1613967;1615967;">> KIM: I'm just trying to have
a fun dinner and spend time"
547;1615967;1620533;"together, and it's like he can't
even be nice."
548;1620533;1622567;"(Humphries grunts)
>> HUMPHRIES: Lick my finger."
549;1622567;1624567;">> KIM: No.
>> HUMPHRIES: What?"
550;1624567;1626567;">> KIM: I am not licking your
finger."
551;1626567;1628567;">> HUMPHRIES: Why?
>> KIM: It's almost like he has"
552;1628567;1630600;"to stir up something to get
attention."
553;1630600;1633700;">> HUMPHRIES : (growls) What are
you looking at? (growls)"
554;1633700;1635767;"(Humphries growls)
>> KOURTNEY: Every time I'm"
555;1635767;1638200;"around Kim and Kris, there seems
to be some kind of tension, some"
556;1638200;1641200;"kind of argument.
>> HUMPHRIES: You're a little"
557;1641200;1644400;"congested today.
I like that. It's hot, sexy."
558;1644400;1655233;">> KOURTNEY: It's just awkward
to even be around them."
559;1655233;1659266;">> KOURTNEY: Kim, can you come
down here?"
560;1659266;1663633;"This fight has gone on way too
long, so I am going to be the"
561;1663633;1667133;"mediator, and mediate for Kim
and Khloe just like Khloe did"
562;1667133;1669600;"for me and Scott.
This is just ridiculous."
563;1669600;1673900;"I feel like you guys need to
talk things out."
564;1673900;1677000;">> KIM: Um, about what?
Like, I don't really think we"
565;1677000;1681633;"have issues.
>> KOURTNEY: The things that you"
566;1681633;1683967;"were saying about Khloe, the
words that you said."
567;1683967;1686000;">> KHLOE: I have the message
saved in my phone."
568;1686000;1687533;">> KIM: Okay, so what's the deal
here?"
569;1687533;1690166;">> KOURTNEY: Are you really
sorry, or not?"
570;1690166;1693834;">> KIM: Yeah.
>> KHLOE: That's very sincere."
571;1693834;1696066;">> SCOTT: I think you're a
little embarrassed, to be"
572;1696066;1697667;"honest, that you were that mean
to her."
573;1697667;1699767;"Obviously, you've been a little
bit of a diva lately."
574;1699767;1701967;">> KIM: I've said I'm sorry a
million times!"
575;1701967;1704467;">> KOURTNEY: You don't mean it.
>> KIM: I said I'm sorry, what"
576;1704467;1706667;"do you want me to do, like...
>> KOURTNEY: Don't say you're"
577;1706667;1709333;"sorry if you don't mean it.
No one cares if you don't mean"
578;1709333;1711166;"it.
If you don't mean it, don't say"
579;1711166;1713266;"it, no one cares.
Move on, and don't ever talk"
580;1713266;1715266;"about this again, but you said
things..."
581;1715266;1717133;">> KIM: I don't want to.
>> KOURTNEY: Right, 'cause you"
582;1717133;1719867;"are the one who's in the wrong.
>> KIM: I gave examples that I"
583;1719867;1722834;"thought that you purposely do
spiteful things, like, ever"
584;1722834;1726066;"since I've been with Kris, who
plays basketball, I feel like"
585;1726066;1730100;"that's been threatening to you.
>> KHLOE: Why the hell would I"
586;1730100;1732133;"care?
>> KIM: No idea."
587;1732133;1734500;"You even came up to me and
apologized for making comments"
588;1734500;1737467;"to me when I first said that I
was engaged."
589;1737467;1740633;">> KHLOE: Kim, there's something
in you that you want to believe"
590;1740633;1745667;"things that do are to hurt you.
Why would I ever want to hurt my"
591;1745667;1748100;"sister?
>> KIM: My thoughts exactly."
592;1748100;1750300;"That's why I've always thought
it was so (bleep) weird."
593;1750300;1752400;">> KHLOE: But Kim, you don't do
it to her, though."
594;1752400;1754533;"You do it to me.
Why do you want to see the worst"
595;1754533;1756433;"in me?
>> KIM: 'Cause I never feel like"
596;1756433;1758734;"she's shady.
>> KHLOE: So you think I'm"
597;1758734;1762200;"shady?
>> KIM: I have, yeah."
598;1762200;1764567;">> KHLOE: I've never been
accused of being shady."
599;1764567;1766467;"It is like the cherry on top."
600;1770967;1773133;">> KIM: And I think she thinks
one thing, and I think another."
601;1773133;1775400;">> HUMPHRIES: Here's my advice.
You're sisters; it's gonna be"
602;1775400;1777266;"fine.
Give it a week."
603;1777266;1779433;">> KIM: I go to Kris, and he
just like totally dismisses"
604;1779433;1782200;"it, and it's like I don't have
anyone to vent to or talk to"
605;1782200;1784066;"about this."
606;1788767;1790867;">> KIM: I'm thinking we're
fighting over the fact that I"
607;1790867;1793000;"got woken up.
I don't remember anything that I"
608;1793000;1794633;"wrote.
>> KOURTNEY: Okay, I think we're"
609;1794633;1796900;"all emotionally drained.
>> KIM: Okay, I mean, I'm not"
610;1796900;1798567;"even drained; I just don't think
I did anything."
611;1798567;1801467;">> KOURTNEY: I'm drained.
Kim will not own up for what she"
612;1801467;1803500;"said in the e-mail, which is not
okay."
613;1803500;1806500;">> KIM: But I don't get what
Khloe's, like, crying over..."
614;1806500;1808333;">> KOURTNEY: I don't know, maybe
you should go to her room and"
615;1808333;1812133;"talk to her.
So don't, go tomorrow."
616;1812133;1814266;"I don't care.
I'm saying, you're asking why"
617;1814266;1816367;"she's crying.
I don't know."
618;1816367;1818500;"Something is definitely going on
with Kim."
619;1818500;1821767;"This is so not like her.
She's never this stubborn, and"
620;1821767;1824867;"we have to figure something out
soon, 'cause this is getting out"
621;1824867;1827200;"of control.
>> KIM: I'm not gonna (bleep)"
622;1827200;1829066;"chase her all over town."
623;1831700;1833600;"(bell ringing)"
624;1835500;1837600;">> KIM: Pizza?
>> HUMPHRIES: It's the best"
625;1837600;1840200;"kind.
>> KIM: Yum."
626;1840200;1845200;"You just escaped the drama that
was just going on in here."
627;1845200;1847233;">> HUMPHRIES: Is it sister
drama?"
628;1847233;1849233;">> KIM: Khloe's been mad at me,
like, this whole time."
629;1849233;1851800;"And I think she thinks one
thing, and I think another."
630;1851800;1854767;"She says whatever she wants, and
she can't take the heat when"
631;1854767;1856834;"it's put on her.
>> HUMPHRIES: Are you really"
632;1856834;1858900;"fighting with her?
'Cause you're gonna make up"
633;1858900;1861667;"eventually.
>> KIM: No."
634;1861667;1864000;">> HUMPHRIES: Don't lie to me.
>> KIM: Why would I lie to you?"
635;1864000;1865734;"Like, seriously?
>> HUMPHRIES: Well, you already"
636;1865734;1869400;"know I hate Khloe, so I'm not
gonna get involved emotionally."
637;1869400;1871467;">> KIM: I'm not asking you to
fight my fight, I'm just asking"
638;1871467;1873300;"you to hear me out.
>> HUMPHRIES: I'm hearing you"
639;1873300;1874967;"out.
>> KIM: Don't get emotional."
640;1874967;1877233;">> HUMPHRIES: What do you mean?
I'm not, I could care less."
641;1877233;1882033;"You think that I care?
Here's my advice: just wait it"
642;1882033;1884166;"out.
You're sisters; it's gonna be"
643;1884166;1887600;"fine. Give it a week.
>> KIM: This is obviously, like,"
644;1887600;1890600;"really weighing on me.
I go to Kris, and he just like"
645;1890600;1893433;"totally dismisses it, and it's
like I don't have anyone to vent"
646;1893433;1895300;"to or to talk to about this."
647;1900867;1902967;">> KHLOE: What the hell is wrong
with this?"
648;1902967;1905166;">> SCOTT: They don't open
because it's dangerous."
649;1905166;1907333;">> KHLOE: Well, I would assume
it would be dangerous."
650;1907333;1910400;"But why do they have buckles?
>> KOURTNEY: Mason said hi to"
651;1910400;1913767;"Kris the other day, and then all
of a sudden, I heard Mason going"
652;1913767;1916800;"(barking).
So, I was, like, did you do that"
653;1916800;1919433;"on your own, or did Kris say it
to you?"
654;1919433;1921500;">> KHLOE: You asked Mason that?
>> KOURTNEY: No, I think Kim"
655;1921500;1923567;"asked Kris.
>> KHLOE: I was gonna say,"
656;1923567;1925333;"that's a big question to ask
Mason."
657;1925333;1928667;">> KOURTNEY: Wait, so what
happened last night with Kim?"
658;1928667;1933133;"After you stormed out...
>> KHLOE: I didn't storm out."
659;1933133;1935367;"I walked out.
Kim was being very sarcastic,"
660;1935367;1938233;"and she wasn't taking ownership
of anything."
661;1938233;1941300;"Do you think her saying, "I
apologize, is that what you want"
662;1941300;1943600;"me to say?"
>> KOURTNEY: No, I think she"
663;1943600;1947734;"didn't say anything worthwhile.
>> SCOTT: I just wish you guys"
664;1947734;1950100;"could figure out what you could
do to make things okay."
665;1950100;1952133;">> KHLOE: I've never been rude
to her once."
666;1952133;1954000;"What am I supposed to do?"
667;1957633;1959867;">> SCOTT: You need to chill and
take a step back and enjoy your"
668;1959867;1961967;"life.
I just want the energy to be"
669;1961967;1964266;"decent around here again.
I just wish Kim would realize"
670;1964266;1966400;"that her family is there for
her."
671;1966400;1968600;">> KIM: I'm totally good; that's
what you guys don't get."
672;1968600;1971066;">> SCOTT: I just want you to not
be negative."
673;1971066;1972934;">> KHLOE: Can I talk to you?"
674;1986700;1992300;"(Mason babbling)
♪ ♪"
675;1992300;1994233;">> KHLOE: Fist pump.
Yeah."
676;1994233;1997233;">> KIM: Have a good massage.
You're gonna wear that?"
677;1997233;1999333;"That shirt?
>> HUMPHRIES: What?"
678;1999333;2001367;"You take your clothes off during
a massage."
679;2001367;2003133;">> KIM: But you get all greasy
when you're done."
680;2003133;2005700;">> HUMPHRIES: No, it's all good."
681;2010567;2013567;"I'm getting massaged because I
think there's a lot of tension"
682;2013567;2016200;"going on in this suite, and
Kim's been acting a little"
683;2016200;2018400;"distant, and I don't want to be
involved."
684;2018400;2019700;">> MASSEUSE: Morning, how are
you?"
685;2019700;2021000;">> HUMPHRIES: Good.
>> MASSEUSE: Nice to meet you."
686;2021000;2023700;"Come on down.
Just communicate as we go along."
687;2023700;2027266;">> HUMPHRIES: All right.
>> MASSEUSE: And you'll come out"
688;2027266;2030066;"feeling a totally new person.
How's that?"
689;2030066;2032433;">> HUMPHRIES: Sounds great.
>> MASSEUSE: All right, awesome."
690;2032433;2035133;"I do hop up on the table, so
don't get nervous."
691;2035133;2037000;">> HUMPHRIES: Okay, good.
>> MASSEUSE: 'Cause I like to"
692;2037000;2039667;"stretch you out.
Wake up these hamstrings and"
693;2039667;2042200;"your quads.
(Humphries groans)"
694;2042200;2045700;">> MASSEUSE: Say hello to them
as we go along."
695;2045700;2047734;"(Humphries groans)
>> MASSEUSE: You stay in shape,"
696;2047734;2050100;"don't you... player.
>> HUMPHRIES: Yeah, I play"
697;2050100;2052400;"basketball.
>> MASSEUSE: I know you do."
698;2052400;2054266;"(Humphries groans)"
699;2059734;2062100;">> SCOTT: Let me get the door
for you."
700;2062100;2063967;">> KOURTNEY: Hi, two-and-a-half."
701;2067166;2069266;"Here, taste this.
Beans."
702;2069266;2071266;">> SCOTT: The more you eat them,
the more you toot."
703;2071266;2074100;">> MASON: No.
>> KOURTNEY: No?"
704;2074100;2076367;">> SCOTT: Kim has been in a
pretty good mood lately, huh?"
705;2076367;2078800;">> KOURTNEY: Mm-hmm.
>> SCOTT: But you think Kim'd be"
706;2078800;2080934;"on, like, cloud nine.
This is, like, honeymoon stage."
707;2080934;2084100;">> KOURTNEY: Yeah.
>> SCOTT: Kim needs to just take"
708;2084100;2087166;"a little bit of a step down off
her high horse and realize that"
709;2087166;2089800;"this is her life, and family's
the most important."
710;2089800;2092066;"You can't go around saying
things like that to people."
711;2092066;2094467;"It's hard for me to see
everybody not getting along."
712;2094467;2097100;"And it's really hard for me
because I think Kourtney's upset"
713;2097100;2099667;"about it.
And I'd love to be able to help"
714;2099667;2102166;"the situation.
I feel like everybody hates each"
715;2102166;2104900;"other in that damn suite.
>> KOURTNEY: When Kim and I"
716;2104900;2107400;"fought like this, like, years
ago, we literally didn't talk"
717;2107400;2110000;"for two months.
>> SCOTT: I feel like if I got"
718;2110000;2112834;"involved in this fight, I could
probably clear things up with"
719;2112834;2117600;"them easier and quicker.
>> KOURTNEY: I think sometimes,"
720;2117600;2121433;"when you hear something not from
a family member, it resonates"
721;2121433;2123800;"better.
You know, maybe Scott can talk"
722;2123800;2126066;"some sense into Kim.
You should."
723;2126066;2127867;">> SCOTT: Yeah?
>> KOURTNEY: Yeah."
724;2127867;2130166;"(Mason groans)
>> KOURTNEY: You're wet?"
725;2130166;2134000;"Oh, no, Mase.
I think Mase is ready to get out"
726;2134000;2136433;"of here.
I think we're done."
727;2136433;2150333;"Thank you.
Au revoir."
728;2150333;2153333;">> SCOTT: Hey, babe.
>> KOURTNEY: What?"
729;2153333;2155467;">> SCOTT: You like the way I
look like this?"
730;2155467;2158066;">> KOURTNEY: No.
>> SCOTT: All right."
731;2158066;2159934;"Awkward."
732;2162000;2164000;">> SCOTT: Hi.
>> KIM: Hi."
733;2164000;2166033;"What's going on?
(Scott sighs)"
734;2166033;2168467;">> SCOTT: You got a lot more
going on than I do."
735;2168467;2171033;"I feel like you're in a
full-blown family feud."
736;2171033;2173033;">> KIM: Who cares?
>> SCOTT: Wait. I need to speak"
737;2173033;2175033;"to you for a second.
>> KIM: What?"
738;2175033;2177033;">> SCOTT: What do you mean,
"What?""
739;2177033;2179033;">> KIM: Who cares? What?
>> SCOTT: Dude, this attitude"
740;2179033;2182033;"you have is not gonna get you
far in life."
741;2182033;2184033;"'Cause you don't care about
anything or anyone."
742;2184033;2186033;">> KIM: I do.
I just don't have time."
743;2186033;2188033;"Like, come on, move on.
>> SCOTT: What kind of time?"
744;2188033;2190433;"You don't have time for your
family, your friends, the"
745;2190433;2194500;"closest people to you?
You got too much going on."
746;2194500;2197033;"You really do.
Like, you need to chill for a"
747;2197033;2200700;"little bit and take a step back
and enjoy your life, 'cause"
748;2200700;2203166;"you're pissed off at the world
for no good reason."
749;2203166;2205400;">> KIM: Why?
>> SCOTT: You just don't seem"
750;2205400;2209200;"that happy anymore.
I feel like you just, like,"
751;2209200;2211500;"don't care about the stuff you
do or say."
752;2211500;2215433;"You know, I've seen Kim get in
bad moods, but they've never"
753;2215433;2218100;"lasted for more than, you know,
ten, 15 minutes."
754;2218100;2222500;"I mean, this is ridiculous.
And she's taken out all her"
755;2222500;2226000;"aggression on everybody else.
I just want you to not be"
756;2226000;2228100;"negative.
>> KIM: I'm not negative."
757;2228100;2230100;">> SCOTT: Oh, okay, the way
you're talking is very odd."
758;2230100;2232100;">> KIM: No, it's not.
>> SCOTT: "Oh, I just want to"
759;2232100;2234133;"let you know, I'm fine."
You're..."
760;2234133;2236133;">> KIM: I just...
Like, I'm totally good."
761;2236133;2239133;"That's what you guys don't get.
>> SCOTT: I feel like you used"
762;2239133;2242133;"to be warmer than you are.
>> KIM: Yeah, but I've just..."
763;2242133;2244133;">> SCOTT: It's hard to feel your
emotions."
764;2244133;2246133;">> KIM: With everything in life,
I'm like that now."
765;2246133;2248133;">> SCOTT: That's not good,
though."
766;2248133;2250133;"You used to be, like, the
easiest going, sweetest person,"
767;2250133;2252800;"and you've grown to be a little
bit colder than you used to be,"
768;2252800;2254800;"so it's hard for everybody to
take that in."
769;2254800;2258200;"I just wish Kim would realize
that her family is there for"
770;2258200;2261100;"her, and if she wants, she can
speak to them and try to get"
771;2261100;2263133;"through whatever she's going
through."
772;2263133;2268266;"I just want the energy to be
decent around here again."
773;2268266;2270266;">> HUMPHRIES: Why are you acting
funny?"
774;2270266;2272266;">> KIM: I'm not.
I'm just eating."
775;2272266;2274266;"Scott's right.
Like, I've been in a horrible"
776;2274266;2276333;"mood since I've got here to New
York."
777;2276333;2286133;"All I can think about is all of
the problems I've had."
778;2286133;2289000;"(ducks quacking)"
779;2294166;2296433;">> HUMPHRIES: Hey!
You want to take a look at my"
780;2296433;2298500;"feet and let me know if I need a
pedicure or not?"
781;2298500;2300600;">> WOMAN: Yes.
>> HUMPHRIES: Why don't you get"
782;2300600;2305233;"a pedicure, too?
(Humphries grunts)"
783;2305233;2309133;"Ooh!
Ah, I like that. Yeah."
784;2309133;2311567;"Oh!
>> JOSH: Yo, whoever I marry is"
785;2311567;2313900;"definitely gonna have to rub my
feet after this."
786;2313900;2316900;"(laughter)
>> HUMPHRIES: This is so"
787;2316900;2320133;"relaxing to get your feet done
when you're being stressed out"
788;2320133;2324033;"so much at... at home.
Kim's been acting kind of weird,"
789;2324033;2326300;"you know?
>> JOSH: When she got back from"
790;2326300;2328433;"Dubai?
>> HUMPHRIES: Yeah."
791;2328433;2331834;"I think, like, sometimes other
things just affect her."
792;2331834;2335000;"Like, things getting out of her
norm just kind of send her a"
793;2335000;2337000;"different way, and she doesn't
know how to react and just"
794;2337000;2339000;"panics.
>> JOSH: Sometimes she just"
795;2339000;2341166;"takes it out on the wrong person
or something like that?"
796;2341166;2343667;">> HUMPHRIES: Yes.
Kim's upset 'cause she's in a"
797;2343667;2346233;"fight with Khloe, and I really
don't want to get that involved,"
798;2346233;2348467;"but it has definitely started to
take its toll on our"
799;2348467;2350467;"relationship.
>> JOSH: That kind of happens"
800;2350467;2353467;"with everyone, you know.
You know?"
801;2353467;2355467;">> HUMPHRIES: You know, Kim and
I-- we're butting heads a little"
802;2355467;2357467;"bit.
I-I just..."
803;2357467;2359500;"I don't know really what to
think."
804;2359500;2376266;"It is what it is, and I'm just
gonna... let it be."
805;2376266;2380233;"What's up, baby?
>> KIM: Hey."
806;2380233;2382467;"(Humphries sniffs)
>> HUMPHRIES: Smells weird."
807;2382467;2384533;"What is that?
Turkey burger?"
808;2384533;2386600;">> KIM: Veggie burger.
>> HUMPHRIES: Ugh."
809;2386600;2389700;"How you doing?
>> KIM: Good."
810;2389700;2392600;"What are you up to?
>> HUMPHRIES: I just came from"
811;2392600;2396533;"the gym with Sean.
This is awkward."
812;2396533;2399900;"Why are you acting funny?
>> KIM: I'm not."
813;2399900;2406934;"I'm just eating.
>> HUMPHRIES: All right."
814;2406934;2416734;"You're acting strange.
>> KIM: No, I'm not."
815;2416734;2418967;"Scott's right.
Like, I've been in a horrible"
816;2418967;2421400;"mood since I've got here to New
York."
817;2421400;2424433;"All I can think about is all of
the problems I've had, and I"
818;2424433;2428000;"just feel so lost, and I don't
know how I have gotten to this"
819;2428000;2430900;"point."
820;2443633;2448533;"Khloe, can I talk to you?
I think it's been really tough"
821;2448533;2453700;"to...
keep these feelings in, but I"
822;2453700;2468133;"just know I need to take a deep
breath and talk to her."
823;2468133;2472133;"Captioning sponsored by
 BUNIM-MURRAY PRODUCTIONS"
824;2472133;2474133;"Captioned by 
 Media Access Group at WGBH"
825;2474133;2476467;"access.wgbh.org"
826;2481533;2484033;">> KIM (crying): I feel like I
want to apologize to you for,"
827;2484033;2486033;"like...
>> KHLOE: Don't cry."
828;2486033;2490567;">> KIM: ...being really mean...
lately, and... I think the"
829;2490567;2494400;"reason why is, I've just been,
like, so unhappy, like, in my"
830;2494400;2497700;"life.
>> KHLOE: Mm-hmm."
831;2497700;2500900;">> KIM: I'm just so unhappy, and
I'm taking it out, like, on"
832;2500900;2503033;"everyone.
I'm just, like, a different"
833;2503033;2509133;"person, and I don't like who I
am in this marriage."
834;2509133;2513600;"I don't like who I am to him.
I don't like who I am to myself."
835;2513600;2517834;"My gut and my heart is telling
me that I just, like, did this"
836;2517834;2521533;"too fast, and I didn't know what
I was doing."
837;2521533;2525166;"And I feel, like, embarrassed.
>> KHLOE: I think you both got"
838;2525166;2527667;"caught up in a moment.
I don't think it's just you."
839;2527667;2530367;">> KIM: I think I got caught up
in, like, the fairytale of it,"
840;2530367;2534633;"you know, and, like, it all,
like, seemed so great and, like,"
841;2534633;2537300;"happy, but I just have not been
happy."
842;2537300;2539667;">> KHLOE: I just knew.
Your personality has just"
843;2539667;2542367;"changed, and you...
Like, even, like, you're more"
844;2542367;2545700;"distant from all of us.
>> KIM: I don't know what to do,"
845;2545700;2549467;"and I just feel like I've been
so mean to everyone, and I owe"
846;2549467;2553834;"everyone an apology.
I feel just, like, not myself."
847;2553834;2556533;">> KHLOE: Yeah.
 yourself."
848;2556533;2560300;"It's all making sense to me.
This is why she's been so mean"
849;2560300;2563000;"or so weird or distant or just
not herself."
850;2563000;2566000;"You know, I feel really bad,
because my sister is typically"
851;2566000;2569400;"very loving and very personable.
If you're feeling that way,"
852;2569400;2571633;"like, do you know if he's
feeling any sort of way?"
853;2571633;2574467;"Do you think that he notices?
>> KIM: I think he notices"
854;2574467;2576633;"things are different.
Like, it's not like he's just"
855;2576633;2579633;"sitting there, thinking
everything's fine."
856;2579633;2583633;"I know he sees a difference in 
me, sees a difference in us."
857;2583633;2585867;"And I'm thinking maybe he
thinks, "Oh, my God, it's,"
858;2585867;2589600;"you know, just New York,
and let's see what happens"
859;2589600;2592000;"after, and..."
>> KHLOE: If you're unhappy,"
860;2592000;2594800;"though, or if you feel in your
gut, like..."
861;2594800;2597867;"You know, you have to do what's
best for you, but also, you have"
862;2597867;2600867;"to understand, like, being in
love and marriage is not all"
863;2600867;2604100;"rainbows and bunnies every
single day."
864;2604100;2606767;"You get annoyed with each other,
you want to kill each other."
865;2606767;2611633;"It's human and natural.
Do you want to see how things"
866;2611633;2614500;"are once you get back to L.A.?"
867;2617233;2623667;">> KIM: I don't know.
>> KHLOE: Well, I love you."
868;2623667;2626567;"Whatever makes you happy.
You know, I obviously support"
869;2626567;2628967;"you, and you don't have to be
apologetic."
870;2628967;2631834;"Like, I appreciate it, but I,
like, could only imagine how you"
871;2631834;2633900;"feel and what you're going
through."
872;2633900;2635900;"But you have to live your life
for you."
873;2635900;2639333;">> KIM: I've been so focused on
my relationship with Kris that"
874;2639333;2642500;"I've let my relationship with
my family slide, and that's not"
875;2642500;2645967;"who I want to be.
I'm embarrassed that I let my"
876;2645967;2649600;"own personal issues and
relationship get in the way of"
877;2649600;2653834;"my relationship with my family.
I don't know, like, what's gonna"
878;2653834;2656200;"happen.
So just don't say anything,"
879;2656200;2658600;"'cause I want to tell Kourtney
myself."
880;2658600;2662467;">> KHLOE: Yeah."
881;2667000;2668934;"Kourtney and Kim Take
New York:"
882;2668934;2670934;">> KIM: What is wrong?
>> HUMPHRIES: Nothing."
883;2670934;2673600;">> KIM: Kris can't understand
when there's an issue in his"
884;2673600;2675266;"life.
>> KHLOE: I don't think normal"
885;2675266;2677734;"people hate the people that
they're with this much."
886;2677734;2679834;">> MAN: Are you divorced?
>> KIM: I'm married now,"
887;2679834;2681433;"but I was married.
>> MAN: Was your dad here when"
888;2681433;2682600;"you divorced?
>> KIM: Yes."
889;2682600;2684266;">> MAN: Did he talk you through
that?"
890;2684266;2686600;">> KIM: Yes.
>> MAN: Did you learn from this?"