﻿Number;Start time in milliseconds;End time in milliseconds;"Text"
1;3800;5233;"Keeping Up
with the Kardashians..."
2;5233;6567;">> KRIS: How are you?
>> BABYFACE: Good."
3;6567;7934;"How are you doing?
>> KRIS: I'm meeting with"
4;7934;9900;"Babyface, and we're gonna
discuss our new music management"
5;9900;11767;"company.
>> BABYFACE: With my expertise"
6;11767;13367;"and your expertise, we can give
them a place where they can be"
7;13367;15100;"heard.
>> KRIS: We can be the judges."
8;15100;16867;"You can be Simon and I'll be
Paula."
9;16867;18600;"(laughing)
>> BABYFACE: Oh..."
10;18600;21233;"♪ ♪
>> BRUCE: Get over there, girls."
11;21233;22734;"We're warming you up.
>> LIZ: Ooh, ah..."
12;22734;24166;">> LISA: Yeah, you better.
>> KRIS: Ooh, is this good?"
13;24166;25734;">> BRUCE: Put them on.
>> KRIS: Can I use it?"
14;25734;27400;">> BRUCE: Up there, come on,
Liz!"
15;27400;28734;">> LIZ: Oh!
>> KRIS: Oh, yes!"
16;28734;30066;">> BRUCE: There goes another
one, right by you, honey."
17;30066;31433;">> KRIS: Oh!
>> LISA: Whoa."
18;31433;34300;">> KRIS: Oh, honey, I got game
you just don't know I ever had."
19;34300;38166;"(laughs)
O-oh, yeah, oh, here we go, here"
20;38166;41033;"we go!
Here we go again!"
21;41033;44333;"One of my best friends, Lisa
Miles, has invited me and Liz to"
22;44333;47133;"come over and play tennis.
(grunts)"
23;47133;50367;"Tennis was always such a huge
part of my life, and I haven't"
24;50367;53433;"played in so long, and I'm so
excited to be out on the court."
25;53433;55433;"(grunts)
(laughs)"
26;55433;57633;">> LISA: Get it, Lizzie.
>> KRIS: Oh!"
27;57633;59500;"(grunts)"
28;61967;66433;"(grunts)
That was my ball!"
29;66433;68567;"You're like, such a...
>> BRUCE: Well, go get that one!"
30;68567;72667;">> KRIS: Okay!
(grunts)"
31;72667;74767;"Hey, it's my side!
>> BRUCE: Well, then, stop"
32;74767;76433;"making those noises.
>> KRIS: Ah!"
33;76433;78834;">> BRUCE: What was that?
(laughs)"
34;78834;80700;"♪ ♪"
35;87934;89767;">> BRUCE: Well, honey, that was
fun."
36;89767;91133;">> KRIS: Yeah, it was fun.
>> BRUCE: Actually, we used to"
37;91133;92867;"play a lot of tennis back in the
day."
38;92867;95200;">> KRIS: I had a tennis court
most of my adult life."
39;95200;97767;">> BRUCE: Wow.
>> KRIS: And that's just what we"
40;97767;99834;"did with our spare time, all we
did was play tennis on the"
41;99834;102500;"weekend.
Kids had tennis lessons after"
42;102500;105266;"school, and...
Our whole life just revolved"
43;105266;109100;"around our tennis court.
When I was married to Robert"
44;109100;112100;"Kardashian, one of the things
that we did, every single"
45;112100;118433;"weekend, was play tennis.
>> ROBERT: Kourtney, perfect."
46;118433;124233;"Ooh, good one, Kim.
First tennis lesson."
47;124233;127100;"Good stroke.
>> KRIS: And it brings back so"
48;127100;130500;"many amazing memories to be able
to get back on the court and"
49;130500;134400;"kind of relive those old days.
Tennis courts come in pretty"
50;134400;136967;"handy, by the way.
We could take that whole side of"
51;136967;139133;"the house, and put a tennis
court there."
52;139133;141867;">> BRUCE: Mm?
>> KRIS: Nothing."
53;141867;143734;"♪ ♪"
54;151934;156567;">> BRUCE: Starting to feel it
rolling on, here."
55;156567;159433;"(laughs)"
56;162967;165900;">> BRUCE: Scott Pruett, who's
one of the great road racers of"
57;165900;169000;"all time, he invited us out to
drive the car hard, and also"
58;169000;171333;"spend some time with, uh, my son
Brandon."
59;171333;173867;"Having as many kids as I have,
it's kind of tough to spend good"
60;173867;177467;"quality time with, uh, every
one of them, because you've"
61;177467;179767;"only got so much time in the
day, but..."
62;179767;183266;"I really enjoy my time I spend,
uh, with my kids."
63;183266;185433;"When was the last time you saw
Mr. Pruett?"
64;185433;186900;">> BRANDON: I mean, it's been a
long time."
65;186900;188300;">> PRUETT: Been a long time.
Probably in the early '90s."
66;188300;189700;">> BRUCE: Yeah.
>> PRUETT: Late '80s, early"
67;189700;191567;"'90s.
>> BRUCE: Late '80s, early '90s."
68;191567;193166;">> PRUETT: Yeah.
>> BRUCE: And you can believe"
69;193166;195233;"it, he's still doing this?
>> BRANDON: I would be, too."
70;195233;196667;">> PRUETT: Oh, that's crazy.
>> BRUCE: You would be too?"
71;196667;198033;"(Pruett laughs)
>> BRANDON: Uh, yeah."
72;198033;199433;">> BRUCE: If you had the talent?
>> BRANDON: Yep."
73;199433;200900;">> BRUCE: Yeah.
>> PRUETT: That's what happens."
74;200900;202367;">> BRUCE: Yeah.
It's been fun to watch Brandon"
75;202367;203834;"grow up.
He's been through a lot in his"
76;203834;205700;"life.
He's a great kid who's very"
77;205700;208166;"talented in so many different
areas that, uh, I just love"
78;208166;210200;"spending time with him.
>> PRUETT: All right, you ready"
79;210200;213000;"to jump in?
>> BRANDON: Yeah."
80;213000;214333;"It's all good.
>> BRUCE: He can handle it!"
81;214333;216033;">> BRANDON: It's got four
wheels."
82;216033;217834;"(laughing)
>> BRUCE: It's got four wheels."
83;217834;219333;">> BRANDON: I don't know.
>> BRUCE: That's the attitude."
84;219333;221133;"That's the Jenner attitude, I
like that."
85;221133;222934;"(Pruett laughs)"
86;230100;232633;">> BRUCE: Hey, we're doing
140 mile an hour average around"
87;232633;236500;"the racetrack, uh, fun cars...
It just doesn't get any better"
88;236500;239567;"than this.
How was it?"
89;239567;240900;">> BRANDON: It's great.
It's awesome."
90;240900;242567;">> BRUCE: Yeah, isn't it
awesome?"
91;242567;244100;">> BRANDON: Yeah, it's awesome.
>> PRUETT: He's ready to go"
92;244100;245767;"racing.
>> BRUCE: I know!"
93;245767;247133;"I know.
He's better than you are!"
94;247133;255066;"(laughs)
♪ ♪"
95;255066;258500;"(doorbell jingles)
>> KRIS: This kind of a store"
96;258500;261233;"makes you want to come in here
and buy, like, all new stuff."
97;261233;263467;">> KIM: What's, like, your best
racket?"
98;263467;265867;">> KRIS: We want to look like we
know what we're doing, so we"
99;265867;270567;"want, like, the best equipment.
I love tennis gear."
100;270567;273300;"And now that we have all the
stuff, I'm so excited to get the"
101;273300;276200;"whole family back on the tennis
court."
102;276200;279600;"I think we need a can of balls,
'cause you always have to have"
103;279600;282066;"fresh balls.
Ooh..."
104;282066;284500;"that's like, yes!
>> KIM: I'm glad that your"
105;284500;286700;"memory of balls is coming back
to you."
106;286700;289367;">> KRIS: Honey, any time there's
balls involved, it's my kind of"
107;289367;291367;"game.
Woo!"
108;291367;299233;">> KIM: That's what I say.
♪ ♪"
109;299233;301900;">> KIM: Two hands, two hands.
No, no, with two hands."
110;301900;305467;"No, no.
Two hands, like this, and go,"
111;305467;307834;""Whoosh!"
Okay?"
112;307834;310367;">> MASON: It's funny.
>> KIM: It's funny?"
113;310367;312400;"No, it's fun.
Look... whoosh!"
114;312400;315400;"We should have a family tennis
tournament like every Sunday."
115;315400;317400;">> KOURTNEY: I can't play while
I'm pregnant."
116;317400;319033;">> MASON: Hi, Grandma!
>> KRIS: You guys, I am so"
117;319033;321600;"pumped that we're playing tennis
again."
118;321600;323333;">> MASON: Hi, Grandma!
>> KRIS: We can all play."
119;323333;324734;"We can take turns.
We can have, like, a round-robin"
120;324734;326767;"tournament.
You know?"
121;326767;328734;">> KIM: Across the street... ow!
>> KRIS: Oh, sorry."
122;328734;330467;">> KIM: That hurts.
>> KRIS: Okay, well, you're"
123;330467;333400;"soft-headed.
>> KIM: You ready?"
124;333400;338967;"I really suck at serving.
(Kris grunts)"
125;338967;342867;"(grunts)
(grunts)"
126;342867;346600;">> KOURTNEY: What's up with the
grunting?"
127;346600;349600;">> KRIS: Ah!
(laughs)"
128;349600;351600;">> KOURTNEY: Are you okay, Mom,
with this grunting?"
129;351600;353500;">> KRIS: What do you mean?
>> KOURTNEY: You sound like a"
130;353500;355200;"freak.
>> KRIS: Everybody grunts when"
131;355200;358467;"they play tennis.
(grunts)"
132;358467;361667;">> KIM: Is it me, or is my mom
making these loud, crazy grunt"
133;361667;366233;"noises when she hits the ball?
(grunts)"
134;366233;368233;">> MASON: Whoa!
(Kim laughs)"
135;368233;371834;"Grandma's funny.
>> KIM: Grandma's funny?"
136;371834;373567;"Watch Grandma.
When the ball comes, we go,"
137;373567;375967;""Uh!"
Okay?"
138;375967;377300;">> MASON: Yeah.
(grunts)"
139;377300;379700;">> KIM: Okay, what do we do?
(Kim grunts)"
140;379700;381266;">> MASON: It's hot.
>> KOURTNEY: Hey, Robert, my"
141;381266;383266;"long-lost brother!
>> MASON: Whoa."
142;383266;384967;"(grunts)
>> KOURTNEY: You want to hear"
143;384967;387734;"Mom have sex?
(Kris grunts)"
144;387734;391567;"No, it's live.
Here, listen, hold on."
145;391567;394467;"(grunts)
>> ROB: What is this?"
146;394467;397800;"Are you kidding me right now?
(grunts)"
147;397800;399800;">> KIM: Mom, seriously, you
don't hear yourself?"
148;399800;401967;">> KRIS: What?
What am I doing?"
149;401967;403767;">> KIM: Is that the kind of
noise you make when balls are"
150;403767;405800;"flying at your face?
(laughs)"
151;405800;407934;">> KRIS: I'm just breathing,
what do you mean?"
152;407934;410533;"(grunts)
(grunts loudly)"
153;410533;412133;">> KIM: Did we hit Grandma?
>> KRIS: I have to use the"
154;412133;413500;"bathroom, you guys.
I'll be right back."
155;413500;416100;">> KOURTNEY: I think it's pretty
amazing, Mom's sounds."
156;416100;419233;"We need to, like, have a family
tennis match so everyone can"
157;419233;421633;"join in on the fun.
>> KIM: I am, like, so"
158;421633;423333;"embarrassed.
She is so loud."
159;423333;425200;">> MASON: One, Mommy.
>> KIM: I want to, like, record"
160;425200;426900;"her.
>> KOURTNEY: No, don't be"
161;426900;428667;"embarrassed, it's amazing.
We need to have everyone hear"
162;428667;431467;"this amazing-ness.
(laughs)"
163;431467;433333;"♪ ♪"
164;436900;439767;">> KRIS: How was the, um,
racetrack?"
165;439767;441800;">> BRUCE: Good.
>> KRIS: I'm opening this"
166;441800;443734;"present I bought for you,
because you won't open it for"
167;443734;445567;"yourself.
>> BRUCE: What else is new?"
168;445567;447400;">> KRIS: And I won't buy you any
more..."
169;447400;448867;">> BRUCE: What did you get me?
>> KRIS: ...because you don't"
170;448867;450567;"care.
>> BRUCE: What do you mean, I"
171;450567;451934;"don't care?
>> KRIS: I got you these board"
172;451934;453433;"shorts for Brandon's birthday in
Hawaii."
173;453433;454767;">> BRUCE: Thank you, honey.
>> KRIS: Do you like it?"
174;454767;456200;">> BRUCE: Absolutely.
Speaking of Brandon, uh, he did"
175;456200;457800;"great in the car today.
>> KRIS: He did?"
176;457800;459166;"Did he have fun?
>> BRUCE: Yeah."
177;459166;461300;"No, Brandon's just a natural at
that stuff."
178;461300;463767;"He was telling me about his
music and stuff, and, uh, that's"
179;463767;465433;"really...
>> KRIS: How's the new song?"
180;465433;467333;">> BRUCE: New songs are great.
I mean, all the new stuff."
181;467333;469066;"I mean, they've been doing this
for a while, and..."
182;469066;472433;"I mean, they're really good.
Brandon has been into music all"
183;472433;474767;"his life.
He writes, he produces, he"
184;474767;477700;"sings.
And with Leah, the two of them"
185;477700;481033;"together are just absolutely
phenomenal."
186;481033;484000;"And they haven't had a chance
to have the big break."
187;484000;486433;"And, you know, as a parent, I
want to do everything I can to"
188;486433;488967;"see that happen.
You know, you've got this little"
189;488967;491734;"music company thing going,
whatever you're calling it."
190;491734;493467;"I don't even know what you're
doing with Babyface."
191;493467;495333;">> KRIS: Music management.
>> BRUCE: I mean, I'm all for"
192;495333;497734;"that, but, uh...
you know, wouldn't you start"
193;497734;500233;"with somebody, like, right in
your family?"
194;500233;502834;">> KRIS: Like Brandon and Leah?
>> BRUCE: Of course."
195;502834;505533;"I mean, they're the only ones
with any talent in the family."
196;505533;508667;"Kris is starting a new "music
management" company with"
197;508667;511333;"Babyface.
There's no reason why we can't"
198;511333;514600;"use them, you know, in Kris's
little marketing machine."
199;514600;517000;"And I really feel like it could
really give the two of them that"
200;517000;520266;"jump-start, so people see their
music, understand what they're"
201;520266;522667;"doing.
I mean, it's perfect."
202;522667;525600;">> KRIS: I think that they're
great, but sometimes to mix"
203;525600;529867;"business and family might not be
the perfect solution for that."
204;529867;532333;"(laughs)
>> BRUCE: Hold it, hold it."
205;532333;534467;"Our whole family on this side is
a business."
206;534467;536500;">> KRIS: On this side.
>> BRUCE: Are you kidding?"
207;536500;538934;">> KRIS: It's called my job.
>> BRUCE: But to be honest with"
208;538934;541834;"you, on the Jenner side, my
side, it's like... nothing."
209;541834;546467;"I mean, not even the time of
day."
210;546467;549100;"I'm really disappointed in Kris.
I've done so much for my"
211;549100;551700;"step-kids throughout the years
in helping them get their start."
212;551700;554700;"You know, here it is, my side of
the family, she's not just all"
213;554700;557266;"gung ho.
She's actually kind of hesitant."
214;557266;559967;"So, for me, it honestly hurts
me."
215;559967;562200;">> KRIS: What do you want me to
do?"
216;562200;564967;"I work 24/7.
You just gave me a whole"
217;564967;567600;"intervention on I spread myself
too thin."
218;567600;569700;">> BRUCE: Okay, only too thin
with outside stuff."
219;569700;572000;"This is inside the family,
honey."
220;572000;576400;">> KRIS: I represent all of my
kids, but if I took on Brandon"
221;576400;581867;"and Leah, it would be so much
pressure, and it would kill me"
222;581867;585967;"if I made a decision and it was
the wrong one."
223;585967;588233;"And I don't think Bruce really
understands that kind of"
224;588233;589934;"pressure.
I admire their talent."
225;589934;592300;"I have respect for that.
I think that they're great."
226;592300;595133;">> BRUCE: Well, then what's the
problem?"
227;595133;597166;">> KIM: Have you heard her when
she plays?"
228;597166;599133;">> KENDALL: What does it sound
like?"
229;599133;600700;"(grunting)
>> KOURTNEY: What's wrong with"
230;600700;602433;"you?
(exaggerated grunting)"
231;602433;604200;">> KRIS: Stop it.
You're making this miserable."
232;604200;607266;"(bleep) you.
>> BRUCE: Kris is excited about"
233;607266;609400;"having the opportunity to talk
with you about management."
234;609400;611767;">> BRANDON: I don't know if I
would want, like, a"
235;611767;613300;"stepmom/manager for me, you
know?"
236;613300;615367;">> BRUCE: Brandon, you got to
trust me on this."
237;615367;617033;"Just take the meeting.
>> BRANDON: I just don't know,"
238;617033;618900;"honestly."
239;623333;625467;">> BRUCE: Honey, honey,
let's set up a meeting."
240;625467;627300;"I'll talk to Brandon.
We'll set up a meeting."
241;627300;629667;">> KRIS: You're asking me to get
involved in something that I"
242;629667;631934;"don't know if they even want me
involved."
243;631934;634533;">> BRUCE: It has to be explored.
We got to look at it."
244;634533;637266;"I really feel if we can bring
Brandon and Leah in with their"
245;637266;640667;"music and their talent, there's
no reason why we can't use them,"
246;640667;643266;"you know, in Kris's little
marketing machine."
247;643266;645900;">> KRIS: Well, I just want you
to understand that, I mean, I"
248;645900;648133;"love Brandon.
I love them together, and I"
249;648133;650333;"think they're talented.
>> BRUCE: They've got a new"
250;650333;654133;"video they just put out online.
You got to watch it, see their"
251;654133;656767;"stuff.
I mean, I go to their stuff all"
252;656767;658533;"the time.
Nobody else in the family ever"
253;658533;660433;"shows up.
>> KRIS: Okay, can I listen to"
254;660433;663467;"it in the morning?
I'm absolutely exhausted."
255;663467;665367;">> BRUCE: All right."
256;671033;673500;">> KIM: Oh, hi, dolls.
>> KENDALL: Hi."
257;673500;675967;">> KYLIE: Hi.
You look cute."
258;675967;677967;">> KIM: Oh, thanks.
Sears."
259;677967;679300;">> KYLIE: Really?
>> KIM: Yeah."
260;679300;680934;">> KYLIE: I like it.
>> KIM: You do?"
261;680934;682667;">> KYLIE: I want it.
>> KIM: It might be too short"
262;682667;686100;"for you, but I'll get you one.
>> BRUCE: Are we having a"
263;686100;688300;"powwow?
>> KIM: We're just hanging."
264;688300;691033;"Quick question for you.
Do you and Mom, like, not get it"
265;691033;693300;"on or something?
'Cause she really..."
266;693300;695033;">> BRUCE: What are you talking
about?"
267;695033;697467;"That's kind of inappropriate to
pick up, or to talk about."
268;697467;700033;">> KIM: We're all adults here.
Have you heard her when she"
269;700033;702500;"plays?
She sure does express herself on"
270;702500;704734;"the tennis court.
>> KENDALL: What does it sound"
271;704734;707000;"like?
>> KIM: She's like, hits the"
272;707000;710867;"ball and she's like...
(grunting)"
273;710867;713900;"Like, she has, like, a different
noise for, like, every one that"
274;713900;717166;"she...
>> KYLIE: I really want to see"
275;717166;719500;"Mom play tennis.
>> KIM: You will hear her soon"
276;719500;722066;"enough.
I'm setting up a family tennis"
277;722066;724967;"match for all of us.
The noise my mom makes, it"
278;724967;729000;"sounds ridiculous, and I cannot
wait for everyone to come and"
279;729000;731667;"play tennis to hear how
embarrassing my mom is."
280;731667;734033;">> BRUCE: She doesn't make that
much noise in the bedroom, I"
281;734033;735900;"guarantee you."
282;743266;745033;"Hey, hon.
>> KRIS: Hello."
283;745033;747000;">> BRUCE: Did you watch the
video?"
284;747000;750033;">> KRIS: You know what, I have
not had two seconds to watch"
285;750033;752166;"that video, but I will, I
promise."
286;752166;754467;">> BRUCE: It's been all morning,
and you haven't watched it?"
287;754467;756834;">> KRIS: I'm just trying to get
everybody's schedules together,"
288;756834;759400;"so don't put any more pressure
on me; I'm just trying..."
289;759400;761767;">> BRUCE: Honey, all you have to
do is look at it."
290;761767;765266;"Kris now is kind of lukewarm
about this whole thing, and all"
291;765266;769133;"she has to do is listen to the
music."
292;769133;771700;"I'm very frustrated with her
right now."
293;771700;773967;">> KRIS: Did you even ask
Brandon if it's something that"
294;773967;776333;"he would want me to be involved
in?"
295;776333;778066;">> BRUCE: Why wouldn't he?
This is family."
296;778066;780400;"I mean, we stick together.
>> KRIS: Why are you up his ass"
297;780400;782400;"in his business like this?
Let Brandon make his own"
298;782400;784266;"decisions.
>> BRUCE: 'Cause I want him to"
299;784266;787000;"succeed; I want him to do well.
>> KRIS: I want him to do well,"
300;787000;790367;"too, but it's not that I have
the best track record, you know,"
301;790367;794233;"or history with his mom.
And I don't want his mom coming"
302;794233;797100;"after me because I made bad
decisions for her son."
303;797100;800266;"So, now that we're just at a
really good place, I don't want"
304;800266;804967;"to screw that up.
Does that make sense?"
305;804967;807633;">> BRUCE: Watch the video.
Watch the video."
306;807633;815200;"Tell me what you think.
Take your time."
307;815200;818967;">> KRIS: Get it, Kendall.
>> BRUCE: Look out."
308;818967;821333;">> KRIS: Hi, Mason.
>> KENDALL: Hi, Mase."
309;821333;824266;"(grunts)
>> KIM: I'm so glad that the"
310;824266;826934;"whole family is here to witness
my mom's grunting."
311;826934;829700;"So, I just want to know if I'm
crazy."
312;829700;832967;"Like, am I the only one that is
tortured by this noise?"
313;832967;835333;">> KRIS: Here we go.
Kendall, this is for you."
314;835333;837200;"(grunting)"
315;841867;844834;">> BRUCE: Ooh, good one.
(grunting continues)"
316;844834;847100;">> KOURTNEY: What's wrong with
you?"
317;847100;849367;">> BRUCE: Do you have a hernia?
(laughter)"
318;849367;851700;">> KRIS: No, I'm fine.
(grunting)"
319;851700;854533;">> MASON: What's that noise?
>> SCOTT: Whoa."
320;854533;857233;"Sounds like she's gonna drop
trou in her pants."
321;857233;861033;">> KIM: Okay, I'm gonna be Mom.
(exaggerated grunting)"
322;861033;864066;">> KRIS: Very funny.
>> KENDALL: No, it's more"
323;864066;865967;"like... (grunting)"
324;868166;870166;">> KRIS: It's not funny, you
guys."
325;870166;875834;"Come on.
(grunting)"
326;875834;878767;"(laughter)
>> BRUCE: Oh, honey."
327;878767;880600;">> KIM: Mase, can you go...
(grunts)"
328;880600;882433;">> KENDALL: Oh, no, do this.
(grunts)"
329;882433;884567;">> BRUCE: Honey, Kim's serving.
Go to the other side."
330;884567;886600;">> KRIS: I don't care who's
serving."
331;886600;888934;"(grunting)
>> KRIS: Stop it; you're making"
332;888934;890967;"this miserable for me.
>> KIM: Okay, we just want to"
333;890967;892767;"go.
>> KRIS: Kiss my ass."
334;892767;894900;">> SCOTT: Oh, my!
>> KRIS: You know what, I'm"
335;894900;897400;"done.
I wanted to get back into tennis"
336;897400;900567;"to have some fun, and it kind of
reminded me of the old days."
337;900567;904967;"But now that my kids have ruined
it for me, um, forget it."
338;904967;907433;"I was having a really good time.
I was enjoying myself."
339;907433;909567;">> SCOTT: I bet you were.
>> KRIS: I found something that"
340;909567;911533;"we could do as a family.
>> SCOTT: I didn't know I was"
341;911533;913233;"coming over for a gangbang the
way you were moaning."
342;913233;919033;">> KRIS: You what, Scott,
(bleep) you."
343;919033;921667;"Yeah, like, random.
>> BRUCE: Hi, good to see you."
344;921667;924433;">> KRIS: I'm in this important
meeting with Babyface, and he"
345;924433;928600;"comes barging in.
>> KOURTNEY: Stop, ow!"
346;928600;931166;"Stop it.
Sometimes I do wish that things"
347;931166;934567;"could be back to how they were
in the beginning of our"
348;934567;936734;"relationship.
>> SCOTT: But I'm a romancer."
349;936734;939500;">> KOURTNEY: No, you're not.
You have no romance in your"
350;939500;941367;"body."
351;957767;961000;">> BRUCE: Honey, you just, like,
stormed out of the place."
352;961000;964000;">> KRIS: It's just rude.
They treat me like crap."
353;964000;966066;">> BRUCE: Honey, they're just
kidding."
354;966066;967767;">> KRIS: No, they're not
kidding."
355;967767;969967;">> BRUCE: You're fun to pick on
because they get such a"
356;969967;972233;"reaction out of you.
>> KRIS: I was actually really"
357;972233;975734;"excited about playing tennis
again, and it brought back a lot"
358;975734;978800;"of really great memories.
Like, it made it sour now for"
359;978800;983500;"me.
This was supposed to be a really"
360;983500;987133;"fun day, but my kids just wanted
to make fun of me."
361;987133;990333;"When everyone else is laughing
and having fun, and you feel"
362;990333;993467;"like you're, you know, the joke.
I don't want to be the joke."
363;993467;995734;"I don't want to play tennis
anymore."
364;995734;1006967;"I'm done.
I'm just done."
365;1006967;1009433;">> KOURTNEY: What are you doing?
>> SCOTT: Just cleaning up."
366;1009433;1011934;"Trying to get everything neat.
>> KOURTNEY: That's a first."
367;1011934;1014667;">> SCOTT: It's not a first,
doll, it's a second."
368;1014667;1016867;">> KOURTNEY: I was thinking of
taking a bath."
369;1016867;1019667;"Do you feel like running me one?
>> SCOTT: Uh, like a bubble"
370;1019667;1021800;"bath?
>> KOURTNEY: Yeah."
371;1021800;1024433;">> SCOTT: I could do that.
>> KOURTNEY: Okay."
372;1024433;1027333;"Scott and I definitely don't
have that much time together"
373;1027333;1030934;"between work and Mason and
getting ready for this second"
374;1030934;1034266;"baby.
This is nice of you."
375;1034266;1038867;"So when an opportunity comes up
where we could spend some"
376;1038867;1042600;"romantic time together, I am
all about it."
377;1042600;1046166;">> SCOTT: Are we going
butt-naked or are we gonna"
378;1046166;1049100;"wear, like, a bathing suit?
>> KOURTNEY: This is"
379;1049100;1052467;"so romantic.
Hurting my ankles."
380;1052467;1054500;"(Scott mimics engine revving)
Stop! Ow!"
381;1054500;1057300;">> SCOTT: Hey! I'm double-
clutching into second, baby!"
382;1057300;1059600;"You know what?
I want to do something even"
383;1059600;1061667;"more special.
I'd like to pour salsa all"
384;1061667;1066533;"over this foot and eat
piece by piece..."
385;1066533;1068600;">> KOURTNEY: Stop! Ow!
Stop it! Ow!"
386;1068600;1070900;">> SCOTT: Ah! You want a
Smurf bite?"
387;1070900;1072867;">> KOURTNEY: Stop. That is
so annoying."
388;1072867;1075166;">> SCOTT: Hey, come back here
if you know what's good for you."
389;1075166;1076834;">> KOURTNEY: Stop.
>> SCOTT: What are you"
390;1076834;1078533;"talking about?
>> KOURTNEY: I actually wanted"
391;1078533;1080533;"to take a bath with you...
>> SCOTT: Right."
392;1080533;1082467;">> KOURTNEY: ...and, you know,
be romantic..."
393;1082467;1084467;">> SCOTT: Yeah, me, too.
>> KOURTNEY: ...and have a nice"
394;1084467;1086533;"time, but you're so annoying.
>> SCOTT: How am I annoying?"
395;1086533;1088700;"I'm trying to do fun stuff
with you."
396;1088700;1090633;">> KOURTNEY: How are you not?
How are you not?"
397;1090633;1092233;">> SCOTT: Stop that.
I'm trying to help you."
398;1092233;1093834;">> KOURTNEY: Is that your
little high school way?"
399;1093834;1096533;">> SCOTT: High school way? No.
This is my high school way."
400;1096533;1098367;">> KOURTNEY: What?
>> SCOTT: Turn around and"
401;1098367;1100667;"let me show you my (bleep).
>> KOURTNEY: Ew!"
402;1100667;1103533;"That's disgusting!
(Scott laughs)"
403;1103533;1109533;"I know that relationships change
over time, but sometimes I do"
404;1109533;1113967;"wish that things could be back
to how they were in the"
405;1113967;1117367;"beginning of our relationship
when we were always kissing"
406;1117367;1119967;"and, you know, obsessed with
each other."
407;1119967;1123333;"Ow! Like, that is not romantic.
Pinching someone on their leg"
408;1123333;1125734;"is annoying.
>> SCOTT: I tried to get a piece"
409;1125734;1127667;"of lint off of your leg.
>> KOURTNEY: Okay, but that's"
410;1127667;1129767;"annoying.
>> SCOTT: But I'm a romancer."
411;1129767;1132000;">> KOURTNEY: No, you're not.
You have no romance in"
412;1132000;1136000;"your body.
I'm gonna go take a bath. Stop."
413;1136000;1137867;"♪ ♪"
414;1145700;1149867;">> KIM: Mother?
>> KRIS: I'm in here."
415;1149867;1152900;">> KIM: Mom?
Well, I have a present for you."
416;1152900;1155133;">> KRIS: Why?
>> KIM: I know that we've been"
417;1155133;1158100;"making fun of you.
So maybe a little something that"
418;1158100;1160033;"will get you to continue to
play."
419;1160033;1162367;"So, I think we were being
a little harsh."
420;1162367;1165600;">> KRIS: Uh, you think?
>> KIM: Just a little."
421;1165600;1169767;">> KRIS: What?
(chuckles)"
422;1169767;1172934;"Oh, my...
>> KIM: Is that not so crazy?"
423;1172934;1176734;">> KRIS: Oh... my... God.
Kimmy, this is amazing."
424;1176734;1179066;"What is this?
>> KIM: Those are some balls."
425;1179066;1182033;">> KRIS: Chanel tennis balls?
Really, Kim?"
426;1182033;1185333;"Love. Thank you. I love this.
>> KIM: You're welcome."
427;1185333;1188033;"So just promise you'll play.
>> KRIS: I will."
428;1188033;1191233;"I love you, Kimmy.
I discovered that I like tennis"
429;1191233;1194266;"because it makes me feel good.
And it's fun to be with my"
430;1194266;1196500;"friends and my family and do
something a little"
431;1196500;1199333;"bit different.
And even if my kids are gonna"
432;1199333;1202166;"make fun of me, that will never
be enough to bring me down."
433;1202166;1204033;">> KIM: Love you.
>> KRIS: I love you, too."
434;1204033;1206000;">> KIM: Get ready.
Start practicing."
435;1206000;1217567;">> KRIS: Oh, yeah.
♪ ♪"
436;1217567;1221800;">> BRUCE: I know Kris is busy,
but to spend five minutes to"
437;1221800;1225834;"watch a video is not really
asking too much, is it?"
438;1225834;1228633;"You know, I really feel like
I gotta break into her meeting"
439;1228633;1231633;"and make Babyface see
this video."
440;1231633;1235867;">> KRIS: So, I had dinner the
other night with Lance Bass."
441;1235867;1240400;"He wants to take a member out
of each famous boy band"
442;1240400;1244500;"and find five members and create
their own boy band."
443;1244500;1245967;">> BABYFACE: That's actually
cool."
444;1245967;1248800;">> KRIS: And then, not only do
you end up with a winner, you"
445;1248800;1251066;"end up with five new boy
band groups."
446;1251066;1252934;">> BABYFACE: That could be
hurtful, but, um..."
447;1252934;1254667;"(both chuckle)
(door opens)"
448;1254667;1259233;">> BRUCE: Hi.
>> KRIS: Hi. What are you"
449;1259233;1260900;"doing, honey?
>> BRUCE: Kenny."
450;1260900;1262767;">> BABYFACE: How you doing?
>> BRUCE: Good to see you."
451;1262767;1265200;"Aren't you happy to see me?
>> KRIS: Well, yeah, I'm kind of"
452;1265200;1267433;"in a meeting with Kenny, though.
>> BRUCE: I won't take much"
453;1267433;1269333;"of your time.
>> KRIS: Honey, what are"
454;1269333;1271667;"you doing?
Why is your computer here?"
455;1271667;1273800;">> BRUCE: Well, I guess we're
talking music."
456;1273800;1275967;"Kenny's here, huh?
>> KRIS: Has Bruce just lost"
457;1275967;1278967;"his mind?
I'm in this important meeting"
458;1278967;1283066;"with Babyface, and he comes
barging in to my office with"
459;1283066;1284934;"no warning?"
460;1287433;1289600;">> KOURTNEY: People have
this kind of..."
461;1289600;1291834;">> SCOTT: Who? Who?
>> KOURTNEY: ...affection and"
462;1291834;1294033;"passion and romance-- people.
>> SCOTT: I love Kourtney, but"
463;1294033;1296667;"right now, she's definitely
delusional."
464;1296667;1299000;">> KOURTNEY: I'll sit here
 Titanic"
465;1299000;1301333;"and wish that I had some
romance in my life."
466;1301333;1304000;">> SCOTT: Are you joking?
They're actors!"
467;1304000;1305867;"We're not in a movie!"
468;1310266;1312734;">> BRUCE: Kenny.
>> BABYFACE: How you doing?"
469;1312734;1315066;">> BRUCE: Good to see you.
Aren't you happy to see me?"
470;1315066;1317300;">> KRIS: Well, yeah.
I'm kind of in a meeting with"
471;1317300;1319200;"Kenny, though.
>> BRUCE: I won't take much"
472;1319200;1320834;"of your time.
>> KRIS: Honey, what"
473;1320834;1322667;"are you doing?
Why is your computer here?"
474;1322667;1324800;">> BRUCE: Well, I guess we're
talking music."
475;1324800;1326867;">> KRIS: Well, we're trying
to discuss what our, you know,"
476;1326867;1328967;"new relationship is and our
business and what the next"
477;1328967;1330800;"thing is.
>> BRUCE: Has she ever mentioned"
478;1330800;1332667;"that I have, like, talent
in my family?"
479;1332667;1336100;">> BABYFACE: No.
>> BRUCE: Brandon produces,"
480;1336100;1339433;"writes, does everything.
Leah, obviously, coproduces"
481;1339433;1341400;"with him.
They're just, you know, kind of"
482;1341400;1343600;"going out on their own.
So me, as a great father,"
483;1343600;1345567;"I want to help.
>> BABYFACE: Yeah."
484;1345567;1347633;">> KRIS: Honey, why's your
computer here?"
485;1347633;1350333;"We're kind of in a meeting.
>> BRUCE: Well, I just wanted"
486;1350333;1353433;"to show him their latest video.
>> KRIS: I'm in the middle of"
487;1353433;1357066;"my meeting with Babyface, and
Bruce comes barging in to pitch"
488;1357066;1359834;"Brandon for the 300th time.
I should be really mad"
489;1359834;1362333;"right now.
I got to hand it to him, he's"
490;1362333;1364467;"sort of taking a page out
of my book."
491;1364467;1366700;">> BRUCE: It won't take long.
>> KRIS: How did you know"
492;1366700;1369166;"Kenny was here?
>> BRUCE: I got ways, baby."
493;1369166;1372633;"(pop song plays)
This is kind of a happy song."
494;1372633;1375066;"But it gives you an idea.
>> WOMAN: ♪ So many reasons"
495;1375066;1377467;"for you to be smiling
♪ But we should be here"
496;1377467;1380233;"right now
♪ Life happens"
497;1380233;1385433;"when you're waiting for the bus
♪ Life happens while the day's"
498;1385433;1388200;"collecting dust
Don't be giving it all away. ♪"
499;1388200;1390900;">> BABYFACE: Who shot the video?
>> BRUCE: Uh, they own"
500;1390900;1392600;"the video.
They did it themselves."
501;1392600;1395000;"They just put it on YouTube.
>> BABYFACE: Really nice."
502;1395000;1400000;">> KRIS: I'm actually really
enjoying this music."
503;1400000;1402400;"And Kenny likes it, too.
I still feel a little"
504;1402400;1404400;"uncomfortable saying yes to
this whole management idea."
505;1404400;1407133;">> BRUCE: As you know, in this
business, you just need"
506;1407133;1409400;"that break.
And I'm thinking we got this"
507;1409400;1411433;"marketing machine that's sitting
here, you know?"
508;1411433;1414066;"And, you know, with the right
people..."
509;1414066;1416066;">> BABYFACE: Yeah. No,
it's nice. It feels good."
510;1416066;1417900;">> BRUCE: Yeah, yeah.
>> BABYFACE: I'd be interested"
511;1417900;1420133;"in hearing him sing as well.
>> BRUCE: Yeah. I really"
512;1420133;1421967;"didn't mean to intrude.
Love you to death."
513;1421967;1424500;">> KRIS: I'm glad you came by.
>> BRUCE: (snaps fingers)"
514;1424500;1426567;"It's a happy song.
>> KRIS: I tell you what."
515;1426567;1428734;"I would love to have
Kenny hear him in person."
516;1428734;1431633;"And you see if Brandon would be
cool with me, you know, and"
517;1431633;1434900;"Kenny helping him out.
>> BRUCE: I knew that all they"
518;1434900;1438367;"had to do was listen to the
music, the two of them."
519;1438367;1440734;"They're so talented, so good,
that everybody's gonna"
520;1440734;1443133;"jump on board.
>> KRIS: You check with"
521;1443133;1445000;"Brandon, and Brandon...
>> BRUCE: I've seized"
522;1445000;1447100;"the opportunity.
>> KRIS: Okay, well, that's,"
523;1447100;1449467;"that's a good boy.
Talk to Brandon, all right?"
524;1449467;1451533;"Okay. You want to take
the whole plate?"
525;1451533;1453500;">> BRUCE: No, I'm fine.
Thank you. All right."
526;1453500;1455433;">> KRIS: Okay, all right,
so we'll talk."
527;1455433;1457500;">> BRUCE: Love you.
>> KRIS: All right, love"
528;1457500;1459767;"you, too.
Isn't he delightful?"
529;1459767;1462266;">> BABYFACE: Yeah, he's always
great."
530;1462266;1464133;"♪ ♪"
531;1475500;1479233;">> KOURTNEY: I think because in
my life there's not tons of"
532;1479233;1484600;"romance, it's fun to watch
these overly romantic movies."
533;1484600;1487767;"You know, that's how I get
my little romance kick."
534;1487767;1491800;"(phone rings)
>> SCOTT: Hi, buddy. Hello."
535;1491800;1493767;">> KOURTNEY: Hey.
>> SCOTT: Hey."
536;1493767;1495600;">> KOURTNEY: I'm watching
Titanic."
537;1495600;1497633;">> SCOTT: Where, upstairs?
>> KOURTNEY: Yeah. It's so crazy"
538;1497633;1501600;"how this kind of romance existed
in the world."
539;1501600;1505467;"Everyone needs to be like this.
Like, why don't we ever...?"
540;1505467;1508934;">> SCOTT: Why don't we have
the chemistry that Leo"
541;1508934;1513033;"DiCaprio and Kate Winslet had
 Titanic?"
542;1513033;1515200;">> KOURTNEY: Yeah.
>> SCOTT: I'll tell you one"
543;1515200;1520133;"reason: 'cause we're not
in a movie!"
544;1520133;1523200;">> KOURTNEY: You want to come
watch the movie with me and cry?"
545;1523200;1526033;"I'll share my tissue with you.
>> SCOTT: You're upstairs"
546;1526033;1528567;"thinking that I'm gonna be Leo
DiCaprio in five minutes,"
547;1528567;1533734;"you're sorely mistaken.
>> KOURTNEY: You're so romantic."
548;1533734;1538900;">> SCOTT: How the hell are we?
I love you, but this is a movie."
549;1538900;1541500;"You want to see romance?
>> KOURTNEY: Mm-hmm."
550;1541500;1545433;">> SCOTT: Check under these
drawers. (chuckles)"
551;1545433;1547567;">> KOURTNEY: All right,
that's enough."
552;1547567;1549900;"I've had enough of you.
>> SCOTT: No, I love you,"
553;1549900;1551967;"but come on.
>> KOURTNEY: People have this"
554;1551967;1553934;"kind of affection and...
>> SCOTT: Who? Who? Who?"
555;1553934;1556066;">> KOURTNEY: People.
>> SCOTT: You remember the"
556;1556066;1558433;"first time we had sex?
I mean, you know, juices were"
557;1558433;1561834;"flowing, (bleep) were flying.
That was a long time ago."
558;1561834;1566734;"I love Kourtney, but right now
she's definitely delusional."
559;1566734;1569867;"Yes, the movie's based upon a
true story, but they're"
560;1569867;1572900;"recreating something so people
can have enjoyment and"
561;1572900;1575367;"entertainment.
Just being a realist."
562;1575367;1578300;"There's no way people really act
like that."
563;1578300;1582166;"Kourtney's expectations are just
so out of whack with real life."
564;1582166;1586333;"If you want, I'll go downstairs,
I'll turn the heat on in the"
565;1586333;1589467;"Rolls, I'll turn you over, and
I'll throw you some (bleep)."
566;1589467;1592000;"I'll steam that car right up.
>> KOURTNEY: Can you stop"
567;1592000;1594533;"talking about it and just leave
me."
568;1594533;1597333;"I'll sit here and cry and watch
 and wish that I had"
569;1597333;1600767;"some romance in my life.
>> SCOTT: Are you joking?"
570;1600767;1604066;"They're actors!
I'll put a tuxedo on."
571;1604066;1605934;"I'll romance you, you'll see."
572;1615100;1618934;">> BRANDON: There you go.
>> BRUCE: Right at the green."
573;1618934;1624333;"Put it up there, Brandon.
>> BRANDON: Oh, really nice."
574;1624333;1626800;">> BRUCE: Not bad.
Easy game."
575;1626800;1628967;">> BRANDON: It's easy.
>> BRUCE: I spoke with Kris."
576;1628967;1631233;"She's excited about having the
opportunity to talk with you"
577;1631233;1633300;"about management.
I'm kind of pumped up about"
578;1633300;1635300;"this.
>> BRANDON: About Kris 'cause..."
579;1635300;1637033;">> BRUCE: Managing, yeah.
>> BRANDON: She started a"
580;1637033;1639633;"management company.
>> BRUCE: Her and Babyface."
581;1639633;1641867;"I think he would be, like,
perfect for you guys."
582;1641867;1644100;">> BRANDON: Well, I think it
would be kind of weird having"
583;1644100;1647800;"her as our manager, you know?
I don't know if I would want,"
584;1647800;1650767;"like, a step-mom/manager for
me, you know?"
585;1650767;1652734;">> BRUCE: Honestly, you should
go meet with her."
586;1652734;1655133;"It's all being in the right
place, being around the right"
587;1655133;1657266;"people.
I think she could do a great"
588;1657266;1659367;"job.
>> BRANDON: She's obviously very"
589;1659367;1661867;"talented.
She's done a lot for all of you"
590;1661867;1664433;"guys.
I just don't know if-if it would"
591;1664433;1667200;"be a good fit for us.
I just, I just don't know,"
592;1667200;1669934;"honestly.
>> BRUCE: This is ridiculous."
593;1669934;1672700;"It's so tough just to get Kris
on board."
594;1672700;1675533;"Now, all of a sudden, Brandon's
getting cold feet."
595;1675533;1678066;"I mean, we have such a marketing
machine here."
596;1678066;1680734;"Why wouldn't anybody want to be
involved in this thing?"
597;1680734;1683467;"Brandon, you got to trust me on
this."
598;1683467;1686100;"Listen, hey, I'm all in.
I-I just want to..."
599;1686100;1688800;"I just want to see you guys, you
know, on the big stage."
600;1688800;1690800;"That's all I'm saying.
>> BRANDON: Listen, Dad..."
601;1690800;1694533;">> BRUCE: Just take the meeting.
Take it seriously."
602;1694533;1698233;"Don't, you know, don't worry.
It's gonna be all right."
603;1698233;1701166;"I, you know, I'm all for this.
>> SCOTT: My girlfriend's"
604;1701166;1703166;"obsessed with Ryan Gosling
 The Notebook."
605;1703166;1705600;"So, I'm trying to portray that
for her."
606;1705600;1707467;"(machines humming)"
607;1709600;1712266;"Boom.
You like what you see?"
608;1712266;1715100;">> KRIS: Bruce has been putting
a lot of pressure on me to meet"
609;1715100;1717433;"with Brandon.
He's really excited about maybe"
610;1717433;1721433;"seeing where we can go with it.
>> BRANDON: I-I think that it"
611;1721433;1723300;"would be difficult."
612;1730266;1733233;">> JIMMY COCO: I have to mix up
some color for you really quick."
613;1733233;1736166;"Okay.
>> SCOTT: Even though I think"
614;1736166;1739367;"Kourtney is completely
delusional, I still want to go"
615;1739367;1742900;"out of my way to show her that
we can have that romance that"
616;1742900;1746633;"people have in the movies.
 The Notebook,"
617;1746633;1748934;"the actor, Ryan Gosling.
I mean, he's got all these"
618;1748934;1751433;"things.
He's a professional romantic,"
619;1751433;1754734;"got the abs, got it all.
So, I figure, okay, that's the"
620;1754734;1757467;"first step to getting there.
You can do, like, some kind of"
621;1757467;1758900;"airbrushing stuff.
>> JIMMY: Yes."
622;1758900;1761700;">> SCOTT: I want to get that
look going, because my"
623;1761700;1764000;"girlfriend's obsessed with Ryan
 The Notebook."
624;1764000;1766266;"So, I'm trying to portray that
for her."
625;1766266;1769834;">> JIMMY: Awesome.
So, that's what you're wearing."
626;1769834;1772934;"Strappy sandals.
>> SCOTT: These stick to your"
627;1772934;1775400;"foot?
By the way, this should be the"
628;1775400;1778000;"new sneaker.
>> JIMMY: Okay, here we go."
629;1778000;1780233;">> SCOTT: They're unbelievable.
Look at these!"
630;1780233;1782734;"Who needs a shoe?
These are unbelievable."
631;1782734;1785200;"I'll wear a (bleep) tuxedo with
these."
632;1785200;1790934;">> JIMMY: Okay, so step into
my office."
633;1790934;1793700;"We have a gold shimmer or a
silver shimmer."
634;1793700;1795967;">> SCOTT: A golden shower?
>> JIMMY: Shimmer."
635;1795967;1800600;"(laughter)
>> SCOTT: I didn't even realize"
636;1800600;1802867;"that they could spray these abs
on as easy as they can."
637;1802867;1805567;"I don't know if it's gonna knock
Kourtney's socks off, but it"
638;1805567;1808600;"should.
I can work with this."
639;1808600;1821734;"I feel like you Coco'd the
(bleep) out of me."
640;1821734;1824934;"That's it.
That's the money shot right"
641;1824934;1826700;"there.
One of those."
642;1826700;1831233;"Boom, how are you, fellas?
I realize that the main"
643;1831233;1833867;"is not
only good-looking and in good"
644;1833867;1837567;"shape, he also is a
professional handyman."
645;1837567;1840266;"And if by fixing some shutters
and blinds around the house is"
646;1840266;1842800;"gonna get her panties wet,
so be it."
647;1842800;1853000;"I'll try it.
(hammering)"
648;1853000;1855867;">> KOURTNEY: What are you doing?
>> SCOTT: Where have you been?"
649;1855867;1859867;"I wrote you 98 times
on text message."
650;1859867;1864967;"You like what you see?
>> KOURTNEY: Why are you"
651;1864967;1867133;"hammering something?
>> SCOTT: I've been waiting for"
652;1867133;1869567;"you for so long to get back
here."
653;1869567;1871900;">> KOURTNEY: Wait, why do we
even need something done out"
654;1871900;1874400;"here?
I would love if you literally"
655;1874400;1876934;"knew how to do some, like,
chores."
656;1876934;1879233;">> SCOTT: I just knocked those
nails back."
657;1879233;1881233;">> KOURTNEY: What nails?
>> SCOTT: They were sticking"
658;1881233;1883367;"out.
I can't quit you."
659;1883367;1886834;"Don't you get it?
This is what you wanted."
660;1886834;1889000;"I'm here.
I'm working on the house."
661;1889000;1890934;">> KOURTNEY: This is not what I
want."
662;1890934;1892934;">> SCOTT: Come on, this isn't
romance?"
663;1892934;1895300;"What more can I do?
You watch these movies."
664;1895300;1897734;"You tell me they're real.
So, I'm putting them to life."
665;1897734;1901266;"I mean, I feel like all you want
is something that I'm not, and"
666;1901266;1904266;"I don't know what else to do.
>> KOURTNEY: I want you to just"
667;1904266;1908100;"be, like, attentive, and even,
like, yesterday when we went to"
668;1908100;1910533;"lunch, literally the whole time
you were on your cell phone."
669;1910533;1912633;"I don't think you spoke to us
one time."
670;1912633;1914633;">> SCOTT: I was working.
>> KOURTNEY: I don't care."
671;1914633;1918166;"So don't join us.
Scott just doesn't get it."
672;1918166;1920600;"He's making fun of something
that I find important."
673;1920600;1923467;">> SCOTT: All right, I'm gonna
put my tools away."
674;1923467;1926133;"Unless you wanted a little of
that."
675;1926133;1928500;"Maybe a little of this.
>> KOURTNEY: I once found Scott"
676;1928500;1932133;"to be charming, but while I'm
pregnant, I don't at all."
677;1932133;1934967;"I'm all good.
Hey, stop."
678;1934967;1936834;"I don't like that thing."
679;1941934;1944233;">> KRIS: So, I think that
Brandon and Leah are really"
680;1944233;1946467;"talented.
Bruce has been putting a lot of"
681;1946467;1949100;"pressure on me to meet with
Brandon, so today's the day I'm"
682;1949100;1951200;"gonna meet with him at my
office."
683;1951200;1953033;"Hey, Brandon.
>> KIM: Hi."
684;1953033;1955133;">> BRANDON: How's it going?
>> KRIS: I love your hair."
685;1955133;1956967;">> BRANDON: Yeah?
>> KRIS: I feel a little nervous"
686;1956967;1959834;"about talking to Brandon by
myself, so I'm bringing Kim"
687;1959834;1964000;"along to kind of break the ice.
So, I wanted to meet with you"
688;1964000;1967900;"today because your dad has been
talking to me a lot about you"
689;1967900;1970467;"over and over.
Your dad showed Kenny and I the"
690;1970467;1972700;"video.
Loves it. I loved it."
691;1972700;1975200;"It was really, really good.
You guys are really talented."
692;1975200;1977233;">> BRANDON: Thank you.
>> KRIS: So, Kenny, he's really"
693;1977233;1979734;"excited about, like, getting
together with the two of you and"
694;1979734;1982734;"maybe seeing where we can go
with it."
695;1982734;1987967;">> BRANDON: I-I think that it
would be difficult..."
696;1987967;1992000;"to have you being my step-mom
and my manager."
697;1992000;1995400;"I don't know if that makes a ton
of sense."
698;1995400;1997867;">> KOURTNEY: So, are you
claiming that you made this"
699;1997867;2002500;"nice, cold, hard, sticky pasta?
>> SCOTT: Come on, man."
700;2002500;2006367;"What else can I do?
Nothing I do works."
701;2006367;2008367;">> KRIS: Let's go outside
and talk."
702;2008367;2010934;"Brandon and I want to have a
little chat with you, and you"
703;2010934;2024600;"might need some fresh air.
>> BRUCE: So, what's going on?"
704;2024600;2027433;">> KRIS: Kenny and I are really
excited about seeing where we"
705;2027433;2029700;"can go with it.
>> BRANDON: I-I think that it"
706;2029700;2033266;"would be difficult to have you
being my step-mom and my"
707;2033266;2036500;"manager.
I don't know if that makes a ton"
708;2036500;2039333;"of sense.
>> KRIS: It's kind of music to"
709;2039333;2041600;"my ears.
I thought I was the only one"
710;2041600;2044266;"that was feeling like this.
I mean, it's kind of a relief,"
711;2044266;2047066;"because I felt like the
situation can go south really"
712;2047066;2049567;"fast and ruin our relationship.
>> BRANDON: Yeah, absolutely."
713;2049567;2051700;">> KRIS: Which has always been
kind of just chill."
714;2051700;2053500;"I don't want to disappoint
anybody."
715;2053500;2055700;">> BRANDON: I completely agree.
I think it would be more"
716;2055700;2057700;"difficult for you and I to...
>> KRIS: Yeah."
717;2057700;2059333;">> BRANDON: ...get into a
management situation."
718;2059333;2061633;"You know, I feel the same way as
you do."
719;2061633;2064033;"I totally understand.
>> KRIS: Brandon's right."
720;2064033;2066600;"Maybe doing business together
might really complicate our"
721;2066600;2069100;"relationship.
Well, we've got to break it to"
722;2069100;2073100;"him, and I think he feels like
I truly don't want to help you,"
723;2073100;2075700;"when in fact, I would do
anything for you that you asked"
724;2075700;2078433;"me to do.
Or that you wanted me to do."
725;2078433;2082100;"If you could come over and help
me explain it to him so he"
726;2082100;2084367;"understands it, so I'm not this
bad guy."
727;2084367;2086767;">> BRANDON: Absolutely.
>> KRIS: So will you help me do"
728;2086767;2088233;"that?
>> BRANDON: 100%, yeah, yeah."
729;2088233;2090300;">> KRIS: Okay, good.
>> BRANDON: I'm here to help."
730;2090300;2093266;">> KRIS: All right. I love you.
>> BRANDON: I love you, too."
731;2093266;2096200;"♪ ♪
>> SCOTT: Bruiser."
732;2096200;2098867;">> BRUCE: Are you coming in?
What the hell are we doing here?"
733;2098867;2101033;">> SCOTT: What do you mean,
what are we doing here?"
734;2101033;2103066;"We're going to get out
(bleep) shave."
735;2103066;2105233;">> BRUCE: Yeah, yeah.
Well, I don't need one."
736;2105233;2108000;"I already shaved, cleaned up.
What the hell do you go to"
737;2108000;2110700;"a place to shave for?
>> SCOTT: So I'm meeting Bruce"
738;2110700;2113233;"today at The Shave, and I just
really needed some time"
739;2113233;2115266;"out of my house.
He's dealt with pregnant"
740;2115266;2117433;"women before.
I know he probably would know"
741;2117433;2119934;"what I'm going through.
And maybe he'd help me out"
742;2119934;2122000;"a bit.
>> BRUCE: So how's everything"
743;2122000;2123734;"on the home front?
>> SCOTT: Lately, Kourtney has"
744;2123734;2125734;"just been...
>> BRUCE: Driving you crazy?"
745;2125734;2127800;">> SCOTT: No, different
than most."
746;2127800;2131333;"Lately, she's had these
ridiculously high expectations"
747;2131333;2134000;"for romance.
(Bruce laughs)"
748;2134000;2137033;"And she takes everything from
these movies she watches and"
749;2137033;2140166;"thinks that they're real.
It's so unrealistic."
750;2140166;2143433;">> BRUCE: Scott, now that you're
gonna have a little girl, this"
751;2143433;2146900;"is gonna be your life.
Little girls for the guy are"
752;2146900;2149700;"like the best thing that's
ever happened."
753;2149700;2153967;"They want to hold your hand,
they want to do everything."
754;2153967;2157867;"Daddy's little girl.
And then they hit about 12."
755;2157867;2161033;"It's scary as hell.
I remember with Kourtney one"
756;2161033;2165433;"time I went downstairs, and I
said, "Good morning, Kourtney.""
757;2165433;2169667;"And she looks at me and goes,
 when you talk"
758;2169667;2173633;"to me that way!"
You just go through hell until"
759;2173633;2177133;"they go off to college.
And just about that time,"
760;2177133;2180567;"your wife hits menopause.
You know, you're in bed and"
761;2180567;2183900;"you got four sets of covers
on you 'cause she's got the"
762;2183900;2187066;"air conditioner going so damn
bad that she's going, "Oh, my"
763;2187066;2190066;"God, it's so (bleep) hot
in here.""
764;2190066;2192834;"This is what you have to
look forward to."
765;2192834;2195300;">> SCOTT: Let me just stop you
there and say for a motivational"
766;2195300;2197533;"speaker, you really make life
sound like (bleep)."
767;2197533;2199834;">> BRUCE: Yeah.
>> SCOTT: I was just hoping I"
768;2199834;2202266;"was gonna get a little advice,
but you've really made me just"
769;2202266;2204367;"want to go to K-Mart
and get a gun."
770;2204367;2206967;">> BRUCE: Just be understanding.
Think ahead of her."
771;2206967;2209166;">> SCOTT: I'm all those
things already."
772;2209166;2211633;">> BRUCE: I know, but you got
to be, like, thinking ahead of"
773;2211633;2213767;"her, what her needs are
gonna be."
774;2213767;2215834;"Women love that stuff,
don't they?"
775;2215834;2218400;">> SCOTT: All right, so I bet
in an hour from now, she's gonna"
776;2218400;2220533;"want, like, a pickle and a
ginger ale."
777;2220533;2222800;"I'm asking Bruce for some advice
on what I should and shouldn't"
778;2222800;2225433;"do, and the truth is I just need
to come up with something fast"
779;2225433;2227500;"and make her happy because a
happy wife's a happy life."
780;2227500;2230834;"Wow, you look, like, glowing.
It almost looks like"
781;2230834;2233367;"you're pregnant.
>> BRUCE: Who knows? I could be."
782;2233367;2240200;"(both chuckle)
♪ ♪"
783;2240200;2241934;"(doorbell rings)
>> KRIS: Hi!"
784;2241934;2243767;">> BRANDON: How's it going?
>> KRIS: Come on in."
785;2243767;2245767;"It's going good.
>> BRANDON: How are you? Good."
786;2245767;2247934;"Good to see you.
>> KRIS: Good to see you."
787;2247934;2250100;"You look nice.
I think your dad's in here."
788;2250100;2252266;"He'll be surprised to see you.
>> BRANDON: Okay, cool."
789;2252266;2255467;">> KRIS: I'm having Brandon
come over here in the hopes that"
790;2255467;2258033;"I can convince Bruce that
Brandon and I are not gonna"
791;2258033;2260266;"work together.
Hey, honey, look who's here."
792;2260266;2263033;">> BRANDON: Well, hi.
>> BRUCE: Brandoni!"
793;2263033;2264900;"You didn't tell me he was
gonna come."
794;2264900;2267133;"Why didn't you tell me he
was coming over?"
795;2267133;2268867;">> KRIS: He wanted to
surprise you."
796;2268867;2270967;">> BRUCE: Surprise me?
I'm surprised."
797;2270967;2272834;">> KRIS: Yeah, yeah.
>> BRANDON: Nothing beats a"
798;2272834;2274767;"good surprise.
>> KRIS: Yeah. Let's go outside"
799;2274767;2276934;"and talk.
Brandon and I want to have"
800;2276934;2279266;"a little chat with you, and
you might need some fresh air."
801;2279266;2281467;"I don't know exactly how
Bruce is gonna react, but he"
802;2281467;2283600;"needs to understand that we
all love him and it has"
803;2283600;2285533;"nothing to do with Bruce.
It's just what's best"
804;2285533;2288100;"for the family.
>> BRUCE: So what's going on?"
805;2288100;2291400;">> KRIS: Well, Brandon and I
had a meeting, and we talked"
806;2291400;2297367;"a little bit about, you know,
your idea, and I think that"
807;2297367;2300934;"we're both on exactly the
same page in that we both think"
808;2300934;2305667;"the idea really sucks.
>> BRUCE: Sucks? Why?"
809;2305667;2307533;">> KRIS: Sucks.
>> BRANDON: Well, we both"
810;2307533;2309734;"have reservations."
811;2314333;2318333;"Captioning sponsored by
 BUNIM-MURRAY PRODUCTIONS"
812;2318333;2321400;">> KRIS: Brandon and I talked a
little bit about, you know,"
813;2321400;2323934;"your idea, and I think that
we're both on exactly the"
814;2323934;2328867;"same page, in that we both think
the idea really sucks."
815;2328867;2331033;">> BRANDON: Well, we both
have reservations about getting"
816;2331033;2334367;"involved on a business level,
because we have a good dynamic"
817;2334367;2337100;"as family.
>> BRUCE: We got a good dynamics"
818;2337100;2339934;"as a family here, but we do a
lot of business."
819;2339934;2342100;">> BRANDON: No, I know, but
it's a different dynamic."
820;2342100;2343934;">> KRIS: It's different.
>> BRANDON: I just think that"
821;2343934;2346233;"it makes more sense to keep our
relationship as is."
822;2346233;2349066;">> KRIS: And I also want you
to know it's not that I don't"
823;2349066;2351900;"want to do something, it's that
I don't want to let Brandon down"
824;2351900;2354200;"and he doesn't want to
let me down."
825;2354200;2356467;"And we both agreed that it's
the right thing for our"
826;2356467;2358400;"family dynamic.
>> BRANDON: I appreciate"
827;2358400;2361467;"your help, but what means more
to me, honestly, is how proud"
828;2361467;2365600;"you are of us, and how you do
come out to shows and how she"
829;2365600;2368600;"was telling me that you play
the video for people when they"
830;2368600;2371233;"come over, and that you're proud
to show them that video."
831;2371233;2373967;"And that means more to me than
anything else."
832;2373967;2377400;"And that's, that's huge.
And that's all I really,"
833;2377400;2379633;"absolutely all I ask."
834;2381834;2384734;">> BRUCE: All I want is for you
guys to get what you"
835;2384734;2387500;"guys deserve.
I certainly live with"
836;2387500;2389633;"your decision.
Not a problem at all."
837;2389633;2394066;"You know, throughout the years,
we have been through a lot as"
838;2394066;2398333;"a blended family, and I don't
want any of those things that"
839;2398333;2402467;"went on in the past to affect
their future, so maybe it is"
840;2402467;2405066;"a little bit too close, but as
a parent, I'm still gonna"
841;2405066;2407433;"support him and do everything
I can to help Brandon and"
842;2407433;2409467;"Leah out.
We're here to help."
843;2409467;2411400;">> BRANDON: Of course.
>> KRIS: Any time you need us,"
844;2411400;2413266;"we're there for you, Brandon.
Any time."
845;2413266;2414834;">> BRANDON: Absolutely.
I really appreciate that."
846;2414834;2416934;">> KRIS: All you have to do
is ask, honey."
847;2416934;2418834;">> BRANDON: Thank you.
>> BRUCE: Okay, then I'll"
848;2418834;2420700;"manage you.
>> BRANDON: Now we're talking."
849;2420700;2422333;">> KRIS: Perfect.
>> BRANDON: Yes!"
850;2422333;2424567;">> KRIS: You go for it, honey.
>> BRUCE: Why are you"
851;2424567;2426300;"guys laughing?!
>> BRANDON: Now we're talking."
852;2426300;2428200;"I love it.
>> BRUCE: Yeah, yeah! See?"
853;2428200;2430300;">> BRANDON: I like that.
>> BRUCE: We don't need you,"
854;2430300;2432233;"honey.
I'll do it."
855;2432233;2434200;">> BRANDON: There you go.
>> KRIS: Okay, that... Yeah."
856;2434200;2436266;"♪ ♪"
857;2439900;2444934;">> KIM: Oh, my gosh. Seriously?
For me?"
858;2444934;2447867;">> SCOTT: Oh, come on.
>> KIM: Seriously?"
859;2447867;2451367;"I'm gonna go grab Mason.
Okay, so Mason's gonna"
860;2451367;2453300;"sleep over.
You have the night to yourself."
861;2453300;2455500;"Call me. Let me know.
>> SCOTT: Thank you."
862;2455500;2457900;"Hopefully, some real
magic happens."
863;2457900;2460667;">> MASON: Bye.
>> KIM: Say, "Good luck.""
864;2460667;2463200;">> MASON: Bye.
>> SCOTT: Love you, Mase."
865;2463200;2465333;">> MASON: Bye.
>> SCOTT: You know, I feel like"
866;2465333;2468433;"I've really been losing this
battle of trying to get Kourtney"
867;2468433;2471500;"to realize that I am romantic.
I'd really hoped to just sweep"
868;2471500;2474333;"her off her feet with this
last gesture."
869;2474333;2477000;"And if this doesn't work, I 
think I'm hanging up the old"
870;2477000;2478867;"tool belt, no pun intended."
871;2481433;2484467;"Yo.
>> KOURTNEY: Why are you all"
872;2484467;2486867;"dressed up?
>> SCOTT: There's a big night"
873;2486867;2489433;"in front of us.
>> KOURTNEY: What is"
874;2489433;2491667;"the big night?
I planned a romantic dinner"
875;2491667;2493333;"for us.
>> KOURTNEY: Flowers?"
876;2493333;2495533;"Ooh, candles.
>> SCOTT: Just wanted to have"
877;2495533;2497934;"a little something, you know,
kind of nice for us."
878;2497934;2500433;">> KOURTNEY: This is nice.
>> SCOTT: Do you want a drink?"
879;2500433;2502800;">> KOURTNEY: I'll have a water.
>> SCOTT: Sparkling or flat?"
880;2502800;2504433;">> KOURTNEY: Sparkling.
>> SCOTT: All right."
881;2504433;2506667;">> KOURTNEY: This looks good.
>> SCOTT: It should be."
882;2506667;2509066;"You've been watching all these
romance movies, and the truth is"
883;2509066;2511734;"I feel like, you know, we do
have to spice up our"
884;2511734;2514200;"relationship a little bit,
and, you know, try to be"
885;2514200;2516700;"romantic from time to time.
>> KOURTNEY: Can I get"
886;2516700;2518467;"that water?
>> SCOTT: Coming right up,"
887;2518467;2521600;"Buford.
>> KOURTNEY: Cheers."
888;2521600;2524600;">> SCOTT: Cheers.
>> KOURTNEY: So, are you"
889;2524600;2527033;"claiming that you made this?
>> SCOTT: I'm not claiming"
890;2527033;2529400;"anything.
>> KOURTNEY: Cold. Nice, cold,"
891;2529400;2532600;"hard, sticky pasta.
>> SCOTT: Come on, man."
892;2532600;2535934;"I'm trying. What else can I do?
>> KOURTNEY: No, it's great."
893;2535934;2537900;">> SCOTT: Obviously,
I can't cook."
894;2537900;2540867;"I tried that.
I even looked at a Martha"
895;2540867;2542734;"Stewart cookbook.
That was taking too long."
896;2542734;2545266;"Nothing I do works.
I just want you to be happy,"
897;2545266;2547200;"that's all.
>> KOURTNEY: There is something"
898;2547200;2549200;"really romantic about how hard
you've been trying."
899;2549200;2552400;">> SCOTT: Well, thanks.
I mean, I really have been"
900;2552400;2554266;"trying.
>> KOURTNEY: I know I'm not the"
901;2554266;2558100;"easiest person, especially when
I'm pregnant and hormonal."
902;2558100;2561400;"Scott definitely does a lot for
me that is romantic."
903;2561400;2567667;"I just need to make sure that
I appreciate him."
904;2567667;2571367;"You are being very romantic.
I'm just very hormonal right"
905;2571367;2575166;"now, so I know I'm being
hard on you."
906;2575166;2577934;">> SCOTT: All I care about is
you being happy."
907;2577934;2580800;"I'm so relieved that Kourtney's
finally starting to realize"
908;2580800;2585000;"that it doesn't take a movie
star-type romantic role to make"
909;2585000;2588066;"someone happy.
It just takes genuine love"
910;2588066;2591300;"and care, and I have that.
I love you."
911;2591300;2594500;">> KOURTNEY: I love you more.
>> SCOTT: Bring it in for the"
912;2594500;2597400;"real thing, bitch.
>> KOURTNEY: That's nice."
913;2597400;2603700;">> SCOTT: Only kidding.
Watch my spray tan."
914;2603700;2606700;"I can't quit you!
 Keeping Up"
915;2606700;2608834;"with the Kardashians...
>> SCOTT: You know my friend"
916;2608834;2611100;"Kimmy?
>> WOMAN: Hey, guys!"
917;2611100;2613100;">> KIM: Oh, my God,
it says (bleep)!"
918;2613100;2616200;"This Web site's crazy.
>> MAN: You look fantastic."
919;2616200;2618667;">> KRIS: Thanks.
I left my husband for this guy."
920;2618667;2620867;">> MAN: Good to see you.
>> KRIS: Thank you."
921;2620867;2622800;">> MAN: Don't let go.
>> KRIS: No, he looked"
922;2622800;2624867;"really good.
>> KOURTNEY: Are you gonna tell"
923;2624867;2626734;"Bruce you ran into him?"