﻿Number;Start time in milliseconds;End time in milliseconds;"Text"
1;3533;4900;"Keeping Up
with the Kardashians..."
2;4900;7700;"We do everything together.
I would love something on my"
3;7700;10100;"own.
>> KHLOE: Kim wanting to branch"
4;10100;12967;"out and do things on her own?
That's insulting to me."
5;12967;20166;">> ROB: I've always wanted to
open up, uh, a men's Dash store."
6;20166;22667;"And I feel like my mom doesn't
take me seriously."
7;22667;25266;"I told you this for years.
Kim is selfish obviously,"
8;25266;27200;"doesn't ever want to include me
in anything."
9;27200;28567;">> KIM: My job is to help you
out?"
10;28567;30000;">> ROB: No.
>> KIM: You're not a (bleep)"
11;30000;31533;"charity case.
Get a job."
12;31533;33266;">> KHLOE: I feel like we have a
lot to say."
13;33266;36600;"We need a group family therapy
session."
14;36600;38467;">> ROB: When there's a business
opportunity, all they care about"
15;38467;40767;"is the three girls.
>> NICKI: You look sad."
16;40767;43567;"Am I misreading you?
(Rob crying)"
17;43567;56934;">> KHLOE: I really had no idea
it was going to go this deep."
18;56934;62233;">> NICKI: What's going through
your mind?"
19;62233;67333;">> KHLOE: Did you just need to
cry?"
20;67333;70934;">> NICKI: I understand that.
What do you think-- what would"
21;70934;73700;"you like to have happen?
>> ROB: All I care about is,"
22;73700;78000;"like, saying yes to my mom,
making her happy, doing whatever"
23;78000;81867;"my sisters want to make them
happy, and I feel like, when it"
24;81867;88834;"comes to the easiest thing, they
don't..."
25;88834;93834;">> KIM: I mean, I feel bad for
him for sure, but I also think"
26;93834;96066;"he might need to, like, take
responsibility, like..."
27;96066;97900;">> KOURTNEY: Well, obviously.
>> KRIS: I just think-- I like"
28;97900;101033;"it when he gets vulnerable
because I feel like he needs to"
29;101033;104033;"break those walls down.
He's so angry."
30;104033;109166;">> ROB: I'm frustrated that, uh,
I want to, um, just do certain"
31;109166;112667;"things, like, in a business
sense and I feel like my dad,"
32;112667;114967;"like, would have understood me.
>> NICKI: I just don't think"
33;114967;116567;"this is the issue.
>> KHLOE: No, it's so much more."
34;116567;119066;">> NICKI: This is the, this is
the sup-- you know, this is the"
35;119066;121266;"top-layer issue.
You've been running from all of"
36;121266;124000;"these feelings.
You feel like, um, one of those"
37;124000;127867;"steam kettles sitting on the, on
the stove with the fire on, just"
38;127867;129867;"full of feelings.
You've been running from"
39;129867;133033;"yourself from my point of view,
Robert."
40;133033;134667;"You've been running from all of
these feelings."
41;134667;138033;">> KHLOE: Do you want to sit
back down?"
42;138033;142066;"(Rob crying)
>> NICKI: I got you."
43;142066;159400;"It's okay.
Let me see your face."
44;159400;162734;">> KRIS: Hey, Rob, you okay?
>> KHLOE: Did you miss us?"
45;162734;168033;">> KOURTNEY: Yes.
>> KRIS: We did miss you."
46;168033;172133;">> NICKI: The context of
connection and communication,"
47;172133;176300;"which is really this, is you
have permission to deal with"
48;176300;179667;"your feelings.
What I'm looking at is, what are"
49;179667;184400;"the underlying issues?
Clearly these feelings are"
50;184400;189600;"coming through because of your
relationship to all of these"
51;189600;192567;"women.
In a family like this that's so"
52;192567;196533;"intensely related to each other,
it's challenging, you know."
53;196533;200166;">> KRIS: It's challenging.
I think I'm the happiest when"
54;200166;201834;"they're happy.
>> NICKI: Yeah."
55;201834;204900;">> KRIS: And lately I feel like
Kim's been in a really good"
56;204900;207767;"place, Kourtney is excited about
her baby, Khloe's been really"
57;207767;210000;"happy to be back in L.A., and
then that one..."
58;210000;211800;"(voice breaking): Now I'm gonna
cry."
59;211800;213767;"It's just...
>> NICKI: It's okay."
60;213767;219533;">> KRIS: He is not in a very
good mood hardly ever, so it"
61;219533;223467;"makes me really sad because
there's something there that is"
62;223467;226367;"just sad all the time.
(Rob crying)"
63;226367;230467;"It's like a little knife, like
every single day, just digging"
64;230467;235900;"because he's the one who seems
lost, and I feel like I can't do"
65;235900;240567;"anything about it.
I think that grief just doesn't"
66;240567;244000;"go away.
Robert feels like these are big"
67;244000;247266;"decisions he needs to make in
his life and maybe he's not"
68;247266;250900;"getting what he needs from all
of us, and he might have gotten"
69;250900;254467;"it from his dad, you know, and
he's not here and I'm sure that"
70;254467;257166;"that's painful.
>> NICKI: You know, he's so"
71;257166;259767;"worried about making you happy,
Kris, he is."
72;259767;262700;"He's so worried.
He's worried about making"
73;262700;264900;"everybody else happy.
He doesn't want to let the"
74;264900;266834;"family down.
>> KRIS: You're not going to let"
75;266834;269333;"us down, Robert, if you follow
your heart."
76;269333;271934;">> ROB: It just frustrates me
that, like, we're supposed to be"
77;271934;275900;"a family and a team, and when
there's an opportunity to be in"
78;275900;278333;"the mix or even to do
something..."
79;278333;280100;">> KIM: You say you want
something."
80;280100;282033;"Well, no one ever gave me
anything."
81;282033;283633;"Like, I worked.
I wanted something, I made it"
82;283633;285333;"happen.
Kourtney wants something, she"
83;285333;286767;"makes it happen.
Khloe wants something, she makes"
84;286767;288367;"it happen.
Rob, you're cut from the same"
85;288367;290300;"cloth...
>> ROB: The majority of the time"
86;290300;292033;"together, you three girls.
>> KIM: I mean, a lot of the"
87;292033;293900;"things are, like, that we do
together are our makeup line and"
88;293900;295533;"our nail polish, and that stuff
isn't appropriate for you."
89;295533;297734;">> ROB: No, and I get it and I
say that, but you have not..."
90;297734;299734;">> KIM: But we would do anything
for you and we've asked you so"
91;299734;301333;"many times.
>> ROB: But I've said this so"
92;301333;302867;"much, though.
>> KOURTNEY: I think we all get,"
93;302867;306100;"like, caught up, though, in our
stuff that's going on in our own"
94;306100;307800;"lives and that...
>> ROB: Which is fine, you're"
95;307800;310333;"busy, but...
>> KIM: I've always been, like,"
96;310333;313066;"the type-- like, just hustle and
do it on your own, so I feel"
97;313066;316033;"like sometimes when you want
help, I'm like, "You're not"
98;316033;319233;"directing us," and I told Mom
this is exactly what I want to"
99;319233;322567;"do, so she made it happen.
So I think we would all help you"
100;322567;326633;"if you had a little bit more
guidance to us."
101;326633;330033;"If you really think about it, it
could be so intimidating to have"
102;330033;334000;"three sisters that are m-- you
know, successful and then being,"
103;334000;337066;"like, the one boy.
It must be hard being around us."
104;337066;340300;"I completely understand it, but
there's something that I just"
105;340300;343867;"don't get-- why it doesn't
motivate him, though."
106;343867;347133;"My mom isn't a typical manager
and that's where she needs to"
107;347133;350133;"divide her time a little bit
better."
108;350133;353233;"She is doing the best she can
and I feel bad for her that,"
109;353233;356166;"like, all of us are really mean
to her when, like, it's not her"
110;356166;357934;"fault.
(crying): And that's why I"
111;357934;359900;"always have her back-- 'cause I
don't think it's her fault."
112;359900;362600;"I think she just doesn't know
how to raise, like, a son that"
113;362600;364800;"well.
That was, like, Dad's thing, and"
114;364800;368300;"now that Dad's not here it's,
like, no one's fault, you know,"
115;368300;370867;"so, like, I don't think any of
us know what we're doing."
116;370867;373500;"With our career, I think Mom and
I just were lucky and we, like,"
117;373500;375066;"made it happen.
>> ROB: Yeah."
118;375066;377233;">> KIM: I wouldn't know what to
do with, like..."
119;377233;379700;"I know what to do with me, and
then I'm like, "Girls, come"
120;379700;381633;"along."
Some things, I don't even know"
121;381633;384300;"what I'm doing, and it's just,
we all do it, but I feel bad"
122;384300;386834;"that, like, everyone, like, is
so mean to Mom 'cause I just..."
123;386834;389266;"She does what she can with the
girls."
124;389266;391433;"That's her thing-- girls, you
know."
125;391433;393900;"It's, like, hard to explain, but
it's, like, how I feel."
126;393900;397367;">> NICKI: No, you're, you're
explaining it very well."
127;397367;399834;"Kim, how old were you when Dad
died?"
128;399834;401533;">> KIM: 22.
>> NICKI: You were 22?"
129;401533;405333;"And how was that last time for
you?"
130;405333;408000;">> KIM: It's like, when
someone's sick, you just do what"
131;408000;411400;"you got to do and take care of
them, and I think I handled it"
132;411400;413533;"really well.
I spoke at his funeral."
133;413533;415533;"I don't think any of them would
have been able to."
134;415533;419700;"I was pretty together.
I worked in his office."
135;419700;421967;"I was, like, the last one
working at his office at that"
136;421967;423333;"point.
>> KHLOE: I was working there,"
137;423333;425266;"too.
>> KIM: At the time he died, I"
138;425266;427500;"think it was just me.
>> KHLOE: I was there, too."
139;427500;430033;">> KIM: Oh, I don't remember,
but I don't..."
140;430033;432367;"Because I would always leave to
bring him lunch, so I really"
141;432367;434200;"don't remember that.
I think the last six months..."
142;434200;435767;">> KHLOE: Why are you taking
away something that I...?"
143;435767;437367;">> KIM: I don't remember it.
(Rob chuckles)"
144;437367;438800;">> KHLOE: Okay, I'll go with
your story."
145;438800;440500;">> KIM: I'm not taking it away.
I just don't remember you"
146;440500;441834;"working there.
>> KHLOE: Okay."
147;441834;444200;">> ROB: You're very good at
that, by the way."
148;444200;446600;">> KHLOE: If Kim doesn't
remember things the way I"
149;446600;449033;"remember it, Kim will call me a
liar."
150;449033;451767;"She does it to me all the time.
You're not right all the time."
151;451767;453467;">> KIM: You and I never worked
together at the same time."
152;453467;455166;"We had the same position.
>> KHLOE: I never said I worked"
153;455166;457900;"with you.
>> KIM: But I was..."
154;457900;459700;"It doesn't matter, the fact
doesn't matter, but..."
155;459700;461467;">> NICKI: Why is this important
here?"
156;461467;463433;">> KIM: 'Cause she just lies
about every-- like, little"
157;463433;466934;"things all the time to, like, I
think, to invalidate other"
158;466934;469300;"people.
>> KHLOE: So it's me who's"
159;469300;471667;"fabricating the story?
>> KIM: I'm trying to sit there"
160;471667;475333;"and be supportive and listen to
everyone's issues, but I'm just"
161;475333;479200;"feeling so attacked.
I just would rather get out of"
162;479200;481700;"the situation and not be here.
I mean, I don't even care."
163;481700;483066;">> NICKI: But you do care.
>> KIM: Not really."
164;483066;484667;">> NICKI: Really?
'Cause it feels like you care."
165;484667;486400;">> KIM: I'm just annoyed because
I've been sitting here for a"
166;486400;488400;"long time and I have somewhere
else to go now, so I'm just"
167;488400;490800;"annoyed.
>> KHLOE: Oh, my gosh, the"
168;490800;492567;"attitude.
>> KRIS: You're shutting them"
169;492567;494300;"out.
>> KIM: They're just being"
170;494300;496133;"blatantly rude and not
responding."
171;496133;498133;">> KRIS: Go make it okay.
>> KIM: This is really stupid."
172;498133;500033;"I've tried.
>> KRIS: You sent an e-mail."
173;500033;502333;"They take offense to that.
>> KHLOE: Hey, I'm sorry if I"
174;502333;505600;"invalidate you.
The e-mail is not sincere in my"
175;505600;507533;"opinion.
I was trying to do therapy,"
176;507533;509700;"thinking it would make everyone
happy."
177;509700;511600;"It backfired."
178;515066;516734;"♪ ♪"
179;520767;523000;">> ANN: Hi.
>> KYLIE: Hi."
180;523000;525033;">> ANN: Hi.
>> KYLIE: How are you?"
181;525033;527834;">> ANN: Good to see you.
>> KENDALL: So, my mom got Kylie"
182;527834;531400;"and I this wonderful opportunity
to be west coast contributors"
183;531400;533633;"Seventeen Magazine.
We are in New York"
184;533633;535967;"and I'm so excited.
Not everyone gets to do this."
185;535967;538266;">> WOMAN: Are you excited to
 Seventeen?"
186;538266;540467;">> BOTH: Yes.
>> KYLIE: I think we're both so"
187;540467;542667;"excited.
 it's"
188;542667;546633;"Kendall and Kylie Jenner and we
are going to answer some"
189;546633;549100;"questions for you.
>> KENDALL: Bye."
190;549100;550000;">> MAN: See ya, thanks."
191;553967;557233;">> MICKI: After you.
So, June 5 is still"
192;557233;563266;"the end of school?
>> COCO: So, I want you to just"
193;563266;565700;"look at the mirror and you're
just gonna play with your"
194;565700;570100;"facial expressions.
>> KYLIE: It's really fun and I"
195;570100;574200;"would never not want to do it,
but it's just so hard when you"
196;574200;576533;"miss school, even though it's
only a few days."
197;576533;580333;"It's like, it's a crucial
few days."
198;580333;583300;">> KENDALL: What a long day.
>> KYLIE: I know. I'm so tired."
199;583300;594033;">> KENDALL: I'm exhausted.
♪ ♪"
200;594033;597133;">> KOURTNEY: Thank you.
>> KHLOE: My sisters and I"
201;597133;599834;"quickly have to change because
we have an appearance"
202;599834;603166;"Jimmy Kimmel Live,
which is awkward"
203;603166;606333;"coming out of this very
emotional therapy session."
204;606333;611867;"Kim is being quiet,
distant and just different."
205;611867;616133;"Not that I really care if she
speaks right now 'cause she"
206;616133;621333;"said some really unforgivable
things in therapy."
207;621333;631567;">> KHLOE: Oh my God.
>> KIM: Okay, so, um..."
208;631567;634867;"...and then just cut it off.
Oh my God."
209;634867;637834;">> WOMAN: You would tear it.
You know, like..."
210;637834;642533;">> KIM: Yeah.
>> MAN: Shall we?"
211;642533;644734;">> KHLOE: We shall.
>> MAN: Good luck, girls."
212;644734;646867;">> WOMAN: Good luck.
>> KOURTNEY: Oh, thank you."
213;646867;649066;">> KHLOE: Let's do more than
good."
214;649066;655233;"It's amazing.
>> MAN: Come on, guys."
215;655233;657700;"(Audience applauds)"
216;667133;672700;">> KENDALL: Look at Brandon.
>> KYLIE: Is Leah in it?"
217;672700;676300;">> KENDALL: I don't know.
>> KRIS: What are you guys"
218;676300;680266;"doing?
You're watching videos?"
219;680266;682567;"You should be doing your
homework instead of goofing off."
220;682567;684834;">> KENDALL: We just went
to New York for three days"
221;684834;686834;"and missed so much school,
and we don't have"
222;686834;689033;"any of our stuff, so we're
waiting for our friends to email"
223;689033;691400;"our stuff to us.
>> KYLIE: One reason why we"
224;691400;693400;"should be homeschooled.
>> KRIS: Kendall and Kylie have"
225;693400;695400;"been asking me to be
homeschooled for months."
226;695400;697400;">> KYLIE: It's so hard to keep
up."
227;697400;699033;">> KENDALL: We miss 'cause
we're working."
228;699033;701066;">> KYLIE: I sit there in class
and I don't know anything and it"
229;701066;703033;"makes me feel so dumb.
>> BRUCE: What can we do"
230;703033;704433;"to help you?
>> KYLIE: Homeschooling or"
231;704433;706800;"something.
So I can be at my own level."
232;706800;709100;">> KRIS: I'm against it
because I don't want them to"
233;709100;711567;"miss out on that high school
experience."
234;711567;713700;"Absolutely not.
>> KENDALL: We miss so much"
235;713700;716734;"school and, like, to get our
work done, that's not easy."
236;716734;719734;"Kylie and I usually work
together a lot, whether it's"
237;719734;722467;"photo shoots or interviews and
I'm so thankful for it and I"
238;722467;725500;"love doing it, but it is kind of
hard to keep up with"
239;725500;727500;"school work.
>> STYLIST: Here look up"
240;727500;729533;"a little bit.
If you want me to finish it,"
241;729533;732300;"you got to look up.
Okay, I love you, but"
242;732300;735967;"I don't want to be here all day.
You're gonna put this down"
243;735967;737967;"so I can finish.
>> KENDALL: It does make a lot"
244;737967;740533;"of sense for us to both do
homeschooling."
245;740533;742834;">> KRIS: Do your home work
and then you won't feel like"
246;742834;745300;"you're so far behind.
And you should be studying"
247;745300;747300;"while you're on the road.
>> KENDALL: We were away."
248;747300;749300;"What are we supposed to do?
We're trying to get all our"
249;749300;751333;"stuff.
>> KRIS: Okay, well, you have"
250;751333;753667;"to learn how to multitask.
When I'm away, I don't let my"
251;753667;755734;"work slough off.
Do I?"
252;755734;758266;">> KENDALL: Sick, Mom, sick.
>> KRIS: And please pick the gum"
253;758266;761000;"off of the top of the water
bottle, and throw it away."
254;761000;764500;"That's not right.
Where are your manners?"
255;764500;767467;"Okay? And absolutely
no homeschooling, girls."
256;767467;771233;"Come on, chop, chop.
Turn that off, Kendall,"
257;771233;772867;"and get to your homework."
258;775233;777133;"♪ ♪"
259;787367;790767;">> KHLOE: Choppy day.
I have total nipple action."
260;790767;794433;"I told Lamar about our therapy
session."
261;794433;796500;">> ROB: Figured you did.
>> KHLOE: Why?"
262;796500;799000;">> ROB: Because he texted me and
said, "Is everything okay" or"
263;799000;801567;"something.
>> KHLOE: Did you ever reply to"
264;801567;804467;"Kim and her email?
>> ROB: No."
265;804467;808367;">> KHLOE: Kim sent my mom,
Kourt, Rob and I an apology"
266;808367;812200;"email for therapy.
"Rob, I'm sorry if we haven't"
267;812200;814734;"helped you enough.
"Khloe, you're right."
268;814734;817333;"Make it more about family than
"business because that's all we"
269;817333;820934;"have, so Robby, let's all sit
"down and talk about what's your"
270;820934;823767;"next move and we will pitch in.
"Khloe, I am sorry if I"
271;823767;825600;"invalidate you and your
memories.""
272;825600;828567;"(Khloe laughs)
You know, the email is just not"
273;828567;832233;"very sincere, in my opinion.
So, she kind of just, I feel,"
274;832233;834266;"like doesn't want to deal with
this anymore and just wants to"
275;834266;836700;"move on.
I never responded."
276;836700;838433;">> ROB: I never responded
either."
277;838433;841000;"She obviously felt really
guilty, which is why she emailed"
278;841000;842734;"us.
>> KHLOE: Right."
279;842734;845633;">> ROB: If you were really like
saying something from the heart,"
280;845633;847700;"you would say it to them
personally and not give a"
281;847700;849734;"(bleep) about what everyone else
thinks."
282;849734;851200;">> KHLOE: Right.
We were getting along really"
283;851200;853333;"well for a minute.
It's sad that it can't last"
284;853333;855100;"long.
>> ROB: Huh."
285;855100;856834;">> KHLOE: Because I was trying
to do therapy thinking it would"
286;856834;861800;"make everyone happy, but I feel
like it kind of backfired."
287;861800;868500;">> ROB: I don't know.
♪ ♪"
288;868500;872133;">> KRIS: Kim.
>> KIM: Hey."
289;872133;874700;">> KRIS: Either this mirror is
very unflattering or I look like"
290;874700;878100;"a cow with udders.
>> KIM: Really."
291;878100;880333;">> KRIS: What's going on?
>> KIM: Just making a little"
292;880333;882266;"soup...
>> KRIS: You are?"
293;882266;884200;"I brought my lunch inside.
>> KIM: Chicken soup for my"
294;884200;885967;"soul.
>> KRIS: So, Kourtney's, you"
295;885967;889333;"know, just waiting for baby.
She's getting a little anxious."
296;889333;891800;">> KIM: Speaking of Kourt, she
hasn't even responded to my"
297;891800;894533;"emails.
No one has, actually."
298;894533;898367;"So, I send out my email and
nobody responds."
299;898367;902300;"That's really not like anyone.
I think it's just so rude."
300;902300;904867;">> KRIS: Maybe they feel like,
you know, you're shutting them"
301;904867;906667;"out.
>> KIM: How would I ever shut"
302;906667;908233;"them out?
We do everything together."
303;908233;909800;">> KRIS: Right.
I think..."
304;909800;911367;">> KIM: That's my point.
I just want to do a couple"
305;911367;913066;"things by myself.
>> KRIS: I understand exactly"
306;913066;914900;"where you're coming from and I
don't think there's anything"
307;914900;917800;"wrong with that, but there's
been so many stories where"
308;917800;921300;"people start off as a group and
then when one person decides to"
309;921300;925100;"go off on their own, they might
see that as a sign of the"
310;925100;927533;"beginning of the end.
Do you know what I mean?"
311;927533;929500;"They might feel very threatened
by your..."
312;929500;931033;">> KIM: But I've reassured them
that it's not."
313;931033;933600;">> KRIS: I think that right now,
your sisters need a little more"
314;933600;936767;"conversation.
So, you need to go make it okay."
315;936767;938867;">> KIM: I'm not the one that's
holding a grudge..."
316;938867;941233;">> KRIS: You emailed them!
Maybe they take offense to that."
317;941233;943834;"These are things that you
discuss in person, Kim."
318;943834;946033;">> KIM: This is really stupid.
I've tried."
319;946033;948233;"They're just being blatantly
rude and not responding."
320;948233;951367;">> KRIS: All right, little Miss
Stubborn."
321;951367;955800;"Good luck with that if you're
not going to reach back out."
322;955800;958300;">> MAN: Mrs. Jenner, uh, may I
call you Kris?"
323;958300;960066;">> KRIS: Where are you calling
from?"
324;960066;962000;"Kendall and Kylie went behind my
back."
325;962000;964467;"Your friend Mel called me.
You can't do things like that."
326;964467;966700;"Sometimes your parents know
best."
327;966700;969433;">> KIM: We went to therapy so we
would learn about each other."
328;969433;971767;"I took the time.
I wrote you guys and the fact"
329;971767;979166;"that no one responded was kind
of rude of all of you."
330;979166;981066;"♪ ♪"
331;982900;986333;">> BRUCE: Kendall, why don't
you put your plate out here?"
332;986333;988333;"Plate.
Plate."
333;988333;990300;">> KENDALL: Plate.
>> BRUCE: Kylie, could we have"
334;990300;995600;"dinner without that thing on
your face?"
335;995600;1000734;"(Kendall laughs)
>> BRUCE: Actually, the wool up"
336;1000734;1003400;"against your face will give you
pimples."
337;1003400;1005800;">> KENDALL: Ooh, Kylie.
>> BRUCE: How's everything been"
338;1005800;1008200;"at school?
>> KENDALL: Fantastic."
339;1008200;1010433;"Psych.
Me and Kylie are already checked"
340;1010433;1013900;"out.
>> BRUCE: I know you're very"
341;1013900;1017734;"busy, but have you had a chance
to talk to anybody about"
342;1017734;1020734;"homeschooling?
>> KRIS: I haven't."
343;1020734;1022734;">> KENDALL: Um, do you want me
to fail this school year?"
344;1022734;1024700;">> KRIS: No, I don't want you to
fail at anything in your life."
345;1024700;1026333;">> BRUCE: You had a "B" average
last semester."
346;1026333;1027667;"You can at least...
>> KENDALL: That's last"
347;1027667;1029467;"semester.
It's not as hard as the second"
348;1029467;1031133;"semester.
>> BRUCE: You can hold on."
349;1031133;1032834;">> KYLIE: Even like, my self
esteem when I get a "C" on a"
350;1032834;1035400;"test and all my friends got "A"s
and I was like in the worst"
351;1035400;1037333;"mood.
It's like killing me."
352;1037333;1038900;">> KRIS: I just feel like you
guys aren't making the same"
353;1038900;1040600;"effort that you made last
semester."
354;1040600;1044266;"You've kind of, like, mentally
checked out, and I don't think"
355;1044266;1046800;"you're trying anymore, and
you're trying to push me into"
356;1046800;1049233;"a corner so that I say...
>> KENDALL: I'm not trying to do"
357;1049233;1051333;"anything!
We'll just not get good grades"
358;1051333;1053767;"on our report card. Whatever.
>> KRIS: So you're going to show"
359;1053767;1055400;"yourself?
>> KENDALL: No, I'm not doing"
360;1055400;1057400;"this on purpose!
>> BRUCE: So maybe we've got"
361;1057400;1059367;"to prioritize more.
>> KRIS: It's they're working"
362;1059367;1061700;"24 hours a day.
Kendall and Kylie have such"
363;1061700;1064066;"amazing work ethic, but that
doesn't mean that school"
364;1064066;1066266;"can suffer.
School comes first, and"
365;1066266;1068266;"everything else comes second
right now."
366;1068266;1070567;"If you don't keep your grades
up, I'm going to cancel every"
367;1070567;1072467;"job that's on the books."
368;1074900;1076800;"♪ ♪"
369;1082800;1086100;">> KIM: Khloe?
>> KHLOE (laughs): Kim."
370;1086100;1089166;">> KIM: After talking to my mom,
I realized that maybe I should"
371;1089166;1091934;"be mature.
No matter what happens in life,"
372;1091934;1096200;"family always comes first.
So, we went to therapy so that"
373;1096200;1099600;"we would learn about each other.
That was so heavy on my mind,"
374;1099600;1102767;"and I took the time, I wrote you
guys this e-mail, but, like, the"
375;1102767;1105300;"fact that no one responded, that
just really hurt my feelings,"
376;1105300;1107367;"because I thought it was kind of
rude of all of you."
377;1107367;1109567;">> KHLOE: Well, I didn't respond
to you for a specific reason."
378;1109567;1111834;"I just thought your apology was
insincere."
379;1111834;1113834;">> ROB: I literally didn't
respond because I'm not gonna"
380;1113834;1119367;"just write something if I don't
mean it."
381;1119367;1122367;">> KIM: Leaving there, it made
me just want to really, like,"
382;1122367;1126633;"understand you and help you and
be on the same page as you."
383;1126633;1129233;"When I wrote that, like, we all
should have, like, a meeting and"
384;1129233;1132133;"figure out stuff together when,
like, me and Kourtney and Khloe"
385;1132133;1135033;"have these big meetings with
Mom, you should sit there and"
386;1135033;1138633;"see what we do to get, like,
inspired and motivated and then"
387;1138633;1141700;"be involved in whatever projects
you can be involved in."
388;1141700;1144800;"I apologize for, you know,
being rude and just, like, for,"
389;1144800;1148467;"just kind of just being a bitch.
So... that's pretty much what"
390;1148467;1152600;"the e-mail said.
>> KHLOE: And she's sorry for"
391;1152600;1156133;"calling me a liar, and that we
all have our own... uh,"
392;1156133;1159667;"experiences.
>> KIM: You know what it is?"
393;1159667;1161734;"much younger
than us, like five years younger"
394;1161734;1163900;"than Kourt, I think sometimes
you overhear Kourtney and I"
395;1163900;1165934;"talking...
>> KHLOE: And think they're"
396;1165934;1167934;"my stories?
>> KIM: ...and you think they're"
397;1167934;1170033;"your experiences, and you get so
offended if they didn't really"
398;1170033;1172033;"happen.
>> KHLOE: Like how you fell into"
399;1172033;1173700;"the alligator cage?
>> KIM: Like, that never"
400;1173700;1177300;"happened, and Kourtney and I
were joking about that, FYI."
401;1177300;1179200;"♪ ♪"
402;1186867;1189533;">> KIM: Who takes bites
of every plum?"
403;1189533;1191700;"(Kris laughs)
>> KIM: No, I'm serious."
404;1191700;1193834;">> KRIS: Somebody took a bite...
>> KIM: Out of every single"
405;1193834;1196166;"plum.
Is this out here for a joke?"
406;1196166;1198200;">> KRIS: Well...
>> KIM: Are they, like..."
407;1198200;1200734;">> KRIS: This looks like Kylie's
lipstick."
408;1200734;1204467;"She's not a very good thief,
because she leaves clues that"
409;1204467;1207166;"she's been here.
>> KIM: I wanted to talk to you"
410;1207166;1209934;"about Roberto.
>> KRIS: Hmm."
411;1209934;1212567;">> KIM: I was thinking, what if
you called... like, Bruno..."
412;1212567;1216266;">> KRIS: Mm-hmm.
>> KIM: ...and have him do his"
413;1216266;1218767;"own clothing line, like a men's
version, and he can come along"
414;1218767;1220767;"with us, we can do Kardashian
Collection Men."
415;1220767;1222800;">> KRIS: Ooh, I like that.
I love that."
416;1222800;1225734;">> KIM: I feel bad that Rob has
been hurting, and I want him to"
417;1225734;1228533;"feel like he has all of the
support in the world"
418;1228533;1230533;"that he needs.
Now, if we have a clothing line,"
419;1230533;1232567;"maybe he should have a men's
line."
420;1232567;1235166;"You know, there's, like, so much
opportunity out there for him."
421;1235166;1238367;">> KRIS: He loves fashion.
He loves designing."
422;1238367;1240533;">> KIM: I mean, he has to know,
though, that it's gonna be"
423;1240533;1242667;"appearances and...
>> KRIS: It's a lot of work."
424;1242667;1245567;">> KIM: But I think it's worth,
like, you know, calling Bruno"
425;1245567;1248000;"and making that... setting up
a meeting for him, you know?"
426;1248000;1250000;"That would be amazing.
>> KRIS: That's a really good"
427;1250000;1252000;"idea.
>> KIM: Okay."
428;1252000;1262633;">> KRIS: Good looking out.
♪ ♪"
429;1262633;1265133;"(phone rings)
>> KRIS: Hello?"
430;1265133;1267467;">> MEL: Uh, Mrs. Jenner?
>> KRIS: Yes?"
431;1267467;1271533;">> MEL: Hi. This is Mel Cohen
with Atlanta Country Day School."
432;1271533;1273533;"Uh, may I call you Kris?
>> KRIS: Sure."
433;1273533;1275533;">> MEL: Hi.
>> KRIS: Where are you calling"
434;1275533;1277567;"from?
>> MEL: Atlanta Country Day"
435;1277567;1279767;"School.
>> KRIS: Uh-huh."
436;1279767;1283300;">> MEL: Uh, your daughters Kylie
and Kendall have learned about"
437;1283300;1287266;"our educational programs, and I
understand that you all are"
438;1287266;1290166;"looking for some additional
information about us."
439;1290166;1292734;">> KRIS: Uh, well, apparently
Kendall and Kylie were."
440;1292734;1295200;">> MEL (laughs): Apparently so.
>> KRIS: Um, I will get back to"
441;1295200;1297467;"you very soon.
>> MEL: Very good. Thanks. Bye."
442;1297467;1299400;">> KRIS: Okay. Bye-bye."
443;1301400;1304533;"I can't believe Kendall and
Kylie went behind my back and"
444;1304533;1307467;"reached out to this school,
called this gentleman, and now"
445;1307467;1310533;"has him calling me.
Do you guys have anything to"
446;1310533;1312533;"tell me?
>> KENDALL: What?"
447;1312533;1314533;">> KRIS: Any calls you were
expecting that I need"
448;1314533;1316533;"to know about?
>> KENDALL: Nope."
449;1316533;1319133;">> KRIS: Your friend Mel called
me today from the Atlanta"
450;1319133;1321367;"Country Day School.
He thinks that you girls are"
451;1321367;1324834;"going to be homeschooled.
You put me in a really"
452;1324834;1327667;"awkward position.
You can't do things like that."
453;1327667;1330734;">> KENDALL: But if you're
seriously not gonna listen to"
454;1330734;1332734;"us and you're just gonna
completely ignore everything"
455;1332734;1334633;"we say...
>> KRIS: Sometimes your parents"
456;1334633;1337200;"know best, you got it?
Stick your nose in the book and"
457;1337200;1339166;"try a little bit harder and
you'll be okay."
458;1339166;1341367;">> KENDALL: I've been studying
for this exam and don't even"
459;1341367;1344000;"have a chance at passing, and
you don't even care."
460;1344000;1347467;">> KRIS: Oh, I care, Kendall!
That's why I love you!"
461;1347467;1349834;">> KHLOE: Lamar and I are going
to go to Queens tomorrow."
462;1349834;1352233;">> KIM: I want to go to Queens.
There's this whole side of"
463;1352233;1354233;"Lamar that I don't feel
like I know."
464;1354233;1356533;">> KHLOE: We can, like, turn you
into Bouge-ghetto."
465;1356533;1358533;">> KIM: I think it's Bouge-etto.
(Kim and Khloe laugh)"
466;1358533;1360300;">> SCOTT: Oh, you got dressed up
for our fashion meeting."
467;1360300;1362367;"Rob in a sweatsuit was very
disappointing."
468;1362367;1369300;"You got to take it serious...
You just don't care."
469;1369300;1371500;"♪ ♪"
470;1373500;1376100;">> KIM: I don't know if this is,
like, a flattering outfit."
471;1376100;1378133;">> KHLOE: I mean, that's a
great skirt."
472;1378133;1380900;"It kind of looks like it's your
vagina and it's hair growing out"
473;1380900;1387700;"right there. (Khloe chuckles)
>> KIM: Khloe, Lamar and I are"
474;1387700;1391100;"in New York, all for work, and
I'm just excited that I have"
475;1391100;1393934;"some quality time with
Khloe-mar."
476;1393934;1398734;">> KHLOE: Hi.
>> MAN: How are you?"
477;1398734;1402700;">> KIM: Are we thirsty or are
we thirsty?"
478;1402700;1406033;"(both laugh)
This is my pet peeve of life."
479;1406033;1408734;">> WAITER: Would you like to see
the wine list or care"
480;1408734;1410967;"for a cocktail?
>> KHLOE: Uh, I'll have a glass"
481;1410967;1412967;"of champagne.
>> WAITER: Champagne."
482;1412967;1415133;"Absolutely.
>> KIM: I'll just have water."
483;1415133;1417667;"Is it possible to remove all the
other glasses we don't need?"
484;1417667;1419400;">> WAITER: All the other
glasses, absolutely."
485;1419400;1421400;">> KIM: Thanks.
>> KHLOE: Thank you."
486;1421400;1423867;"I think Lamar and I are gonna go
to Queens tomorrow..."
487;1423867;1425834;">> KIM: You are?
>> KHLOE: So we could..."
488;1425834;1429233;">> KIM: I want to go to Queens.
>> KHLOE: You could come."
489;1429233;1433033;">> KIM: I just want Khloe to
know just because I want to"
490;1433033;1436133;"creatively branch off, doesn't
mean that I want to branch off"
491;1436133;1440400;"from my family, so, I've never
been to where Lamar's from."
492;1440400;1444100;"I would love to see how he was
raised and have Khloe bring me"
493;1444100;1447567;"on this journey.
>> KHLOE: Just so you know, you"
494;1447567;1451166;"can't, I mean, like, you be you,
like do whatever, but like you"
495;1451166;1453800;"can't wear this outfit.
>> KIM: So, just take my"
496;1453800;1455967;"bracelets and my earrings off.
>> KHLOE: They're not gonna"
497;1455967;1458133;"jack you.
No one's gonna jack you."
498;1458133;1461000;"Just be, like a little more
Kimmy from the block rather"
499;1461000;1463133;"than, like, Kimmy from...
>> KIM: I don't know what"
500;1463133;1467100;"that means.
>> KHLOE: I'm really excited for"
501;1467100;1470633;"Kim to come with us to Queens,
but she is a glamour puss to the"
502;1470633;1473667;"hundredth degree.
You can't wear your, like,"
503;1473667;1475433;"highest stilettos and walk
down Jamaica Ave."
504;1475433;1477533;"Like, just be, like, more
low-key."
505;1477533;1479600;"Like, you have jeans.
>> KIM: I don't know if I"
506;1479600;1481400;"brought it with me.
>> KHLOE: Yeah, right."
507;1481400;1483700;"You brought jeans.
>> KIM: No, seriously."
508;1483700;1487467;"When I go to New York, I only
bring, like, ultra-fab outfits."
509;1487467;1489734;">> KHLOE: Well, just be in an
ultra-fab casual outfit."
510;1489734;1501667;">> KIM: Okay, I'll try.
♪ ♪"
511;1501667;1504066;">> KHLOE: Kim, look at all
the paparazzi."
512;1504066;1508133;">> KIM: Hey, you guys!
>> KHLOE: Hey, you guys!"
513;1508133;1511066;">> KIM: They're sticking their
middle fingers out. (chuckles)"
514;1511066;1513633;">> KHLOE: So, here's the deal,
Queens."
515;1513633;1516533;">> KIM: Since I feel like I've
never been to Queens, and that's"
516;1516533;1518500;"a problem for me.
>> LAMAR: Y'all need to come"
517;1518500;1520734;"anyway to see, like, to see
those boy roots."
518;1520734;1522934;">> KHLOE: I've been to...
I have been to Queens."
519;1522934;1525600;">> LAMAR: To see my roots.
>> KIM: No, I feel like I know"
520;1525600;1527934;"you, but I don't know...
>> LAMAR: Where I come from."
521;1527934;1530400;">> KIM: ...where you come from.
I have dreams about your family,"
522;1530400;1532333;"I have, like...
>> LAMAR: Mm-hmm. You need"
523;1532333;1534333;"to really see it.
>> KIM: Yeah."
524;1534333;1536867;">> LAMAR: You would probably
understand me a little bit more."
525;1536867;1539166;">> KIM: I feel like I've been
really close with Lamar, but"
526;1539166;1542100;"there's also, like, this whole
side of Lamar that I don't feel"
527;1542100;1544166;"like I know.
Even though he tells these"
528;1544166;1546533;"stories, I just feel like I
could know a little bit more,"
529;1546533;1548633;"and I'm intrigued and I want
to know."
530;1548633;1550567;">> LAMAR: You should really see
Jamaica Avenue, where I"
531;1550567;1552834;"took her.
It's the hood Rodeo drive."
532;1552834;1555300;">> KHLOE: We could like turn you
into Bouge-ghetto."
533;1555300;1557934;">> KIM: I think it's Bouge-etto.
>> LAMAR: Like, it fit all the,"
534;1557934;1560633;"it fit, it fit all the Queens
stereotypes."
535;1560633;1562934;">> KHLOE: Everyone tells me,
"You're so much skinnier than I"
536;1562934;1566100;"thought," and I'm, like, "Oh,
thanks," and I just, I'm like I"
537;1566100;1575000;"want to stay here.
♪ ♪"
538;1575000;1578100;">> ROB: Morning.
 mi madre?"
539;1578100;1580333;">> SECRETARY: Uh, should be in
route, coming in."
540;1580333;1583467;">> ROB: Scott and I have a
meeting today with Bruno."
541;1583467;1585467;"He helped my sisters launch
their clothing line, and he's"
542;1585467;1587467;"gonna help Scott and I.
And I really wanted Scott"
543;1587467;1589467;"involved because, you know, he's
successful."
544;1589467;1591734;"And like he's a business man.
>> SCOTT: Oh, you got dressed up"
545;1591734;1593734;"for our fashion meeting.
>> ROB: I know."
546;1593734;1597767;"I don't feel good.
No, I really don't this time."
547;1597767;1601033;">> SCOTT: I would do anything I
could to help Rob out in a"
548;1601033;1604867;"business sense, but to see Rob
come to the meeting unshowered"
549;1604867;1609834;"in a sweatsuit was very
disappointing."
550;1609834;1613000;">> ROB: I mean...
No. It's Bru..."
551;1613000;1619133;"It's, like, not like...
>> SCOTT: You can't cry about"
552;1619133;1620900;"that you don't have more
responsibilities, and then you"
553;1620900;1624367;"get the opportunity, and then,
you pass it up by not trying."
554;1624367;1626867;"I'm nervous that these people
are gonna walk out of this"
555;1626867;1629700;"meeting because that's not the
image that they were looking to"
556;1629700;1633800;"sell.
>> BRUNO: Hello, hello, hello."
557;1633800;1636033;">> KHLOE: Lamar!
You got to see Kim in this"
558;1636033;1638700;"outfit.
>> KIM: Lamar, I'm coming up."
559;1638700;1640700;">> LAMAR: Yo, what the (bleep)
is that, yo?"
560;1640700;1643033;">> KRIS: Get the hell out of
bed, Kylie."
561;1643033;1646233;"This isn't funny.
I obviously know that Kylie's"
562;1646233;1649667;"not really that sick.
She probably didn't study well"
563;1649667;1651667;"enough for a test.
She doesn't want to fail."
564;1651667;1662800;"If you're not down there in five
minutes, you're grounded."
565;1662800;1664800;">> BRUNO: Hello, hello, hello.
>> SCOTT: How you doing?"
566;1664800;1666767;">> BRUNO: How are you?
Good, good."
567;1666767;1668233;">> ROB: Robert.
>> BRUNO: Hi, Robert."
568;1668233;1670800;"How are you?
He's looking as dapper as ever."
569;1670800;1672066;">> SCOTT: Thanks. Good to see
you."
570;1672066;1676333;">> ROB: And excuse my attire.
No, I'm not feeling too well."
571;1676333;1678800;">> BRUNO: Is this the kind of
look we're going for?"
572;1678800;1681567;">> SCOTT: That's what I said.
>> ROB: I said I'm not feeling"
573;1681567;1683400;"well. I just literally...
>> BRUNO: Oh, really?"
574;1683400;1686900;">> ROB: Yeah. Oh, no.
>> BRUNO: Sweatpants, right?"
575;1686900;1688567;"So that's gonna be your
signature style, sweatpants."
576;1688567;1690233;">> ROB: Sweat. Yeah, that's...
>> PETER: Hello."
577;1690233;1691900;">> KRIS: I am so sorry I'm late.
>> PETER: How are you?"
578;1691900;1693567;"Good to see you.
>> KRIS: How are you?"
579;1693567;1695567;">> PETER: Good.
>> KRIS: How are you?"
580;1695567;1697400;">> BRUNO: I was complimenting
Rob on his attire."
581;1697400;1699100;">> SCOTT: Is this a joke?
>> ROB: I'm trying to make a"
582;1699100;1700934;"statement to let them know you
can be comfortable in anything."
583;1700934;1704433;">> SCOTT: So, everybody thinks
it's so funny that Rob didn't"
584;1704433;1706667;"get dressed, and he's in a
sweatsuit."
585;1706667;1710333;"It was not simple to get a
big meeting set up that could"
586;1710333;1715000;"be a big future for us, and you
got to shower, get dressed, look"
587;1715000;1717100;"presentable.
Come in with a great open"
588;1717100;1719233;"attitude.
>> BRUNO: Let's go with Rob"
589;1719233;1722333;"since you're standing right
beside me here, right?"
590;1722333;1724367;">> ROB: Yeah.
>> BRUNO: And you're wearing"
591;1724367;1726367;"sweats... for our meeting.
>> ROB: (laughing) Yeah."
592;1726367;1728200;">> SCOTT: But he has good style
when he wants to, he just"
593;1728200;1731033;"chooses... sweats a lot.
>> BRUNO: You do."
594;1731033;1732900;">> ROB: Yeah.
>> BRUNO: You know, you're whole"
595;1732900;1734567;"casual is youthful, straight and
fun, so, that's how I would see"
596;1734567;1736567;"it, right?
>> ROB: Okay."
597;1736567;1738567;">> BRUNO: So, every time I've
seen you, you've kind of, like,"
598;1738567;1740567;"always thrown something on,
something quick, but look how"
599;1740567;1742400;"great that looks, right?
>> ROB: Yeah, yeah."
600;1742400;1744600;"I'd really like for a casual
wear, like, some nice pants"
601;1744600;1747300;"with, like... uh, button ups but
all the way to the top, and then"
602;1747300;1749333;"with, like, a cardigan or some
cool jacket over it."
603;1749333;1751333;"Um, I always throw on a hat.
>> BRUNO: Always the cap,"
604;1751333;1753333;"all right.
>> ROB: Right."
605;1753333;1755333;">> BRUNO: So, this is you,
Scott."
606;1755333;1758734;"We see you as kind of the
sophisticated, uh, the Hamptons."
607;1758734;1761400;"That's a look that, uh, we would
go for."
608;1761400;1765166;">> SCOTT: I like things that are
kind of retro, but things that"
609;1765166;1767200;"are from more of the '70s era.
>> BRUNO: How would you feel"
610;1767200;1769200;"about a collection that both of
you are in it?"
611;1769200;1771200;"Because more of a casual...
>> SCOTT: Yeah, I mean, I can"
612;1771200;1773200;"focus on formal, he can focus on
casual."
613;1773200;1775200;">> BRUNO: Correct.
>> ROB: Right."
614;1775200;1777200;">> BRUNO: That's exactly right.
>> SCOTT: And then it's a little"
615;1777200;1779033;"for everybody.
>> BRUNO: Have you thought of a"
616;1779033;1780867;"name?
>> SCOTT: He thought of a name."
617;1780867;1782533;">> ROB: Well, I-I originally
said "Robert Scott.""
618;1782533;1784367;">> SCOTT: And I like that.
>> KRIS: I like that."
619;1784367;1786200;">> BRUNO: I like that.
>> KRIS: Rob really wants to"
620;1786200;1788033;"drive this himself.
>> BRUNO: Yeah. Awesome."
621;1788033;1789867;"Love it.
I want you to give the input"
622;1789867;1791700;"just like your sisters do.
>> ROB: Mm-hmm."
623;1791700;1793367;">> BRUNO: Like your sisters are
at every meeting, they do the"
624;1793367;1795200;"fittings.
It's 100%. You want to be..."
625;1795200;1796867;">> KRIS: Yes.
>> ROB: Yeah, no. We want to be"
626;1796867;1798800;"100% involved.
I'm obviously all about my"
627;1798800;1800967;"business right now, and I'm
dedicated and focused, so I want"
628;1800967;1803300;"to keep it going and show Scott
and my mom that I am dedicated."
629;1803300;1805300;">> BRUNO: All right, guys.
Thank you."
630;1805300;1809333;">> ROB: Cool. Thank you.
>> KRIS: Awesome. I'm excited."
631;1809333;1811333;"♪ ♪"
632;1813967;1816000;">> KENDALL: Mom!
>> KRIS: What?"
633;1816000;1818033;">> KENDALL: I'm leaving right
now and Kylie is still sleeping."
634;1818033;1820300;"She won't get out of bed.
She says she doesn't feel good."
635;1820300;1822333;">> KRIS: She says she doesn't
feel good?"
636;1822333;1824200;">> KENDALL: I have finals.
I have to leave."
637;1824200;1826500;"I'm not waiting for her to get
up and get ready."
638;1826500;1828500;"I have to leave.
>> KRIS: Kendall, can't you wait"
639;1828500;1830367;"just a few minutes?
Let me..."
640;1830367;1832734;">> KENDALL: No, I have to be at
school right now, Mom!"
641;1832734;1835333;">> KRIS: Oh, my God.
Well, I have to go to the gym"
642;1835333;1837567;"and Gunnar's gonna kill me if
I'm late."
643;1837567;1839400;">> KENDALL: Okay, I don't care.
>> KRIS: I'm gonna just"
644;1839400;1841400;"kill Kylie.
Kylie?"
645;1841400;1846533;">> KYLIE: What?
>> KRIS: What are you doing?"
646;1846533;1848200;"What do you mean you don't feel
good?"
647;1848200;1850600;"Guess who now has to take you to
school because you didn't get up"
648;1850600;1852233;"on time?
>> KYLIE: Mom, I don't"
649;1852233;1853934;"feel good.
I'm not into it."
650;1853934;1855734;">> KRIS: It's finals.
Get the hell out of bed, Kylie!"
651;1855734;1859433;"This isn't funny.
You're gonna make me late, and"
652;1859433;1862000;"now you made Kendall late
because you feel like you"
653;1862000;1865934;"didn't study?
I obviously know that Kylie's"
654;1865934;1868734;"not really that sick.
She probably didn't study well"
655;1868734;1870967;"enough for a test.
She doesn't want to fail because"
656;1870967;1873166;"she actually does care, but you
know what?"
657;1873166;1875433;"Don't kid a kidder.
Kylie, I'm gonna be waiting"
658;1875433;1878000;"downstairs, and if you're not
down there in five minutes,"
659;1878000;1879600;"you're grounded."
660;1882533;1884033;">> LAMAR: Y'all want to go up on
the block?"
661;1884033;1886000;">> KIM: This is Lamar's day, so
he's going to take Khloe and I"
662;1886000;1889333;"all around Queens.
(gasps) Is that me on the cover"
663;1889333;1891767;"of that mix tape?
>> KYLIE: I sit there in class"
664;1891767;1894567;"and I don't know anything.
>> KRIS: I just don't think that"
665;1894567;1898934;"you are trying hard enough.
Kylie, what are you...? Kylie!"
666;1898934;1904300;">> KYLIE: You don't listen, Mom.
I'm over it."
667;1904300;1906400;"♪ ♪"
668;1908633;1912100;"(paparazzi clamoring)
>> PHOTOGRAPHER: Please, Kim!"
669;1912100;1914633;">> KIM: You first.
Jonathan is like the ultimate"
670;1914633;1917700;"New Yorker, so I think he's the
perfect friend to help me pick"
671;1917700;1919967;"out what I'm gonna wear
to Queens."
672;1919967;1921834;"What about these pants?
>> JONATHAN: This is perfect"
673;1921834;1923967;"for you.
This is good, too. Yeah."
674;1923967;1926400;">> KIM: Oh, yeah.
Oh, wait, look."
675;1926400;1928567;"It says, "I love cock."
(both laugh)"
676;1928567;1930567;">> KIM: Oh, wait.
This could be Queens."
677;1930567;1932900;">> JONATHAN: We're about to get
into Staten Island, so we need"
678;1932900;1935100;"to stop at Queens right now.
>> KIM: Okay."
679;1935100;1937333;">> JONATHAN: What about this?
>> KIM: Stop."
680;1937333;1939967;">> JONATHAN: This is real good.
>> KIM: I can't."
681;1939967;1941633;">> JONATHAN: (bleep) You
definitely need a hat."
682;1941633;1943500;">> KIM: You think?
>> JONATHAN: Put it on as"
683;1943500;1945500;"an outfit.
Yeah, it's good."
684;1945500;1947600;">> KIM: Okay.
Do I need a backpack?"
685;1947600;1949900;">> JONATHAN: No, we're not going
to a rave."
686;1949900;1952934;"We're going to Queens.
>> KIM: Can you carry it?"
687;1952934;1955233;">> JONATHAN: See you on the
Queens borough."
688;1955233;1957633;"♪ ♪"
689;1962100;1967333;">> KHLOE: Oh, my God. Lamar,
you've got to see Kim in"
690;1967333;1969867;"this outfit.
>> KIM: Lamar, I'm coming up."
691;1969867;1972233;"(laughs) You like my outfit
for Queens?"
692;1972233;1975000;">> LAMAR: Yo, what the (bleep)
is that, yo?"
693;1975000;1978900;"You totally got the wrong idea
about Queens, girlfriend."
694;1978900;1982867;"In Living
 Jennifer Lopez-type look,"
695;1982867;1985367;"and it's just like it's, it's
not working."
696;1985367;1987333;">> KIM (laughs): So, I can't
wear this to to Queens?"
697;1987333;1989400;">> LAMAR: Nah.
>> KIM: I look like a clown."
698;1989400;1991567;">> LAMAR: Nah...
>> KIM: How much are you gonna"
699;1991567;1993367;"put that on?
That's, like, not healthy."
700;1993367;1995433;">> LAMAR: Yeah, I do my (bleep)
right."
701;1995433;1997567;">> KIM: No, seriously, that's
why you have pimples all over"
702;1997567;2002400;"your face.
(Kim laughing)"
703;2002400;2004300;"♪ ♪"
704;2009600;2013000;">> KRIS: Kylie, I hate to bitch
at you, but you have to be more"
705;2013000;2015767;"respectful of other
people's time."
706;2015767;2019600;"You had a ride to school a half
an hour ago, and now I have to"
707;2019600;2023600;"go to the same place that
Kendall just went to because you"
708;2023600;2027400;"decided you weren't ready
to take a test."
709;2027400;2030567;"Life doesn't work that way.
If I decide that I'm not ready"
710;2030567;2033300;"to have a business meeting,
I still have to have the"
711;2033300;2035533;"business meeting.
>> KYLIE: Mom, I sit there in"
712;2035533;2038066;"class and I don't know anything.
We've been telling you that"
713;2038066;2040300;"for months.
>> KRIS: I just think you don't"
714;2040300;2042867;"have any confidence in yourself.
>> KYLIE: We miss so much"
715;2042867;2046467;"school, Mom, and no one gets it.
Like, it's frustrating, when I"
716;2046467;2049300;"get, like, a D on a test and my
teachers say, "You can"
717;2049300;2051400;"do better."
Like, I can't do better."
718;2051400;2056867;"Every time I get a test back,
I, like, get teary-eyed."
719;2056867;2060667;">> KRIS: I just don't think that
you are trying hard enough."
720;2060667;2063467;">> KYLIE: I'm done with my mom
just not listening and not"
721;2063467;2065900;"hearing the real reasons.
It's frustrating when you're"
722;2065900;2068166;"doing bad and you can't do
anything about it, so..."
723;2068166;2070300;">> KRIS: Kylie, what are you...
Kylie!"
724;2070300;2072600;">> KYLIE: You don't listen, Mom.
I'm over it."
725;2072600;2074767;">> KRIS: Kylie, you get back
in..."
726;2074767;2083367;"Kylie, what are you doing?
Where are you going, Kylie?"
727;2083367;2086367;"Captioning sponsored by
 BUNIM-MURRAY PRODUCTIONS"
728;2086367;2088367;"Captioned by
 Media Access Group at WGBH"
729;2088367;2091400;"access.wgbh.org 
>> KRIS: Kylie."
730;2091400;2096033;"Kylie.
Kylie, get in the car, Kylie."
731;2096033;2098000;"Come on, get in the car.
>> KYLIE: No, I'm not going to"
732;2098000;2099367;"school, Mom.
>> KRIS: You have to go to"
733;2099367;2104533;"school.
Kylie, Kylie, if you're this"
734;2104533;2107800;"upset, honey, just get in
the car."
735;2107800;2109600;">> KYLIE: It's not fun to fail,
Mom."
736;2109600;2111367;">> KRIS: Kylie, please, come on.
Get in the car."
737;2111367;2114400;"I promise you that we'll go home
right now and I'll sit and talk"
738;2114400;2117300;"to you and I'll listen."
739;2121934;2124233;"All right.
I'm sorry."
740;2124233;2127033;"I didn't realize you were that
mad and that upset about this."
741;2127033;2130033;"I mean, I don't want you to go
to school feeling like a"
742;2130033;2132367;"failure.
>> KYLIE: Kendall gets rashes"
743;2132367;2136600;"all over her body.
I get anxiety attacks."
744;2136600;2139400;">> KRIS: Oh, Kylie.
I didn't realize what was going"
745;2139400;2141734;"on inside.
I thought you were just trying"
746;2141734;2147667;"to avoid the fact that you felt
like you didn't study enough."
747;2147667;2151734;"If we can take a meeting with
this homeschool company, I'm"
748;2151734;2156000;"willing to give it a try.
It's such a confusing position"
749;2156000;2158300;"to be in.
I want to be a good mom and I"
750;2158300;2161800;"want to be responsible and do
right by my kids, but I know"
751;2161800;2166900;"that we don't live the typical,
normal life that most kids live."
752;2166900;2170734;"Most children their age don't
have full-time jobs, so I need"
753;2170734;2173500;"to find the balance.
I love you."
754;2173500;2177600;">> KYLIE: I love you.
>> KRIS: Say it like you mean"
755;2177600;2180767;"it.
>> KYLIE (whispers): Love you."
756;2180767;2189533;">> KRIS: Better.
♪ ♪"
757;2189533;2191500;">> KHLOE: I tweeted "Queens,
baby," and someone said, "Are"
758;2191500;2194700;"you going to the Katz Bar?"
(Khloe and Lamar chuckle)"
759;2194700;2197133;"And then someone else said,
"What about Brooklyn?""
760;2197133;2200467;"People in New York take their
boroughs so seriously."
761;2200467;2202367;"♪ ♪"
762;2211066;2213133;">> LAMAR: Restroom in there?
Yeah, they got restrooms in"
763;2213133;2214934;"there.
>> WOMAN: Hi, Khloe!"
764;2214934;2218834;">> LAMAR: Hi, baby.
Me, Kim and Khloe, we here at"
765;2218834;2222200;"my old stomping grounds on 165th
Street and Jamaica Avenue, um,"
766;2222200;2225133;"doing a little shopping.
This is where I come get all my"
767;2225133;2227767;"mix tapes.
All my good music."
768;2227767;2230033;"Oh, hey.
How you doing?"
769;2230033;2234400;">> CIARA: I'm good.
>> LAMAR: You look beautiful."
770;2234400;2237066;">> CIARA: How is it?
Thank you."
771;2237066;2237800;"(giggling)"
772;2244800;2246533;"That Meek Mill "Street Is
Watching Two," that's new or"
773;2246533;2249967;"old?
That's old?"
774;2249967;2252734;"Kanye, you got Kanye?
Let me get that Pusha T one"
775;2252734;2254500;"too.
>> KIM: Is this your favorite"
776;2254500;2257633;"thing to do, to come and pick
out CDs?"
777;2257633;2259767;"This is Lamar's day, so
he's gonna take Khloe and I all"
778;2259767;2263633;"around Queens wherever his spots
are that he would always go to."
779;2263633;2269767;"So, our first stop is this CD
store and it is so cool."
780;2269767;2272100;"They have all these mix tapes
and mix CDs."
781;2272100;2275000;"Uh, is that me on the cover of
that mix tape?"
782;2275000;2276600;">> LAMAR: Where?
>> KHLOE: Wait..."
783;2276600;2280300;">> CLERK: You want to see it?
>> LAMAR: Yeah."
784;2280300;2283433;">> KHLOE: Mix tapes aren't like
a valid thing..."
785;2283433;2285200;">> KIM: Uh, Kanye's on there
too."
786;2285200;2286667;"Wow, funny.
Can we just get it just..."
787;2286667;2288533;"I was like, "Wait.""
788;2292800;2295200;"LAMAR: Know what I'm saying?
>> KIM: My mom would like that"
789;2295200;2299900;"Luther Vandross mix tape.
>> LAMAR: She would."
790;2299900;2305400;"♪ ♪
What's up?"
791;2305400;2307633;"We had a lot of fun.
This is like the first place"
792;2307633;2310066;"where I started to buy jewelry,
so I'm kind of like flashing"
793;2310066;2314333;"back to, you know, to when I'm
16, 17 years old and I have"
794;2314333;2316633;"Khloe and Kim here with me right
now."
795;2316633;2320900;"It seems like, uh, it's a little
surreal."
796;2320900;2322900;"Y'all want to go up on the
block?"
797;2322900;2325567;">> KIM: This definitely shows me
a different side of Lamar."
798;2325567;2328333;"He talks about Queens all the
time."
799;2328333;2330834;"So, now, in the future, every
time he talks about Queens, I'll"
800;2330834;2333467;"know what he's talking about.
>> LAMAR: After school in the"
801;2333467;2337834;"afternoon was like the hangout
for everybody."
802;2337834;2341467;">> KIM: Yeah, like Century City,
in the mall, in L.A. was like"
803;2341467;2343367;"our hangout after school, you
know?"
804;2343367;2345734;">> LAMAR: Yeah.
>> KIM: Oh my God, I love it"
805;2345734;2355166;"here.
♪ ♪"
806;2355166;2359734;">> KRIS: What? [Bleep] me.
>> BRUCE: What's going on?"
807;2359734;2362834;">> KRIS: I guess Kris Humphries
is serving Kanye West for a"
808;2362834;2366333;"subpoena.
He subpoenaed him today for a"
809;2366333;2368400;"deposition.
>> BRUCE: On what?"
810;2368400;2370100;">> KRIS: Exactly.
>> BRUCE: Is he gonna subpoena"
811;2370100;2372967;"me?
>> KRIS: I don't know."
812;2372967;2376834;"(doorbell rings)
>> BRUCE: Jesus."
813;2376834;2379500;"Hello.
>> MEL and JANE: Hello!"
814;2379500;2381867;">> BRUCE: Bruce.
>> MEL: Bruce, I'm Mel Cohen."
815;2381867;2383667;"This is Jane.
>> JANE: I'm Jane."
816;2383667;2385100;">> BRUCE: Mel.
>> KRIS: And I'm Kris."
817;2385100;2386567;"Nice to see you.
>> JANE: How are you?"
818;2386567;2388000;"Nice to see you.
>> KRIS: Today we're meeting"
819;2388000;2390700;"with the Atlanta Country Day
School people so Bruce and I can"
820;2390700;2393967;"see what it is that they do.
And if it's the right decision"
821;2393967;2396500;"for my children.
>> BRUCE: Homeschooling!"
822;2396500;2398633;">> JANE: Homeschooling.
>> BRUCE: Now we start with your"
823;2398633;2400600;"background first.
>> MEL: Here."
824;2400600;2402066;">> JANE: Absolutely.
>> MEL: We're with, of course,"
825;2402066;2404800;"the Atlanta Country Day School.
We're fully accredited and we"
826;2404800;2407300;"work with students in grades
7 through 12."
827;2407300;2410433;"It's a legitimate college
preparatory curriculum and then"
828;2410433;2415867;"for about the past 25, 30 years
we have been doing celebrity"
829;2415867;2418400;"students...
>> BRUCE: Ah."
830;2418400;2420900;">> MEL: ...who because of what
they do and they've reached a"
831;2420900;2425300;"point in that specialty, they
can't attend school on a regular"
832;2425300;2427200;"basis.
>> BRUCE: Right."
833;2427200;2429600;">> MEL: You will be instructed
just as if you were sitting in a"
834;2429600;2433467;"classroom of 20 or 30.
You're gonna get actually better"
835;2433467;2436567;"quality instruction because it's
gonna be a class of one."
836;2436567;2438767;">> KENDALL: Yeah.
>> MEL: We know you have"
837;2438767;2442233;"tremendous demands on your time,
so we have to do this in the"
838;2442233;2444834;"most efficient way possible.
>> BRUCE: Right."
839;2444834;2447300;">> KRIS: So, if the girls had to
go to Japan, you would have"
840;2447300;2450233;"somebody that could go to Japan.
>> MEL: Would go... would go"
841;2450233;2451900;"with them.
>> JANE: This teacher 24-7 would"
842;2451900;2457266;"be at their disposal.
>> KRIS: I think it's the right"
843;2457266;2459133;"thing for them and this is one
that I think is going to work"
844;2459133;2461033;"really well for Kendall and
Kylie."
845;2461033;2463433;">> JANE: Mm-hmm.
>> KRIS: I am so impressed."
846;2463433;2466633;"I really had no idea it can work
this way."
847;2466633;2470266;"I feel bad that it's taken me
this long to come around."
848;2470266;2473567;"The girls are gonna be in really
good hands and I think we made"
849;2473567;2475667;"the right decision.
>> KENDALL: I'll see you guys"
850;2475667;2477734;"soon.
Bye."
851;2477734;2481100;">> KENDALL: Even though it did
take my mom a while, she finally"
852;2481100;2483934;"listened.
Homeschool is going to happen."
853;2483934;2487533;"I can have time for both work
and school and I'm excited for"
854;2487533;2489533;"that.
>> KYLIE: Nice meeting you."
855;2489533;2490967;">> JANE: Bye, sweetie.
>> MEL: Bye bye."
856;2490967;2494400;">> KYLIE: Bye.
>> KRIS: Her bra's hanging out."
857;2494400;2503900;">> JANE: (laughs)
♪ ♪"
858;2503900;2505800;">> LAMAR: How you doing, man?
>> MAN: How you doing, Lamar?"
859;2505800;2507533;">> LAMAR: What's up?
>> MAN: What's up, man?"
860;2507533;2509567;"You gonna learn something today,
boy."
861;2509567;2510900;">> LAMAR: Yeah.
Georgia Tech, homey."
862;2510900;2513066;"You're going to Georgia Tech?
Huh?"
863;2513066;2515066;"What up, dawg?
>> MAN: You are the Kardashian"
864;2515066;2517100;"ladies?
>> KIM: Yes."
865;2517100;2519400;">> KHLOE: I'm now an Odom lady.
>> MAN: This is the one... this"
866;2519400;2521767;"is the lady you married?
>> LAMAR: Yeah, I knocked her..."
867;2521767;2523500;">> MAN: Let me talk to you for a
minute."
868;2523500;2524900;"(man laughs)
>> KHLOE: What are we gonna talk"
869;2524900;2526600;"about?
>> MAN: Nothing, I'm just"
870;2526600;2528367;"playing.
>> KHLOE: You're gonna tell on"
871;2528367;2530066;"him?
>> LAMAR: Lincoln Park was the"
872;2530066;2531667;"court, the first court that I
ruled, that I couldn't get taken"
873;2531667;2534100;"off of.
This is where I learned the"
874;2534100;2538000;"rules of engagement as far as
the streets are concerned."
875;2538000;2540800;"How to be taken seriously.
>> KIM: How do you know those"
876;2540800;2542967;"people?
>> LAMAR: I grew up with them."
877;2542967;2545166;">> KIM: Oh yeah!
>> LAMAR: I rolled with them."
878;2545166;2547066;">> KHLOE: Pass.
>> LAMAR: I know all them in the"
879;2547066;2550333;"neighborhood since I was like...
since eight."
880;2550333;2552400;">> KIM: Really?
>> LAMAR: See how when I came"
881;2552400;2555233;"in, all those people grew up,
you know what I'm saying, with"
882;2555233;2558567;"my moms, my aunt and all that,
and that's where they used to"
883;2558567;2561300;"hustle at right there, that's
where all the drugs were sold."
884;2561300;2563300;"The park used to be the stash
house."
885;2563300;2567033;"When my moms died, I had came to
the park and I slept in here"
886;2567033;2569967;"for like two or three days.
I mean, the whole neighborhood"
887;2569967;2572734;"would basically look out for
me..."
888;2572734;2574600;">> KHLOE: Watch after you.
>> LAMAR: Because I mean, my"
889;2574600;2577467;"family been in this neighborhood
since 1957."
890;2577467;2579133;">> KIM: You want to play a game
of one on one?"
891;2579133;2580734;"(Lamar laughs)
>> KHLOE: Do it."
892;2580734;2582567;">> LAMAR: Okay.
>> KHLOE: Play horse."
893;2582567;2584867;">> KIM: Okay.
I'm thankful I had Khloe bring"
894;2584867;2587100;"me on this journey.
This has definitely brought"
895;2587100;2590233;"Lamar and I a lot closer
as like brother and sister and"
896;2590233;2594033;"as a family we're still growing
together and we'll always do"
897;2594033;2595834;"that.
>> LAMAR: Now you understand the"
898;2595834;2597500;"hood.
>> KIM: Yeah."
899;2597500;2599700;">> KHLOE: We like it over here."
900;2602133;2604266;"Keeping Up with
the Kardashians..."
901;2604266;2605367;">> KRIS: I'm a little nervous."
902;2607600;2609900;">> KOURTNEY: How many children
could fit in this house?"
903;2609900;2611367;">> SCOTT: What?
Don't you think I should have"
904;2611367;2613233;"some kind of say in this?
>> ROB: He thinks he's just your"
905;2613233;2616233;"babymaker to have sex with you
twice a year."
906;2616233;2618767;">> KIM: You've been trying to
have a baby for like years."
907;2618767;2621300;"And you haven't gotten pregnant.
>> DOCTOR: You may not have"
908;2621300;2623834;"ovulated.
(Khloe sniffles)"