﻿Number;Start time in milliseconds;End time in milliseconds;"Text"
1;4633;10467;">> KHLOE: Just pour it on her
head."
2;10467;12967;"I'll do it.
>> KOURTNEY: Honey, that's not"
3;12967;18834;"nice.
>> KENDAL: Oh, my God!"
4;18834;25967;"(all laughing)
>> KHLOE: Mom!"
5;25967;31166;"Feel anything on your head?
Are you drunk?"
6;31166;34000;">> KRIS: (bleep)
What did you guys do to me...?"
7;34000;38967;"(all laughing)
I can't stand."
8;38967;42700;"What's on my head? What is...?
It's not funny, Khloe."
9;42700;45567;"What's on my head?
>> KOURTNEY: Oh, my God, you did"
10;45567;49533;"it to yourself in your sleep!
>> KHLOE: You don't notice the"
11;49533;51934;"(bleep) you do?
>> KOURTNEY: You were"
12;51934;53967;"sleepwalking.
>> KRIS: Okay."
13;53967;56233;">> KENDAL: Here.
>> KRIS: No! Oh!"
14;56233;60333;"Not on my Gucci jacket.
Are you insane?"
15;60333;66400;"Khloe? Khloe?
(shrieks)"
16;66400;69367;">> SCOTT: What a nice way to
treat your mother after a long"
17;69367;73600;"day.
>> KRIS: I'm tired and I'm in"
18;73600;80000;"menopause and I haven't had
anything to drink in five days."
19;80000;81867;">> All right, we're ready.
>> KRIS: No, no, no, you're"
20;81867;83500;"right here.
>> KHLOE: The wind, you guys--"
21;83500;85567;"is this necessary?
>> KRIS: Go change."
22;85567;87200;"Awful.
>> KOURTNEY: No, that is not"
23;87200;88834;"cute.
>> Yeah, yeah, go on."
24;88834;90667;">> ROBERT: I need someone to
make me laugh."
25;90667;93000;">> KRIS: Where's Kim?
Kim is always late. Duh."
26;93000;96233;">> KIM: I'm here.
>> KOURTNEY: Get out of our way."
27;96233;98000;">> KIM: Stop, jealous.
>> KRIS: That's enough."
28;98000;99233;">> BRUCE: Stop!
>> KRIS: That's enough."
29;99233;101467;">> KIM: Stop.
>> All right, you guys."
30;101467;103033;">> That's it, we're done.
>> Money."
31;103033;109133;"Captioning sponsored by
 BUNIM-MURRAY PRODUCTIONS"
32;109133;110867;">> DOCTOR: Hi.
>> KHLOE/KIM: Hi."
33;110867;113333;">> DOCTOR: How are you doing?
So I understand you're here to"
34;113333;115066;"get your skin checked.
>> KHLOE: Yes."
35;115066;116834;">> DOCTOR: Okay, great, great.
Let's get started."
36;116834;119900;"I'd like to take a look at you
from top to bottom."
37;119900;122200;">> KHLOE: I'm going to the
dermatologist to get my moles"
38;122200;125333;"checked, which I do every three
to six months, and Kim's along"
39;125333;128500;"with me because she's nosy and
just wants to come."
40;128500;130867;"I do have a history with skin
cancer."
41;130867;133533;"I've actually had three to
five inches of skin removed on"
42;133533;135667;"my back, and I have, like, a
pretty big scar."
43;135667;138233;">> KIM: She has a freckle on her
toe right there."
44;138233;140900;">> DOCTOR: She actually has...
Oh, that's just dirt."
45;140900;143767;"(Khloe laughs)
>> DOCTOR: Okay, now, has this"
46;143767;145700;"one been growing or changing?
>> KHLOE: I don't know."
47;145700;147834;"I've had it for so long.
>> DOCTOR: See, I would ask that"
48;147834;149033;"dark spot over here?
>> KHLOE: Yeah?"
49;149033;150734;">> DOCTOR: And it has multiple
colors?"
50;150734;152467;">> KHLOE: Yeah?
>> DOCTOR: I think that we need"
51;152467;154934;"to remove it and test it to make
sure it's not melanoma."
52;154934;159367;">> KHLOE: Okay. Don't tell Mom.
She, like, freaks out."
53;159367;161600;"But we'll tell her if
it's something bad."
54;161600;163767;"My mom gets so freaked out about
anything."
55;163767;165667;"And I don't want to stress
anyone out."
56;165667;169567;"Right now it's nothing, so why
tell?"
57;169567;171934;">> DOCTOR: You ready?
Okay, you're gonna feel a little"
58;171934;173567;"pinch, all right?
>> KHLOE: No!"
59;173567;176033;">> DOCTOR: Here goes.
Some burning."
60;176033;180033;"(Khloe laughing)
>> KIM: All right, this is just"
61;180033;182533;"a little mole we're taking off,
not her foot, right?"
62;182533;184734;">> KHLOE: He's amputating my
toe!"
63;184734;187233;">> DOCTOR: All right.
>> KHLOE: Touch it or something."
64;187233;189233;"Make sure it...
>> DOCTOR: All right, tell me"
65;189233;191200;"if you feel anything, okay?
>> KHLOE: Oh, (bleep)"
66;191200;192633;">> DOCTOR: Here it goes.
That hurt?"
67;192633;196367;">> KHLOE: Oh, no!
>> DOCTOR: Okay, okay."
68;196367;198934;">> KIM: Oh, I saw it, I saw it.
Ew!"
69;198934;202066;">> DOCTOR: We're gonna test that
and make sure it's not melanoma."
70;202066;203734;">> KHLOE: Then what happens if
it is?"
71;203734;205867;"What else do you remove?
>> DOCTOR: Well, let's not get"
72;205867;208767;"ahead of ourself and just see
what the biopsy shows."
73;208767;215700;">> KHLOE: See what the results
are."
74;215700;218133;">> KOURTNEY: I really don't know
what I'm getting, do you?"
75;218133;223967;">> SCOTT: I can't say that I do.
>> KOURTNEY: I can't believe"
76;223967;226000;"it's gonna be our two-year
anniversary soon."
77;226000;228467;">> SCOTT: I know, it's crazy.
>> KOURTNEY: Isn't that when"
78;228467;230734;"you're supposed to, like...
>> SCOTT: Elope?"
79;230734;233500;">> KOURTNEY: ...reevaluate your
situation or something?"
80;233500;235233;">> SCOTT: What do you want to
reevaluate?"
81;235233;238300;">> KOURTNEY: No, I don't know.
I think it's, like, a rule."
82;238300;240967;"Mine and Scott's two-year
anniversary's coming up and I"
83;240967;244000;"really cannot believe it's been
that long."
84;244000;245700;">> SCOTT: I think everything's
fine now, don't you?"
85;245700;247166;">> KOURTNEY: Yeah. No, I'm
saying I'm glad."
86;247166;248967;"I feel like it's a normal
healthy relationship."
87;248967;250967;">> SCOTT: Is there anything
bothering you at this point?"
88;250967;254166;"Or it's almost 100% perfect?
>> KOURTNEY: I love Scott, and"
89;254166;258000;"our relationship is going really
well, but there's still that"
90;258000;260734;"trust issue that hasn't gone
away."
91;260734;263600;">> KOURTNEY: He has a text
message from somebody called "My"
92;263600;267600;"wife," and it says, "I loved
looking into your eyes last"
93;267600;270266;"night." (Kim gasps)
Then he wrote, "I wish I could"
94;270266;273200;"come to L.A. for a week and not
tell Kourt.""
95;273200;285200;">> SCOTT: Thank God, it's gone
to a perfect place."
96;285200;287166;">> KRIS: Oh, good, I get the
street."
97;287166;289667;">> KIM: I'm starving.
>> KOURTNEY: You are?"
98;289667;292834;">> KIM: Yeah. I wanted to talk
to about what's going on with"
99;292834;295934;"Dash.
Even though Squidge really isn't"
100;295934;298266;"my deal, I feel like we need
a new location."
101;298266;300700;"We need to make it bigger.
>> KRIS: I agree. A fresh start."
102;300700;302233;">> KIM: I mean, it just doesn't
represent us."
103;302233;303467;">> KRIS: You guys need a fresh
start."
104;303467;305700;">> KIM: I set up a really big
meeting today with my sisters"
105;305700;307667;"and my mom to discuss the future
of our stores."
106;307667;308900;">> KRIS: Have you talked to
Khloe?"
107;308900;311667;">> KOURTNEY: She didn't come
home last night."
108;311667;314467;">> KRIS: She knew this was a big
meeting for you guys and we need"
109;314467;315734;"to get organized.
>> KIM: Call her."
110;315734;317467;">> KRIS: What time is it?
Where's my Blackberry?"
111;317467;318767;">> KIM: It's just...
it's not okay."
112;318767;320667;">> KOURTNEY: Normally, I talk to
her all day long."
113;320667;325367;"She hasn't even called me once
today."
114;325367;327867;">> KIM: She's gonna kill me for
saying anything, so you guys"
115;327867;330233;"have to promise that you're not
gonna tell her that I said"
116;330233;331300;"anything
>> KOURTNEY: Well, obviously,"
117;331300;333066;"tell us.
>> KIM: I went with her to her"
118;333066;334300;"doctor's appointment...
>> KOURTNEY: Right."
119;334300;337233;">> KIM: ...and the doctor was
concerned about something and"
120;337233;340633;"wanted to do a little biopsy on
something just to make sure that"
121;340633;342367;"it was okay.
>> KOURTNEY: Yeah, but I don't"
122;342367;345033;"think that has to do with this.
>> KRIS: Why would she tell her"
123;345033;346767;"not to tell us if nothing was
wrong?"
124;346767;348400;">> KIM: I think you're just too
dramatic."
125;348400;351133;"You have to promise you will not
say anything to Khloe."
126;351133;352967;">> KRIS: I won't say anything,
Kim."
127;352967;355767;"The fact that she didn't show up
today is totally out of"
128;355767;357300;"character for her.
>> KOURTNEY: Yeah, that's a"
129;357300;368800;"little weird.
>> KIM: That's weird."
130;368800;371300;"(ringtones play)
>> SCOTT: Hello?"
131;371300;377533;"Hey. Um, I don't really know,
like, exactly, but probably,"
132;377533;380333;"like, tomorrow, I don't know.
Everything's good, though,"
133;380333;382467;"with it?
All right, so I'll talk to you"
134;382467;388133;"tomorrow.
All right, bye."
135;388133;390934;">> KOURTNEY: Who was that?
>> SCOTT: It was just Tom."
136;390934;393300;">> KOURTNEY: That did not sound
like how you guys talk."
137;393300;394967;"You guys talk ten million times
a day."
138;394967;397266;">> SCOTT: Right, no, but he was
just asking me something random"
139;397266;398800;"about talking to him tomorrow
about something."
140;398800;401934;"I told him I was about to
go to bed, so I was, like, "Talk"
141;401934;403133;"to you tomorrow."
>> KOURTNEY: Whatever."
142;403133;408333;">> SCOTT: Whatever. Look, last
call."
143;408333;410467;">> KOURTNEY: TM?
>> SCOTT: Yeah."
144;410467;413367;">> KOURTNEY: So when do you put
Tom in your phone as TM?"
145;413367;416400;">> SCOTT: He got a new number,
so I put it in as TM because I"
146;416400;418900;"already have stored as Tom Tom
and Tom Wall."
147;418900;421500;">> KOURTNEY: Okay.
>> SCOTT: "Okay," nothing."
148;421500;424834;">> KOURTNEY: Okay, you're right."
149;429467;431400;">> KRIS: Hey, Kim.
>> KIM: Have you talked to"
150;431400;432834;"Khloe?
>> KRIS: I haven't heard from"
151;432834;434166;"her today.
What's going on?"
152;434166;436834;">> KIM: I've been trying to get
a hold of her since, like,"
153;436834;438367;"yesterday afternoon.
Her phone's been off."
154;438367;440233;"It's really weird.
>> KRIS: Did you call Dash?"
155;440233;441600;">> KIM: I've called everyone at
Dash."
156;441600;443266;"None of the girls know where
she's at."
157;443266;444567;">> KRIS: What's going on with
her?"
158;444567;446066;">> KIM: She didn't sleep home
last night."
159;446066;448600;">> KRIS: So Khloe's had a
biopsy."
160;448600;451066;"It's been days since the
results, and I know they're in."
161;451066;455066;"It's really normal for me to
think something could be really"
162;455066;456967;"wrong.
I went through that whole skin-"
163;456967;460200;"cancer-scare thing with her,
which was really serious."
164;460200;463900;"For all I know, Khloe could be
in a hospital somewhere getting"
165;463900;467633;"a treatment for something.
Khloe's been down this road"
166;467633;470800;"before, and it's always been an
initial scare, but everything"
167;470800;472967;"always turns out okay, so I know
that..."
168;472967;474900;">> KHLOE (on voicemail): Hi,
you've reached my voicemail."
169;474900;476767;"Leave a message."
170;489533;490934;">> SCOTT: Hey.
>> KOURTNEY: Hey, doll."
171;490934;492333;">> SCOTT: I'm going to get out
of here."
172;492333;493533;">> KOURTNEY: Where are you
going?"
173;493533;495500;">> SCOTT: I'm going to run a
couple... just random things I"
174;495500;498300;"got to do, nothing big.
>> KOURTNEY: Like what?"
175;498300;501133;">> SCOTT: Oh, just stupid
stuff-- like not a big deal."
176;501133;504166;">> KOURTNEY: Scott tells me he's
got to go run an errand."
177;504166;506100;"Things are getting really shady
around here."
178;506100;516700;">> SCOTT: All right, I got to
run. I'm late."
179;516700;519100;">> KOURTNEY: I'm going to get
to the bottom of this, and I'm"
180;519100;521800;"going to follow Scott until I
know what the (bleep) is"
181;521800;523667;"going on."
182;538533;542800;"I drive by and I see him
talking to another girl, giving"
183;542800;545834;"her a hug.
Oh, my God."
184;545834;551266;"I don't even know what to do.
I'm so in shock."
185;551266;554667;"I'm so over this.
I'm just done with Scott and his"
186;554667;556533;"(bleep) stories."
187;559000;562000;">> SCOTT: What are you doing?
>> KOURTNEY: It's not cool to"
188;562000;572467;"lie.
>> SCOTT: What?!"
189;572467;575066;">> KOURTNEY: I can't believe I
caught Scott with my own two"
190;575066;578533;"eyes with another girl.
I'm so over this."
191;578533;581133;"I'm over Scott.
I've just got to get him the"
192;581133;583000;"(bleep) out of my house."
193;600667;603834;">> SCOTT: Kourtney, what the
(bleep)?!"
194;603834;608100;"Hello?
What are you doing?"
195;608100;611033;">> KOURTNEY: Why don't you go to
your girlfriend's house that"
196;611033;613233;"you've been hanging out with?
>> SCOTT: What are you even"
197;613233;616066;"talking about?
>> KOURTNEY: Figure it out."
198;616066;619100;">> SCOTT: Figure what out?
I didn't do anything, and you"
199;619100;621266;"always think I'm doing
something."
200;621266;622467;">> KOURTNEY: Yeah...
>> SCOTT: What?"
201;622467;624166;">> KOURTNEY: You put those
thoughts in my head a long time"
202;624166;625867;"ago.
>> SCOTT: So you're going to"
203;625867;627834;"throw my (bleep) on the ground?
>> KOURTNEY: He is just lying"
204;627834;629834;"straight to my face.
Like, get the (bleep) out of my"
205;629834;632800;"house and out of my life.
>> SCOTT: I try to frickin' do"
206;632800;635166;"things for you and this is the
way you repay me."
207;635166;637033;"Fine."
208;648533;652500;">> KRIS: I finally get in touch
with Khloe."
209;652500;654900;"Because I'm not supposed to let
Khloe know that I know she got a"
210;654900;658734;"biopsy, I'm going to have to
figure out another way in."
211;658734;662467;"What do you think this is for?
>> KHLOE: It's a light to look"
212;662467;666000;"up your vagina tunnel.
>> KRIS: Va-jay-jay?"
213;666000;668233;">> KHLOE: Sure.
>> KRIS: I'm so glad you came"
214;668233;670767;"with me to the doctor today.
>> KHLOE: Mom, I'm supportive."
215;670767;673867;"What else do you want from me?
>> KRIS: You know, if you ever"
216;673867;676066;"needed me to go to a doctor's
appointment with you, I would"
217;676066;677800;"go.
>> KHLOE: What the (bleep) are"
218;677800;679767;"you talking about?
>> KRIS: If you ever wanted me"
219;679767;681667;"to go with you, I would go with
you."
220;681667;684066;">> KHLOE: Go with me where?
>> KRIS: To like, any kind of an"
221;684066;686633;"appointment you might have.
>> KHLOE: Did Kim happen to tell"
222;686633;688734;"you anything about a doctor's
appointment?"
223;688734;691133;">> KRIS: What do you mean did
Kim tell me something?"
224;691133;693400;">> KHLOE: Well, why are you
being all inquisitive about"
225;693400;695934;"doctor's offices and stuff?
Where is this coming from?"
226;695934;698400;"You just randomly thought about
this off the top of your head?"
227;698400;700767;">> KRIS: No, we're sitting in in
a doctor's office, and I just"
228;700767;703567;"wanted you to know that I'm
always here for you, too."
229;703567;706000;">> KHLOE: No. I think you are
being (bleep) shady."
230;706000;708233;">> KRIS: Khloe, what about the
huge business meeting?"
231;708233;710300;"You don't show up, and Kourtney
said you didn't come home the"
232;710300;712066;"night before.
>> KHLOE: I mean, honestly I"
233;712066;714800;"really thought you brought me
here to spend time with you and"
234;714800;717433;"like, it's like a bonding thing
and you really wanted to take me"
235;717433;719767;"to lunch and hang out, but
obviously, this is not really"
236;719767;721967;"why I'm here.
And you're trying to like,"
237;721967;723767;"get (bleep) out of me.
And it's not cool."
238;723767;727166;">> KRIS: Who gets that angry if
there's nothing wrong?"
239;727166;730100;"Khloe wouldn't be this mad at me
trying to get into her business"
240;730100;732100;"if she didn't have something to
hide."
241;732100;733734;">> KHLOE: I have to go.
>> KRIS: Khloe, Khloe..."
242;733734;735367;">> KHLOE: I'm going to lunch
with my real sister."
243;735367;737233;">> KRIS: That's so not fair."
244;745633;750533;">> KIM: Kourt, why are all of
Scott's clothes here?"
245;750533;754567;">> KOURTNEY: Because he is
cheating on me with some nasty"
246;754567;756367;"whore.
>> KIM: Who?"
247;756367;758834;">> KOURTNEY: I don't know.
This girl-- I saw them."
248;758834;761033;"I saw it with my own eyes.
>> KIM: You saw it with your own"
249;761033;762333;"eyes?
>> KOURTNEY: I called you."
250;762333;763900;"You don't answer your phone
ever."
251;763900;766500;"I called you like three times.
>> KIM: Tell me."
252;766500;770100;">> KOURTNEY: He was talking on
the phone, and I could clearly"
253;770100;773934;"hear a girl's voice and he was
like, "I'm talking to Tom.""
254;773934;776100;"And I looked in his phone.
It says "T.M.""
255;776100;778200;"And I just knew that something
was going on."
256;778200;782000;"And then I followed him, and I
saw him with my own eyes with a"
257;782000;784867;"girl like clearly right in front
of me."
258;784867;788033;">> KIM: Wait a minute.
Wait a minute."
259;788033;790333;"Scott really wanted to surprise
Kourtney for their anniversary"
260;790333;793600;"so last week he asked me to go
to a jewelry store with him."
261;793600;796400;"Let's look at the watches.
We find the perfect watch for"
262;796400;798600;"Kourtney.
It has the yellow gold and the"
263;798600;800867;"diamonds that Kourtney's always
wanted."
264;800867;802300;">> SCOTT: I'm Scott.
>> NATASHA: Natasha."
265;802300;803700;">> KIM: Hi, I'm Kim.
>> SCOTT: And this is Kim."
266;803700;805066;">> NATASHA: Hi. Natasha.
>> KIM: Nice to meet you."
267;805066;806333;">> SCOTT: All right, so perfect.
>> NATASHA: Yeah."
268;806333;808967;">> SCOTT: Two days?
>> KIM: So I've been talking to"
269;808967;811734;"him on the phone, and I said
pretend that I'm Tom."
270;811734;813333;">> KOURTNEY: Oh!
>> KIM: He just wanted to give"
271;813333;816033;"you a nice gift for your
anniversary."
272;816033;818600;">> KOURTNEY: I (bleep) up.
Oh, my God."
273;818600;822033;"I just feel like such an idiot.
I didn't trust Scott."
274;822033;823967;">> KIM: This has to be a lesson
for you."
275;823967;825834;">> KOURTNEY: I just feel awful.
What do I do?"
276;825834;827233;"Please tell me.
He's not going to answer my"
277;827233;828600;"calls.
>> KIM: You just call him and"
278;828600;830100;"you just say...
>> KOURTNEY: No, I'm sure he's"
279;830100;832033;"at Sean's house.
Like, he has no other friends"
280;832033;833367;"here.
>> KIM: Go there and talk to"
281;833367;835333;"him.
>> KOURTNEY: I don't know, what"
282;835333;837934;"if I get there and he's like,
won't speak to me or something?"
283;837934;840567;">> KIM: Then he's so dumb, and
you shouldn't be with him,"
284;840567;842767;"seriously.
>> KOURTNEY: I'm just scared"
285;842767;845700;"that he won't even want to talk
to me, and that I don't know"
286;845700;848000;"what to do from there.
>> KIM: I'm gonna go call him"
287;848000;850033;"and give him a heads up of
what's going on, and that I"
288;850033;852500;"ruined the whole surprise.
>> KOURTNEY: Will you find out"
289;852500;854600;"if he's at Sean's, and then I'll
go there."
290;854600;862233;">> KIM: Yeah, for sure.
>> KOURTNEY: Okay, thanks."
291;862233;863900;">> KRIS: All right, Lisa, you
can be here tomorrow?"
292;863900;867133;"Okay.
All right, yeah."
293;867133;869100;"Yeah.
And then Khloe will show up"
294;869100;871734;"after everybody else.
Khloe's having a really hard"
295;871734;874734;"time telling me what's wrong.
So I've asked her friends and"
296;874734;878667;"some family to come over to
offer their love and support for"
297;878667;880967;"Khloe.
I'm just going to let her know"
298;880967;882934;"that we're here for her no
matter what."
299;882934;886333;"So she's in a place where she
feels safe and loved and once"
300;886333;888433;"and for all tells what's going
on."
301;888433;890300;"All right, bye."
302;903433;905800;"(doorbell rings)
>> KOURTNEY: I totally"
303;905800;909367;"understand if Scott doesn't want
to talk to me for a while, but I"
304;909367;911433;"really hope he does.
>> SEAN: Hold on, let me see if"
305;911433;913333;"he's ready to talk to you
'cause I don't... you know?"
306;913333;914667;">> KOURTNEY: Yeah.
>> SEAN: Hold on one second,"
307;914667;916066;"okay?
>> KOURTNEY: Okay, okay."
308;916066;918567;"I just feel awful for not
trusting him."
309;918567;920033;">> SEAN: Come in.
>> KOURTNEY: Okay."
310;920033;922133;">> SEAN: I've been taking care
of him all day."
311;922133;927533;"He's like a sad little puppy.
>> KOURTNEY: Hey, doll."
312;927533;929567;">> SCOTT: What's up?
>> KOURTNEY: I just had to tell"
313;929567;932100;"you that I'm really sorry.
>> SCOTT: You couldn't have"
314;932100;933500;"called me?
>> KOURTNEY: No, I wanted to"
315;933500;935500;"talk to you.
And I just found out from Kim"
316;935500;939567;"that you were trying to get me a
surprise for our anniversary,"
317;939567;941433;"and I had no idea.
>> SCOTT: And I didn't try to"
318;941433;943200;"explain that to you while you
were going crazy on me?"
319;943200;945867;">> KOURTNEY: No.
You were acting so shady."
320;945867;947734;"And, like, our past history,
like..."
321;947734;949834;">> SCOTT: But that's the past,
and we've left that there."
322;949834;952000;">> KOURTNEY: And you're right.
I mean, I feel really, really"
323;952000;954133;"bad, and I obviously made a big
mistake."
324;954133;955467;">> SCOTT: Big.
>> KOURTNEY: Yeah."
325;955467;959133;"So are you ready to come home?"
326;961266;963500;">> SCOTT: What am I gonna do,
sit here with Sean for the rest"
327;963500;964900;"of my life?
>> KOURTNEY: I hope not."
328;964900;966967;">> SCOTT: Keeps asking me if I
want to sleep in bed with him."
329;966967;968166;"He's sick.
>> KOURTNEY: You probably love"
330;968166;969567;"it.
>> SCOTT: I love you."
331;969567;972533;"Thanks for trying to grow up.
>> KOURTNEY: I love you."
332;972533;975967;">> SCOTT: Ah.
>> KOURTNEY: I just feel awful"
333;975967;978800;"for not trusting him.
If I want to be with him and"
334;978800;981667;"move forward in this
relationship, I really have to"
335;981667;983700;"let it go.
>> SCOTT: Hi, Sean."
336;983700;985567;">> SEAN: Okay, I can see you
guys are all better now."
337;985567;987600;">> KOURTNEY: Yes.
>> SCOTT: I mean, she came to"
338;987600;989633;"her senses.
>> SEAN: I mean, he almost left"
339;989633;991734;"you for me.
>> KOURTNEY: You would love it."
340;991734;994166;">> SEAN: I would.
>> KOURTNEY: I acted like a"
341;994166;995800;"psychopath.
>> SCOTT: Crazy."
342;995800;997100;">> SEAN: It's okay.
>> KOURTNEY: For no reason."
343;997100;998934;">> SCOTT: I told him the story.
>> SEAN: This is so cute."
344;998934;1001800;"This is like a romantic moment.
Let me see you guys kiss, kiss."
345;1001800;1004767;">> SCOTT: I am happy to see
this, brother."
346;1004767;1014133;">> KOURTNEY: Ew.
>> SCOTT: I love you."
347;1014133;1016800;"(doorbell rings)
>> KRIS: Oh, look, it's Maria,"
348;1016800;1018133;"everybody.
>> MARIA: Hi!"
349;1018133;1020300;">> KRIS: Hey, how are you?
>> BRUCE: Good to see you again."
350;1020300;1022100;">> KRIS: Oh, my God, you're
almost ready to pop."
351;1022100;1024133;">> MARIA: I know.
>> KRIS: How are you feeling?"
352;1024133;1027200;"So I brought everybody here,
friends and family from all over"
353;1027200;1030266;"the place, to lend Khloe love
and support."
354;1030266;1032834;"And I don't know how she's gonna
react."
355;1032834;1036533;"I'm really, really grateful that
you guys all came to be here"
356;1036533;1039033;"today because I'm really
worried about Khloe."
357;1039033;1041834;"Couple years ago, she had her
breast biopsy."
358;1041834;1044767;"She had pre-cancer cells.
She's had things removed from"
359;1044767;1047066;"her back.
So I know this time that"
360;1047066;1050066;"something's wrong.
>> KIM: What if Khloe is totally"
361;1050066;1053133;"fine and this has nothing to do
with being sick or anything"
362;1053133;1055100;"like that?
My mom is nuts."
363;1055100;1058400;">> KRIS: I can't force her to
tell me what's wrong with her."
364;1058400;1060000;">> MJ: Why don't you just ask
her?"
365;1060000;1061367;">> KRIS: I tried.
>> MJ: Obviously, she doesn't"
366;1061367;1063800;"want to tell you right now.
Maybe she's a little afraid, you"
367;1063800;1065700;"know, scared.
>> KRIS: Well, exactly."
368;1065700;1068166;"And that's why I brought all of
you here together."
369;1068166;1071000;"Because if she is afraid, we
need to let her know that we"
370;1071000;1074200;"really love her.
Oh, my God."
371;1074200;1075834;">> KHLOE: Hello.
>> GIRL: Uh-oh."
372;1075834;1077600;">> KRIS: Hey, Khloe.
>> KHLOE: Oh, my God, what's"
373;1077600;1078967;"going on here?
>> KRIS: Here she is."
374;1078967;1080900;">> KHLOE: What's happening?
>> MALIKA: Hi, honey."
375;1080900;1082734;">> KHLOE: Malika, why are you
here?"
376;1082734;1085333;">> KRIS: Khloe, I've asked
everybody to come over today,"
377;1085333;1088300;"because I really feel like
you've been hiding something"
378;1088300;1089867;"from me.
And this is really hard for me"
379;1089867;1091200;"to say...
>> KHLOE: Is this a joke?"
380;1091200;1092834;">> KRIS: ...but I want you to
know..."
381;1092834;1095100;">> KHLOE: What is this, like,
an intervention?"
382;1095100;1098233;"I'm more than lost.
>> KRIS: No, we are here to tell"
383;1098233;1103567;"you that it's okay for you to
tell me if you're sick."
384;1103567;1106066;">> KHLOE: Like, mentally sick?
Like what?"
385;1106066;1108066;">> KRIS: No, Khloe, not mentally
sick."
386;1108066;1110400;"I know you've been to the
doctor."
387;1110400;1113533;"You wouldn't tell me about your
biopsy that you got."
388;1113533;1115533;"Khloe, you can tell me.
>> KHLOE: Kim."
389;1115533;1119500;"First of all, you guys are all
freaking nuts, and I'm so sorry"
390;1119500;1121333;"all you guys had to come out
here."
391;1121333;1123934;"Are you, like, this menopausal
that, like, you just need"
392;1123934;1126166;"something to do to put all your
energy to?"
393;1126166;1127800;">> KRIS: What about the meeting
we were supposed to have?"
394;1127800;1130000;"You don't show up and Kourtney
said you didn't come home the"
395;1130000;1131767;"night before.
What was that all about?"
396;1131767;1133266;">> KHLOE: Who cares?
>> KRIS: Explain that."
397;1133266;1135200;">> KHLOE: I was at a boy's
house!"
398;1135200;1137500;"Why do you care?!
>> MJ: A boy?"
399;1137500;1139400;">> KRIS: A boy's house?
(laughter)"
400;1139400;1143200;">> KHLOE: I'm not dying!
This is ridiculous."
401;1143200;1146100;"This is the time that we need to
be concerned about Kris."
402;1146100;1148867;">> KRIS: Are you not sick?
>> KHLOE: I'm, no, I'm not."
403;1148867;1151433;"You knew I was dating someone.
You let people come here, and"
404;1151433;1153333;"you didn't feel the need to say
anything?"
405;1153333;1155633;">> MALIKA: I had no idea I was
gonna see all of these people."
406;1155633;1158166;"(laughter)
And I didn't think you wanted me"
407;1158166;1160300;"to tell them your business like
that."
408;1160300;1162200;">> KHLOE: Well, I don't.
>> KIM: Khloe, Malika knows and"
409;1162200;1163367;"I don't?
What about us?"
410;1163367;1164934;"I want to meet him.
>> KHLOE: I would rather have"
411;1164934;1167033;"you guys meet him than this one.
>> MJ: I know. Bring him down."
412;1167033;1169133;">> KRIS: She gets to meet him
and I don't get to meet him?"
413;1169133;1171767;">> KHLOE: You're a nightmare
when it comes to meeting boys."
414;1171767;1173367;"You're like, "When are you
getting married?"
415;1173367;1175367;"How many kids?
The house is gonna be right next"
416;1175367;1177700;"door to mine."
>> KRIS: Am I that bad?"
417;1177700;1181200;">> KHLOE: Kris can meet the guy
I'm dating after my honeymoon."
418;1181200;1182600;">> KRIS: Oh, my God.
>> KHLOE: Mom, no."
419;1182600;1185233;"You don't deserve a hug.
You are... Seriously, someone,"
420;1185233;1187200;"the next intervention is for
her."
421;1187200;1189767;"We're gonna admit her.
>> MJ: We're just glad you're"
422;1189767;1192533;"all right.
>> KOURTNEY: I'm excited to meet"
423;1192533;1194400;"Rashad.
Are you?"
424;1194400;1197166;">> SCOTT: Yeah, I'm excited to
meet Khloe's new man."
425;1197166;1199233;">> KHLOE: Hi, guys."
426;1212834;1215667;">> KOURTNEY: Thank you.
I'm excited to meet Rashad."
427;1215667;1218166;"Are you?
>> SCOTT: Yeah, I'm excited to"
428;1218166;1220133;"meet Khloe's new man.
What do you think he's gonna be"
429;1220133;1221700;"like?
>> KOURTNEY: I don't know."
430;1221700;1224867;"I cannot believe that Khloe and
I live together, and she's kept"
431;1224867;1228867;"this a secret from me.
I am so excited to meet Rashad."
432;1228867;1231900;"I feel like she must like him.
She never introduces us to"
433;1231900;1233867;"anyone.
>> SCOTT: Yeah, she is on a lot"
434;1233867;1235200;"of...
>> KOURTNEY: Like ever."
435;1235200;1237934;"Like, she won't even mention...
Oh, here they are."
436;1237934;1239834;">> KHLOE: Hi, guys.
>> KOURTNEY: Hey."
437;1239834;1242233;">> RASHAD: What's up?
>> SCOTT: What's going on?"
438;1242233;1244967;">> KOURTNEY: Hi.
>> KHLOE: It's so nerve-racking"
439;1244967;1248133;"to introduce the guy I'm dating
to everyone."
440;1248133;1252000;"Rob...
>> ROBERT: Wait, you're being"
441;1252000;1253333;"real, right?
>> RASHAD: I'm being real."
442;1253333;1259233;">> ROBERT: See, I told you.
>> ADRIENNE: Khloe."
443;1259233;1261300;">> KOURTNEY: I'm actually having
a really good time, and no"
444;1261300;1266000;"one's really hassling me.
>> KIM: Hi, guys!"
445;1266000;1268667;"Who's this lucky man?
>> KOURTNEY: Oh."
446;1268667;1271066;"Rashad, Kim.
Kim..."
447;1271066;1274667;">> KIM: Hi, nice to meet you.
>> RASHAD: You, too."
448;1274667;1278066;">> KIM: Rashad plays for the
Minnesota Timberwolves."
449;1278066;1280367;"And he seems like a really nice
guy."
450;1280367;1284333;"But I'm definitely gonna step in
and make sure that this guy does"
451;1284333;1287367;"not take advantage of my sister
and treats her really good."
452;1287367;1290834;"All I'm telling you, Rashad, is
if you hurt my sister..."
453;1290834;1293533;">> RASHAD: You're gonna kill me.
>> KIM: ...I will hurt you."
454;1293533;1295867;"Do you understand me?
>> RASHAD: Do you want the fork"
455;1295867;1297934;"and knife?
I don't want you to stab me,"
456;1297934;1299500;"but...
>> KIM: Buddy old pal, do you"
457;1299500;1302333;"understand me?
>> RASHAD: I do, I do, I do."
458;1302333;1306033;">> KHLOE: The pressure of dating
freaks me the (bleep) out."
459;1306033;1308800;"That's why it's private.
And this is stressing me out"
460;1308800;1310133;"even more.
>> RASHAD: I like that."
461;1310133;1311600;"That feels good.
>> KIM: All right, we're gonna"
462;1311600;1317900;"be good friends then.
>> RASHAD: Ah..."
463;1317900;1319533;"Keeping Up
with the Kardashians:"
464;1319533;1321467;">> KRIS: You can't not go to
Reggie's first game."
465;1321467;1324000;">> KIM: Reggie's gonna have to
understand that I need to focus"
466;1324000;1326233;"at my career right now.
>> REGGIE: Really, really not"
467;1326233;1327367;"cool.
>> KHLOE: Hello?"
468;1327367;1330000;"My publicist Beth offered me
this amazing opportunity to go"
469;1330000;1331900;"to New York and host a fashion
show."
470;1331900;1334567;"I'm going to move to New York.
>> KRIS: You're not going to New"
471;1334567;1336433;"York."