﻿Number;Start time in milliseconds;End time in milliseconds;"Text"
1;6800;10200;">> KRIS: Khloe, would you help
me do the dishes?"
2;10200;14066;"Thanks.
>> KHLOE: I'm the red-headed"
3;14066;17400;"stepchild.
"Khloe, do this."
4;17400;20033;"Khloe, do that."
>> KOURTNEY (in accent): Robert."
5;20033;21500;">> ROBERT: What?
>> KOURTNEY: Do you feel like"
6;21500;23700;"getting a CD out of my car?
>> ROBERT: Ask Khloe."
7;23700;25600;"She's the stepchild.
>> KHLOE: This is sick."
8;25600;27800;"Who washes plastic?
>> KRIS: Who wants water?"
9;27800;29967;"Kourtney, you want some water?
>> KOURTNEY: Can I have it with"
10;29967;32233;"some lemon, please?
>> KRIS: Lemon?"
11;32233;34333;"Sure, sweetie.
Here, can you just throw that"
12;34333;37333;"away?
Thanks."
13;37333;40533;">> KHLOE: I'm thirsty, too.
>> KOURTNEY: No ice?"
14;40533;42700;">> KHLOE: Can I do anything for
you, Kourt?"
15;42700;44934;"Rub your back?
Mom, what would you like-- a"
16;44934;48367;"manicure, pedicure, bikini wax?
>> KRIS: There's just a few more"
17;48367;50433;"plates here, Khloe, and then
you'll be done."
18;50433;54967;">> KHLOE: Oh, I'll show you
done, bitch."
19;54967;56900;">> All right, we're ready.
>> KRIS: No, no, no, you're"
20;56900;58834;"right here.
>> KHLOE: The wind, you guys--"
21;58834;61433;"is this necessary?
>> KOURTNEY: No, that is not"
22;61433;63700;"cute.
>> Yeah, yeah, go on."
23;63700;66033;">> ROBERT: I need someone to
make me laugh."
24;66033;68233;">> KRIS: Where's Kim?
Kim is always late. Duh."
25;68233;70734;">> KIM: I'm here.
>> KOURTNEY: Get out of our way."
26;70734;72934;">> KIM: Stop, jealous.
>> KRIS: That's enough."
27;72934;75200;"That's enough.
>> KIM: Stop."
28;75200;78000;">> All right, you guys.
>> That's it, we're done."
29;78000;83800;"Captioning sponsored by
 BUNIM-MURRAY PRODUCTIONS"
30;83800;85800;">> KHLOE: Is this a pimp-and-
hoes party?"
31;85800;87066;">> KOURTNEY: Wait, where?
>> KHLOE: This."
32;87066;89000;"Wow, you guys all look like
whores."
33;89000;91133;">> KOURTNEY: It is.
>> KHLOE: Look at Dad."
34;91133;92967;"I am so not a part of this
family."
35;92967;96200;"Look how big my nose is.
Like your skin color,"
36;96200;99900;"your hair color, everything.
I do not look like you guys."
37;99900;101600;">> KOURTNEY: Khloe, yes, you do.
>> KHLOE: No, I don't."
38;101600;105433;"You and Kim look identical.
I look like I am adopted, I"
39;105433;107600;"swear.
You guys, just show me the birth"
40;107600;110400;"certificates and I'll be fine."
41;118100;121100;"I am going to go find my real
birth parents."
42;121100;123633;">> KIM: I think Khloe's adopted.
>> KHLOE: Give me my-- I want"
43;123633;125900;"to see my birth certificate.
>> KRIS: She is not adopted."
44;125900;127834;"She is just different in every
way."
45;127834;129700;"You had different color hair,
different color eyes, different"
46;129700;132233;"color skin.
>> KIM: Khloe needs a DNA test."
47;132233;134333;">> KHLOE: Let's take a DNA test.
>> KIM: I'm gonna take a piece"
48;134333;136600;"of your hair.
>> KRIS (laughing): Oh, my God."
49;136600;138767;"Then you're going to have to get
a piece of my hair."
50;138767;141567;">> KHLOE: Get Bruce's.
I swear I'm probably his kid."
51;141567;144066;">> KRIS: Khloe, I didn't even
know Bruce at the time."
52;144066;146233;">> KIM: We have a specimen of
Khloe's hair."
53;146233;149633;"Khloe, I'm going online
to see where I can get a home"
54;149633;151467;"DNA test.
>> KHLOE: You guys think I'm"
55;151467;152834;"joking.
>> KRIS: They don't have a"
56;152834;155033;"home-- this isn't an AIDS test.
>> KHLOE: What, you think they"
57;155033;158166;"have home AIDS tests, but they
don't have a home DNA test?"
58;158166;160900;">> KIM: $89.
>> KHLOE: I knew I was adopted."
59;160900;163467;"I told you from day one.
>> KIM: HomeDNA.com."
60;163467;166333;">> KHLOE: Why would my godmother
go, "When are you going to tell"
61;166333;168467;"her that she's adopted?"
Why would someone say that if"
62;168467;171333;"I'm really not adopted?
>> KRIS: Are you mental?"
63;171333;172967;"You really-- you've been saying
this since you were 5 years old."
64;172967;175467;">> KHLOE: I just can't believe
that I'm really like"
65;175467;177500;"legitimately a part of this
family."
66;177500;179800;">> KRIS: I can't believe that
I'm legitimately a part of this"
67;179800;181800;"family."
68;190433;192533;"I would like to make a toast to
Rob."
69;192533;195100;"Daddy would be very proud of
Rob, and I am proud, too."
70;195100;197600;">> ROBERT: Aw, that means so
much when you're proud of me."
71;197600;200200;">> KIM: Rob has just finished
the last of his finals, and our"
72;200200;202367;"whole family is getting together
to celebrate."
73;202367;204900;">> ROBERT: Maybe you could, uh,
loan me that Bentley of yours as"
74;204900;212467;"a little gift, graduation gift.
>> KIM: Not a chance."
75;212467;216033;"If you want cars like Bentleys,
honey, you're going to have to"
76;216033;218367;"get a job pronto.
>> KRIS: If you're going to run"
77;218367;221967;"around on your friends' private
planes, at their hotels in"
78;221967;224800;"Vegas, and blah, blah, blah,
then, you know, start thinking"
79;224800;227233;"along those lines.
>> KOURTNEY: Mom, that's nice to"
80;227233;229867;"do to your son and put that kind
of pressure."
81;229867;233600;">> ROBERT: Growing up the way I
did, surrounded by, you know, my"
82;233600;236767;"parents' friends and my sisters'
friends, everybody has a lot of"
83;236767;240066;"money, so I just have the
mindset to make a lot of money,"
84;240066;242433;"and that's just what I have to
do."
85;242433;244633;">> KOURTNEY: If I set up an
internship, like if I can-- I'll"
86;244633;248066;"ask some of my guy friends, do
you think that's cool?"
87;248066;250233;">> ROBERT: I would rather get a
paid job."
88;250233;251767;">> KOURTNEY: I'll get you a paid
internship."
89;251767;253967;"You're not gonna work for free.
You went to college at USC"
90;253967;255700;"Business School.
>> KRIS: A lot of people go to"
91;255700;258800;"USC because they have such a
great, you know, camaraderie."
92;258800;260967;">> KHLOE: Of course she knows a
lot about USC."
93;260967;265734;"She boned half the football team
and the towel boys."
94;265734;267467;">> KRIS: Okay, very funny.
>> KHLOE: That's why I don't"
95;267467;269767;"look like you people.
I look like Rob's science"
96;269767;280867;"teacher.
Uh, hello."
97;280867;283066;">> KHLOE: What is this mattress
for?"
98;283066;285367;">> KRIS: Somebody sent it to me.
I think we should just put it"
99;285367;287800;"on top of my bed.
>> KHLOE: Why don't you just lay"
100;287800;290266;"it on the floor and you sleep
out here for a day?"
101;290266;291767;">> KRIS: Why don't you kiss my
ass?"
102;291767;293367;">> KHLOE: What do you want me
to do with this?"
103;293367;295700;">> KRIS: I want you to drag it
in the house somehow."
104;295700;298066;">> KHLOE: You think I'm like
a camel, and I can just throw"
105;298066;300100;"this on my back and it'll be
fine?"
106;300100;302633;">> KRIS: There's a way.
Wait a minute."
107;302633;305633;"There's a way-- yeah.
There's a way."
108;305633;307767;"Let's just drag it.
>> KHLOE: Wait, move!"
109;307767;310800;">> KRIS: What?
Khloe, just..."
110;310800;313133;">> KHLOE: Mom, this can't fit
through a door."
111;313133;315900;"My mom definitely relies on me
more than Kourtney and Kim."
112;315900;319600;"Like I'm always the go-to girl
and the fix-it girl."
113;319600;322166;"If you do not push, I will kill
you."
114;322166;324400;"Push!
>> KRIS: I'm trying, Khloe."
115;324400;327300;"Thank God for you.
>> KHLOE: Yeah, that's why you"
116;327300;330033;"adopted me.
Free slavery."
117;330033;334100;"This is like the craziest thing.
I should DNA test your ass."
118;334100;336367;">> KRIS: Khloe, my pictures are
kind of falling down."
119;336367;342266;"Khlo, have a little respect.
>> (Khloe laughs)"
120;342266;350967;">> KRIS: Khloe, are you okay?
>> KHLOE: Mom, suck it!"
121;350967;353500;">> KIM: So I just went
to 14 Carats with Mom, and I"
122;353500;354900;"totally found my engagement
ring."
123;354900;356667;">> KHLOE: So what does that
mean, you're engaged?"
124;356667;358433;">> KIM: No, I'm just saying I
found it."
125;358433;360500;">> KHLOE: Oh, my God!
Are you joking?"
126;360500;363400;">> KOURTNEY: Oh, God, I have
to call this guy for Rob."
127;363400;366367;">> KHLOE: How much is this?
>> KIM: It's like $300,000."
128;366367;369800;">> KOURTNEY: Hey, how are you?
I actually have a favor to ask"
129;369800;372467;"you.
My younger brother, Rob--"
130;372467;376533;"I think you've met him before--
he is about to graduate from USC"
131;376533;379734;"Business School...
I'm calling my college friend,"
132;379734;383100;"Ben, to set up an interview
for Rob so he can see what it's"
133;383100;387500;"like to work in the real world.
Okay, so this Wednesday?"
134;387500;389266;"And then I'll call Rob right
now."
135;389266;397200;"He'll be so excited.
Thank you."
136;397200;401367;">> KHLOE: Paternity test done.
>> KRIS: What are you doing?"
137;401367;403834;">> KHLOE: Just looking at all
this DNA testing."
138;403834;406066;">> KRIS: Khloe, this isn't even
funny."
139;406066;408000;"You've seen the stories.
You've heard them from your"
140;408000;410333;"grandparents about the day that
you were born and how--"
141;410333;411967;">> KHLOE: No, I haven't.
No, I haven't."
142;411967;413667;">> KRIS: Everybody thought you
were going to be a boy, but it"
143;413667;415533;"was a girl.
And then everybody got over it"
144;415533;417233;"after 15 minutes.
>> KHLOE: So you guys like were"
145;417233;420066;"disappointed when I was born?
Is that why you treat me the way"
146;420066;422600;"you guys treat me?
>> KRIS: How do I treat you?"
147;422600;424734;">> KHLOE: I just get treated
differently than how she treats"
148;424734;427333;"Kourtney and Kim.
When I was 10 years old,"
149;427333;429600;"I would make dinner,
set the table."
150;429600;432800;"You could always count on me.
When you're 10, that's not"
151;432800;434767;"really something you want to be
doing."
152;434767;437066;"And I was doing it for years
and years and years."
153;437066;439133;">> KRIS: You know, you're so
obsessed with this whole thing"
154;439133;441266;"that I think that you're going
to be disappointed when you"
155;441266;442934;"really find out.
>> KHLOE: Yeah, I--"
156;442934;445000;">> KRIS. Go do it.
Find out that I'm your mom, and"
157;445000;446533;"then what are you gonna do?
>> KHLOE: It's not that big of a"
158;446533;449000;"deal.
If you are, congratulations."
159;449000;453066;"You have an amazing child.
But if you're not, ta-ta."
160;453066;454500;">> KRIS: I'm done."
161;464700;467967;">> KIM: Where the (bleep) is my
car?"
162;467967;470834;">> KOURTNEY: I'm sure it's in
the shop, like it is every day."
163;470834;472500;">> KIM: No, it's not.
I just drove it."
164;472500;474433;">> KHLOE: Where is Reg?
>> KIM: He's out of town."
165;474433;476333;"He wouldn't have my car, Khlo.
>> KOURTNEY: Oh."
166;476333;479100;">> KIM: My God, my car is not
here."
167;479100;481533;"Kourtney, I have two parking
spaces in the--"
168;481533;483734;"I left my Bentley at someone's
house?"
169;483734;485367;">> KOURTNEY: Who's gonna take
your car?"
170;485367;487400;">> KHLOE: It's a Bentley.
 take her car?"
171;487400;489967;"Are you joking?"
172;491433;493734;"Oh, my God, calm down.
>> KRIS: Shut up, Khloe!"
173;493734;495900;"When you have a son with a
(bleep) tattoo the size of"
174;495900;497300;"Alabama on his chest."
175;508033;510600;">> POLICEMAN: Okay, so when did
you notice it was missing?"
176;510600;512900;">> KIM: Like 20 minutes ago.
>> POLICEMAN: What kind of car"
177;512900;515100;"was it?
>> KIM: When I get home, I see"
178;515100;517800;"my Bentley is missing, and
immediately I call the police to"
179;517800;520667;"file a police report.
Oh."
180;520667;523033;">> POLICEMAN: Is that it?
>> KIM: That is my (bleep)"
181;523033;526000;"little brother.
What are you doing?"
182;526000;528066;">> ROBERT: What is going on?
>> KIM: What are you doing?"
183;528066;530567;"I called the police.
I thought my car was stolen."
184;530567;534266;"How did you even get my key?
I work hard, and I bought--"
185;534266;537467;"Rob, get out of my car.
I can't even believe Rob stole"
186;537467;539967;"my Bentley.
Kourtney? Khloe?"
187;539967;542233;">> KOURTNEY: What?
>> KIM: Rob is out of control."
188;542233;544533;"He had my car this whole time.
He was out with my car."
189;544533;546033;"Rob?
>> ROBERT: What?"
190;546033;549734;"What do you want?
>> KIM: Sit down."
191;549734;552266;"Seriously, what is wrong with
you?"
192;552266;555100;">> ROBERT: Mmm, nothing.
I took your car for a little"
193;555100;557000;"joyride.
>> KIM: You don't think there's"
194;557000;559200;"anything wrong with that, when
I told you, no, you're not"
195;559200;561400;"allowed to?
>> ROBERT: Uh, I didn't think it"
196;561400;563300;"was that serious.
I've taken Mom's car."
197;563300;565433;"I've taken-- I mean, I've taken
all you guys--"
198;565433;567667;"It's not that big of a deal.
>> KIM: It's not even the car."
199;567667;569166;">> ROBERT: You have all these
things."
200;569166;570600;">> KIM: No.
>> KOURTNEY: I think Rob is"
201;570600;573100;"definitely going through a phase
in his life."
202;573100;576233;"He's about to graduate college.
It's just a weird time in your"
203;576233;577967;"life.
>> KIM: You sound like the"
204;577967;579967;"biggest spoiled brat.
It's not even that."
205;579967;581767;"No, it's not even that.
>> KOURTNEY: That's not all."
206;581767;583700;">> KIM: I called the police.
I thought my car was stolen."
207;583700;586567;">> ROBERT: You're right.
I need to go to rehab."
208;586567;591300;"You guys are right.
>> KIM: Even though Rob stole"
209;591300;594100;"my car, he's still my baby
brother, and I can never stay"
210;594100;596734;"mad at him.
>> KOURTNEY: I'm a lot fatter"
211;596734;598533;"than Adrienne."
212;604266;606066;">> KOURTNEY: Hey, Rob.
>> ROBERT: Hey, what's up?"
213;606066;608800;">> KOURTNEY: I got your suits,
your dry cleaning."
214;608800;611133;">> ROBERT: Nice.
>> KOURTNEY: I would wear the"
215;611133;613900;"striped one.
Today's the big day when Rob"
216;613900;617300;"goes in for his interview,
and I'm just hoping that he gets"
217;617300;619500;"the internship.
>> ROBERT: How much money do you"
218;619500;621000;"think I'll be getting at this
job?"
219;621000;622533;">> KOURTNEY: It's like a paid
internship."
220;622533;624567;"I'm sure you'll get like
a little bit more than minimum"
221;624567;625967;"wage.
>> ROBERT: I had a minimum-wage"
222;625967;628066;"job in high school.
>> KOURTNEY: Robert, it's"
223;628066;630734;"a starting job.
You're going for the experience."
224;630734;634066;"You can say you have other jobs.
>> ROBERT: My dad always, uh,"
225;634066;637133;"told me, "time is money."
So, you know, I'm 21 years old."
226;637133;640266;"I would love to, you know, have
a couple million dollars by 25."
227;640266;643333;"So I'm not going to waste my
time doing some minimum-wage"
228;643333;645667;"job.
>> KOURTNEY: Okay, call me right"
229;645667;652533;"when you're done.
>> ROBERT: All right."
230;652533;655467;">> KHLOE: Oh.
It's my paternity test."
231;655467;657333;">> KENDAL: What?
>> KHLOE: No, not like to see"
232;657333;659700;"if I'm pregnant.
Like to see if my parents are"
233;659700;662066;"my parents.
I don't think Kris Jenner's my"
234;662066;664000;"mom.
>> KENDAL: What is wrong with"
235;664000;665834;"you?
>> KHLOE: Someone that psychotic"
236;665834;668533;"cannot be blood-related to me.
"How it works."
237;668533;671633;"Using the enclosed cheek swabs,
rub inside the cheek...""
238;671633;674233;">> KENDAL: How are you going
to get that?"
239;674233;676834;">> KHLOE: How the hell am I
going to get a cotton swab"
240;676834;679800;"into my mom's mouth without
her thinking anything weird?"
241;679800;681900;"What are you eating?
>> KRIS: Um..."
242;681900;686500;">> GIRL: Fake Swedish Fish.
>> KRIS: Testing..."
243;686500;688967;"I just saw Nicollette Sheridan
buying these."
244;688967;692734;"So I thought if she can eat
them, I can eat them."
245;692734;696800;"(laughing)
Oh, this is just horrible."
246;696800;698433;">> GIRL: Spit.
>> KHLOE: You just bought it"
247;698433;700166;"'cause Nicollette Sheridan was
eating it?"
248;700166;703467;"That's really celebrity-
influenced."
249;703467;705166;"Just open your mouth.
>> GIRL: That bad?"
250;705166;706834;">> KRIS: Why?
>> KHLOE: I wanna see your caps."
251;706834;709066;"I just want to see what they
look like."
252;709066;714066;"Like that.
>> KRIS: Khloe, what are you"
253;714066;717800;"doing?!
She is out of her mind."
254;717800;720700;"What was that all about?
>> KHLOE: What?"
255;720700;722533;">> KRIS: This is my mouth.
My mouth."
256;722533;724633;">> KHLOE: Good.
>> KRIS: Like I have boundaries."
257;724633;726500;"Warn me!
>> KHLOE: Mom."
258;726500;728133;">> KRIS: Okay?
>> KHLOE: I'm busy getting your"
259;728133;730000;"drug test results.
I really don't know what you've"
260;730000;731900;"been up to these days.
You have the chills?"
261;731900;734700;">> KRIS: Khloe, you tested me
to see if I'm your real mother."
262;734700;737667;"And if you don't think that I'm
your real mother, then there's"
263;737667;740100;"something wrong with you.
>> KHLOE: There definitely is"
264;740100;742500;"something wrong with me.
That's already been discovered."
265;742500;744567;">> KRIS: Okay, honey.
Get your little test off in the"
266;744567;746600;"mail.
And when you get your results"
267;746600;749233;"back, we'll pop a bottle
of champagne and celebrate."
268;749233;751967;"Okay, so get ready.
It just depends on how happy"
269;751967;764567;"you're going to be that I'm
your real mom."
270;764567;766600;">> ROBERT: I'm not a stranger
to tattoos."
271;766600;775300;"But I just-- I've always been
wanting to get another one."
272;775300;778066;">> J.J.: So how did you settle
on this one out of everything?"
273;778066;781400;">> ROBERT: It's my dad.
Love him."
274;781400;784967;"I think it's perfect just to
do, uh, do his face right there"
275;784967;789200;"on my forearm.
>> (cell phone chimes)"
276;789200;792867;">> J.J.: Dude, Kourt's calling.
>> ROBERT: Just ignore it."
277;792867;802767;">> J.J.: Ignore her?
>> ROBERT: Don't pick up."
278;802767;804834;">> KRIS: You know, Khloe came
into Smooch today."
279;804834;807033;">> BRUCE: Mm-hmm.
>> KRIS: She shoved a swab in my"
280;807033;809100;"mouth to get my--
>> BRUCE: A swab for what?"
281;809100;811467;">> KRIS: To get a sample of my
DNA."
282;811467;813467;"My DNA.
>> BRUCE: To get a--"
283;813467;815300;"well, for what?
>> KRIS: Because she wanted to"
284;815300;817800;"see if I was her real mom.
>> BRUCE: Honey, Khloe has"
285;817800;822600;"a tendency to be very dramatic,
very over-the-top."
286;822600;824266;"I honestly think it's kind of
funny."
287;824266;826867;">> KRIS: It's not funny.
It's-- she's upset because I"
288;826867;830100;"treat Kourtney differently than
I treat Kim, than I-- you know,"
289;830100;832333;"treat Khloe.
But she's got to stop the"
290;832333;834734;"bitterness.
>> KHLOE: Well, well, well."
291;834734;838100;"How the hell are you people?
>> BRUCE: Khloe?"
292;838100;840133;"Remember the language in my
house."
293;840133;842467;"I don't want-- you know, you
can-- Khloe, Khloe."
294;842467;845066;"The language-- no, I said
"on my property.""
295;845066;847600;"You didn't actually go out and
have your DNA done, or you were"
296;847600;849700;"just kidding about that?
That's like the stupidest thing."
297;849700;852100;">> KRIS: Her DNA?
She swabbed my mouth."
298;852100;853734;">> BRUCE: Now, why are you being
like this?"
299;853734;857500;">> KHLOE: I just wanted to like
prove a point, 'cause Mom like"
300;857500;862333;"kisses Kim and Kourtney's ass.
And she makes me like always"
301;862333;864900;"take care of Kendal and Kylie.
"Make this. Wash these dishes."
302;864900;867367;"Go get me this.
I need to talk to you about"
303;867367;869467;"Bruce.
I'm a newly... my husband and"
304;869467;871533;"I...
Well, I love him, but he won't"
305;871533;874100;"have sex or like..."
>> BRUCE: Oh, please."
306;874100;877133;"I think Khloe's probably doing
this whole "I'm not your child""
307;877133;880834;"thing, you know, the whole DNA
thing, really to get Kris's"
308;880834;882667;"attention.
>> KHLOE: I don't want to be"
309;882667;885200;"treated like you guys bought me
into this family, so now you"
310;885200;887700;"guys can just treat me like
a redheaded stepchild."
311;887700;890000;">> BRUCE: So you like me better
than Mom?"
312;890000;892700;">> KHLOE: I mean, that's
probably not an appropriate"
313;892700;904867;"question at the time since
Mom's about to cry."
314;904867;906800;">> KOURTNEY: Ugh, I am so
(bleep) pissed right now."
315;906800;909500;">> KHLOE: Why?
>> KOURTNEY: Because Rob totally"
316;909500;912667;"flaked on an internship that I
set up for him."
317;912667;917000;">> KHLOE: He got a tattoo today
of like this huge thing of Dad."
318;917000;919166;">> KOURTNEY: What?
Why would he get more tattoos?"
319;919166;922066;"He has huge tattoos now.
>> KHLOE: Call him."
320;922066;925133;">> KOURTNEY: Rob is usually
really responsible, and usually"
321;925133;929133;"a really good boy, so I'm
shocked that I hear that he gets"
322;929133;932467;"this huge tattoo.
>> KHLOE: He's not answering my"
323;932467;942600;"phone calls though, but Adrienne
and Kim both told me."
324;942600;945734;">> KIM: Have you seen Rob's
tattoos?"
325;945734;949133;"He's got them all over.
>> KHLOE: He added another one"
326;949133;951900;"here-- this big!
>> KOURTNEY: Both of his arms"
327;951900;954734;"are filled like this.
>> KIM: Like he's a..."
328;954734;957200;">> KRIS: "City of angels"?
Wait a minute!"
329;957200;960266;">> KHLOE: Oh, my God, calm down.
>> KRIS: No. "Calm down"?"
330;960266;962500;">> KHLOE: Mom, now you're being
dramatic."
331;962500;965033;">> KRIS: Shut up, Khloe!
When you have a son with"
332;965033;967934;"a (bleep) tattoo the size of
Alabama on his (bleep) chest,"
333;967934;970333;"and then you tell me to calm
down!"
334;970333;978100;"It's not okay!
>> KHLOE: Okay, drama."
335;978100;980400;">> KRIS: Am I the only one who
hasn't seen it?"
336;980400;981967;">> KHLOE: No, we haven't seen
it."
337;981967;984333;">> KIM: You guys are going to
die."
338;984333;986767;">> KHLOE: Seriously, we need to
hold him down and laser that"
339;986767;989000;"(bleep) off his body.
>> ADRIENNE: He likes the"
340;989000;990867;"portrait.
>> KOURTNEY: Okay, but what..."
341;990867;992734;"who came up with "city of
angels"?"
342;992734;994600;">> KHLOE: What do you think? 
>> ADRIENNE: Certainly not me."
343;994600;997667;">> KOURTNEY: What is that like
a motto of his?"
344;997667;1000667;"Is that like his--
you don't just think of a random"
345;1000667;1002800;"slogan to put on.
>> ADRIENNE: No, one of those"
346;1002800;1004900;"thug guys that Rob wants to be
like said it was hot, and then"
347;1004900;1008200;"it became hot.
And I'm a cornball 'cause I'm"
348;1008200;1011934;"just a Cheetah Girl.
>> (door slams)"
349;1011934;1014834;">> ROBERT: Hey!
>> ADRIENNE: Hey."
350;1014834;1028333;">> ROBERT: Why are you guys all
looking at me like...?"
351;1028333;1030367;"Captioned by
 Media Access Group at WGBH"
352;1030367;1033266;"access.wgbh.org"
353;1036967;1039433;">> ROBERT: So why are you guys
all looking at me like...?"
354;1039433;1042467;">> KHLOE: Well, I'm kind of
annoyed with you personally."
355;1042467;1047834;"Because you like completely
just ruined your body, in my"
356;1047834;1049567;"opinion.
>> KOURTNEY: Just show us the"
357;1049567;1053433;"tattoos.
>> KIM: Is that coming out of"
358;1053433;1055867;"clouds?
>> ROBERT: Yeah, clouds."
359;1055867;1059767;"That look exactly like the
picture in the hallway."
360;1059767;1062033;">> KRIS: The hair looks exactly
the same."
361;1062033;1065700;"(mimics gun firing)
>> KOURTNEY: That's weird."
362;1065700;1068266;"Wait, let me see the other one.
>> ROBERT: This one, I'm"
363;1068266;1069767;"getting...
>> KHLOE: What are you getting"
364;1069767;1071900;"to it, Rob?
Tell me, what are you doing?"
365;1071900;1074934;">> KOURTNEY: Let me just see it.
>> KHLOE: You are so (bleep)"
366;1074934;1076967;"stupid.
>> ROBERT: Look at your lower"
367;1076967;1078567;"back.
>> KHLOE: Rob, I have a cross"
368;1078567;1080266;"with angel wings and it's small.
>> ROBERT: And what was under"
369;1080266;1082200;"it?
>> KHLOE: Look at you."
370;1082200;1085133;""C.A., city of angels"?
>> KIM: I definitely think that"
371;1085133;1089467;"Rob getting a tattoo of my dad's
face is definitely some kind of"
372;1089467;1092900;"yearning for my dad.
And he's graduating from the"
373;1092900;1094734;"school that my dad graduated
from."
374;1094734;1098100;"This is a very difficult time in
his life, and I think he really"
375;1098100;1101033;"wishes my dad was here for him.
>> KOURTNEY: You can figure out"
376;1101033;1104467;"how to get a job on your own now
because I made a phone call"
377;1104467;1106500;"for you.
>> KHLOE: Rob, you're just"
378;1106500;1108300;"(bleep) up.
You're marking your body, all"
379;1108300;1110300;"these tattoos.
You do not think it through."
380;1110300;1112500;"You listen to everybody else
'cause you're a dumb (bleep),"
381;1112500;1114000;"so now you're going to live
with this."
382;1114000;1115266;">> KRIS: Don't call him a dumb
(bleep)."
383;1115266;1116800;">> KHLOE: He has to know that
he's a moron."
384;1116800;1118533;">> ROBERT: Don't worry about it.
When I make my first million,"
385;1118533;1120633;"you won't be saying (bleep),
Khloe, seriously."
386;1120633;1122500;">> KOURTNEY: This is getting
out of control."
387;1122500;1130300;"Come with me in the other room.
>> (all talking at once)"
388;1130300;1132633;">> KOURTNEY: You are totally
going about this the wrong way."
389;1132633;1135333;"You are not making any sense of
what you're saying."
390;1135333;1138133;"You don't earn respect by--
having money is not respect."
391;1138133;1141266;"How many people do you know that
have tons of money and they're"
392;1141266;1144467;"not respectable people?
>> ROBERT: You guys always..."
393;1144467;1145767;">> KOURTNEY: Money doesn't earn
you respect."
394;1145767;1147633;"Okay, 'cause we worked hard to
do so."
395;1147633;1150300;">> ROBERT: You guys are always
out of town and in hotels and"
396;1150300;1153667;"all this stuff.
>> KOURTNEY: I realize that"
397;1153667;1156700;"like you're trying to keep up
with us, but you have to put in"
398;1156700;1160166;"your time, too.
You need to start from the"
399;1160166;1164633;"bottom, just like we did.
I just hope that you remember"
400;1164633;1166834;"like, you know, where you came
from and..."
401;1166834;1169567;">> ROBERT: I know.
>> KOURTNEY: Keep the values"
402;1169567;1172300;"that you were taught.
Honesty, like, why did you blow"
403;1172300;1174433;"off that interview?
>> ROBERT: I just didn't want to"
404;1174433;1177233;"go to an interview for an
internship."
405;1177233;1179200;">> KOURTNEY: You should have
talked to me about it 'cause"
406;1179200;1183133;"that represents me.
>> ROBERT: You know, Kourtney's"
407;1183133;1184934;"right.
To succeed in life, you got"
408;1184934;1187867;"to start at the bottom.
You know, that's what she did."
409;1187867;1190367;"That's what Kim did.
And I'm sorry for, you know,"
410;1190367;1193266;"blowing it off.
And I'll definitely be willing"
411;1193266;1196033;"to do it again.
>> KOURTNEY: I mean, we could"
412;1196033;1199033;"make up some kind of excuse.
>> ROBERT: I'm willing to, you"
413;1199033;1201200;"know, take that job and work my
way up."
414;1201200;1204066;"Money will come in due time.
I'll take that internship..."
415;1204066;1206900;">> KOURTNEY: Okay.
>> ROBERT: If you set it up"
416;1206900;1207800;"again."
417;1217600;1219300;">> MAN: Hey, Rob.
>> ROBERT: Hey."
418;1219300;1221300;">> MAN: How's it going?
>> ROBERT: Good, how are you?"
419;1221300;1224867;"I'm not going to be some big
shot, you know, right out of"
420;1224867;1227900;"college, but eventually."
421;1234433;1237300;">> KHLOE (singsong): Hi!
>> KRIS: Hey, Khloe."
422;1237300;1242133;">> KHLOE: Guess what I got?
>> KRIS: What'd you get, Khloe?"
423;1242133;1244433;">> KHLOE: Tests!
>> KRIS: Surprise, surprise."
424;1244433;1248233;">> KHLOE: You have no STDs, but
you have a child."
425;1248233;1250600;">> KRIS: Khloe, I was there when
you were born."
426;1250600;1252066;">> KHLOE: You were?
>> KRIS: Yeah."
427;1252066;1255233;"Uh, a lot of pain that day.
And you're still getting on"
428;1255233;1258166;"my nerves.
I love you very much, and as you"
429;1258166;1262000;"guys grow up, you're going to
end up-- we're all going to"
430;1262000;1265400;"have different relationships.
>> KHLOE: But you got to stop,"
431;1265400;1267567;""Khloe, do the dishes.
Khloe, watch the kids."
432;1267567;1269800;"Khloe, braid their hair.
Khloe, go get me ice cream."
433;1269800;1272400;"Khloe..."
What?!"
434;1272400;1275000;">> KRIS: I have so my much
respect for Khloe and so much"
435;1275000;1277633;"love for Khloe.
And I'm really going to start"
436;1277633;1281133;"treating her a lot different.
Khloe, I know you're not"
437;1281133;1283300;"Cinderella.
I never want to make you feel"
438;1283300;1286467;"like that.
And you're the best, honey."
439;1286467;1290900;">> KHLOE: I never like really
doubted that you were not my"
440;1290900;1292533;"mom.
>> KRIS: You're all happy now,"
441;1292533;1294500;"aren't you?
That little giggle."
442;1294500;1297333;"You finally feel like you
belong, even though you're"
443;1297333;1300333;"5'10" and blond and gorgeous,
but I still love you just the"
444;1300333;1303500;"same as everybody else.
I do."
445;1303500;1305667;">> KHLOE: Oh, I hate when you
get this fake."
446;1305667;1307734;"You seem like such a corny
baloney."
447;1307734;1311533;">> KRIS: I do, you little cutie.
All right, Khloe, what do you"
448;1311533;1317133;"want for dinner?
>> KHLOE: A Jack and Coke."
449;1317133;1318500;"Keeping Up
with the Kardashians--"
450;1318500;1320500;">> KHLOE: You're trying to like
get (bleep) out of me and it's"
451;1320500;1322433;"not cool.
>> KRIS: Khloe's having a really"
452;1322433;1324000;"hard time telling me what's
wrong."
453;1324000;1325500;">> KOURTNEY: She didn't come
home last night."
454;1325500;1327967;">> KRIS: I'm really worried
about Khloe."
455;1327967;1330767;">> SCOTT: I'm gonna run
a couple-- just random things"