﻿Number;Start time in milliseconds;End time in milliseconds;"Text"
1;2834;5333;"Keeping Up
with the Kardashians..."
2;5333;8166;">> BRUCE: 1984, I just went
through my second divorce,"
3;8166;9867;"lost millions.
Had a little thing done on"
4;9867;12667;"with nose, had it straightened
out, a little dinky lift."
5;12667;15934;"If you Google my name, "The
worst plastic surgeries of all"
6;15934;19300;"time," or whatever it is.
I just don't know if I could"
7;19300;21367;"take the scrutiny.
>> FISHER: Blending it in where"
8;21367;23767;"nobody notices anything would be
my goal with you."
9;23767;26734;">> KRIS: I didn't realize how
upset I would be when we got to"
10;26734;30433;"the operating room here today
because it's, it's a big deal."
11;30433;34567;"I know that this is gonna be a
really, really long day."
12;34567;37834;"I can't wait till it's over
and that I just know that my"
13;37834;40166;"husband's okay.
Oh, my God!"
14;40166;42734;"Are you guys ready?
One, two, three!"
15;42734;44834;">> (all exclaim)"
16;47533;51000;">> Okay, who at this table has
had a vasectomy?"
17;51000;54100;">> KHLOE: Bruce has a scar on
his penis?"
18;54100;56600;">> KOURTNEY: Khloe is
traumatized."
19;56600;59800;">> BRUCE: Yes, Khloe, I did have
a vasectomy so I'd have no more"
20;59800;65133;"children like you.
>> KHLOE: You didn't have me."
21;65133;68000;">> BRUCE: No, but the potential.
You notice how the"
22;68000;70400;"conversation was going great
until all of a sudden,"
23;70400;72834;"everybody, like, picks up their
text and they..."
24;72834;74900;"This is why we're going camping.
I'm telling you."
25;74900;77367;"We're leaving all the
electronics behind."
26;77367;80767;"When I was growing up, the
greatest vacations we had--"
27;80767;82133;"camping.
It was the best!"
28;82133;84533;"I want to bring that to my
family."
29;84533;87133;">> ROBERT: Bruce, Adrienne's
family's coming into town to see"
30;87133;90533;"her, and she can't go on the
camping trip."
31;90533;92367;">> BRUCE: Adrienne, you're
going."
32;92367;95033;">> ROBERT: And neither will I.
>> KHLOE: No, you have to!"
33;95033;97500;">> KRIS: Adrienne, why don't you
invite your family to go with"
34;97500;99266;"us?
>> ADRIENNE: Are you serious?"
35;99266;101000;">> KRIS: Honestly, I have enough
room."
36;101000;103900;"The way to make this camping
trip work, everybody has to go."
37;103900;106133;"I say just bring Adrienne's
parents."
38;106133;108533;"The more the merrier.
Hello, we have not met."
39;108533;110767;">> NILDA: Hi, Bruce. It's Nilda.
How are you?"
40;110767;113033;">> BRUCE: I am doing great.
I'm here with Kris."
41;113033;116033;"And I'm taking the girls on a
camping trip, but it just so"
42;116033;118467;"happens to be the same time you
guys are out here."
43;118467;121066;"Adrienne doesn't want to go.
And Rob doesn't want to go"
44;121066;124066;"because you guys are gonna be in
town, so what I thought-- invite"
45;124066;126767;"you guys to go out with us.
Are you an adventurous kind of"
46;126767;129233;"spirit?
>> NILDA: Oh, sure!"
47;129233;132033;"We're up for it. Why not?
>> BRUCE: You'd go camping with"
48;132033;133600;"us?
This is wonderful."
49;133600;135800;"I like you already.
>> KHLOE: Yay, they're in!"
50;135800;138567;">> BRUCE: They're in, guys.
>> (all cheer)"
51;138567;140834;">> ROBERT: This is not gonna
work, you know?"
52;140834;143533;"My family, their family,
completely different"
53;143533;145433;"backgrounds.
>> KRIS: Hey, we're really"
54;145433;147567;"looking forward to meeting you.
>> NILDA: Wonderful."
55;147567;149633;">> ADRIENNE: I don't even
understand how this happened."
56;149633;152066;"I'm looking at Rob, like,
"Please, save me.""
57;152066;154800;"How do you meet someone for the
first time?"
58;154800;158567;"Like, "Hi, I'm now gonna spend
the next 48 hours with you.""
59;158567;160500;"Like, it's just awkward.
>> ROBERT: This trip isn't"
60;160500;163033;"exactly the best way for
Adrienne's family, my family to"
61;163033;164934;"meet.
>> ADRIENNE: Okay, this is,"
62;164934;168133;"like, my parent's catching
Kourtney and Scott having sex in"
63;168133;170467;"the tent right next to them!
>> ROBERT: I definitely am gonna"
64;170467;172834;"tell my family you cannot be how
you normally are around her"
65;172834;175166;"family.
You got to be on your best"
66;175166;176900;"behavior.
>> ADRIENNE: My parents are a"
67;176900;178900;"little old school.
>> ROBERT: Let's just say they"
68;178900;181266;"live at the end of the
cul-de-sac and not on the"
69;181266;183100;"corner.
>> KOURTNEY: Rob is probably"
70;183100;184900;"nervous.
This family could be his"
71;184900;187533;"possible in-laws.
I think he doesn't want to scare"
72;187533;190867;"them off.
>> (Kendal screams)"
73;190867;192934;">> KOURTNEY: We're probably
rowdier than Rob would like,"
74;192934;195500;"but that's us.
>> KRIS: That's enough."
75;195500;198633;"That's... Oh, my God.
Stop. Come on, guys."
76;198633;202633;"Don't hurt him.
Khloe, don't hurt him."
77;202633;204867;"Khloe, you're sitting on him!
>> KHLOE: Give me the correct"
78;204867;206667;"password.
 Captioning sponsored by"
79;206667;208734;"BUNIM-MURRAY PRODUCTIONS
>> All right, we're ready."
80;208734;210667;">> KRIS: No, no, no, you're
right here."
81;210667;212567;">> KHLOE: The wind, you guys--
is this necessary?"
82;212567;214000;">> KRIS: Go change.
Awful."
83;214000;215734;">> KOURTNEY: No, that is not
cute."
84;215734;217800;">> Yeah, yeah, go on.
>> ROBERT: I need someone to"
85;217800;219700;"make me laugh.
>> KRIS: Where's Kim?"
86;219700;221700;"Kim is always late. Duh.
>> KIM: I'm here."
87;221700;224900;">> KOURTNEY: Get out of our way.
>> KIM: Stop, jealous."
88;224900;226500;">> KRIS: That's enough.
>> BRUCE: Stop!"
89;226500;228533;">> KRIS: That's enough.
>> KIM: Stop."
90;228533;230233;">> All right, you guys.
>> That's it, we're done."
91;230233;232133;">> Money."
92;235967;239266;">> SHIEH: Today we're gonna be
doing the Trinity skin series."
93;239266;241700;"It's a three-in-one,
non-invasive procedure."
94;241700;244467;"It's a complete approach to skin
rejuvenation."
95;244467;246433;">> KRIS: I've been thinking
about getting a little mini"
96;246433;250400;"facelift for a couple of years.
But before I do that, my"
97;250400;253800;"doctor's referred me to a skin
rejuvenation center for a laser"
98;253800;256667;"treatment.
>> SHIEH: Now we want to use the"
99;256667;259000;"anesthetic because we want
people to be as comfortable as"
100;259000;261133;"possible during the treatment.
It feels like a rubber band"
101;261133;263200;"snap.
>> KRIS: I can feel my cheeks."
102;263200;265500;">> SHIEH: Yeah, you can feel it
when you touch it."
103;265500;267934;">> KRIS: Yeah. But is that good
or bad?"
104;267934;269333;">> SHIEH: Yeah, that's good
for right now."
105;269333;276400;">> KRIS: Just slap me and see if
I feel it."
106;276400;286300;"I think it looks a little bit
better."
107;286300;288800;">> KHLOE: Wow, Mom, you look
glowing!"
108;288800;291467;"You don't need a facelift.
I don't think you should do it."
109;291467;293333;">> KRIS: How does my neck look
from the side?"
110;293333;295467;">> KHLOE: Like a turkey.
>> KRIS: I'll tell you who I"
111;295467;300133;"wish would get (whispers) a
facelift... is Bruce."
112;300133;302700;">> KIM: I feel like it's to fix
what happened, you know, what"
113;302700;305033;"what they did before.
He did that, what, when he was"
114;305033;306900;"30?
>> KRIS: He's always had low"
115;306900;309233;"self-esteem.
When Bruce went to a surgeon"
116;309233;312533;"many, many years ago to have his
nose done, not only did the guy"
117;312533;316133;"botch the job and had to do it
again, but he talked Bruce into"
118;316133;319000;"some surgery.
Bruce trusted him, and he went a"
119;319000;321233;"little too far with the face.
>> KHLOE: Shh-shh-shh."
120;321233;323900;">> BRUCE: What, a town hall
meeting or what is this?"
121;323900;327133;">> KIM: We're discussing if
Mom should get a mini facelift."
122;327133;330367;">> BRUCE: Oh, please.
1984, just went through my"
123;330367;333734;"second divorce, lost millions.
Was living by myself, wasn't"
124;333734;336033;"feeling very good.
Had, like, the hook taken out of"
125;336033;338367;"my little nose here.
It was, like, referred to as the"
126;338367;340600;""Bob Hope ski-jump nose" in the
media."
127;340600;342500;"And just a little, little lift
right here."
128;342500;346900;"I've caught hell ever since.
The media just came down on me!"
129;346900;349867;"Oh, my God!
It hurts a lot of times, the"
130;349867;351967;"things they say.
If you Google my name, "The"
131;351967;353934;"worst plastic surgeries of all
time" or whatever, it is."
132;353934;355600;"I don't know.
They've compared me to Michael"
133;355600;358133;"Jackson.
I mean, the media can be brutal."
134;358133;360433;">> KRIS: I know he really wants
to fix his face."
135;360433;363433;"He just needs to be pushed a
little bit so that he takes care"
136;363433;365767;"of something that's made him
feel really bad for a really"
137;365767;368400;"long time.
>> BRUCE: If I had a little here"
138;368400;377533;"and a little there, the media
would go bananas."
139;377533;379433;">> ADRIENNE: Do you know where
we're going this weekend?"
140;379433;381033;">> ROBERT: All I know is we're
driving."
141;381033;383433;">> ADRIENNE: See, I can't deal.
You need to get information."
142;383433;384967;"I don't know what the hell I'm
packing."
143;384967;386967;"I need to call your mom and
ask her what I'm supposed to"
144;386967;389000;"pack.
I'm so worried about this trip."
145;389000;392567;"I'm just thinking of all the
ways that this could go so"
146;392567;395133;"wrong.
They're spending a full 48 hours"
147;395133;397166;"together.
Eat, sleep, breathing, all that"
148;397166;399967;"up in the same air.
>> ROBERT: Yeah, it's probably"
149;399967;402800;"not a good idea.
My family going camping with"
150;402800;405900;"Adrienne's family is just
bringing a lot of anxiety to me"
151;405900;408900;"'cause my sisters are just so
inappropriate."
152;408900;411133;"They're gonna be trying to,
like, mess with me, especially"
153;411133;412767;"with her family there.
They're gonna be very"
154;412767;414633;"embarrassing.
>> ADRIENNE: We need to tell"
155;414633;417633;"Khloe no sex talk.
>> ROBERT: Well, they're all,"
156;417633;420633;"they're gonna, like, do
something to embarrass me, so"
157;420633;423533;"that's just how it works."
158;427066;428934;">> BRUCE: Let's go, girls.
Everybody in."
159;428934;430500;"Do you have any cell phones?
>> KENDAL: Nope."
160;430500;432133;">> BRUCE: Anything electronic on
you?"
161;432133;434467;"Pass. Give me your cell phone
right now."
162;434467;436033;"Let's go.
>> ADRIENNE: I'm a good girl."
163;436033;437600;"I didn't bring it.
>> BRUCE: You didn't bring it?"
164;437600;439867;"That's my girl.
Oh, I like you even more."
165;439867;444300;"Give me your cell phone.
We're moving, guys."
166;444300;447500;"I see people on the street.
>> ADRIENNE: Yes, that's them."
167;447500;451133;">> BRUCE: Let's pick 'em up.
>> ADRIENNE: It's very rare that"
168;451133;453000;"my whole family takes a trip
like this."
169;453000;457533;"My mom Nilda, my stepdad Joe, my
sister Claudette and her fiance"
170;457533;459133;"Jer.
>> KRIS: I'm so excited you"
171;459133;463934;"guys are going with us.
All I can say is,"
172;463934;466100;""buckle your seatbelt."
>> BRUCE: Adrienne's parents"
173;466100;467900;"coming on this camping trip,
you know, with all these"
174;467900;469233;"girls...
You never know what's going to"
175;469233;470734;"happen.
You know, you just got to kind"
176;470734;472934;"of hope for the best and I'm
sure Robert's hoping for the"
177;472934;474834;"best.
All right, let's pile on the"
178;474834;476700;"bus."
179;479967;482700;">> KRIS: I want to drink a toast
to Nilda and Joe."
180;482700;484767;">> NILDA: Thank you.
>> KRIS: Happy anniversary!"
181;484767;489066;">> ALL: Happy anniversary!
>> BRUCE: Look at us."
182;489066;490400;"We're just passing cars left and
right."
183;490400;492400;"I'm telling you.
Let's see if they can keep up"
184;492400;500300;"with the Kardashians.
We're going camping!"
185;500300;504500;"This is it.
This is it."
186;504500;510834;"Looks like we're here, guys.
We're out here in God's country."
187;510834;514333;">> KRIS: There's nothing here,
honey."
188;514333;516767;">> BRUCE: All we need now is
to set up camp."
189;516767;518767;">> KRIS: Oh, he wants us to help
him?"
190;518767;522166;"Is he kidding?
I'm not doing that."
191;522166;524867;">> KHLOE: "Assemble the poles
1A, 1B and 1C."
192;524867;528200;"Do not allow the shot cord to
snap the pole sectioning.""
193;528200;531467;"What the (bleep)?
>> ADRIENNE: Language, Khloe,"
194;531467;534367;"language.
My stepdad is a marine."
195;534367;538633;"He has a purple heart.
He's very conservative and he"
196;538633;541467;"feels like, as a parent, we
should have respect for him when"
197;541467;543467;"he is around.
>> KRIS: Oh, (bleep)."
198;543467;545834;"Please help me!
>> KIM: We need to put the"
199;545834;550433;"sticks together first.
>> KRIS: (bleep)"
200;550433;552233;">> KHLOE: This is not fun.
>> KIM: It's not a very..."
201;552233;554900;">> ROBERT: I don't know how to
be with my family and then watch"
202;554900;557166;"whatever Adrienne's family...
I don't know how to make the two"
203;557166;563166;"work, so it's going to be a
really difficult situation."
204;563166;566467;">> GIRLS: This is the good life.
>> KRIS: Okay, guys."
205;566467;568567;"It's 5:00.
Does anybody want a drink?"
206;568567;572066;"I have Le Torment.
>> KIM: I got a Corona."
207;572066;574600;">> KRIS: Nobody has a corkscrew.
Where's Khloe?"
208;574600;576400;">> KHLOE: She's gone.
>> KRIS: Khloe, there's a group"
209;576400;578133;"of people down here on the
shore."
210;578133;581100;"Come help me get a wine opener.
>> KHLOE: Mom, I'm not even"
211;581100;583000;"drinking.
>> KRIS: All right, I'm going"
212;583000;584900;"now.
>> KHLOE: Bring some condoms."
213;584900;589133;">> ROBERT: Khloe's making
comments about sex, condoms."
214;589133;591700;">> KHLOE: Hope you enjoy it.
Bring some lube."
215;591700;593300;">> (bleep)
>> ROBERT: This is not going"
216;593300;595500;"well.
I'm in a difficult situation"
217;595500;597400;"right now.
>> ADRIENNE: Is Papa upset about"
218;597400;599300;"something?"
219;602266;605600;">> KHLOE: Adrienne, would you
rather (bleep) Robert's"
220;605600;609967;"(bleep) for a minute or
would you rather (bleep) his"
221;609967;611066;"(bleep) for a minute?"
222;619100;621934;">> ADRIENNE: Is Papa upset about
something?"
223;621934;623800;"Papa!"
224;626333;628200;">> JOE: I don't know."
225;636800;642500;">> ADRIENNE: They're not always
like this, I promise it to you."
226;642500;645367;"They'll be cool, okay?
Just relax."
227;645367;650934;"Have a Corona, Papa.
>> JOE: All right."
228;650934;653166;">> KRIS: The burnt ones are the
best."
229;653166;654734;"Isn't that good?
>> BRUCE: This is good."
230;654734;657400;">> KRIS: Isn't it great?
Khloe, do you love it?"
231;657400;659133;"Who would eat something like
this?"
232;659133;660567;"These are gross.
>> KRIS: Did you have a good"
233;660567;662066;"day?
>> BRUCE: Yeah."
234;662066;663800;"I hope the kids had a
good day."
235;663800;666533;">> KRIS: So do you care if I go
ahead and make that appointment"
236;666533;671100;"with Garth?
>> BRUCE: With Garth?"
237;671100;674433;">> KRIS: Dr. Garth Fisher is one
of the most amazing plastic"
238;674433;677233;"surgeons I know.
Not only is he a good friend,"
239;677233;680500;"but he's a genius.
The only reason I bring up this"
240;680500;683700;"consultation is because I know
that it's something that Bruce"
241;683700;686633;"really wants to do.
He wants to correct the"
242;686633;688734;"mistake that was made many, many
years ago."
243;688734;690734;">> BRUCE: Let's just...
We're camping now."
244;690734;695133;"Let's just enjoy the camping.
We'll discuss it later."
245;695133;698900;">> KOURTNEY: Cheers.
>> KRIS: Do you guys want to"
246;698900;701133;"tell scary stories?
>> KOURTNEY: No, let's just play"
247;701133;704700;"the game "Would you rather..."
Okay, Khloe's going to start."
248;704700;708467;">> KHLOE: Mom, would you rather
have a threesome with Bruce or"
249;708467;710934;"would you rather just watch
Bruce have sex with someone"
250;710934;713066;"else?
>> ROBERT: Stop, Khloe."
251;713066;714433;">> KHLOE: Now, you have to
answer one."
252;714433;717467;"Which one would you rather do?
But if you don't answer it, then"
253;717467;720100;"you have to take a shot of
Patron."
254;720100;722400;">> KRIS: I'll take a shot.
>> KHLOE: Okay, let's ask Rob a"
255;722400;724266;"question.
>> KOURTNEY: Would you rather us"
256;724266;728967;"tell the story about how you got
the name "Pee Boy" or how Kim"
257;728967;733467;"and I flicked your (bleep)?
>> ADRIENNE: Oh, my God."
258;733467;736533;">> KHLOE: Adrienne, would you
rather (bleep) Robert's"
259;736533;740934;"(bleep) for a minute or would
you rather (bleep) his"
260;740934;743500;"(bleep) for a minute?
>> KOURTNEY: Khloe!"
261;743500;746133;">> ADRIENNE: Everyone else is
laughing, and I know my dad is"
262;746133;748300;"just furious.
He's just, like, "That's not"
263;748300;750166;"funny."
>> KHLOE: Hey, Kourtney, would"
264;750166;751333;"you rather..."
265;759367;761567;"Where's Rob?
>> ADRIENNE: I really need Rob's"
266;761567;764166;"help in this situation.
I'm hoping that he can talk to"
267;764166;766867;"his family and tell them to
please just chill out a little"
268;766867;770533;"bit on the crazy sexual remarks.
>> ROBERT: There's nothing I can"
269;770533;772367;"do, you know?
>> ADRIENNE: If it was the other"
270;772367;775200;"way around and my family was
doing something that made your"
271;775200;777767;"family uncomfortable, I would be
like, "Yo, check it out."
272;777767;779533;"You can't do that."
I would never make your family"
273;779533;781600;"feel uncomfortable.
>> ROBERT: Adrienne's dad, you"
274;781600;784800;"know, looks very upset.
Adrienne's concerned."
275;784800;787533;"I don't really know how to
approach the situation."
276;787533;789967;"I've never been in a situation
like this."
277;789967;792800;"I don't know what to...
I can't..."
278;792800;794200;"I don't know what to say.
>> KIM: I know, but it's"
279;794200;795900;"humiliating.
We cannot talk like that in"
280;795900;799500;"front of Adrienne's family.
>> KIM: Rob is the baby in"
281;799500;802000;"our family.
I don't think he has a voice"
282;802000;804533;"that's heard and respected.
>> ROBERT: You know, their"
283;804533;806367;"parents are so strict, I can't
even..."
284;806367;808900;"I don't even sleep in the same
room as Adrienne, like, we're"
285;808900;810934;"sleeping in the same tent.
It's like..."
286;810934;813066;"That's even cutting it...
>> KIM: You have to say"
287;813066;816433;"something to them.
I think that Rob has to just"
288;816433;820033;"grow up and be a man and take a
stand for himself and if he"
289;820033;822633;"wants everyone to shut up, he
just needs to tell everybody"
290;822633;826200;"what to do.
>> KHLOE: What is your problem?"
291;826200;828200;">> ROBERT: Adrienne's family
doesn't..."
292;828200;829734;"They're not, like, feeling me
right now."
293;829734;833066;"They're probably hating me.
>> KOURTNEY: Why? What?"
294;833066;836734;">> ROBERT: I come from a family
who talks about balls and sex."
295;836734;839367;">> KHLOE: I don't know why I
(bleep) sex and, oh it's so"
296;839367;842467;"funny and balls.
>> KRIS: Khloe, stop it!"
297;842467;845200;"I think the girls have always
looked at Rob as the baby of"
298;845200;847967;"the family, and no matter how
old he gets, they don't really"
299;847967;850300;"listen to him when he needs
them to."
300;850300;853200;">> ROBERT: Guys! Listen!
Listen, seriously."
301;853200;855533;"You guys cannot be doing this.
You guys don't respect my"
302;855533;857967;"decision at all.
As a member of this family, I"
303;857967;860767;"just asked you guys to just do
one thing for me and that was to"
304;860767;864200;"behave.
>> KHLOE: Rob is totally right."
305;864200;866467;"We don't really give him a lot
of respect."
306;866467;869934;"He's, like, our little brother.
You're right."
307;869934;871533;"If you did this to me,
I would totally cut your"
308;871533;875600;"balls off, so I totally get it.
I love you and I respect you"
309;875600;877567;"and I'm sorry that you even
feel, like, that we don't."
310;877567;879500;">> KRIS: We're sorry, Rob.
>> ROB: But seriously, this"
311;879500;882033;"means the most to me.
It's Adrienne-- I love her."
312;882033;884800;">> KHLOE: I'm so shocked, Rob is
actually standing up for"
313;884800;886867;"himself.
I'm actually impressed."
314;886867;889000;"I really don't want you to be
mad at us, 'cause we love you."
315;889000;893000;">> ROB: Aw, thank you.
>> KRIS: I love you."
316;893000;895900;"You're a good boy.
>> KHLOE: Rob, you're touching"
317;895900;897767;"my boob in a weird way."
318;905667;908600;">> ADRIENNE: I hope today just
works out so much better than it"
319;908600;911433;"did yesterday.
>> ROB: It will."
320;911433;916033;">> ADRIENNE: Lord, make it a
good day."
321;916033;918367;">> KOURTNEY: I'm going to go
check on Adrienne's parents and"
322;918367;921233;"see if everyone wants some
breakfast."
323;921233;923700;"Good morning.
I'm going to go get some"
324;923700;925400;"breakfast.
Do you want any?"
325;925400;929767;"The camping trip is almost over.
I think we really want"
326;929767;933333;"Adrienne's family to know that
we do care about their feelings,"
327;933333;935834;"and so we kind of make that
extra effort."
328;935834;939633;"I come bearing coffee.
>> NILDA: Ooh, perfect."
329;939633;941500;"Thank you.
>> KOURTNEY: You're welcome."
330;941500;944967;">> BRUCE: Joe.
You know, I kind of look at the"
331;944967;947767;"kids-- kind of the big picture
of the kids."
332;947767;949633;"I mean, they're really, really
good kids."
333;949633;951767;"Especially Robert.
You'd be lucky to get Robert in"
334;951767;953533;"your family.
>> JOE: Oh, yeah, we love"
335;953533;955600;"Robert.
>> BRUCE: I'll try to talk to"
336;955600;957633;"the kids about keeping the
language down, you know."
337;957633;959934;">> JOE: Actually. you know, it's
a lot more me than anything"
338;959934;962233;"else.
>> BRUCE: Yeah, I know."
339;962233;964200;"Well, I'm the same way.
Sometimes you want to strangle"
340;964200;966100;"them."
341;968734;971734;">> KRIS: What was the highlight
of the camping trip for you,"
342;971734;975834;"Kourtney?
>> (shouting)"
343;975834;979367;">> SCOTT: She's gonna moon us.
>> KOURTNEY: Yeah."
344;979367;983233;">> KRIS: She's 10 years old.
>> KHLOE: Get cellulite removal,"
345;983233;986200;"you fat ass.
>> ROB: It was good to see that"
346;986200;987967;"Adrienne's family felt
more comfortable with my"
347;987967;991734;"family now, and, like, over time
they'll become closer."
348;991734;995133;"But that made me happy to see
that, you know, they actually"
349;995133;997100;"were able to, like, laugh with
each other."
350;997100;999000;">> KRIS: Okay, guys, let's pack
it up."
351;999000;1002300;">> KIM: Okay, one, two...
>> BRUCE: Yay."
352;1002300;1007100;">> KRIS: Great trip, everybody.
>> ROB: This trip was awesome."
353;1007100;1010667;"My family, Adrienne's family got
along."
354;1010667;1013233;"I got to knock some sense into
my family more often."
355;1013233;1016233;">> (cheering)
>> KRIS: I think it's 5:00."
356;1016233;1020400;"Time for a cocktail.
>> (horn honking)"
357;1020400;1029800;">> KRIS: We're out of here.
>> (music playing)"
358;1029800;1032333;">> KRIS: Hello. How are you?
>> BRUCE: Always good to see"
359;1032333;1034600;"Garth.
>> KRIS: I know."
360;1034600;1037100;"I'm so excited that
Bruce finally agreed to the"
361;1037100;1039633;"consultation with Dr. Garth
Fisher."
362;1039633;1040934;">> GARTH: When did you have your
work done?"
363;1040934;1042867;">> BRUCE: '84.
>> GARTH: Same hairstyle."
364;1042867;1044767;"Most people don't have the same
hairstyle over 30 years"
365;1044767;1046266;"like you.
>> BRUCE: Jealous?"
366;1046266;1048200;">> KRIS: Most people don't have
the same hair."
367;1048200;1050667;">> BRUCE: Jealous?
>> GARTH: Here's what I see."
368;1050667;1052767;"You know, the part of your face
that was pulled?"
369;1052767;1055500;">> BRUCE: Mm-hmm.
>> GARTH: That's stayed pulled,"
370;1055500;1057467;"but the rest of it's kind of
falling around it."
371;1057467;1060133;"And I think this looks older
than it looks, because this"
372;1060133;1062433;"looks a little bit younger.
So here's what I would do."
373;1062433;1064867;"Starting with the neck, I would
want to bring your neck up, take"
374;1064867;1066967;"this extra skin out.
>> BRUCE: Right."
375;1066967;1068867;">> GARTH: Not pull this back.
This does not need to be pulled"
376;1068867;1070400;"back.
'cause I think it was pulled"
377;1070400;1072467;"back too much.
This probably needs to come up"
378;1072467;1074900;"just a little bit on the side,
and that's it."
379;1074900;1079900;">> BRUCE: I just feel like this.
I took took so much flak back in"
380;1079900;1082433;"the '80s over this.
I mean-- and they still today."
381;1082433;1085400;"You know, I'm on "Worst Plastic
Surgeries Ever.""
382;1085400;1087066;">> GARTH: This is ultimately
your call."
383;1087066;1089667;">> BRUCE: All right.
>> KRIS: Nobody can really tell"
384;1089667;1092266;"Bruce what to do.
Our only option is to kind of"
385;1092266;1095734;"say our piece, wait for it to
cook a little bit and see what"
386;1095734;1098033;"his decision is.
>> GARTH: I think the goal of"
387;1098033;1100266;"surgery is to make you look very
natural, and obviously, putting"
388;1100266;1103300;"everything back and blending it
in where nobody notices"
389;1103300;1116767;"anything, would be my goal
with you."
390;1116767;1122567;">> BRUCE: Long day.
Well, I've decided."
391;1122567;1124867;"I mean, after our meeting with
Garth-- I mean, he's a good"
392;1124867;1127533;"guy, great surgeon.
Who doesn't want to get rid of a"
393;1127533;1129233;"few wrinkles?
I'll get rid of a few wrinkles,"
394;1129233;1131200;"you know.
>> KRIS: Honey, it's a lot more"
395;1131200;1134066;"than a few wrinkles.
I think you need to do this, if"
396;1134066;1136266;"you're going to do this, because
 want to do this."
397;1136266;1137967;">> BRUCE: No, you know, I'm
thinking hey, why not?"
398;1137967;1140166;"I think I'll go through with it.
>> KRIS: Bruce has decided to go"
399;1140166;1142967;"ahead with the surgery.
And that makes me really happy."
400;1142967;1146000;"We just want him to be happy
and to feel good about himself."
401;1146000;1148033;">> BRUCE: Why not?
Get rid of a few wrinkles."
402;1148033;1151100;">> KRIS: But it's so cute the
way that he's finding other"
403;1151100;1154333;"excuses, like just the little
wrinkles, or this or that."
404;1154333;1157767;"He's not really admitting that
he's going to correct this bad"
405;1157767;1160166;"surgery.
Which is kind of cute."
406;1160166;1162767;">> BRUCE: But think of this,
honey, this scenario."
407;1162767;1165700;"Everybody coming up to you and
saying, "God, you're married to"
408;1165700;1168233;"a much younger man.
How do you deal with it, babe?""
409;1168233;1169967;">> KRIS: I can deal with it.
>> BRUCE: Can you?"
410;1169967;1171834;">> KRIS: Yeah."
411;1176967;1181000;">> GARTH: That's good.
>> KOURTNEY: Will it look normal"
412;1181000;1183700;"right away, or does it take a
few weeks?"
413;1183700;1185400;">> BRUCE: For Halloween, I'm
going to be Frankenstein."
414;1185400;1186934;">> GARTH: It's going to take
about two weeks."
415;1186934;1189033;">> KHLOE: He refuses to take his
ring off for the surgery."
416;1189033;1190800;">> GARTH: That's really sweet.
Isn't that nice?"
417;1190800;1194233;">> KHLOE: I know.
>> KRIS: I didn't realize how"
418;1194233;1197166;"upset I would be when we got
to the operating room here"
419;1197166;1200333;"today, because it's a big deal.
Good luck, honey."
420;1200333;1202000;">> BRUCE: I know.
>> KRIS: I love you."
421;1202000;1203700;">> BRUCE: Okay.
>> KHLOE: I know Garth Fisher is"
422;1203700;1206800;"the best plastic surgeon ever.
It's just scary."
423;1206800;1208834;"It's like you're altering
your face."
424;1208834;1213767;"Want us to sing to you?
♪ Bye low, bye low, bye low ♪"
425;1213767;1217333;">> KRIS: I know that this is
going to be a really, really"
426;1217333;1219367;"long day.
I can't wait till it's over and"
427;1219367;1227834;"that I just know that my
husband's okay."
428;1227834;1230367;"Bruce is being put out.
We don't know how long the"
429;1230367;1233900;"surgery's gonna take.
Dr. Fisher thinks about eight or"
430;1233900;1247734;"nine hours.
It's like, eight or nine hours?"
431;1247734;1249734;"Hey.
>> NURSE: Hi."
432;1249734;1251467;">> KRIS: How's he doing?
>> NURSE: He's doing great."
433;1251467;1252967;"We just finished.
>> KRIS: Okay."
434;1252967;1255233;">> NURSE: The surgery went
exceedingly well."
435;1255233;1257533;">> KRIS: Oh, good.
>> NURSE: And he's going to be"
436;1257533;1259500;"in recovery for a while.
>> KRIS: All right."
437;1259500;1261233;">> NURSE: Wanted to let you
know that it's finished."
438;1261233;1263100;">> KRIS: Thank you so much."
439;1267333;1269767;"Come on.
And no peeking, you guys."
440;1269767;1271500;">> KHLOE: We're not peeking.
>> BRUCE: No peeking."
441;1271500;1276166;">> KRIS: Okay, you guy ready?
One, two, three!"
442;1276166;1279734;">> (cheering)
>> BRUCE: All right, it's been a"
443;1279734;1282266;"little while since "the
surgery," to correct all the"
444;1282266;1286066;"problems, you know, from the old
surgery from a long time ago,"
445;1286066;1288734;"but I have to say, Garth Fisher
is a genius."
446;1288734;1291166;"Why? Nobody really knew I had
anything done."
447;1291166;1293533;"They just kept saying, "Bruce,
hey, you look great.""
448;1293533;1297133;">> KRIS: I adore my husband.
It's such a brave thing for him"
449;1297133;1300266;"to get this surgery.
And I'm just really happy,"
450;1300266;1303467;"honey, that you did it.
Meet my younger husband."
451;1303467;1305567;"I'm a cougar now.
>> BRUCE: Yes."
452;1305567;1308133;"Yeah, and it does hurt to be
mistaken for Brody once in a"
453;1308133;1310600;"while.
>> KOURTNEY: Hug the new you."
454;1310600;1313233;">> BRUCE: Hug the new me.
So what do you think?"
455;1313233;1315066;"You think I'll get carded?
>> KHLOE: Yes."
456;1315066;1318734;">> BRUCE: Yeah? You think so?
 Keeping Up with"
457;1318734;1320867;"the Kardashians...
>> BRUCE: You've got eyeliner."
458;1320867;1322667;"You've got lipstick on.
Go wash your face."
459;1322667;1324734;"All this makeup-- the hair, the
outfits..."
460;1324734;1327400;"Kylie's only 11 years old.
No, I'm done. Come on."
461;1327400;1329166;">> KRIS: Come on, you're going
to make a scene."
462;1329166;1332300;">> KOURTNEY: I don't get people
that are so selfish like you."