﻿Number;Start time in milliseconds;End time in milliseconds;"Text"
1;5667;8300;">> KIM: Previously on Keeping Up
with the Kardashians..."
2;8300;9667;">> KHLOE: Can we throw you a
party?"
3;9667;11500;">> KOURTNEY: It is my 40th
birthday."
4;11500;14467;"It makes you analyze, like,
where you're at in your life."
5;14467;20367;"It feels like I have to have it
all figured out by my birthday."
6;20367;24200;"Should we tell Tristan that he
just shouldn't come?"
7;24200;27166;">> KRIS: No. It's her dad.
You guys can't."
8;27166;29300;">> KIM: I mean, I just think,
honestly, it's gonna be such a"
9;29300;30567;"spectacle.
>> KHLOE: Honestly, this is why"
10;30567;33367;"I didn't want to (bleep) tell
you, because I know, I know all"
11;33367;34667;"of these things.
But I've already invited him."
12;34667;36734;"I'm not, like...
(moans)"
13;36734;40633;"I'm just trying to be mature and
put my (bleep) to the side."
14;40633;42300;">> KIM: Hey, babe.
What are you doing?"
15;42300;45300;">> KANYE: He didn't like that we
were using my music to reinforce"
16;45300;47266;"his narrative.
>> KHLOE: I'm already so anxious"
17;47266;50600;"and this is so hard for me to
have Tristan at True's party."
18;50600;54300;"I don't need Kim's extra
(bleep)."
19;54300;57200;"♪ ♪
I think I'm gonna go see what's"
20;57200;62266;"happening.
What's happening?"
21;62266;65233;">> KIM: I just asked him what is
going on."
22;65233;68166;">> KANYE: He didn't like that we
put "Runaway" to you guys'"
23;68166;69600;"narrative.
>> KHLOE: That's fine."
24;69600;71734;"It's-- it is what it is.
But I don't need at my"
25;71734;75467;"daughter's birthday for any of
this to be a discussion."
26;75467;79333;"I don't give a (bleep).
>> KIM: Khloe, come back."
27;79333;81233;">> KHLOE: I know, with so many
family members and everyone"
28;81233;83333;"thinks they're doing the right
thing and I know everyone's"
29;83333;87533;"intention is to help and be
protective and all of that, but"
30;87533;91000;"at True's birthday party, it's
not the right timing."
31;91000;92700;">> KOURTNEY: Khlo.
What happened to you?"
32;92700;96667;">> KHLOE: Nothing, it's just...
This whole thing just sucks."
33;96667;99600;">> KOURTNEY: I feel like I-I
don't even know what they said"
34;99600;101266;"to you.
>> KHLOE: Honestly, I don't even"
35;101266;104400;"know, I wasn't with them.
Just like, just this situation,"
36;104400;107400;"we're all just upset.
I just know that Tristan is"
37;107400;110767;"so... just like, free to sit
there and talk to Ye?"
38;110767;113300;"I don't want to talk about any
of this."
39;113300;115567;"And, like, try to be like,
"You're some victim...""
40;115567;118333;"That's gross to me.
There's a time and a place for"
41;118333;120367;"everything.
This is not the time nor the"
42;120367;121700;"place.
>> KOURTNEY: Well, it was five"
43;121700;125367;"minutes of the party.
>> KHLOE: What'd you say, babe?"
44;125367;127033;">> PENELOPE: They should fight a
different time, because there's"
45;127033;129066;"all these kids.
>> KHLOE: Right."
46;129066;130700;"♪ ♪"
47;151033;153467;">> KIM: Khlo?
>> KHLOE: What are you doing"
48;153467;156400;"here?
Last night was weird."
49;156400;159633;"It was so good and we were on
such a good roll, and then"
50;159633;162633;"things just got...
>> KIM: Yeah."
51;162633;165433;">> KHLOE: I think Kanye was
probably so uncomfortable, like,"
52;165433;168667;"being cornered like that.
And I actually think Ka-- Ye was"
53;168667;171033;"nice for even listening and
trying to, like, talk and"
54;171033;173300;"whatever, but...
>> KIM: He never reached out to"
55;173300;174667;"you?
'Cause I wrote him, like, a"
56;174667;176400;"text, was just like...
>> KHLOE: He just said at, like,"
57;176400;178767;"midnight, like, "I'm so sorry, I
feel really bad.""
58;178767;181100;"I just said, "It's okay, Ye.
I don't want to put you in the"
59;181100;183600;"middle of it.
Don't worry about it.""
60;183600;186066;">> KIM: Yeah.
I'm so sorry."
61;186066;189300;">> KHLOE: I appreciate Kim so
much and I know Kim comes from"
62;189300;193367;"the best place and she's an
incredible sister and friend and"
63;193367;196400;"we all get really invested in
each other's relationships, and"
64;196400;202033;"Kim has been by my side from the
start of me and Tristan dating,"
65;202033;207100;"so she of course is protective
and I love that about her."
66;207100;210467;"Tristan never should've had a
conversation like this at our"
67;210467;214433;"daughter's first birthday party.
It just shows the lack of"
68;214433;217600;"respect, again, he has for me,
my family or anything that I'm"
69;217600;219600;"trying to throw.
>> KIM: So maybe it's like, is"
70;219600;222100;"it a lesson to, like, keep
everything separate?"
71;222100;225100;"Or you still want it together?
>> KHLOE: No, I-I don't know"
72;225100;226700;"what I want.
I mean, definitely, I think, for"
73;226700;228667;"a little bit, separate.
>> KIM: Well..."
74;228667;230133;">> KHLOE: It's just weird, but
you know..."
75;230133;232333;">> KIM: It didn't ruin True's
party."
76;232333;234600;"I know you think that and you're
gonna be hard on yourself, but"
77;234600;238467;"it didn't.
We all had the best time."
78;238467;253033;">> KHLOE: Thank you.
♪ ♪"
79;253033;258400;">> BEN-ARTZI: I'm gonna have you
roll your sleeves up."
80;258400;262000;">> KIM: So today, I'm getting an
ultrasound on all of my joints"
81;262000;264600;"to see what's going on.
I hadn't really felt that kind"
82;264600;267467;"of pain, physically, ever.
>> WALLACE: Your antibodies are"
83;267467;271066;"positive for lupus and
rheumatoid arthritis."
84;271066;274100;"But sometimes you can get false
positives in these screenings."
85;274100;277033;">> KIM: My blood test results
are so scary."
86;277033;280367;"But these ultrasounds will
really determine what's going on"
87;280367;283734;"with me.
At this point, I have a baby on"
88;283734;286734;"the way, I have law school.
When you start really thinking"
89;286734;291033;"about how much this could hinder
what's going on in my life, that"
90;291033;294700;"really scares me.
>> WOMAN: Dr. Wallace will be"
91;294700;297600;"right in.
>> KIM: Thank you."
92;297600;299600;">> WALLACE: Good morning.
How are you?"
93;299600;301200;">> KIM: I'm good.
You remember Khloe."
94;301200;306433;">> WALLACE: Yes, of course.
So, first of all, if you have"
95;306433;311767;"any evidence for lupus, Dr.
Ben-Artzi would have seen it."
96;311767;314066;">> KIM: Okay.
>> WALLACE: And you do not, do"
97;314066;318433;"not have lupus and rheumatoid
arthritis."
98;318433;322467;"Okay, so you can reassure all
your buddies."
99;322467;327400;"You probably had psoriatic
arthritis, because psoriasis"
100;327400;333033;"comes and goes.
And there's nothing there right"
101;333033;336033;"now.
>> KIM: I'm so relieved that"
102;336033;338400;"this is just psoriatic
arthritis."
103;338400;340700;"All right, I'll text and say I'm
gonna live."
104;340700;344533;"The pain is gonna come and go
sometimes, but I can manage it,"
105;344533;347667;"and this is not gonna stop me.
>> KHLOE: I'm so happy that"
106;347667;351033;"these babies work.
>> KIM: Me, too, so I can call"
107;351033;354000;"you and text you.
>> KHLOE: And so you could go..."
108;354000;358000;"like that. Do it.
>> KIM: That's okay."
109;358000;360000;">> KHLOE (laughs): Do it.
>> KIM: Thank you."
110;360000;361567;">> WALLACE: I'm gonna give this
to you..."
111;361567;364100;">> KIM: Great.
>> WALLACE: ...as a party favor."
112;364100;373100;"(Kim laughing)
♪ ♪"
113;373100;376266;">> KOURTNEY: I'm still feeling
just uncomfortable and really"
114;376266;380500;"overwhelmed about my birthday.
But I still need to find"
115;380500;385000;"something to wear to the party
that Khloe is planning, so today"
116;385000;388467;"I'm doing a fitting to try on
different options."
117;388467;391467;"Kim is coming over to help me
decide."
118;391467;394700;"I know she'll be able to give me
an honest opinion."
119;394700;396700;">> KIM: Hi.
>> DANI: Hi."
120;396700;398700;">> KOURTNEY: I know I look
gorgeous right now."
121;398700;400700;">> KIM: Fancy.
>> KOURTNEY: You want to see our"
122;400700;403033;"options so far?
>> KIM: Yeah!"
123;403033;405767;"Can I just go through 'em?
This is really cool, but you're"
124;405767;408633;"more of a "black" kind of girl.
>> KOURTNEY: I am."
125;408633;411033;"We have some stuff that we're
just keeping for life."
126;411033;413066;">> KIM: Very you.
>> KOURTNEY: Let's try on"
127;413066;415066;"anything we think for the
birthday."
128;415066;417066;"Here's this one.
I just think it's heavy and"
129;417066;420600;"annoying.
>> KIM: And ugly."
130;420600;422200;">> KOURTNEY: Hey, you're the
one who told me."
131;422200;425100;"I would have never even tried
this on."
132;425100;427600;">> KIM: 40 is, like, the most
important year."
133;427600;430233;"Like, this sets the tone: are
you gonna be old or are you"
134;430233;432266;"gonna be young?
>> KOURTNEY: Okay, this is hard"
135;432266;437066;"to move in as it is right now.
>> KIM: You can't tape up your"
136;437066;439200;"boobs like that, and you need
to."
137;439200;443266;"My 40th birthday, I want to
look, like, the best ever, and I"
138;443266;447300;"think you just can't go, like,
mediocre like this."
139;447300;451467;"Kourtney wants my opinion, and
nothing is jumping out to me."
140;451467;455133;"Nothing is special.
What's the vibe here?"
141;455133;457300;">> KOURTNEY: Kim, I do like
this."
142;457300;461100;">> KIM: Absolutely not.
You're not a (bleep) peacock."
143;461100;464734;">> KOURTNEY: This is so typical
Kim to just hate on every single"
144;464734;468767;"look that I have and tell me
that everything is ugly."
145;468767;471100;">> KIM: You look like a (bleep)
grandma."
146;471100;473100;"100%.
I don't even know what this"
147;473100;475100;"style is.
Like, "Oh, we're in Japan."
148;475100;477100;"It's crazy colors."
>> KOURTNEY: I think there's"
149;477100;479233;"just a different way of saying
things."
150;479233;481266;"It's not what you say, it's how
you say it."
151;481266;485233;"She doesn't have to be so
hurtful, especially when I'm so"
152;485233;487667;"overwhelmed.
There's all this pressure"
153;487667;491100;"surrounding this birthday, and
it doesn't help that Kim is"
154;491100;493166;"acting this way.
>> KIM: You need to be a bit"
155;493166;497533;"sexier.
>> KENDALL: Dude, everyone loves"
156;497533;499133;"church. Like, love...
>> KIM: We had a huge meeting"
157;499133;502066;"about it.
Kanye's got an offer to perform"
158;502066;505633;"Easter Sunday at Coachella.
(cheering)"
159;505633;507233;">> DANIELLE: I was at the Rick
Owens store today."
160;507233;509000;"Kourtney's stylist came and took
all of them."
161;509000;511367;">> KIM: They custom-made
everything."
162;511367;513133;"She's copying me.
>> KOURTNEY: I don't know what"
163;513133;515533;"you're talking about.
I've never dressed like you."
164;515533;517133;">> KIM: She just is such a
bitch."
165;517133;519133;">> KRIS: Because she's turning
40."
166;519133;521000;">> KOURTNEY: It's just hurtful."
167;525166;527033;"♪ ♪"
168;538367;543100;">> KENDALL: You guys. What?
Help, help, help, help, help."
169;543100;544667;">> KIM: What?
>> KENDALL: Something fell in my"
170;544667;546266;"eye.
>> KIM: Okay, okay. I thought"
171;546266;548033;"your (bleep) snake was getting
on you."
172;548033;550033;"Yep, I see it, I got it.
>> KENDALL: Don't scratch my"
173;550033;552700;"eye.
>> KIM: Hold on."
174;552700;554734;">> KENDALL: Do you need a...
>> KIM: Got it."
175;554734;556734;">> KENDALL: How the (bleep) does
that even happen to me?"
176;556734;559066;"I literally was looking up at
something, trying to fix it, and"
177;559066;561433;"it goes directly into my
eyeball. (sniffles)"
178;561433;564033;"Oh, my God.
(bleep) hurt."
179;564033;567633;">> KIM: Yeah.
>> KENDALL: Dude, everyone loves"
180;567633;569700;"church-- Kanye's. Like, love...
>> KIM: We had a huge meeting"
181;569700;572734;"about it all day.
Last week was way too crowded,"
182;572734;575166;"and, like, it's, like, going
into rehearsal now for"
183;575166;577300;"Coachella.
>> KENDALL: Everyone literally,"
184;577300;579700;"like, wants to come every
weekend, that's the thing."
185;579700;582667;">> KIM: Yeah.
Kanye's Sunday Service keeps on"
186;582667;586667;"growing and growing, and the
choir and him have gotten the"
187;586667;591633;"most amazing offer to perform
Easter Sunday at Coachella."
188;591633;594166;">> KANYE: We'd like to make an
announcement that we just booked"
189;594166;597734;"another show.
We will be doing Sunday Service,"
190;597734;605100;"sunrise at Coachella.
(cheering)"
191;605100;607100;">> KIM: Kanye's so excited to
go."
192;607100;610233;"I've never been to Coachella
before, and... honestly,"
193;610233;614767;"between, like, law school, baby,
Khloe-and-Tristan drama, and"
194;614767;618734;"Kourtney's 40th birthday, like,
I just need a break."
195;618734;622133;"So I'm really looking forward to
relaxing and having a really fun"
196;622133;626000;"weekend.
Would you get a house in Palm"
197;626000;628266;"Springs?
>> KENDALL: No."
198;628266;632100;">> KIM: No? Really?
>> KENDALL: No. Why do we need"
199;632100;634400;"seven million houses in Palm
Springs when we already have"
200;634400;641033;"one?
♪ ♪"
201;641033;643133;"(man speaking foreign language)"
202;646433;648433;"(phone ringing)
>> KIM: Yeah, yeah, no, I love"
203;648433;650200;"her.
Oh, my God..."
204;650200;652367;">> KOURTNEY (on phone): Hi.
>> KIM: Hi."
205;652367;654367;">> KOURTNEY: What is this for?
>> KIM: I was thinking of"
206;654367;657166;"wearing this to your 40th
birthday party."
207;657166;660266;">> KOURTNEY: Oh, perfect.
>> KIM: What do you think?"
208;660266;663000;">> KOURTNEY: No.
>> KIM: So, this will be all"
209;663000;665433;"beaded, obviously, and all
crystals."
210;665433;667333;"Is it too dressy?
>> KOURTNEY: What, are you"
211;667333;672367;"coming as Nicki Minaj?
>> KIM: This is Cher, honey."
212;672367;676533;">> KOURTNEY: I would say it's
October 31."
213;676533;679533;">> KIM: (shrieks)
Don't insult me."
214;679533;681734;">> KOURTNEY: What is that belly
button?"
215;681734;685000;">> KIM: It's changing.
I've been planning my Met look"
216;685000;688734;"since last year, and she was
just so rude in front of the"
217;688734;691333;"whole Mugler team.
"Ew. Oh, my God."
218;691333;694166;"Is this Halloween?"
It's all super embarrassing,"
219;694166;696400;"and, like, I can't even stomach
it."
220;696400;700467;"Okay, bye.
She doesn't get it."
221;700467;704367;"(all laugh)
>> DANIELLE: Wow."
222;704367;707767;">> JEAN-BAPTISTE: I should show
you the e-mail I got."
223;707767;710400;"So, I received an e-mail from
Dani."
224;710400;714266;"Uh, really, like, flattering for
Mr. Mugler, saying, "I know how"
225;714266;722000;"much, um, you... you work well
with Kim.""
226;722000;725333;">> KIM: Manfred Thierry Mugler's
manager let us know like, "Oh,"
227;725333;729300;"that's so weird she doesn't get
this vibe because she's the one"
228;729300;732133;"that's hitting us up wanting
looks.""
229;732133;734500;"And we're like, "What?"
>> DANIELLE: No way."
230;734500;738567;">> KIM: For her to not only try
to use the same designer but"
231;738567;743333;"then to, like, be so rude, it
really hit me the wrong way."
232;743333;745266;">> DANIELLE: I was at the Rick
Owens store today."
233;745266;747367;"Like, they have, like, all your
stuff."
234;747367;749233;"They're, like, selling it.
Like, the tops."
235;749233;751367;"The CFDA top.
And they're like, "Oh,"
236;751367;753600;"Kourtney's stylist came and took
all of them.""
237;753600;756600;">> KIM: Rick Owens made me this
custom piece for the CFDA"
238;756600;758567;"Awards, this, like, cream
two-piece."
239;758567;762066;"And so they said, "Can we make
it in white, and we'll sell it"
240;762066;764400;"in the store?"
So when my stylist got there,"
241;764400;767166;"they said, "Oh, sorry.
Kourtney's stylist just picked"
242;767166;770033;"this up for her."
This was a custom-made look for"
243;770033;772100;"me that they, you know,
reproduced."
244;772100;774567;"Why would Kourtney want the same
exact look that I've worn?"
245;774567;777500;"And she was with me at the CFDA
Awards, and she knew that it was"
246;777500;779767;"custom, and she knew all this
stuff."
247;779767;782400;">> DANIELLE: I was like, "Why do
they have to do, like, the"
248;782400;784300;"same?"
It's crazy."
249;784300;787500;"And Mugler and, like, the
Gaultier prints."
250;787500;789367;"It's like, should I say
something?"
251;789367;791000;"Should I text her?
>> KIM: Yeah, call her and say,"
252;791000;792200;""Hey."
>> DANIELLE: I was gonna text"
253;792200;793533;"her, but I wanted to ask you
first."
254;793533;796133;">> KIM: Yeah.
Keeps copying me."
255;796133;798000;"♪ ♪"
256;808066;810367;">> KOURTNEY: I'm trying to pick
an outfit for my party."
257;810367;812533;">> KHLOE: Ooh!
>> KOURTNEY: I don't think any"
258;812533;815567;"of these are the one.
>> KHLOE: That's cute, Kourt."
259;815567;818367;">> KOURTNEY: But it's too Romy
and Michele, vintage Dior."
260;818367;821133;">> KHLOE: I think it's fab.
You're just not into it?"
261;821133;823200;">> KOURTNEY: I don't know.
I just thought, "Is it too..."
262;823200;825266;"too Romy and Michele?"
>> KHLOE: What did Kim say?"
263;825266;827233;">> KOURTNEY: She didn't see this
one."
264;827233;829166;"I'll take a pic.
>> KHLOE: Can we FaceTime her?"
265;829166;831100;">> KOURTNEY: I don't know if I
trust her opinion the most."
266;831100;832567;">> KHLOE: Why?
>> KOURTNEY: I don't know."
267;832567;834567;">> KHLOE: Who do you want to
FaceTime, Kendall?"
268;834567;837300;"(FaceTime chimes)
Do you like this?"
269;837300;839433;">> KIM: Hello?
>> KHLOE: Hold on."
270;839433;841467;">> KIM: For her birthday?
>> KOURTNEY: Or is it too Romy"
271;841467;843233;"and Michele?
>> KHLOE: It's vintage Dior."
272;843233;845266;"Stop saying that if people are
saying something."
273;845266;848033;"Stop trying to control their
brain."
274;848033;850166;"She wants me to call Kendall
'cause she doesn't care about"
275;850166;852367;"you and I.
>> KIM: Well, if you don't care"
276;852367;855467;"about you and I, why do you keep
on picking out all the same"
277;855467;857467;"clothes?
>> KOURTNEY: Yeah, I don't know"
278;857467;859667;"what you're talking about.
I've never dressed like you."
279;859667;861433;">> KHLOE: Oh, is there a fight
here?"
280;861433;864033;">> KOURTNEY: No, but Danielle
was like, "When your public...""
281;864033;865567;"I don't care if Danielle's
there."
282;865567;868100;"Hi, Danielle.
I dress completely different"
283;868100;871233;"than Kim.
>> KIM: I don't think Kourtney"
284;871233;874467;"really understands, like, the
legwork that goes behind this."
285;874467;876266;"Like, I don't think anybody
understands."
286;876266;880166;"Like, you have to really have a
relationship with that designer."
287;880166;884066;"I've spent months and months
flying to Miami to see what his"
288;884066;888333;"vision is, so for her to jump
in, I just was like, "Oh, come"
289;888333;890467;"on."
She has no idea how this works."
290;890467;893467;"Mugler was here.
They said Dani sent the longest"
291;893467;895633;"message and whatever.
>> KOURTNEY: Dani told me today"
292;895633;898433;"that she sent that e-mail.
I had no idea she sent it, and"
293;898433;901633;"she said she sent it because she
knows we have completely"
294;901633;904266;"different styles.
I'm not trying to copy your"
295;904266;908133;"looks but on-on a same designer,
you can't ban me from Rick Owens"
296;908133;913066;"when I wear men's Rick Owens.
>> KIM: No, they said, "Sorry,"
297;913066;915200;"Kourtney's stylist pulled
everything.""
298;915200;917266;">> KOURTNEY: So ask me.
Say, "Hey, are you wearing this"
299;917266;919166;"white Rick Owens dress?
I wanted it.""
300;919166;921533;"She might pull things, and then
when it comes here, I say, "No,"
301;921533;924633;"no, no, no, no.
Yes, yes, yes, yes, yes.""
302;924633;929333;"It's so ridiculous that we're
even having a conversation like"
303;929333;933200;"this because Kim and I have
completely different styles, so"
304;933200;937133;"even if we wear the same
designer, we wear it in a"
305;937133;940467;"completely different way.
The store may send me clothes"
306;940467;944734;"that are more Kim's style, and I
send them back."
307;944734;948367;"Let's call Kendall, who I
actually care about her style."
308;948367;950200;">> KHLOE: Oh, bye, Kim."
309;952100;954734;">> MALIKA: There was a massive
earthquake, and you still"
310;954734;956767;"haven't stopped having
aftershocks."
311;956767;960133;">> KHLOE: Yeah.
>> KIM: Like, "Oh, there's"
312;960133;962400;"people dying, Kim."
What the (bleep) are you doing"
313;962400;964533;"about it?
Shut the (bleep) up."
314;964533;967300;">> KOURTNEY: It just blows my
mind how someone can be that"
315;967300;968667;"mean."
316;972700;974533;"♪ ♪"
317;984533;986367;">> KHLOE: Do you want anything
to drink?"
318;986367;988367;">> MALIKA: No, I'm okay,
actually."
319;988367;990000;">> KHLOE: You want a water?
Nothing?"
320;990000;992600;">> MALIKA: Mm, oh, fine.
I'll have a water."
321;992600;996300;"Thank you.
>> KHLOE: So, Kim talked to me"
322;996300;998567;"about the party.
I think she felt bad."
323;998567;1001734;"Kanye called me and, like,
texted me a couple times."
324;1001734;1003467;"Like, "I'm so sorry."
I was like, "It's fine."
325;1003467;1005533;"It's genuinely not your fault."
>> MALIKA: Mm-hmm."
326;1005533;1008734;">> KHLOE: It's so stupid that I
was, like, so upset about it."
327;1008734;1011333;"Basically, I left the party
crying."
328;1011333;1013467;"First of all, I don't like to
cry, one."
329;1013467;1016467;"Two, I don't cry at, like,
public parties."
330;1016467;1018600;"Like, who-who cries?
>> MALIKA: Yeah, but... and,"
331;1018600;1021767;"also, why would you ever think
that your daughter's first"
332;1021767;1024467;"birthday party would end with
you in tears?"
333;1024467;1027333;"I'm sorry that you have that
memory, but it was beautiful,"
334;1027333;1029767;"and you did a great job, and
your daughter was really happy."
335;1029767;1031667;">> KHLOE: Yeah, she was.
>> MALIKA: I'm sorry it ended in"
336;1031667;1034467;"your tears, but it...
You know, she won't remember"
337;1034467;1036567;"that, and when you look back on
the pictures-- I'll be honest"
338;1036567;1039066;"with you-- it's a fresh wound
right now, but you won't think"
339;1039066;1042734;"about that, either.
>> KHLOE: True's first"
340;1042734;1045633;"birthday...
I didn't ever expect that I was"
341;1045633;1049300;"gonna be celebrating her first
birthday as Tristan being a"
342;1049300;1051600;"guest at her party.
I thought this was gonna be a"
343;1051600;1054467;"party that Mommy and Daddy threw
for True together."
344;1054467;1057667;"But it was very awkward and
uncomfortable."
345;1057667;1062300;"It wasn't what I thought at all,
and it's sad."
346;1062300;1065433;"I'm still sensitive to things.
Like, my body, you know..."
347;1065433;1068300;">> MALIKA: I mean, well, hello.
It's like there was a massive"
348;1068300;1071300;"earthquake, and you still
haven't stopped having"
349;1071300;1075567;"aftershocks.
>> KHLOE: Yeah."
350;1075567;1078700;"Learning how to coexist and
co-parent with someone, that is"
351;1078700;1082433;"really, really difficult.
>> MALIKA: You did what you said"
352;1082433;1085066;"you were going to do, which was
always keep her father involved."
353;1085066;1087667;"As far as letting him come to
her birthday party, you did"
354;1087667;1089567;"that.
>> KHLOE: I want to create as"
355;1089567;1093266;"many new memories and positive
scenarios with Tristan and our"
356;1093266;1097400;"daughter as I possibly can.
So I was trying to be mature and"
357;1097400;1101467;"put my (bleep) to the side, but
it was so hard for me to have"
358;1101467;1104633;"Tristan at True's party because
of my emotions."
359;1104633;1108633;"So I don't know where to go from
here."
360;1108633;1110734;">> MALIKA: Just hang in there,
okay?"
361;1110734;1113500;"It is gonna change.
>> KHLOE: Okay."
362;1113500;1115567;"Can you tell me when?
(laughs)"
363;1115567;1118734;">> MALIKA: I... Honey, if I
knew, let me tell you."
364;1118734;1120567;"♪ ♪"
365;1126033;1130000;">> KOURTNEY: So, um, UCLA is
opening a new building called"
366;1130000;1134000;"the Robert G. Kardashian Center
for Esophageal Health, which is"
367;1134000;1137433;"a center for research and
education in my dad's honor."
368;1137433;1142066;"It's really exciting that
tonight it's finally opening and"
369;1142066;1145700;"that we're all going to attend
to support the ribbon cutting."
370;1145700;1148133;"Hi.
I'm going to pick up Khloe, and"
371;1148133;1150667;"then we're heading to this
event, like, honoring my dad."
372;1150667;1154033;"Kim and I just got into the
biggest fight."
373;1154033;1157333;"She just was going so crazy.
She's sending me the meanest"
374;1157333;1159333;"text messages.
You would die."
375;1159333;1162000;"She's like, "You're the biggest
ungrateful bitch.""
376;1162000;1164767;"Then I said, "God, you're such a
petty woman.""
377;1164767;1168133;"And she's like, "Is that a joke?
I had to intervene when your"
378;1168133;1170600;"stylist pulled the nastiest
clothes for you for your...""
379;1170600;1172600;">> KHLOE: Oh, we're still
fighting. Oh, good!"
380;1172600;1174667;">> KOURTNEY: No, I'm telling
Sarah; this is such a joke."
381;1174667;1176533;"You look great.
This is such..."
382;1176533;1177700;">> KHLOE: Thank you, you look
great, too."
383;1177700;1180166;">> KOURTNEY: Thank you.
This is such a joke."
384;1180166;1182066;">> KRIS: So, wait, what's
happening?"
385;1182066;1184567;">> KIM: Basically, I got into
the biggest fight with Kourtney"
386;1184567;1189066;"today because she just is such a
bitch."
387;1189066;1193400;"Like, on another level.
So, I called Kourtney, and"
388;1193400;1195734;"Kourtney, like, screamed at me
on the phone."
389;1195734;1197433;">> KRIS: Screamed at you?
>> KIM: And was like, "You think"
390;1197433;1200066;"I like your style?
You have the lamest style.""
391;1200066;1202500;">> KOURTNEY: I said, "You're
going to school to become a"
392;1202500;1205166;"lawyer and help the world, and
these are the kinds of problems"
393;1205166;1208166;"you have?"
And she's like, "You're really a"
394;1208166;1211200;"miserable human being, and you
keep not understanding the issue"
395;1211200;1215100;"because you all of a sudden turn
into such a humanitarian and"
396;1215100;1218166;"talk about the world's issues,
which you've not contributed one"
397;1218166;1221100;"ounce to the world, so..."
>> KIM: You (bleep) fake"
398;1221100;1225467;"humanitarian ho.
I actually do (bleep) for the"
399;1225467;1229500;"world, and you (bleep) fake it
all day long and act like, "Oh,"
400;1229500;1232033;"there's people dying, Kim."
And what the (bleep) are you"
401;1232033;1235100;"doing about it?
So shut the (bleep) up."
402;1235100;1239100;">> KOURTNEY: She could say it
maybe after my birthday."
403;1239100;1241767;">> KIM: It bothers me that she
doesn't get it, and it's turned"
404;1241767;1246066;"into she thinks I think she's
copying me."
405;1246066;1249400;"It's not about you having your
own personal style."
406;1249400;1253734;"It's about infiltrating on my
actual relationship."
407;1253734;1261233;">> KRIS: Do you think it's
because she's turning 40?"
408;1261233;1263233;">> KOURTNEY: Don't know why I
feel like crying."
409;1263233;1265233;">> KHLOE: Oh, my gosh.
About what?"
410;1265233;1267400;">> KOURTNEY: I don't know.
>> KHLOE: Here you go."
411;1267400;1269100;">> KOURTNEY: Maybe it's just,
like, my birthday."
412;1269100;1270767;">> KHLOE: What's wrong?
>> KOURTNEY: I don't know."
413;1270767;1273133;">> KHLOE: You're sad or happy or
upset?"
414;1273133;1275000;">> KOURTNEY: No, I don't know."
415;1279567;1282233;"I really don't take it
personally."
416;1282233;1285667;"Like, I know it's not something
that I'm doing."
417;1285667;1287533;"It's just hurtful."
418;1291166;1294066;">> KHLOE: I know.
>> KOURTNEY: And it's not just"
419;1294066;1296200;"that.
I just feel overwhelmed with,"
420;1296200;1300633;"like, my birthday... and
everything."
421;1300633;1303734;"I just really don't feel like
myself right now, and at this"
422;1303734;1306467;"point, I just... I don't even
feel like celebrating my"
423;1306467;1308567;"birthday.
I hate being the center of"
424;1308567;1311633;"attention, and I can't stop
crying."
425;1311633;1313734;"I don't want to be around
anybody."
426;1313734;1320467;"Like, I just want to go away
somewhere and just... be alone."
427;1320467;1328700;"That's what I'm thinking.
It's so annoying."
428;1328700;1330700;"(indistinct chatter)
>> KHLOE: Hi, everybody."
429;1330700;1332633;">> ALL: Hi!
>> KHLOE: Wait. Real quick"
430;1332633;1334633;"before Kourtney comes.
>> KRIS: Hi!"
431;1334633;1336567;">> KHLOE: She's been sobbing in
the car."
432;1336567;1339734;"Just... not because of you.
Just please no fighting, okay?"
433;1339734;1342300;">> KOURTNEY: Hi!
>> ESRAILIAN: We are truly"
434;1342300;1346533;"honored tonight to announce the
establishment of the Robert G."
435;1346533;1349734;"Kardashian Center for Esophageal
Health at UCLA."
436;1349734;1354734;"(cheering and whooping)
I never had the pleasure of"
437;1354734;1358166;"meeting the late Mr. Kardashian,
but from everything I heard, he"
438;1358166;1361066;"was such an incredible person,
and it means a lot that we can"
439;1361066;1364233;"establish this center that will
literally help countless people"
440;1364233;1366233;"around the world.
>> KHLOE: Yay!"
441;1366233;1369200;">> ESRAILIAN: Yay!
>> KRIS: This is such an amazing"
442;1369200;1371500;"night, and I'm so proud of my
family."
443;1371500;1374500;"Their ongoing efforts to help
raise money for the center is"
444;1374500;1377734;"going to save lives for a long
time to come."
445;1377734;1380767;"And at the same time, they're
paying tribute to their dad,"
446;1380767;1384300;"which is really special.
>> ESRAILIAN: I think we're"
447;1384300;1387266;"going to cut the ribbon.
>> KIM: Kourtney, this might go"
448;1387266;1389333;"with your outfit the best.
>> KHLOE: Oh, my God."
449;1389333;1391333;">> KOURTNEY: Is this real?
>> KIM: All black? Yeah."
450;1391333;1393767;">> KHLOE: Go in the middle.
>> KOURTNEY: Okay."
451;1393767;1395767;"(whooping)
>> KRIS: Yay!"
452;1395767;1397700;">> KOURTNEY: Kim, did you want a
haircut?"
453;1397700;1401200;"(applause and laughter)
>> KIM: Yeah."
454;1401200;1404066;"(cameras clicking)
>> KHLOE: This is the most"
455;1404066;1406200;"well-behaved room ever.
(laughter)"
456;1406200;1408266;">> ESRAILIAN: You don't have to
be so super quiet in here."
457;1408266;1411233;">> KHLOE: I know.
You guys are so, like, obedient."
458;1411233;1413233;"It's co cute.
>> KIM: If only Kourtney could"
459;1413233;1415266;"be like this.
>> KENDALL: Oh, no."
460;1415266;1417367;">> KRIS: You guys, no.
>> KIM: Just kidding."
461;1417367;1419467;">> KENDALL: No fighting."
462;1422300;1424367;">> TRUE: Dada?
>> KHLOE: I come from a family"
463;1424367;1428266;"of great co-parenters, but right
now, it's really challenging and"
464;1428266;1431100;"tough for me.
>> MAN: Happy birthday,"
465;1431100;1433066;"Kourtney!
(cheering)"
466;1433066;1435000;">> KHLOE: The party is finally
here."
467;1435000;1437200;"I just hope Kourtney likes the
vibe, and she has a really good"
468;1437200;1438667;"time."
469;1442767;1444600;"♪ ♪"
470;1452567;1455033;">> KOURTNEY: What cute wrapping
paper!"
471;1455033;1459367;">> KHLOE: I had to custom-order
it, so that's why there wasn't"
472;1459367;1461200;"enough on this side."
473;1462734;1465633;"I completely get your position
and why you're annoyed with"
474;1465633;1468200;"Kourtney.
Planning her birthday party, she"
475;1468200;1471166;"hasn't been the easiest to deal
with, but I feel like she's"
476;1471166;1474734;"obviously going through, like,
some emotional distress about"
477;1474734;1478734;"turning 40, so can you just be
nice, just until we're over this"
478;1478734;1482600;"hump of her emotional despair?
>> KIM: Olive branch."
479;1482600;1485033;"You got it.
>> KHLOE: Oh, okay."
480;1485033;1487734;">> KOURTNEY: Oh, my gosh, what
is this?"
481;1487734;1491400;"OMG.
That is so cute."
482;1491400;1493400;">> KRIS: What is it?
>> KOURTNEY: It's a Mickey."
483;1493400;1495300;">> KRIS: Stop.
>> KIM: Is it a bowling ball?"
484;1495300;1497166;">> KOURTNEY: It's a bag.
>> KHLOE: It's a purse."
485;1497166;1499066;">> KRIS: Stop.
>> KOURTNEY: Thank you."
486;1499066;1502266;"Oh, my God, this is so special!
>> KIM: I don't have your"
487;1502266;1504266;"present till tomorrow.
>> KOURTNEY: It's fine."
488;1504266;1506333;">> KRIS: Now can I give you my
gift?"
489;1506333;1509066;">> KOURTNEY: Yeah.
>> KRIS: You have to follow me,"
490;1509066;1511200;"'cause you have to cut it open.
>> KOURTNEY: Oh, my gosh."
491;1511200;1513100;"Cut it?
>> KHLOE: Where is it?"
492;1513100;1515000;">> KRIS: Come on.
>> KIM: There it is."
493;1515000;1518433;">> KHLOE: Oh, my God.
>> KRIS: I got this for you when"
494;1518433;1520433;"I got you your Christmas
present."
495;1520433;1523333;">> KOURTNEY: Oh, gosh, now I'm
gonna cry about it?"
496;1523333;1526066;">> KRIS: But I have to explain
it."
497;1526066;1528066;">> KOURTNEY: So cute.
>> KHLOE: Oh, my gosh."
498;1528066;1530033;">> KRIS: So you know what this
is?"
499;1530033;1532667;">> KOURTNEY (crying): Thank you.
>> KHLOE: Oh, she's crying. Aw."
500;1532667;1534767;">> KRIS: Do you remember when
you were a little girl, and we"
501;1534767;1537166;"used to go to the parking lot,
and it was the..."
502;1537166;1539233;"Oh.
>> KHLOE: Aw."
503;1539233;1541500;">> KRIS: Remember, it was the...
It was the parking lot sign at"
504;1541500;1544734;"the top of the pole?
>> KHLOE: Yeah."
505;1544734;1547133;">> KRIS: When Kourtney was a
little girl, we used to always"
506;1547133;1550500;"go to Disneyland and park in the
parking lot, and on the top of"
507;1550500;1554667;"the pillars were these amazing
signs made out of tin, and on"
508;1554667;1557767;"each sign, there was one of the
Disney characters."
509;1557767;1561233;"So we would always know where we
were parked, and we would say,"
510;1561233;1563233;""Oh, we got to go back to Tinker
Bell.""
511;1563233;1566667;"This gift is so sentimental and
really reminds me of Kourtney's"
512;1566667;1571233;"childhood, and I know it'll mean
a lot to her, but I still can't"
513;1571233;1576133;"believe that my first and oldest
is 40 years old."
514;1576133;1578433;">> KOURTNEY: Where am I gonna
put these?"
515;1578433;1580667;">> KRIS: I don't know.
We can put 'em in your garage"
516;1580667;1582700;"in front of every car.
>> KOURTNEY: No, no, no."
517;1582700;1586500;"I love them!
Thank you."
518;1586500;1596033;"♪ ♪
(siren wailing)"
519;1596033;1599233;">> KHADIJAH: Here, True.
Can I have some?"
520;1599233;1601166;"I so hungry.
>> KHLOE: Oh, my goodness."
521;1601166;1603100;"(True babbles)
>> KHADIJAH: Can I have some?"
522;1603100;1605033;">> KHLOE: (clicks tongue)
Thank you."
523;1605033;1607033;">> TRUE: Oh.
>> KHLOE: Uh-oh."
524;1607033;1608533;">> KHADIJAH: Can this be mine?
>> KHLOE: There. Give it to"
525;1608533;1610700;"Khadijah.
>> KHADIJAH: Can I have this?"
526;1610700;1612700;"Can I have it?
You're gonna take it from me?"
527;1612700;1614533;">> KHLOE: What?!
>> KHADIJAH: Oh."
528;1614533;1617166;">> KHLOE: Oh! Thank you.
>> KHADIJAH: Oh, thank you."
529;1617166;1620433;"(True babbles)
You're so nice for sharing."
530;1620433;1622700;">> TRUE: Dada?
(Khloe scoffs)"
531;1622700;1624734;">> KHADIJAH: Here.
Look, True."
532;1624734;1627333;"Want me to roll it to you?
>> KHLOE: Want to call your dad?"
533;1627333;1629500;"Okay.
(line ringing)"
534;1629500;1631567;"(True babbles)
>> KHLOE: Here."
535;1631567;1634333;"Every time I do this, then you
leave, and it's embarrassing me!"
536;1634333;1636300;"Come here.
Hold on."
537;1636300;1638200;"(toy squeaks)
(True babbles)"
538;1638200;1640200;"Look.
>> TRISTAN: Baby True!"
539;1640200;1642567;"(True babbles)
Hi!"
540;1642567;1646467;"(True babbles)
Hi!"
541;1646467;1650033;"What you doing?
>> MALIKA: She's leaving."
542;1650033;1652467;">> KHLOE: True?
>> TRISTAN: Working."
543;1652467;1656333;"(True babbles)
>> KHLOE: I come from a family"
544;1656333;1660133;"of great co-parenters.
My sister did a great job, my"
545;1660133;1665033;"mom and my dad did a great job,
but I also know it took time for"
546;1665033;1669500;"both of them to get over
whatever their own issues were"
547;1669500;1672133;"with their significant other,
and then, they're able to"
548;1672133;1675533;"co-parent beautifully.
Right now, it's really"
549;1675533;1679166;"challenging and tough for me.
I know I'll get to that place."
550;1679166;1682467;"I mean, it's gonna be a journey,
and it's gonna be, I think, a"
551;1682467;1688233;"hard journey, and there's gonna
be highs and lows, but I know..."
552;1688233;1691166;"I'm gonna figure this out.
Well, she'll call you before she"
553;1691166;1693533;"goes to bed, though.
>> TRISTAN: All right, baby"
554;1693533;1695767;"True.
>> KHLOE: Say "Bye-bye.""
555;1695767;1698200;"Blow a kiss?
Want to give...?"
556;1698200;1700200;">> TRUE: No!
>> MALIKA (quietly): No."
557;1700200;1702767;">> TRISTAN: (laughs)
Love you, princess."
558;1702767;1706000;">> KHLOE: Say, "Love you. Bye."
>> TRUE: Bye."
559;1706000;1709133;">> TRISTAN: Bye, chunky butt.
>> KHLOE: Okay. Bye."
560;1709133;1719367;"(True babbles)
♪ ♪"
561;1719367;1723233;"(birds singing)
(phone ringing)"
562;1723233;1725233;"(phone chimes)
>> KHLOE: Hello?"
563;1725233;1729533;">> KIM: Hey, so I just realized
I had this amazing, uh, Gianni"
564;1729533;1735166;"Versace black chain mail and
fishnet dress that Donatella"
565;1735166;1737433;"sent over, and so I was like,
"Oh, my God, this is what"
566;1737433;1740033;"Kourtney should be wearing on
her 40th birthday party.""
567;1740033;1743166;">> KHLOE: That is so nice of you
to do that."
568;1743166;1745567;">> KIM: After seeing Kourtney
get so sentimental over the"
569;1745567;1749166;"Disney things from my mom, I
realized that Khloe is right."
570;1749166;1751400;"Kourtney's really emotional
these days and really going"
571;1751400;1754433;"through it.
I'm still really upset with her"
572;1754433;1759066;"and the stylist, but now is not
the time, and, like, I don't..."
573;1759066;1762166;"I want her to look amazing.
And so, I know Donatella had"
574;1762166;1764300;"sent me this dress, and I feel
like it would have looked better"
575;1764300;1768533;"on her, so I want to give her
this, like, crazy archive, you"
576;1768533;1771667;"know, Versace dress to wear on
her 40th birthday so she can"
577;1771667;1774533;"look and feel her best.
(phone ringing)"
578;1774533;1777300;"(phone chimes)
>> KOURTNEY: Hi."
579;1777300;1782166;">> KIM: Hey.
So I thought, I have the most"
580;1782166;1785567;"perfect dress that you can wear
for your party."
581;1785567;1788600;">> KOURTNEY: No way.
>> KIM: Yeah. Look."
582;1788600;1792467;"It's this Gianni Versace, but
it's, like, half chain mail and"
583;1792467;1795066;"half fishnet.
>> KOURTNEY: Ooh!"
584;1795066;1797066;"I love it!
>> KIM: You do?"
585;1797066;1799066;">> KOURTNEY: Yeah, I'd love to
try it."
586;1799066;1801066;">> KIM: Okay, I'll have someone
bring it over right now."
587;1801066;1805200;">> KOURTNEY: Thank you.
(car horn honking)"
588;1805200;1810467;"♪ ♪
(lively chatter)"
589;1810467;1812333;">> MAN: Happy birthday,
Kourtney!"
590;1812333;1816200;"Let's go!
(cheering and whooping)"
591;1816200;1819066;">> WOMAN: Kourtney!
>> KIM: Wait."
592;1819066;1825333;"Look at the napkins.
(whooping)"
593;1825333;1827166;"(saxophone playing)"
594;1828633;1831600;">> KHLOE: It is the night of the
party, and despite all of"
595;1831600;1834667;"Kourt's kicking and screaming
and complaining, the party is"
596;1834667;1837600;"finally here, and we are gonna
have an awesome time"
597;1837600;1839633;"celebrating.
>> KIM: Look at you!"
598;1839633;1841500;">> KHLOE: Kim, you look amazing.
>> KIM: So do you!"
599;1841500;1845233;">> KHLOE: Can we go dance?
I'm so happy you're here!"
600;1845233;1849433;">> SIA: Yeah, me, too.
>> KHLOE: Hi, my Ye."
601;1849433;1851433;">> KANYE: You look beautiful.
>> KHLOE: Thank you so much."
602;1851433;1861100;"You look very handsome.
(both screaming)"
603;1861100;1863266;">> WOMAN: Where's Kourtney?
>> KHLOE: Oh, um..."
604;1863266;1866734;"The party is spectacular.
Our whole family is there."
605;1866734;1871633;"So many people came to celebrate
Kourtney, but I just hope she"
606;1871633;1875667;"likes the vibe, and she has a
really good time, and that the"
607;1875667;1882133;"party's not, like, a letdown or,
like, a disappointment."
608;1882133;1885400;">> KIM: Happy Easter!
50,000 people are here."
609;1885400;1888400;"It's insane.
I just hope that everything is"
610;1888400;1897300;"just perfect.
(applause and cheering)"
611;1897300;1899133;"♪ ♪"
612;1909667;1911700;">> KOURTNEY: Okay, here's this
dress, guys."
613;1911700;1913633;">> MAN: I think that's really
beautiful."
614;1913633;1915467;">> LARSA: I like this one, too.
>> SARAH: I like the other one"
615;1915467;1918233;"better.
>> KOURTNEY: I'm trying on my"
616;1918233;1921367;"final dress options, now that
they've been altered, just to"
617;1921367;1923367;"make sure, you know, which is
the best one."
618;1923367;1926000;"Okay, last dress option.
>> SARAH: Gorgeous."
619;1926000;1927734;">> LARSA: I love it.
It looks better in person."
620;1927734;1930200;">> SARAH: Yeah, it looks way
better in person."
621;1930200;1932333;">> KOURTNEY: Here's the side,
the back."
622;1932333;1934333;">> MAN: Okay.
>> KOURTNEY: And the other side."
623;1934333;1938734;"This dress from Kim is sexy and
chic and just perfect."
624;1938734;1942033;"It's the right choice for the
night."
625;1942033;1944200;">> KIM: I love it.
>> LARSA: I agree."
626;1944200;1947367;">> KOURTNEY: I think it's
definitely her peace offering,"
627;1947367;1951000;"and I'm willing to accept it.
>> KIM: It looks good."
628;1951000;1953200;">> KHLOE: It looks great.
All right."
629;1953200;1955467;">> MAN: It looks good.
>> KHLOE: Let's go."
630;1955467;1959600;"(lively chatter)
>> KIM: Ooh, la, la!"
631;1959600;1963767;">> KHLOE: Kourtney's birthday.
(shrieking)"
632;1963767;1966000;">> KOURTNEY: The party vibe is
perfect."
633;1966000;1969633;"Every detail...
Khloe did an amazing job."
634;1969633;1971700;"I couldn't have asked for
anything more."
635;1971700;1974767;"The candles everywhere...
I just really wanted a grown and"
636;1974767;1979033;"sexy vibe.
And I feel like it was perfect."
637;1979033;1981367;">> MALIKA: Ah, you look
beautiful, Kourt."
638;1981367;1985467;"Happy birthday, love.
Oh, hello, P."
639;1985467;1988567;"I love your dress.
>> SCOTT: Hi. Happy birthday."
640;1988567;1990500;">> KOURTNEY: Thank you.
>> SCOTT: I love you."
641;1990500;1992367;">> KOURTNEY: Love you.
>> SCOTT: Hi, honey."
642;1992367;1994567;">> PENELOPE: Hi.
>> KHLOE: Can we get nine shots"
643;1994567;1999600;"of Don Julio?
>> KOURTNEY: Hi."
644;1999600;2005400;">> KHLOE: Kourtney!
(all cheering)"
645;2005400;2007233;"♪ ♪"
646;2012533;2014433;">> KOURTNEY: Jonathan!
>> JONATHAN: Happy birthday."
647;2014433;2016266;">> KOURTNEY: Hey, thank you.
Mwah."
648;2016266;2018033;">> JONATHAN: You good?
>> KOURTNEY: Yes. We went to"
649;2018033;2019734;"Venice today.
We had the best day."
650;2019734;2021567;">> JONATHAN: I heard.
>> KOURTNEY: I was having a"
651;2021567;2023367;"freak-out.
Did you have a freak-out about"
652;2023367;2024600;"turning 40 or no?
>> JONATHAN: I freak out every"
653;2024600;2026567;"day; I try not to...
>> KOURTNEY: No, I was literally"
654;2026567;2028100;"freaking.
>> JONATHAN: You having a"
655;2028100;2029667;"breakdown?
>> KOURTNEY: Like, for weeks,"
656;2029667;2031467;"crying daily, all day.
>> JONATHAN: Yeah, it's a"
657;2031467;2032767;"nightmare.
You have three kids, I don't."
658;2032767;2034500;"So you're good.
>> KOURTNEY: Yeah, I was like,"
659;2034500;2036500;"you have a choice to be, like,
happy or not happy."
660;2036500;2038633;"And I was like, why am I feeling
this way?"
661;2038633;2040500;"But, honestly, I woke up today
feeling amazing."
662;2040500;2041734;">> JONATHAN: Well, you look
really good."
663;2041734;2043400;">> KOURTNEY: So I think I got it
out of my system."
664;2043400;2045467;">> JONATHAN: You got it out.
Today was the day."
665;2045467;2048467;"It's like the christening.
>> KOURTNEY: I am happy that we"
666;2048467;2052000;"ended up having a party.
I feel so much love from all my"
667;2052000;2055400;"family and friends.
You know, my life might not be"
668;2055400;2058633;"exactly where I pictured it to
be, but I have so much more than"
669;2058633;2062734;"I ever imagined.
And I just realized that there's"
670;2062734;2066367;"no need to get caught up in the
pressures of feeling like you"
671;2066367;2068700;"have to have everything figured
out."
672;2068700;2072333;"We're all on our own journey.
You can start a new chapter of"
673;2072333;2076567;"your life at any time.
There's no limits and age"
674;2076567;2079567;"shouldn't be limiting them.
>> KHLOE: The hottest yearbook"
675;2079567;2082066;"photo!
>> PHOTOGRAPHER: One, two,"
676;2082066;2090033;"three.
(cheering and whooping)"
677;2090033;2094133;">> KHLOE: Hello, hello, hello!
Hello, hello, hello!"
678;2094133;2097600;"Can everybody come to the dance
floor?"
679;2097600;2100600;"So we do want to wish Kourtney a
happy birthday."
680;2100600;2103000;"Can we have Robin Thicke up
here?"
681;2103000;2106633;"Where is Ms. Sia?
Sia and Robin."
682;2106633;2112667;">> ROBIN: We got this.
♪ Happy birthday..."
683;2112667;2118767;"To you... ♪
(whooping)"
684;2118767;2123367;">> SIA: ♪ Happy birthday... ♪
>> ROBIN: Oh, there she is."
685;2123367;2129100;">> SIA: ♪ Dear Kourtney ♪
>> ROBIN: ♪ Ooh, ooh, ooh ♪"
686;2129100;2133400;"(whooping)
>> SIA: ♪ Happy birthday ♪"
687;2133400;2138533;">> ROBIN: ♪ Happy birthday... ♪
(whooping)"
688;2138533;2145200;">> SIA/ROBIN: ♪ To... you. ♪
(cheering and whooping)"
689;2145200;2147166;">> ROBIN: All right, that
worked."
690;2147166;2156633;">> KHLOE: Okay, DJ, let's go!
♪ ♪"
691;2156633;2158467;"♪ ♪"
692;2164066;2166600;">> KOURTNEY: You guys are like
sharks."
693;2166600;2169767;">> REIGN: My turn.
>> KIM: I'm so exhausted with my"
694;2169767;2172133;"kids.
>> KHLOE: It's exhausting."
695;2172133;2174533;"Just me being around you guys
makes me want to just jump"
696;2174533;2176767;"somewhere.
(Corey laughs)"
697;2176767;2180233;">> KIM: Kanye's Sunday Service
is on Easter Sunday at"
698;2180233;2182667;"Coachella.
The whole family is here in Palm"
699;2182667;2185734;"Springs staying at my mom's
house, so we can just experience"
700;2185734;2188667;"the whole weekend there.
And spend Easter afterwards at"
701;2188667;2193467;"my mom's and just have a really
fun weekend."
702;2193467;2196133;"Wait. Can I tell you about this
doctor?"
703;2196133;2199200;">> KHLOE: Hello?
Kim is not dying."
704;2199200;2201533;">> KIM: Guess what? I'm not
dying."
705;2201533;2203633;"Yay.
>> KRIS: I knew you were never"
706;2203633;2206734;"going to die but why did they...
>> KIM: Can you come a little"
707;2206734;2209100;"closer?
>> KHLOE: Let's go, Jumanji."
708;2209100;2212133;"Get your butt over here.
>> KIM: So, basically, we went"
709;2212133;2214767;"in and we did a scan.
And he puts the ultrasound gel,"
710;2214767;2217633;"and he looks all in between my
bones, and he's saying, "Oh, it"
711;2217633;2220066;"looks, it looks great.
You don't have it.""
712;2220066;2222066;"And then I was like, "So do I
have lupus?""
713;2222066;2225033;"And he's like, "No."
My test results really did kind"
714;2225033;2229166;"of shake me up a little bit.
And it just was a good reminder"
715;2229166;2234467;"that, seriously, your health is
wealth and you should never take"
716;2234467;2239133;"it for granted.
>> KHLOE: Look how pretty."
717;2239133;2242667;"MILF alert.
Damn, Kourtney."
718;2242667;2245266;"I want to look like that when
I'm 40."
719;2245266;2248734;"(camera clicking)
You better work, Kourtney."
720;2248734;2251667;">> KHLOE: Like, your butt, it's
like juicy."
721;2251667;2256133;"♪ ♪
It is so crazy that right after"
722;2256133;2259166;"Kourtney's party, all of her
anxiety is gone."
723;2259166;2262200;"I mean, she's so different.
It's night and day."
724;2262200;2266066;"Praise the Lord.
You look great."
725;2266066;2270066;"Oh, Jesus.
Oh, no."
726;2270066;2272734;"We're being swarmed.
>> KOURTNEY: Yeah, P."
727;2272734;2275600;"Peace sign.
>> KHLOE: Mason, get out of the"
728;2275600;2277600;"photo.
You're messing up your mom's"
729;2277600;2281700;"Instagram.
You have a lot of good ones."
730;2281700;2284066;">> KOURTNEY: All right, I
believe you."
731;2284066;2285734;">> KHLOE: I-I mean, I pray.
>> PENELOPE: Mom, get in the"
732;2285734;2291266;"pool.
>> KOURTNEY: I'm going to."
733;2291266;2293100;"♪ ♪"
734;2295066;2298100;">> KHLOE: Say happy Easter.
>> KIM: Happy Easter."
735;2298100;2299734;"(cheers and applause)"
736;2301767;2306100;">> KIM: So today we are at
Sunday Service."
737;2306100;2309266;"It is so huge.
I mean, 50,000 people are here."
738;2309266;2312300;"It's insane.
I just hope that everything is"
739;2312300;2322000;"just perfect.
(cheers and applause)"
740;2322000;2325200;">> KANYE: Order, huh!
(cheering)"
741;2325200;2329734;"(singers vocalizing)
>> CHOIR: ♪ Jesus walks"
742;2329734;2335300;"Jesus walks
♪ Jesus walks"
743;2335300;2340767;"Jesus walks
Jesus walks with me ♪"
744;2340767;2343567;">> KANYE: ♪ Now hear ye, hear ye
Want to see Thee more clearly"
745;2343567;2346233;"♪ I know He hear me
When my feet get weary"
746;2346233;2348700;"♪ 'Cause we're the almost nearly
extinct"
747;2348700;2351367;"♪ We rappers are role models
We rap, we don't think"
748;2351367;2354233;"♪ I ain't here to argue
About his facial features"
749;2354233;2356734;"♪ Or here to convert atheists
into believers"
750;2356734;2359033;"♪ I'm just trying to say
The way school need teachers"
751;2359033;2361166;"♪ The way Kathie Lee needed
Regis"
752;2361166;2363633;"That's the way I need Jesus ♪
>> CHOIR: ♪ Jesus walks ♪"
753;2363633;2365700;">> KANYE: ♪ The only thing that
I pray"
754;2365700;2368233;"♪ Is that my feet don't fail me
now. ♪"
755;2368233;2378734;"(cheering)
♪ ♪"
756;2378734;2380567;"(birds singing)"
757;2383734;2387700;">> KOURTNEY: Everyone, get to
the front and get a basket!"
758;2387700;2390200;">> KHLOE: Did you get your
basket?"
759;2390200;2392367;">> KOURTNEY: Chi Chi, did you
find eggs?"
760;2392367;2396066;"(gasps) You found an egg.
>> KHLOE: I see some eggs."
761;2396066;2399333;"North, over here, look.
North."
762;2399333;2404200;">> KOURTNEY: Kim, look at Chi.
>> KIM: What? You found a big"
763;2404200;2412066;"egg?
Let's see what's inside."
764;2412066;2414667;">> KRIS: Good job hiding the
eggs, guys."
765;2414667;2418133;"There's lots of food.
Hope you're hungry."
766;2418133;2423133;">> HARRY: Happy Easter. (laughs)
>> KHLOE: Say hi?"
767;2423133;2425734;"Say hi to 2 Chainz?
>> 2 CHAINZ: She's too pretty."
768;2425734;2428100;">> KHLOE: Thank you.
>> 2 CHAINZ: Too pretty."
769;2428100;2430266;"She want another potato?
>> KHLOE: Hi, guys."
770;2430266;2433066;"Hi, how are you?
>> LA LA: Hi, baby."
771;2433066;2435400;"(True babbles)
(La La babbles)"
772;2435400;2438734;">> KIM: Mom, this is so nice.
>> KOURTNEY: Reign."
773;2438734;2441200;"(Reign whoops)
>> HAILEY: Hi."
774;2441200;2444100;">> KRIS: Hi.
How are you?"
775;2444100;2447100;">> HAILEY: Good.
(True babbling)"
776;2447100;2450033;">> JEFFREY: What's up?
>> GLENNE: I mean, that was"
777;2450033;2452333;"awesome.
>> JEFFREY: People, like, they"
778;2452333;2454233;"were blown away.
>> KANYE: Yeah. Kendall's been"
779;2454233;2456166;"the most times.
Now she's been to church more"
780;2456166;2458266;"than me.
>> KENDALL: I'm loyal."
781;2458266;2460000;"What can I say?
>> GLENNE: Are you so happy with"
782;2460000;2462033;"today?
It was awesome; I loved it."
783;2462033;2464000;"I thought it was so perfect.
>> KANYE: Yeah. And it was just"
784;2464000;2466700;"good to have a church family.
All the, like, people that,"
785;2466700;2469000;"like, supported us going up to
that point."
786;2469000;2472133;"It's like, we started off at a
soundstage, like, every week."
787;2472133;2474000;"Like, you know?"
788;2476400;2479000;"Ah. (laughs)"
789;2481100;2485066;"(Kanye shouts, laughs)
>> KIM: Everyone had such an"
790;2485066;2488400;"amazing time, and I know that
Kanye just wants to really make"
791;2488400;2494400;"this experience so powerful
and-and bring everyone together."
792;2494400;2497467;"He really did make it exactly
what he wanted it to be:"
793;2497467;2501734;"an intimate and beautiful and
magical experience."
794;2501734;2505433;"It's really amazing to have
these moments with friends and"
795;2505433;2508300;"family.
And I'm really happy that"
796;2508300;2510700;"everyone gets to experience
this."
797;2510700;2512700;">> ALEXANDER: How are you?
How was your birthday"
798;2512700;2514433;"celebration?
>> KOURTNEY: Oh, my God, it was"
799;2514433;2516700;"so good.
I was super anxious for some"
800;2516700;2519033;"reason for, like, weeks leading
up to it."
801;2519033;2520333;">> ALEXANDER: Really?
>> KOURTNEY: Like, 'cause I-I"
802;2520333;2523433;"don't ever do a birthday party.
I always go to, like, a trip,"
803;2523433;2525300;"or, like, I bring my friends and
we go somewhere."
804;2525300;2527400;">> ALEXANDER: Go chill and
like... Yeah."
805;2527400;2530166;">> KOURTNEY: Just, like, like, I
would go with the kids and,"
806;2530166;2532467;"like, just go somewhere.
I'm not into, like, a party."
807;2532467;2534700;"Or, like, if I did, I would do,
like, bowling or, like,"
808;2534700;2537300;"something chill.
I've never cared about turning"
809;2537300;2540266;"older in my life, ever once.
And it was, like, for some"
810;2540266;2542467;"reason, that's like, I'm like,
I'm an adult."
811;2542467;2544533;"(Alexander laughs)
Like, that's, like, really,"
812;2544533;2546734;"you're an adult, yeah.
Like, that's, like, 30 was"
813;2546734;2548333;"like...
>> ALEXANDER: Well, you look"
814;2548333;2550166;"(bleep) hot as hell.
>> KOURTNEY: Thank you."
815;2550166;2552400;"But it was really fun.
>> ALEXANDER: Cool."
816;2552400;2555033;">> KOURTNEY: Yeah.
>> KHLOE: Kourtney, come on."
817;2555033;2558066;"We're taking a family photo.
>> KOURTNEY: Kim, do we want to"
818;2558066;2560000;"do this couch?
>> KHLOE: We could do it here."
819;2560000;2562000;"We can sit, stand, let's go.
>> HARRY: The couch is"
820;2562000;2563567;"beautiful.
>> KHLOE: Come on."
821;2563567;2565433;">> KIM: Chi Chi.
Chi Chi, look at the camera."
822;2565433;2567233;"(Chicago crying)
You'll get an egg if you look at"
823;2567233;2569266;"the camera.
>> KENDALL: Take a million,"
824;2569266;2572066;"Harry.
>> HARRY: I am, don't worry."
825;2572066;2576433;"(overlapping chatter)
>> KOURTNEY: Look at the camera."
826;2576433;2581467;"(camera clicking)
>> KIM: Chi Chi, look at Harry."
827;2581467;2583367;"(Chicago babbling)"
828;2586300;2589133;">> KHLOE: Did we do it? Yay!
>> KIM: Okay."
829;2589133;2593500;">> KHLOE: Family photo!
Thank you, family."
830;2593500;2596400;">> KIM: On the next episode...
>> KHLOE: So she texted me, she"
831;2596400;2599233;"wanted to talk.
>> KIM: You just need to"
832;2599233;2602066;"genuinely talk to her.
>> KOURTNEY: I don't have a"
833;2602066;2603600;"nanny anymore.
>> KRIS: What?"
834;2603600;2605567;">> KOURTNEY: Penelope scratched
her."
835;2605567;2608133;">> COREY: If P scratched me in
my face, I'm whupping her ass."
836;2608133;2610200;">> SCOTT: You would hit my
daughter?!"
837;2610200;2612233;"You just said "I would whup her
ass.""
838;2612233;2615233;">> COREY: I'll whup your ass.
>> KHLOE: Oh, my God, Kim."
839;2615233;2617166;">> KIM: What?
>> KHLOE: We just called 911."
840;2617166;2618600;">> KIM: Mom!
Oh, my God."
841;2618600;2621433;"Captioning sponsored by
BUNIM-MURRAY PRODUCTIONS"