﻿Number;Start time in milliseconds;End time in milliseconds;"Text"
1;4667;8166;">> KRIS: This family will never
fall apart."
2;8166;9567;"(all whooping)
>> SCOTT: Strut!"
3;9567;11633;">> KIM: We're at the White
House!"
4;11633;13700;"(cheering)
>> KRIS: But for some reason,"
5;13700;18567;"things are a little bit off.
>> KHLOE: My life is filled with"
6;18567;22567;"drama that you can't even create
on your own."
7;22567;25433;"Oh, my God, Tristan's here.
No, I'm done."
8;25433;28667;">> KIM: I feel this in my bones.
I probably have lupus."
9;28667;31400;">> KRIS: Just stay positive
until we get some results."
10;31400;33467;">> KHLOE: Do you miss her?
Like, want to be friends with"
11;33467;35166;"her?
>> KYLIE: I'm happy."
12;35166;38333;">> KRIS: They printed a story
that I was sleeping with O.J."
13;38333;41734;"After 25 years, you'd think it
just wouldn't be a thing."
14;41734;43700;">> KIM: Why are you guys so in
my business?"
15;43700;45600;"She doesn't want to work.
She has too many (bleep)"
16;45600;47266;"boundaries.
She's out."
17;47266;48667;">> KOURTNEY: I can't wait to
move away."
18;48667;51400;">> KHLOE: So just do it already.
>> SCOTT: The (bleep) are you"
19;51400;53467;"talking about?
The (bleep) out of here!"
20;53467;55200;">> COREY: I'm not retracting a
(bleep) word."
21;55200;58000;"I said what the (bleep) I said.
>> KIM: What's going on?"
22;58000;59734;">> KHLOE: The ambulance is on
their way here now."
23;59734;62567;">> KIM: But what happened?
>> KRIS: (groans) My neck, I"
24;62567;65166;"can't move my neck.
>> KIM: I'm gonna (bleep) sage"
25;65166;67200;"myself.
>> KHLOE: Sage my heart so it's"
26;67200;70166;"pure and sweet and it doesn't
get (bleep) up by all these"
27;70166;72033;"horrible human beings."
28;76300;80633;"♪ ♪
>> KIM: Aw, hi!"
29;80633;83233;">> MJ: Aw.
>> KIM: Wow, Diana."
30;83233;86266;">> MJ: My goodness, what is
that?"
31;86266;89033;"Aw, hi, True.
>> KHLOE: Last night, I went to"
32;89033;91700;"Diana Ross's 75th birthday
party, so I wanted my hair"
33;91700;96333;"really, really curly, and I love
my hair so much that I'm gonna"
34;96333;98367;"wear it for a couple days.
>> SCOTT: Want a blanket?"
35;98367;100333;">> PENELOPE: I can play this.
>> KOURTNEY: Okay, let me hear."
36;100333;102700;"What're you gonna play?
>> KIM: Oh, I'm so tired."
37;102700;104767;"I have such a headache.
Never-- I haven't been this"
38;104767;108367;"tired in a long time.
Hopefully I'm not pregnant."
39;108367;111333;">> SCOTT: What?
She's taking a pregnancy test."
40;111333;112467;"Kourtney.
>> KOURTNEY: What?"
41;112467;114467;">> KRIS: What?
What, you're doing a pregnancy"
42;114467;116567;"test?
>> KIM: Yeah, I'm so tired."
43;116567;119300;">> KRIS: She could have two
babies at the same time."
44;119300;121500;">> KIM: All right, guys, I took
the test, and I have no energy"
45;121500;123667;"to look at it.
I'm scared."
46;123667;125400;">> KHLOE: Have Mom look.
>> KRIS: Here, let me look."
47;125400;127533;">> KIM: There's no way that I'm
pregnant and my surrogate is"
48;127533;131000;"pregnant.
>> KRIS: Oh, my God!"
49;131000;133533;">> KIM: Stop. I can't. I can't.
>> KRIS: Are you (bleep) with"
50;133533;137033;"me?
>> KIM: I'm not. I..."
51;137033;140567;">> KOURTNEY: You're such a liar.
Yes, it's Paxie's."
52;140567;144000;"You're such a liar.
Paxie just did it. (laughs)"
53;144000;147567;">> KRIS: You're such a liar!
>> KIM: No, no, no, I really did"
54;147567;150367;"it before Paxie, but mine came
out this and then I told her to"
55;150367;153633;"pee on one.
>> KRIS: Oh, my God."
56;153633;158700;">> KIM: I've been feeling so
tired, so nauseous, and my hands"
57;158700;162333;"are really getting swollen, so I
did take a pregnancy test to"
58;162333;164700;"rule it out.
Thank God."
59;164700;171000;"And, luckily, I am not pregnant,
but someone on our film crew is,"
60;171000;176533;"and so I could not resist this
opportunity to have her pee on"
61;176533;179767;"the pregnancy test so it would
come back positive just to show"
62;179767;182767;"my mom, just to prank her for a
second."
63;182767;187000;">> KRIS: My heart can't take
this."
64;187000;188667;"♪ ♪"
65;209100;212300;">> KHLOE: These bobby pins are
jamming into the back of my"
66;212300;214667;"(bleep) head.
>> PRODUCER 1: Are you pregnant"
67;214667;217367;"again?
>> KHLOE: What? Why?"
68;217367;220100;"Let me start over.
Hi, my name is Khloe."
69;220100;224433;"So how am I? I am great.
No, I'm not. What am I?"
70;224433;226000;"(chuckles)
>> PRODUCER 2: You're tan."
71;226000;228066;">> KHLOE: I'm tan.
(laughter)"
72;228066;232667;"I'm really just trying to, I
guess, figure out my own life at"
73;232667;236667;"the moment.
I have so many raw emotions"
74;236667;240033;"towards Tristan, and I'm just
healing and processing and going"
75;240033;242633;"through the motions, I guess.
>> SCOTT: What do you got going"
76;242633;245033;"on over there, KoKo?
>> KHLOE: Like, Tristan, this"
77;245033;247600;"morning, he kept FaceTiming,
FaceTiming at, like, 6:00 a.m."
78;247600;250533;"Tristan thinks he could treat
people-- like, that people are"
79;250533;252734;"disposable.
If he sends me enough flowers or"
80;252734;255333;"enough text messages, I'm gonna
come around."
81;255333;258400;"I know he was checking in 'cause
I was out that night."
82;258400;261567;"He wanted to see, like, what I
was doing, and he was like, "By"
83;261567;265700;"the way, I'm coming in town, and
I want to see True on Friday.""
84;265700;269166;"And he was like, "Oh, it might
not be until, like, 7:15.""
85;269166;272400;"She goes to bed at, like, 7:30.
He was like, "Well, do you think"
86;272400;276600;"I can see you?"
And I'm like, "No, you can't see"
87;276600;278633;"me."
I go, "Tristan, what would you"
88;278633;281133;"like to see me about, can I
ask?""
89;281133;285100;"I still have not spoken to
Tristan face-to-face, and right"
90;285100;288633;"now I'm not ready to.
I know I'll get to that place."
91;288633;291600;"Right now, it's really
challenging and tough for me."
92;291600;296166;"My feelings are super raw, and
I'm really humiliated and hurt"
93;296166;298734;"by what he did to me.
>> MAN: Are you gonna forgive"
94;298734;301033;"Tristan, Khloe?
>> KHLOE: I'm not just a TV"
95;301033;302633;"show.
This is my life."
96;302633;305066;"Liar!
What?"
97;305066;307700;">> MALIKA: No!
>> KOURTNEY: Stop."
98;307700;310133;">> KHLOE: That was crazy, the
end of that whole trip."
99;310133;313100;"I don't even know what happened
at the end."
100;313100;316133;">> KRIS: Is there anything that
he could say or do at this point"
101;316133;318066;"that would make you want him
back?"
102;318066;321200;">> KHLOE: (stammers) No.
I'll just-- No."
103;321200;323033;">> KRIS: Okay.
>> KHLOE: And, like, I don't"
104;323033;325100;"even know.
I am emotional now, so I'm not"
105;325100;328033;"gonna make this decision, but I
don't even know if I want him at"
106;328033;330000;"True's birthday party.
I might say, "You know what?"
107;330000;332700;"It's too soon, and I'm sorry,
you don't...""
108;332700;334633;">> SCOTT: It's all very soon.
>> KHLOE: "...deserve to be"
109;334633;337100;"there," but, like, then is that
unfair to True?"
110;337100;344000;"Yeah.
♪ ♪"
111;344000;346600;"♪ ♪"
112;349700;352734;">> KHLOE: Hey.
I didn't know you were here."
113;352734;355166;">> KOURTNEY: Yeah, I'm a little
bit sick."
114;355166;357200;">> KHLOE: Well, thank you for
coming over today. (chuckles)"
115;357200;358567;">> KOURTNEY: So don't get too
close."
116;358567;362467;"I'll sit over here.
>> KHLOE: So it's your birthday,"
117;362467;366200;"but I don't know if you're,
like, aware, we need time to"
118;366200;368633;"plan something.
>> KOURTNEY: Mm-hmm."
119;368633;371133;">> KHLOE: Why...
Can you just, like, release"
120;371133;374467;"con-- give this job to someone
that they can handle it?"
121;374467;376533;"Like me, I'm happy to take it
on."
122;376533;379233;">> KOURTNEY: I just don't want a
cheesy party."
123;379233;382166;"Like, I don't want, like,
everyone going like, "Whoo!""
124;382166;384166;"Like, I don't want, like, a
theme."
125;384166;387066;"(laughs) I don't want a theme.
>> KHLOE: So if I make an"
126;387066;389700;"announcement for no one to ever
say "whoo," can we throw you a"
127;389700;391533;"party?
>> KOURTNEY: And I don't want"
128;391533;394033;"anybody to have a speech.
>> KHLOE: No speech, I got it,"
129;394033;395734;"no speech.
>> KOURTNEY: And I don't want to"
130;395734;398033;"have to say, "Thank you,
everybody, for coming.""
131;398033;400133;">> KHLOE: Okay, don't worry,
I'll-- you will never have to"
132;400133;402133;"say thank you.
Why don't we do an "I hate"
133;402133;403633;"Kourtney" party?
Is that better?"
134;403633;406166;">> KOURTNEY: No.
That actually sounds awful, that"
135;406166;410700;"gives me anxiety.
It is my 40th birthday, and so"
136;410700;412600;"everyone's been asking, "What
are we gonna do?""
137;412600;416600;"And it's a nice feeling that
everyone cares, but it's just a"
138;416600;420633;"lot of pressure, and I'm not
typically someone who has a big"
139;420633;424033;"party for my birthday.
I love to go out of town and do"
140;424033;427767;"something with friends or, you
know, the kids, and I hate being"
141;427767;432667;"the center of attention, and I
do trust Khloe, but our taste"
142;432667;435133;"levels are a little bit
different."
143;435133;437200;"I have to sneeze.
>> KHLOE: Ugh."
144;437200;439033;">> KOURTNEY: Do you guys have
Kleenex anywhere?"
145;439033;440767;">> KHLOE: Go into a bathroom or
something."
146;440767;443467;">> KOURTNEY: I just don't know
who doesn't have Kleenex in the"
147;443467;445233;"kitchen, and there's none in the
bathroom."
148;445233;447066;">> KHLOE: You don't know who
doesn't have..."
149;447066;449567;"I don't know where... where the
(bleep) Kleenex is, Kourtney,"
150;449567;451467;"just shut up and use toilet
paper."
151;451467;453166;">> KOURTNEY: Well, my nose is
running."
152;453166;455033;">> KHLOE: So use (bleep) toilet
paper."
153;455033;456300;">> KOURTNEY: That's not
effective."
154;456300;458767;">> KHLOE: I'm just gonna (bleep)
stab her in her eye."
155;458767;460633;"♪ ♪"
156;464767;467066;">> KIM: Okay, so it's your turn.
Throw it to me."
157;467066;469500;">> SAINT: Uncle Scott.
>> KIM: Oh, you see Uncle Scott?"
158;469500;471633;">> SCOTT: Saint! Sure do.
>> SAINT: Do you want to play"
159;471633;473233;"this game?
>> SCOTT: Heck yeah, let's do"
160;473233;475200;"it.
Whoa."
161;475200;477033;">> KIM: Sainty, look at my
technique."
162;477033;482633;">> SCOTT: Batter up. Wow!
>> KIM: Yeah! Your mom won!"
163;482633;485233;">> SCOTT: Your mom's supermom,
Superwoman."
164;485233;486767;"(Kim whooping)
>> SAINT: Ah!"
165;486767;489500;">> KIM: Ooh.
My hands are hurting, Sainty."
166;489500;493266;">> SCOTT: Aw, God.
Have you been, like, doing weird"
167;493266;496633;"stuff to yourself or something?
(clicks tongue)"
168;496633;500133;"Playing with the old keyboard?
The carpal tunnel thing was last"
169;500133;502166;"year from holding the phone.
>> KIM: Yeah, this is, like,"
170;502166;504233;"different.
I don't know, I don't know if"
171;504233;506100;"it's coming back, like,
stronger."
172;506100;508100;"I feel like I literally am
falling apart."
173;508100;510300;">> SCOTT: Yeah, but here's the
thing, and I've said this to you"
174;510300;513133;"before, do you think it could be
because you take on too much and"
175;513133;515000;"it's just stress?
>> KIM: I don't even know."
176;515000;518000;"My hands are, like, numb and...
>> SCOTT: That's pretty scary."
177;518000;521266;"You got to check that out.
>> KIM: So about a year ago, my"
178;521266;525000;"wrists were really hurting, and
I went to a hand doctor who told"
179;525000;528100;"me that I had carpal tunnel.
>> HARRISON: Any pain with this?"
180;528100;530066;">> KIM: Yes.
>> HARRISON: Uh-huh."
181;530066;532600;"Here is the problem.
You are definitely showing"
182;532600;534767;"some of the cardinal signs
for carpal tunnel."
183;534767;537166;">> KIM: But lately, my wrists
have started to hurt again, but"
184;537166;539300;"it's definitely a different
feeling than before."
185;539300;544066;"I feel this, like, in my bones.
My joints hurt so badly."
186;544066;547200;"Cannot pick up my kids.
Guys, I might have to lay down."
187;547200;550033;"It's starting to really worry
me."
188;550033;552367;"I really have to look into this.
>> SCOTT: You got to get those"
189;552367;555667;"hands ready, too, 'cause you got
another kid you got to pick up."
190;555667;557233;">> KIM: I know.
I-I honestly..."
191;557233;559600;">> SAINT: Mommy.
>> KIM: I don't want to,"
192;559600;561033;"like, not be able to play
play with the kids."
193;561033;562567;">> SCOTT: Yeah.
You got to just go to the"
194;562567;566200;"doctor's.
>> KOURTNEY: I just feel anxious"
195;566200;568700;"about having a party.
Like, I'd love to know a few of"
196;568700;571300;"the details.
>> KHLOE: I can-- you know what?"
197;571300;572600;"Actually...
>> KOURTNEY: Well, 'cause"
198;572600;575033;"Kendall said she felt like it
shouldn't be tented."
199;575033;576333;">> KHLOE: Do whatever you want,
then."
200;576333;578734;"You have Kendall plan it.
Uh-- honestly, you're rude."
201;578734;584600;"You are.
This situation, it's a little"
202;584600;587100;"awkward for me.
>> WOMAN: Tristan's here."
203;587100;589633;">> KHLOE: Yes, it's so fun.
He's right there."
204;589633;592333;">> MALIKA: Are you okay?
>> KHLOE: Yeah. It's so weird."
205;592333;594166;">> MALIKA: I know."
206;600066;603767;"♪ ♪
>> KOURTNEY: Hi."
207;603767;606133;">> KHLOE: Kourt wants to join
the meeting."
208;606133;607300;">> KOURTNEY: So, what's the
theme?"
209;607300;609066;"I heard it's Diana Ross.
>> KHLOE: No."
210;609066;611233;"(laughter)
It's absol-- it's "Somewhere"
211;611233;613100;"Over the Rainbow."
>> KOURTNEY: Is she dressing"
212;613100;615100;"like Dorothy?
>> KHLOE: No, it's not The"
213;615100;616633;"Wizard of Oz.
>> KOURTNEY: Can I dress like"
214;616633;618166;"Dorothy, just...
>> KHLOE: No."
215;618166;619333;">> KOURTNEY: ...because?
>> KHLOE: No."
216;619333;620700;">> KOURTNEY: Okay.
>> KHLOE: She's not really my"
217;620700;622467;"vibe.
I'm not into the red, glittery"
218;622467;624100;"shoes.
>> KOURTNEY: Okay."
219;624100;627734;">> KHLOE: I cannot believe that
True is gonna be one, and I have"
220;627734;631066;"been thinking about her party
for months and months and months"
221;631066;634000;"now.
So it's rainbow-colored parasols"
222;634000;635667;"and colored fog.
And that's when you walk in and"
223;635667;638734;"it's gonna be playing "Somewhere
Over the Rainbow" by four"
224;638734;640734;"different artists only that I
like."
225;640734;645133;"This time last year was a really
hard, emotional time for me."
226;645133;649433;"And I'm looking forward to
creating new memories and just"
227;649433;653233;"having a whole new mindset about
the month of April."
228;653233;654567;"(chuckles)
>> KOURTNEY: Oh, my God, the"
229;654567;656467;"doughnut thing is so cute.
>> KHLOE: How cute."
230;656467;659500;"Tristan, stop calling.
>> KOURTNEY: And these are cute."
231;659500;662000;">> KHLOE: God, this guy.
Seriously?"
232;662000;663367;"(bleep)
(bleep)"
233;663367;666066;"I can't even check my (bleep)
(bleep) 'cause he won't stop"
234;666066;667467;"calling.
>> KOURTNEY: Just end it."
235;667467;669066;">> KHLOE: I've been ending it,
but look."
236;669066;673300;"He's just FaceTiming nonstop.
As of now, I haven't seen"
237;673300;677367;"Tristan in person, and the first
time I might see him is True's"
238;677367;680533;"first birthday party.
And that's a little awkward for"
239;680533;683166;"me, 'cause it's the first time
Tristan and I will be in a"
240;683166;687233;"public setting together.
I'm envisioning there's a party"
241;687233;690300;"full of people, and Tristan
walks in and everyone is staring"
242;690300;692734;"at us, and I don't want this at
my daughter's first birthday"
243;692734;695100;"party.
>> KOURTNEY: Okay, so no more,"
244;695100;697200;"uh, shiny balloons.
What are they called?"
245;697200;699200;"Foil.
Do they make biodegradable"
246;699200;702200;"balloons?
>> WOMAN: Well, latex is"
247;702200;706300;"biodegradable, but foil isn't.
>> KOURTNEY: And I usually do a"
248;706300;709333;"little cart with, like, matcha
lattes..."
249;709333;712100;">> KHLOE: Oh, (bleep).
>> KOURTNEY: ...and coffees."
250;712100;713400;">> KHLOE: Okay, we'll get you
the cart."
251;713400;715100;">> KOURTNEY: Okay.
>> KHLOE: The cart's added for"
252;715100;721333;"you.
♪ ♪"
253;721333;724033;">> KIM: Oh, my God.
>> KOURTNEY: I'm just so tired."
254;724033;726200;"Hey, Mom.
>> KRIS: Hi, honey."
255;726200;728467;">> KOURTNEY: For my birthday, do
you want me to invite Joyce and"
256;728467;732767;"Larry, Sheila and Randy and
Shelly and Irving?"
257;732767;735300;">> KRIS: Yes. And Lisa.
>> KOURTNEY: Uh-- okay, bye."
258;735300;737133;">> KIM: How's the party planning
going?"
259;737133;738767;">> KOURTNEY: Um..."
260;742200;747367;"...very exciting.
I've never cared, ever, about"
261;747367;752233;"turning older, but everyone else
is making it such a big deal"
262;752233;757233;"that it really makes me analyze
my life, and I just had this"
263;757233;761000;"really overwhelming feeling
that's-- it's just hard to"
264;761000;763467;"explain.
Um, she said..."
265;763467;766300;">> KIM: Wait, Kourtney, you have
a really big spot on the top of"
266;766300;769500;"your head.
Look down."
267;769500;771033;"Kourtney.
>> KOURTNEY: I swear, it..."
268;771033;772433;">> KIM: Oh, my God, I'm afraid
for your life."
269;772433;774533;"Have you seen that?
>> KOURTNEY: No, but I feel it."
270;774533;776433;"It's a hole in my head.
>> KIM: Kourtney..."
271;776433;779500;">> KOURTNEY: I swear, it's from
my ponytail in New York."
272;779500;783100;"It was so tight that I had a
bump on my head like this."
273;783100;786100;">> KIM: Your hai-- You're bald.
You have to go to the hospital"
274;786100;788066;"right now.
>> KOURTNEY: I'm not going to"
275;788066;790567;"the hospital.
Should I say, "But we can't do"
276;790567;792533;"those ponies anymore"?
>> KIM: Yeah."
277;792533;795300;">> KOURTNEY: I don't even-- I
didn't even like it."
278;795300;797133;"♪ ♪"
279;803433;808100;">> KHLOE: Hi.
How was your Coffee Bean, coffee"
280;808100;812100;"bean?
>> KIM: Oh, thank you."
281;812100;815300;"So, today I woke up,
and my hands are a bit swollen."
282;815300;817467;"My fingers get fat.
>> KHLOE: Do you drink enough"
283;817467;820567;"water?
>> KIM: Yeah."
284;820567;823200;"My hands are really getting
swollen now and really starting"
285;823200;825166;"to hurt.
And based on the symptoms I've"
286;825166;830166;"googled, it looks like I have
rheumatoid arthritis, which is"
287;830166;834066;"when your hands, over time, just
kind of, like, lock up."
288;834066;837200;"And, my God, it's so scary.
Don't ever google anything"
289;837200;839333;"unless you want to freak
yourself out."
290;839333;843233;"So, I have to go to the doctor
and see what's going on, 'cause"
291;843233;845633;"I can't live like this.
>> KHLOE: Maybe it's, like, the"
292;845633;847500;"anxiety of...
>> KIM: The fourth one is"
293;847500;850500;"coming, and then I'm just
like... (grunts)"
294;850500;854300;""Someone help me."
(both laugh)"
295;854300;857667;">> KHLOE: You're gonna be fine.
>> KIM: My back hurts so badly."
296;857667;859500;"♪ ♪"
297;863667;865266;">> KHLOE: Hi. I'm Khloe.
>> WALLACE: I'm Dan, how are"
298;865266;866567;"you?
>> KHLOE: Nice to see you."
299;866567;871600;">> WALLACE: Good.
When did the joints start?"
300;871600;874500;">> KIM: This happened to me on
Monday, with my hands stiffing"
301;874500;878266;"u-- stiffening up.
And on Sunday, my hands were"
302;878266;880100;"swollen, 'cause they're swollen
right now."
303;880100;882133;">> WALLACE: Right, yes.
>> KIM: And they were itching so"
304;882133;885133;"badly.
>> WALLACE: And you've never had"
305;885133;887467;"any musculoskeletal problems
prior to that, except maybe"
306;887467;889133;"carpal tunnel?
>> KIM: Correct."
307;889133;893100;">> WALLACE: Okay.
The worst-case scenario is that"
308;893100;897567;"this is the start of a systemic
process, rheumatoid arthritis."
309;897567;901600;"But until I see some of your
blood work, I won't really know."
310;901600;905266;"So, follow me.
>> KIM: Okay."
311;905266;908533;"I just am, like, freaking out.
I have a baby on the way, I have"
312;908533;910633;"law school.
It just really can scare you"
313;910633;915100;"when you start really thinking
about how much this is gonna"
314;915100;917433;"really change my life.
>> WALLACE: Okay, so it hurts"
315;917433;919500;"and it's swollen here and you're
right-handed?"
316;919500;922333;"Squeeze tight as you can.
Where else in this hand does it"
317;922333;923667;"hurt?
>> KIM: More there, and it"
318;923667;925233;"really hurt in my wrist.
Well, like that hurts."
319;925233;926433;">> WALLACE: Still a little
swollen here."
320;926433;928100;">> KIM: Yeah.
>> WALLACE: Let me just make a"
321;928100;929533;"couple of notes.
>> KIM: As long as I don't have"
322;929533;931233;"rheumatoid...
>> WALLACE: Well, I mean, I'll"
323;931233;932500;"do the tests.
>> KIM: Okay."
324;932500;939600;">> WALLACE: Okay.
♪ ♪"
325;939600;941367;"(birds chirping)
>> KOURTNEY: Ooh, your room is"
326;941367;945266;"freezing.
>> KHLOE: Oh, it's my dream."
327;945266;946667;">> KOURTNEY: Who sent you all
these flowers?"
328;946667;948600;">> KHLOE: I mean, these flowers
are, like, dying."
329;948600;950233;">> KOURTNEY: Mm-hmm.
>> KHLOE: But all Tristan does"
330;950233;953367;"is send countless amounts of
flowers, calls, texts, like,"
331;953367;956667;"whatever, and I just haven't
been ready to talk to him,"
332;956667;959567;"because I-I feel like it's gonna
get into a screaming match."
333;959567;962567;"And I don't care to scream.
>> KOURTNEY: Mm-hmm."
334;962567;965667;">> KHLOE: But I said that I
would be willing, for the first"
335;965667;968667;"time, to speak to him if
there's, like, a therapist"
336;968667;970433;"involved.
>> KOURTNEY: Are you gonna do a"
337;970433;972333;"FaceTime or a regular call?
>> KHLOE: Oh, yeah, no,"
338;972333;974166;"FaceTime.
He'll have, like, the therapist"
339;974166;976400;"would go to his house...
>> KOURTNEY: Oh, okay, got it."
340;976400;977767;">> KHLOE: Um...
>> KOURTNEY: So, what's the"
341;977767;980600;"goal?
Just to be able to, like..."
342;980600;984734;">> KHLOE: Co-parent, talk.
And then, the first time I'll"
343;984734;988433;"see him is at True's birthday.
People should not have to see"
344;988433;991333;"each other this close to a
breakup."
345;991333;994367;"It should be okay if we take a
six-month break."
346;994367;996667;"It doesn't mean you're a (bleep)
up parent, it just means you"
347;996667;999734;"need a minute.
But I just, I'm getting..."
348;999734;1001734;"I don't know, I'm just getting
anxious thinking about this"
349;1001734;1003567;"party now."
350;1007233;1009367;"I literally just had to block
Tristan."
351;1009367;1011734;"I don't want him at True's
party."
352;1011734;1014200;">> KIM: I just think, honestly,
it's gonna be such a spectacle."
353;1014200;1016233;"I think everyone's gonna be
looking at you."
354;1016233;1018066;"You've invited so many people."
355;1023633;1025467;"♪ ♪"
356;1028700;1031033;">> KIM: Hi.
>> JONATHAN: Very skinny again."
357;1031033;1035033;">> KIM: This is gonna kill me,
so I might just go with a Diet"
358;1035033;1036567;"Coke.
>> JONATHAN: A Di-- uh, look, I"
359;1036567;1038333;"got it, I didn't even touch it
yet."
360;1038333;1039633;">> KIM: Oh, my God.
>> JONATHAN: Perfect."
361;1039633;1044500;"I was gonna get my own, but...
>> KIM: So, Jonathan is the new"
362;1044500;1048300;"face of this burger place called
Burgerim, and I know the Food"
363;1048300;1052367;"God loves food and wouldn't just
put his face on something that"
364;1052367;1055633;"was gross.
I am excited to try it."
365;1055633;1057633;">> JONATHAN: By the way, do you
use a charging case?"
366;1057633;1060266;"It saved my life.
How do you not have a case that"
367;1060266;1061433;"charges the phone?
Feel this."
368;1061433;1062700;">> KIM: I honestly can't lift
it."
369;1062700;1064300;">> JONATHAN: What do you mean,
you can't lift it?"
370;1064300;1065633;"It's not heavy.
That's the whole point of the..."
371;1065633;1068767;">> KIM: No, I know, but I've
had-- I didn't tell you about my"
372;1068767;1070533;"hands.
I woke up and my hands were"
373;1070533;1072500;"stiff, and I couldn't use my
hands."
374;1072500;1074066;">> JONATHAN: Stop.
>> KIM: I couldn't, I couldn't"
375;1074066;1076300;"pick up a toothbrush.
I couldn't, literally, do my"
376;1076300;1078233;"bra.
Like, it was really bad."
377;1078233;1081300;"At this point, I'm still waiting
to get my test results back."
378;1081300;1084400;"I've been trying to ignore the
pain, but it's so scary."
379;1084400;1086100;">> JONATHAN: Wow.
>> KIM: Yeah."
380;1086100;1088400;"I have a baby on the way, I have
law school."
381;1088400;1092300;"I can't live without knowing.
These few days are just"
382;1092300;1093500;"torturous.
>> JONATHAN: Thank you."
383;1093500;1094700;">> WAITRESS: We have milkshakes
for you guys."
384;1094700;1096300;">> KIM: A shake?
>> JONATHAN: Oh, my God."
385;1096300;1098734;">> KIM: An Oreo shake?
Can you, like, hand it to me?"
386;1098734;1100700;"It's so heavy.
>> JONATHAN: What do you mean?"
387;1100700;1102233;"It's-it's a shake.
>> WAITRESS 2: ...with onion"
388;1102233;1103467;"rings.
>> JONATHAN: Which-- Thank you."
389;1103467;1104633;">> KIM: I want Oreo.
>> WAITRESS: Enjoy, guys."
390;1104633;1106300;"Let us know if you need
anything."
391;1106300;1107767;">> JONATHAN: Thank you so much.
That's gonna be too heavy for"
392;1107767;1110633;"you, let me do that for you.
>> KIM: I want-- but I want..."
393;1110633;1113700;">> JONATHAN: I'll feed you.
>> KIM: Okay."
394;1113700;1117333;"Thank you.
>> JONATHAN: Is that heavy for"
395;1117333;1119266;"you?
>> KIM: No."
396;1119266;1123767;"I feel like that's too heavy.
Is that ranch?"
397;1123767;1126734;"Can you dip it?
Just a little, just a little."
398;1126734;1131500;"Uh-- so messy.
Don't get it in my hair."
399;1131500;1134533;">> JONATHAN: Oh, you're really
a bossy bitch."
400;1134533;1137033;"(Kim laughs)
That is delicious."
401;1137033;1145467;">> KIM: I know.
♪ ♪"
402;1145467;1147667;">> KOURTNEY: So, I got my
birthday invite today, 'cause I"
403;1147667;1149433;"said, "Can you-- they send it
over?""
404;1149433;1151133;"Have you seen it?
>> KIM: Yeah."
405;1151133;1157734;">> KOURTNEY: This is not for me.
I'm not, like, "Here's me, naked"
406;1157734;1161400;"on my invite."
And I can't have "40 never"
407;1161400;1163633;"looked so good" on my
invitation."
408;1163633;1167166;"That's humiliating.
Who on earth would think that's"
409;1167166;1170033;"okay?
That's like me saying, "Hey,"
410;1170033;1172066;"everyone, look how great I
look.""
411;1172066;1175734;">> KIM: So embarrassing.
>> KOURTNEY: Thank God I asked"
412;1175734;1179600;"to see the invite, and that it
didn't go out."
413;1179600;1183133;">> KIM: Thank God.
Kourtney did not like the photo."
414;1183133;1185066;">> KHLOE: She sent it to me.
>> KOURTNEY: What about this?"
415;1185066;1186433;">> KHLOE: Oh, my God.
It's gorge."
416;1186433;1187767;">> KOURTNEY: It's not
photoshopped."
417;1187767;1189600;">> KHLOE: Gorge.
But she's like, "I don't want a"
418;1189600;1191100;"party, but I want a party,
but...""
419;1191100;1192467;">> KIM: Yeah.
>> KHLOE: "Here's the, here's"
420;1192467;1193667;"the photo to use..."
>> KIM: She's so indecisive."
421;1193667;1195033;">> KHLOE: "But I hate that
photo.""
422;1195033;1197600;">> KIM: But don't we have 40
years of this to know what she's"
423;1197600;1199467;"like?
We should just be like..."
424;1199467;1201033;">> KHLOE: "Deal with it."
Kourtney, we're just gonna"
425;1201033;1203467;"accept you for being an
annoying, indecisive..."
426;1203467;1205433;">> KIM: Complainer.
>> KHLOE: ...complaining bitch."
427;1205433;1207500;">> KIM: Thank God I don't have
to plan this party, you know?"
428;1207500;1209033;">> KHLOE: Let's not talk about
it."
429;1209033;1211433;"The whole party pisses me off.
>> KOURTNEY: I just don't think"
430;1211433;1215133;"I even want a party.
When I imagined my 40th"
431;1215133;1218500;"birthday, it was not, like, a
party at my house."
432;1218500;1221433;">> KIM: Well, honey, got to do
what we got to do."
433;1221433;1223266;"♪ ♪"
434;1229700;1231667;">> KRIS: Hi.
>> KHLOE: How are you?"
435;1231667;1234667;">> KRIS: Do you want to open
True's birthday present?"
436;1234667;1236533;">> KHLOE: Me? Yeah.
>> KRIS: Yeah."
437;1236533;1238600;"Open it.
I have another one for her."
438;1238600;1240633;">> KHLOE: The kids are coming
over later to sing "Happy"
439;1240633;1242567;"Birthday."
>> KRIS: Oh, they are?"
440;1242567;1244467;">> KHLOE: At 4:30.
>> KRIS: Oh, cute."
441;1244467;1246734;">> KHLOE: Today is True's
actual birthday, so all the"
442;1246734;1250667;"cousins are coming over to sing
happy birthday and blow out"
443;1250667;1253667;"candles on the cake.
And how cute of my mom to bring"
444;1253667;1257467;"a special gift for True.
I mean, she's just the cutest."
445;1257467;1259400;">> KOURTNEY: Hey.
What is this?"
446;1259400;1260567;">> KRIS: That's for Khloe,
that's for True."
447;1260567;1262200;">> KHLOE: Kourtney, you look
phenomenal."
448;1262200;1263667;">> KOURTNEY: Really?
>> KRIS: Open it."
449;1263667;1265633;">> KOURTNEY: Open it.
>> KHLOE: Oh, my God."
450;1265633;1268600;"I literally just had to block
Tristan because..."
451;1268600;1270500;">> KOURTNEY: What happened?
>> KHLOE: I'm really so just"
452;1270500;1272600;"sick and tired of being the
bigger person."
453;1272600;1276133;"I just sincerely don't want him
at True's party."
454;1276133;1281166;"And that's not wrong of me,
right?"
455;1281166;1283467;">> KOURTNEY: Just don't even
communicate until then."
456;1283467;1287133;"If he shows up, he shows up.
Don't talk to him, ignore him,"
457;1287133;1290000;"don't let him kill your vibe.
>> KHLOE: Y-- I want to uninvite"
458;1290000;1292000;"him.
Tristan and I did a therapy"
459;1292000;1294033;"session together to help
co-parent True."
460;1294033;1299533;"But I wish I didn't, 'cause it
was a really, really hard time"
461;1299533;1303033;"for me.
I'm fighting with myself now."
462;1303033;1307066;"Did I make the right choice by
including Tristan in coming to"
463;1307066;1310033;"True's birthday party?
>> KOURTNEY: Should we tell"
464;1310033;1312567;"Tristan that he just shouldn't
come?"
465;1312567;1316266;">> KRIS: No. No.
It's her dad."
466;1316266;1320667;"You guys can't.
You guys..."
467;1320667;1323700;"Just listen to me.
Nobody wants to be left out of"
468;1323700;1327266;"the memories that are made.
>> KHLOE: Like, normal people"
469;1327266;1330200;"don't see each other six weeks
later when they do what they do."
470;1330200;1333300;">> KRIS: After I got divorced
from Daddy, it took me five"
471;1333300;1337600;"years to be best friends.
I'm not gonna tell you what to"
472;1337600;1340567;"do with Tristan, because those
feelings are still really raw."
473;1340567;1346000;"I'm just asking you to be a
little bit easier."
474;1346000;1349166;"I know this is all really fresh
for Khloe, and she's really been"
475;1349166;1353500;"through a lot, but over time,
things will heal and she'll be"
476;1353500;1358300;"so happy about celebrating
events with everybody invited."
477;1358300;1361500;"We're celebrating Kendall's
fourth birthday today, and it's"
478;1361500;1365500;"October 31st, Halloween, 1999.
>> ROBERT: Hi, Kendall."
479;1365500;1368200;"I hope you have a great birthday
and I hope you love all the"
480;1368200;1371066;"presents I bought you.
>> KRIS: And hopefully, when"
481;1371066;1375066;"True looks back at all the
pictures and the moments, that"
482;1375066;1379633;"she'll see both of her parents
there having a really good time."
483;1379633;1385767;">> KHLOE: I don't know what to
do."
484;1385767;1389133;">> KOURTNEY: Turning 40, like,
it almost makes you analyze,"
485;1389133;1391266;"like, where you're at in your
life."
486;1391266;1395100;"I feel like I want to cry.
(sniffles)"
487;1395100;1396734;">> KIM: Uh, what are you guys
talking about?"
488;1396734;1401266;">> KANYE: He felt like we were
using my music to, like, either"
489;1401266;1403266;"reinforce, like, his
narrative..."
490;1403266;1406767;">> KIM: You know, it's like, we
don't control the narrative."
491;1406767;1409133;">> KHLOE: I don't need at my
daughter's birthday for any of"
492;1409133;1416000;"this to be a discussion.
>> KIM: Khloe, come back."
493;1416000;1417633;"♪ ♪"
494;1426667;1428700;">> MASON: Wait, so why are we
here for True's birthday party?"
495;1428700;1430266;">> KHLOE: Excuse me?
It's not a party, it's just a"
496;1430266;1433300;"celebration.
Chi-Chi."
497;1433300;1435333;"You love her.
I know."
498;1435333;1438166;"(babbling)
Say hi, Chi."
499;1438166;1440433;">> CHICAGO: Hi.
>> SCOTT: Reign, get in there"
500;1440433;1442667;"for a hug.
(Chicago babbles)"
501;1442667;1445166;"Guys, be careful.
One of you are gonna get hurt."
502;1445166;1447200;">> KHLOE: Let's all do the cake
for Miss True."
503;1447200;1451567;"Okay, you two.
So, let's all sing."
504;1451567;1457200;"One, two, three.
>> ALL: ♪ Happy birthday to you"
505;1457200;1461333;"Happy birthday to you... ♪
>> SCOTT: ♪ True. ♪"
506;1461333;1465600;">> ALL: ♪ Happy birthday
Dear True... ♪"
507;1465600;1468033;">> SAINT: Cha, cha, cha.
>> ALL: ♪ Happy birthday"
508;1468033;1470000;"To you. ♪
>> KHLOE: Okay, help with the"
509;1470000;1472233;"candles.
Help blow them out."
510;1472233;1476600;"(cheering, applause)
>> SCOTT: You're one!"
511;1476600;1478467;"♪ ♪"
512;1486300;1488166;">> DIAMOND: Hey, what's up?
>> KOURTNEY: Hi."
513;1488166;1489633;">> DIAMOND: Great to see you.
What's going on?"
514;1489633;1491467;">> BOTH: Mwah.
>> DIAMOND: How's everything?"
515;1491467;1495200;">> KOURTNEY: Good, except that I
have this crazy spot on my head"
516;1495200;1498333;"that...
I wore this, like, insanely"
517;1498333;1501066;"tight ponytail in New York...
>> DIAMOND: Yeah."
518;1501066;1503667;">> KOURTNEY: ...and it, like,
pulled out the whole..."
519;1503667;1505367;">> DIAMOND: Oh, yeah.
Look at that."
520;1505367;1506667;">> KOURTNEY: ...there.
>> DIAMOND: Wow."
521;1506667;1508433;">> KOURTNEY: And I didn't even
see it, and Kim was like,"
522;1508433;1510233;""Kourtney..." but I could feel
it."
523;1510233;1512000;">> DIAMOND: Wow.
That can take a long time to"
524;1512000;1513367;"come back.
I'm definitely thinking that we"
525;1513367;1515233;"should, we should get some
injections in there."
526;1515233;1519667;">> KOURTNEY: Today I'm getting
PRP, which is where they take"
527;1519667;1524333;"your blood and spin it, and they
use your plasma and they inject"
528;1524333;1528233;"it in my head for my hair to
grow back."
529;1528233;1531133;"Just think, for the (bleep) love
of my bald spot."
530;1531133;1534266;">> DIAMOND: Right?
>> KOURTNEY: Oh. Okay, this"
531;1534266;1537000;"isn't that bad.
Ooh..."
532;1537000;1539700;"Oh, my God, it's, like,
crunching."
533;1539700;1541100;">> DIAMOND: Good.
Okay, we're good."
534;1541100;1542200;">> KOURTNEY: Okay.
>> DIAMOND: You did it."
535;1542200;1544000;"I think the injections will work
out."
536;1544000;1545233;">> KOURTNEY: Okay.
>> DIAMOND: I think you probably"
537;1545233;1547166;"need two or three series maybe
once a month for the next three"
538;1547166;1548500;"months and I think you'll be
fine."
539;1548500;1550133;">> KOURTNEY: Thank you so much.
>> DIAMOND: All right, have a"
540;1550133;1551400;"great week and I'll see you
soon. Okay."
541;1551400;1556233;">> KOURTNEY: Okay. Bye.
>> DIAMOND: Bye. Bye-bye."
542;1556233;1558066;"♪ ♪"
543;1560700;1563367;">> KOURTNEY: Oh, hey.
>> KHLOE: Hey, "Happer-strand.""
544;1563367;1565367;"You're so buff.
>> KOURTNEY: Oh, thanks."
545;1565367;1568767;">> KHLOE: Who are you?
>> KOURTNEY: I just feel, um,"
546;1568767;1571166;"overwhelmed lately.
>> KHLOE: What are we"
547;1571166;1572600;"overwhelmed about now?
If you even (bleep) with me with"
548;1572600;1574133;"this party today...
>> KOURTNEY: Oh, no, the party's"
549;1574133;1576533;"happening; I would...
>> KHLOE: Did you pick your"
550;1576533;1578100;"invite, 'cause I stopped
listening to you."
551;1578100;1579400;">> KOURTNEY: The invite already
went out."
552;1579400;1581300;">> KHLOE: Thank God.
>> KOURTNEY: I just feel anxious"
553;1581300;1583467;"about having a party.
>> KHLOE: Well, I'm sorry you"
554;1583467;1587300;"feel anxious, but I'm trying to
take the anxiety off of you."
555;1587300;1589266;">> KOURTNEY: As long as you know
my vibe."
556;1589266;1591200;">> KHLOE: You think I'm
obviously the cheesy (bleep)"
557;1591200;1594300;"you've ever met.
>> KOURTNEY: I just feel like"
558;1594300;1596700;"I'd love to know a few of the
details."
559;1596700;1598333;">> KHLOE: Shut the (bleep) up.
>> KOURTNEY: Can you do a slight"
560;1598333;1600233;"Kendall?
>> KHLOE: No, I can't. I can--"
561;1600233;1603100;"You know what, actually...
>> KOURTNEY: Well, 'cause"
562;1603100;1605333;"Kendall said she felt like it
shouldn't be tented."
563;1605333;1607433;"And then, are we having, like,
a DJ?"
564;1607433;1610133;">> KHLOE: I don't know if you
get this, but you're offensive"
565;1610133;1612767;"to me.
I've taken three meetings for"
566;1612767;1616367;"you, and it's, like, rude.
I'm throwing you a birthday"
567;1616367;1619433;"party, and you're, like, now
complaining, it's like..."
568;1619433;1621033;">> KOURTNEY: I'm not
complaining."
569;1621033;1623133;"Kendall just said should we not
have..."
570;1623133;1625500;">> KHLOE: No, because I'm do--
It's all under twinkle lights."
571;1625500;1628200;"It's a beautiful thing.
Do whatever you want, then."
572;1628200;1630266;"You have Kendall plan it.
You're so ungrateful."
573;1630266;1633734;"You are.
I cannot handle Kourtney right"
574;1633734;1636400;"now.
I am throwing two major birthday"
575;1636400;1639066;"parties that are just days
apart, and she's being such a"
576;1639066;1643233;"(bleep) pain.
Oh..."
577;1643233;1646500;"Well, that's about right.
Obviously, there's something"
578;1646500;1650433;"deeper that's going on here.
But I need to figure this out"
579;1650433;1653367;"with her 'cause I have so much
to do, so much to get done, and"
580;1653367;1656333;"I really don't have time for
this (bleep)."
581;1656333;1661066;"I feel like you are redirecting
your anxiety or stress or"
582;1661066;1664300;"whatever onto us.
>> KOURTNEY: But I've never"
583;1664300;1666567;"cared about turning an older
age, ever."
584;1666567;1668400;">> KHLOE: Mm-hmm.
>> KOURTNEY: Literally, I've"
585;1668400;1671533;"never cared.
But turning 40, like, it makes"
586;1671533;1674400;"you analyze, like, where you're
at in your life."
587;1674400;1677367;"And, like, who do I want to grow
old with?"
588;1677367;1679433;">> KHLOE: Do you feel like
society is making you feel like"
589;1679433;1681567;"you have to decide right now?
>> KOURTNEY: No."
590;1681567;1683300;">> KHLOE: Okay.
>> KOURTNEY: It's that I don't"
591;1683300;1685300;"know what I want.
Half of me is like, live your"
592;1685300;1689033;"life, have fun, and then when
you want to date someone, then"
593;1689033;1691533;"it's, like, you do it.
>> KHLOE: But when you have it,"
594;1691533;1693367;"you think you want...
>> KOURTNEY: It's scary."
595;1693367;1695033;">> KHLOE: And is it scary
because you're thinking about"
596;1695033;1696266;"Scott?
>> KOURTNEY: Or not knowing if"
597;1696266;1700100;"it's, like, the right thing.
No, we're definitely in a great"
598;1700100;1702533;"place.
But I feel like, with Scott,"
599;1702533;1706200;"I don't feel any passion.
>> KHLOE: I think you feel"
600;1706200;1709266;"incomplete somewhere, that
you're... you're scared."
601;1709266;1712533;"Like if you do go back with
Scott and it fails, or, like,"
602;1712533;1716533;"not being able to see somebody
else that you care for."
603;1716533;1718467;">> KOURTNEY: I feel like I want
to cry."
604;1718467;1720300;">> KHLOE: Why?
>> KOURTNEY: Just 'cause it's"
605;1720300;1725033;"like-- gives me anxiety.
It feels like I have to have it"
606;1725033;1728200;"all figured out, for some
reason, by my birthday."
607;1728200;1733000;"And I'm still soul-searching
and, like, I don't know what I"
608;1733000;1735400;"want, really, when it comes to a
relationship."
609;1735400;1738266;"It's almost like imagining what
you think your life would have"
610;1738266;1742266;"looked like at this age, but it
doesn't."
611;1742266;1745066;"It's making me feel like I
failed in some way."
612;1745066;1748533;"And I don't know why, 'cause
then I'm like, I have so much,"
613;1748533;1753166;"and I should just be so happy.
Like, it makes you analyze just,"
614;1753166;1756033;"like, where you're at.
And then I'm like, "What am I"
615;1756033;1758200;"doing?""
616;1760600;1763567;">> WALLACE: Your antibodies are
positive for lupus."
617;1763567;1765567;">> KHLOE: Keeks?
>> KIM: I'm, like, freaking out."
618;1765567;1768133;">> KYLIE: So you don't know.
Like, that's-that's the scariest"
619;1768133;1778633;"part is we just don't know.
>> KIM: I'll know on Friday."
620;1778633;1780467;"♪ ♪"
621;1785066;1787066;">> CREW MEMBER: In here?
>> CAMERA OPERATOR: Yeah, I"
622;1787066;1789633;"don't know what's going on.
>> WALLACE: As far as your"
623;1789633;1793533;"results, your antibodies are
positive for lupus and"
624;1793533;1797400;"rheumatoid arthritis.
>> KIM: So I don't know, like,"
625;1797400;1799533;"what that means.
>> WALLACE: You'd have, in"
626;1799533;1801567;"addition to swollen joints...
>> KHLOE: Keeks?"
627;1801567;1803600;">> WALLACE: ...you'd have
fevers, rashes, mouth sores,"
628;1803600;1806100;"be really tired.
>> KYLIE: Oh..."
629;1806100;1808133;">> KIM: It's fine.
>> WALLACE: But sometimes you"
630;1808133;1810533;"can get false positives in these
screenings."
631;1810533;1812233;">> ERIN: Do you know what's
going on?"
632;1812233;1813767;">> KHLOE: No, do you?
>> ERIN: No, I just saw Kim"
633;1813767;1817667;"crying.
>> KHLOE: It's always something"
634;1817667;1819533;"in this family.
>> WALLACE: We'll work something"
635;1819533;1821233;"out for Friday, okay?
>> KIM: Bye."
636;1821233;1825233;">> WALLACE: Bye.
>> KHLOE: What's happening?"
637;1825233;1827367;">> KIM: I'm, like, freaking out.
>> KYLIE: So you don't know."
638;1827367;1830266;"That's the scariest part is we
just don't know."
639;1830266;1833633;">> KIM: I'll know on Friday.
>> KRIS: This Friday?"
640;1833633;1835767;">> KIM: Mm-hmm.
>> KRIS: Okay."
641;1835767;1837667;">> KHLOE: And they're gonna give
you the results right then?"
642;1837667;1840333;"'Cause I'm not waiting any
longer for this."
643;1840333;1843166;">> KIM: The doctor did explain
that there could be false"
644;1843166;1847700;"positives when it comes to blood
testing, so he wants me to go in"
645;1847700;1852300;"a couple of days to go get these
ultrasound scans on my hands and"
646;1852300;1856233;"my joints that will really
determine what's going on with"
647;1856233;1859767;"me.
But, you know, you really do get"
648;1859767;1863667;"in your head and think about the
worst possible things that can"
649;1863667;1866400;"happen.
So, for the next few days, it's"
650;1866400;1870633;"gonna be really like hell
living, wondering what I have,"
651;1870633;1873700;"what's going on, and how to fix
this."
652;1873700;1876700;">> KRIS: Let's stay really
positive until we get some"
653;1876700;1878567;"results.
Are they-- When are they able to"
654;1878567;1880400;"give you the results?
>> KIM: So Friday I'll know"
655;1880400;1882233;"everything."
656;1887300;1889133;"♪ ♪"
657;1897300;1902000;">> KHLOE: What are all these?
>> KIM: I don't know."
658;1902000;1905767;">> KHLOE: What are you doing?
Ooh, "gratuitous undertakings.""
659;1905767;1908600;">> KIM: Just studying.
>> KHLOE: "Special"
660;1908600;1911533;"relationships."
I love special relationships."
661;1911533;1914567;""Special relationships exi..."
(Kim hiccups)"
662;1914567;1916333;"Oh, my gosh.
>> KIM: I have the hiccups."
663;1916333;1917700;">> KHLOE: "Special relation--"
Aah!"
664;1917700;1919433;"Did you-- Did I scare it out of
you?"
665;1919433;1920734;"(both laugh)
(Kim hiccups)"
666;1920734;1922500;"Oh, my God, I've never heard
hiccups like that."
667;1922500;1924333;">> KIM: Really?
>> KHLOE: You're like a little"
668;1924333;1926533;"mouse.
>> KIM: Mine are so-- yeah,"
669;1926533;1930600;"like a squeaky mouse, yeah.
So I've heard through the"
670;1930600;1936467;"grapevine that you are inviting
Tristan to True's first"
671;1936467;1938533;"birthday.
>> KHLOE: Mm-hmm."
672;1938533;1940600;">> KIM: Do you really think
that's a good idea?"
673;1940600;1944467;"I just feel like it's gonna be
such a spectacle that the first"
674;1944467;1947266;"time you guys are seeing each
other-- Well, no, just hear me"
675;1947266;1949600;"out.
Like, everyone there is gonna"
676;1949600;1952700;"be like, "What's going on?"
They're gonna--"
677;1952700;1955467;"I feel like sneaky cell phone
pics are gonna come out."
678;1955467;1958266;"It's gonna be more about, like,
Tristan's here?"
679;1958266;1960367;"What's Tristan and Khloe doing?"
680;1962433;1965667;">> KHLOE: I'm already so anxious
about having Tristan be at the"
681;1965667;1969633;"party, but I'm just trying to be
mature, and it's a lot on my"
682;1969633;1972400;"shoulders right now, and I have
too many emotions that I don't"
683;1972400;1975200;"need her questioning me."
684;1976367;1978467;"I've already made the decision
that I want True's dad at her"
685;1978467;1980567;"party.
And you know what?"
686;1980567;1983033;"I just want this (bleep) behind
me, and the sooner that we can"
687;1983033;1986000;"get over this, the sooner I can
move on with my life."
688;1986000;1989433;"It's enough of dealing in this
space, and it's been..."
689;1989433;1991600;">> KIM: I just think, honestly,
it's gonna be such a spectacle."
690;1991600;1993667;"I think everyone's gonna be
looking at you."
691;1993667;1996467;"You've invited so many people.
This is a party that you've"
692;1996467;1999300;"planned, you've put on.
>> KHLOE: Kim, this is--"
693;1999300;2001033;"Honestly, this is why I didn't
want to (bleep) tell you."
694;2001033;2002700;"Because I know, I know all of
these things."
695;2002700;2005266;"But I've already invited him.
I'm not, like-- Ugh!"
696;2005266;2007400;">> KIM: But I just, I just...
>> KHLOE: And I know, I know, I"
697;2007400;2008700;"know everything.
>> KIM: I would feel like a bad"
698;2008700;2010400;"person...
>> KHLOE: I know, I know, I"
699;2010400;2012734;"know, I know, I know.
>> KIM: ...if I didn't tell you"
700;2012734;2014667;"my opinion.
And I do think it's, like,"
701;2014667;2018100;"gonna be...
>> KHLOE: I know!"
702;2018100;2019734;"♪ ♪"
703;2032300;2036000;"(indistinct chatter)
>> ALEXA: Hello."
704;2036000;2038767;">> KHLOE: Oh, my goodness.
>> ALEXA: Hi."
705;2038767;2041100;">> KHLOE: Wow. Is my thing here?
>> ALEXA: Yeah, yours is"
706;2041100;2043066;"upstairs.
>> KHLOE: Oh, my God, I didn't"
707;2043066;2044767;"get to tell you, Alexa.
>> ALEXA: Hmm?"
708;2044767;2049133;">> KHLOE: Um, I had Tristan come
by yesterday."
709;2049133;2053767;"Tristan came over so we can get
the whole initial weird first"
710;2053767;2057133;"seeing each other out of the
way in private."
711;2057133;2060667;"And I think that was probably
the smartest thing."
712;2060667;2064000;"It was pretty awkward, but I
just feel like it would be"
713;2064000;2066133;"weird if he saw True for the
first time at her first"
714;2066133;2068433;"birthday; it's just weird.
>> ALEXA: How was it?"
715;2068433;2072433;">> KHLOE: Um, it was fine.
I mean, at first, we literally,"
716;2072433;2075033;"like, he texted, he was like,
"I'm here," and, like, I brought"
717;2075033;2077767;"True to the door to answer.
Like, she was so excited."
718;2077767;2080600;"It was really cute.
She was really excited."
719;2080600;2083600;"Like, jumping in my arms when
she saw him."
720;2083600;2085433;"It was really cute.
>> ALEXA: Oh, my God."
721;2085433;2087100;">> KHLOE: And then, literally,
he was just kind of, like,"
722;2087100;2088767;"lingering, and I was like, "So,
are you gonna, like, put her to"
723;2088767;2091066;"sleep tonight?" Like...
>> ALEXA: And he stayed to put"
724;2091066;2093000;"her to bed?
>> KHLOE: Yes, but with"
725;2093000;2095433;"intention to see me.
'Cause then he was like, "So,"
726;2095433;2097166;"you want to, like, grab a glass
of wine?""
727;2097166;2100066;"And I'm like, "It must say 'dumb
(bleep) whore' on my forehead.""
728;2100066;2101500;">> ALEXA: Totally.
>> KHLOE: And he was like,"
729;2101500;2103600;""No, it doesn't."
And then he was like, "Can I"
730;2103600;2105767;"have a hug?"
And I, like, one-arm hugged him,"
731;2105767;2108033;"and he was like, "One?
A one-handed hug?""
732;2108033;2109767;"I was like, "Yeah, that's..."
>> ALEXA: He's lucky."
733;2109767;2111734;">> KHLOE: I was like, "That's
nice enough," and then he tried"
734;2111734;2114734;"to, like, kiss me, and I go,
"You..." I go, "This is the"
735;2114734;2116734;"problem with you.
You can't just, like, take what"
736;2116734;2119734;"you get."
Whatever, and then this morning,"
737;2119734;2122600;"he was like, "Thank you for
letting me see True."
738;2122600;2127033;"She looks great.
You looked even better.""
739;2127033;2129767;"I just want him to know I'm
inviting you because you're"
740;2129767;2132567;"True's dad and I do believe you
should be there, and I think"
741;2132567;2136700;"that's the best choice for True.
That's really it, and I don't"
742;2136700;2139433;"want him to take it the wrong
way 'cause, sometimes, I feel"
743;2139433;2142467;"like if I give an inch, he
takes a mile and he'll take my"
744;2142467;2144767;"kindness for a weakness
sometimes, and I don't want"
745;2144767;2147500;"that.
>> HAIRDRESSER: Are you nervous?"
746;2147500;2150700;">> KHLOE: Kind of.
I'm good at just, like, pushing"
747;2150700;2156467;"through.
♪ ♪"
748;2156467;2163367;">> KHLOE: Wow. It's so pretty.
Aw, how cute is it."
749;2163367;2168000;"Look, mama. Wow.
It's so cute."
750;2168000;2173000;"Look at the balls. Oh, my gosh.
This is so cute."
751;2173000;2176033;"It's so windy.
My God, she hates the wind."
752;2176033;2180166;"Can someone call the wind and
tell them to turn off."
753;2180166;2183166;"Would you like a pony?
Where is my mom?"
754;2183166;2185667;"I cannot believe that True is
one."
755;2185667;2188133;"It makes me sad because she's
growing so fast."
756;2188133;2193433;"I don't even know where this
year went, and it's giving me"
757;2193433;2196233;"also a lot of anxiety.
I'm looking for my mom."
758;2196233;2200567;"Where the hell is she?
I have the most magical child,"
759;2200567;2203467;"and she's happy and sweet and
loving and affectionate."
760;2203467;2206600;"I mean, she's everything that I
could ever imagine."
761;2206600;2213433;"Look, mama, it's your unicorn.
Isn't this so special? Aw!"
762;2213433;2216600;"I just want everything for our
photos, video, whatever to be"
763;2216600;2220000;"happy and perfect.
>> KRIS: Khloe, you look"
764;2220000;2222100;"beautiful.
>> KHLOE: Oh, my-- wow, that's"
765;2222100;2223767;"so pastel of you.
>> KRIS: Hi. I know."
766;2223767;2225667;">> KHLOE: How pastel of you.
>> KRIS: Well, I thought it"
767;2225667;2228567;"was pink and blue.
I missed the pastel part."
768;2228567;2232667;">> KHLOE: Oh, my God.
Isn't she? She is so big now."
769;2232667;2238133;"She's one. Um, Tristan?
I think he's coming soon."
770;2238133;2240767;"He'll be here in a little bit.
>> BOY: I want to say hi."
771;2240767;2243266;">> KRIS: How are you?
>> LARSA: Happy birthday."
772;2243266;2244734;"Oh, my God, she's blinged out.
I'm dead."
773;2244734;2249033;">> KHLOE: I mean, hello.
(overlapping chatter)"
774;2249033;2251633;"Okay, here.
I'm gonna get you some ice, you"
775;2251633;2257133;"want ice.
(overlapping chatter)"
776;2257133;2259066;">> KIM: She literally walked
away."
777;2259066;2262066;"Like, look at her.
>> KYLIE: I mean, whatever."
778;2262066;2264066;"What can you do?
You can't do anything now."
779;2264066;2266600;">> KIM: I know.
Wait a minute, Tristan just"
780;2266600;2270600;"walked in.
>> WOMAN: Tristan's here."
781;2270600;2274066;">> KHLOE: Yes. It's so fun.
He's right there."
782;2274066;2276533;"It's so nice.
>> KIM: Are we saying hi to"
783;2276533;2281734;"Tristan or...?
♪ ♪"
784;2281734;2285467;">> TRISTAN: True!
>> KHLOE: Tristan, do you want"
785;2285467;2287600;"to take a photo?"
786;2293233;2295033;">> KRIS: How are you?
>> LARSA: Happy birthday."
787;2295033;2296633;"Oh, my God, she's blinged out.
I'm dead."
788;2296633;2298567;">> KHLOE: I mean, hello.
Thank you so much."
789;2298567;2302767;">> KIM: Wait a minute, Tristan
just walked in."
790;2302767;2306000;">> WOMAN: Tristan's here.
>> KHLOE: Yes. It's so fun."
791;2306000;2308700;"He's right there.
So nice."
792;2308700;2312734;">> KIM: Are we saying hi to
Tristan or...?"
793;2312734;2317633;"♪ ♪
>> TRISTAN: True!"
794;2317633;2320100;">> KHLOE: Tristan, do you want
to take a photo?"
795;2320100;2323734;"Want to take her?
>> TRISTAN: Yeah, I'll take her."
796;2323734;2327600;"(True fussing)
Baby True."
797;2327600;2331233;">> MALIKA: It's happening.
>> KHLOE: Look this way."
798;2331233;2334300;">> TRISTAN: Baby True. True.
>> KHLOE: Here. Okay."
799;2334300;2338000;"I'll hold you, and then we'll
take a picture."
800;2338000;2341700;"Look.
This situation, it's a little"
801;2341700;2344166;"awkward.
Everyone is staring at us, and"
802;2344166;2350333;"I'm really concerned, a little
uncomfortable, just about Kim"
803;2350333;2353633;"and Tristan's dynamic.
Kylie!"
804;2353633;2356166;">> KYLIE: (laughs) Hi!
True, in this outfit, I can't"
805;2356166;2357567;"take it!
>> MALIKA: Are you okay?"
806;2357567;2360200;">> KHLOE: Yeah. It's so weird.
>> MALIKA: I know. That's okay."
807;2360200;2362567;"But you're doing a good job at
hiding everything."
808;2362567;2364700;">> KIM: So are we saying hi to
Tristan or...?"
809;2364700;2367033;">> SCOTT: I mean, I don't think
there's anything wrong with"
810;2367033;2369767;"saying hi to somebody, but, you
know, you got to be civil."
811;2369767;2372600;">> KIM: I'm gonna go say hello.
Wish me luck."
812;2372600;2375300;">> KHLOE: As much as I'm trying
to be present in the moment, I"
813;2375300;2378300;"can't help myself looking and
watching out for Kim-- where is"
814;2378300;2380367;"she, are her and Tristan too
close to each other, where's"
815;2380367;2383066;"Tristan, is everybody behaving,
is anybody fighting, is there"
816;2383066;2386200;"any snarky comments?
>> KIM: Did you see that Tristan"
817;2386200;2389233;"avoided me?
>> KHLOE: It's, like, I just"
818;2389233;2393033;"want everything to run smoothly.
True deserves the best memories"
819;2393033;2398367;"of this day.
"Happy Birthday" is starting."
820;2398367;2402767;"We're gonna sing.
Oh, great, where Tristan is?"
821;2402767;2405200;"Okay. One...
>> TRISTAN: Two..."
822;2405200;2408333;">> KHLOE: Three.
>> GUESTS: ♪ Happy birthday to"
823;2408333;2413600;"you
♪ Happy birthday to you"
824;2413600;2422133;"Happy birthday, dear True
Happy birthday to you. ♪"
825;2422133;2427233;">> KHLOE: Yay!
(cheering, applause)"
826;2427233;2429233;"(Khloe laughs)
>> TRUE: Hi."
827;2429233;2432667;">> KHLOE: She said hi, Ryan.
Bye, you guys."
828;2432667;2436266;"Thank you so much for coming.
>> KRIS: I'm leaving."
829;2436266;2438767;"I love you. It was so great.
>> KHLOE: Thank you."
830;2438767;2440300;">> KRIS: You okay?
>> KHLOE: Yeah, no, I'm fine."
831;2440300;2443100;"Just, you know, smile.
>> KRIS: You're gonna be glad"
832;2443100;2444767;"you did it sometime.
>> KHLOE: Thank you."
833;2444767;2447066;">> KRIS: Like thank you, next.
>> KHLOE: Yes."
834;2447066;2448767;"(Kris chuckles)
Bye, Mom."
835;2448767;2450633;"She loves her one line.
>> WOMAN: She has the best"
836;2450633;2452367;"advice, I bet.
>> KHLOE: I mean, "Thank you,"
837;2452367;2458266;"next," you know.
(overlapping chatter)"
838;2458266;2464000;">> KIM: What is going on?
(indistinct chatter)"
839;2464000;2466000;">> KOURTNEY: What are Tristan
and Kanye talking about for"
840;2466000;2467367;"hours?
>> KHLOE: Stop. They're talking?"
841;2467367;2469333;">> KOURTNEY: Right now.
Turn around."
842;2469333;2472467;">> KHLOE: Uh-oh, look at Kim,
look at Kim."
843;2472467;2477266;"What are they doing?
>> KOURTNEY: I don't know."
844;2477266;2482133;">> KIM: Hey, babe.
What are you doing?"
845;2482133;2486133;">> KANYE: Chilling. What's good?
(indistinct chatter)"
846;2486133;2490133;">> KIM: Uh, what are you guys
talking about?"
847;2490133;2493133;">> KANYE: He didn't like that
"Runaway" intro."
848;2493133;2498433;"He felt like we were using my
music to, like, even reinforce,"
849;2498433;2503000;"like, his narrative.
>> KIM: Tristan expressed to"
850;2503000;2506433;"Kanye that he was upset that his
song was used in our promo"
851;2506433;2511033;"teaser to show what happened the
last season with the whole Khloe"
852;2511033;2513533;"and Tristan drama.
You know, it's, like, we don't"
853;2513533;2516300;"control the narrative.
>> KHLOE: I think I'm gonna go"
854;2516300;2520367;"see what's happening.
Kim and Kanye talking is"
855;2520367;2523200;"definitely making me nervous.
I'm already so anxious and this"
856;2523200;2527033;"is so hard for me to have
Tristan at True's party."
857;2527033;2531033;"I'm just trying to be mature and
put my (bleep) to the side."
858;2531033;2533000;"I don't need Kim's extra
(bleep)."
859;2533000;2536033;"What's happening?
>> KIM: I just asked him what"
860;2536033;2538066;"was going on.
>> KANYE: He didn't like that we"
861;2538066;2540433;"put "Runaway" to you guys'
narrative."
862;2540433;2543100;">> KHLOE: That's fine.
It's-- it is what it is, but I"
863;2543100;2545767;"don't need at my daughter's
birthday for any of this to be a"
864;2545767;2548200;"discussion.
I don't give a (bleep)."
865;2548200;2550734;">> KIM: Khloe, come back.
>> KOURTNEY: Khloe is already"
866;2550734;2553400;"super sensitive.
You know, she really wanted True"
867;2553400;2557233;"to have the most perfect party,
and her and Kim already being in"
868;2557233;2559500;"a fight isn't really helping
either."
869;2559500;2563200;"This is not what Khloe should be
dealing with at True's first"
870;2563200;2566500;"birthday party.
>> KHLOE: No, I'm done, and stop"
871;2566500;2569266;"it at my daughter's birthday
party."
872;2569266;2573300;">> KIM: Khloe!
>> KHLOE: I know with so many"
873;2573300;2575433;"family members and everyone
thinks they're doing the right"
874;2575433;2578367;"thing, and I know everyone's
intention is to help and be"
875;2578367;2582200;"protective and all of that, but
at True's birthday party, it's"
876;2582200;2584567;"not the right timing.
>> KOURTNEY: Khlo, what"
877;2584567;2586333;"happened?
>> KHLOE (crying): Nothing, it's"
878;2586333;2589000;"just this whole thing sucks."
879;2592200;2595233;"Next on Keeping Up with the
Kardashians..."
880;2595233;2598133;">> MALIKA: Would you ever think
your daughter's first birthday"
881;2598133;2601467;"party would end with you in
tears?"
882;2601467;2605100;">> WALLACE: You have some tests.
>> KIM: This is gonna really"
883;2605100;2607767;"change my life.
>> KOURTNEY: For the birthday, I"
884;2607767;2610100;"do like this.
>> KIM: Absolutely not."
885;2610100;2612000;"You're not a (bleep) peacock.
>> KOURTNEY: You're really a"
886;2612000;2614033;"miserable human being.
>> KIM: You (bleep) fake"
887;2614033;2616300;"humanitarian ho.
>> KOURTNEY: It just always"
888;2616300;2619233;"blows my mind how someone could
be that mean."
889;2619233;2621433;"Captioning sponsored by
BUNIM-MURRAY PRODUCTIONS"