﻿Number;Start time in milliseconds;End time in milliseconds;"Text"
1;5100;7400;">> KIM: Previously on...
>> EMMA: All right, so we're"
2;7400;11166;"about five weeks out.
>> KIM: Kimono is my shapewear"
3;11166;17533;"brand, and it's been at least a
decade in the making."
4;17533;21500;"I love shapewear, I've always
worn shapewear and I've spent so"
5;21500;27700;"much time working on this brand.
It's my baby, and I need it to"
6;27700;31633;"be perfect.
>> NEWSMAN: Kim Kardashian"
7;31633;33600;"has caused an uproar...
>> NEWSWOMAN: Kim Kardashian has"
8;33600;35667;"has been accused of
appropriating the Japanese"
9;35667;37266;"culture.
>> NEWSMAN 2: She has been"
10;37266;45300;"accused of cultural
appropriation."
11;45300;47100;"♪ ♪"
12;56700;58734;">> KIM: Who would ever think
that I... "Hey, I want to do"
13;58734;60433;"something that would be
disrespectful?""
14;60433;62467;">> SCOTT: It's a tough world.
Even when you're not trying to"
15;62467;64200;"hurt anybody.
>> KIM: Well, they're saying"
16;64200;69166;"that I'm cultural appropriating.
I posted a photo, this, like,"
17;69166;72300;"gorgeous photo that Vanessa
Beecroft shot and it was our"
18;72300;75734;"full Kimono campaign.
And then I noticed that there"
19;75734;80700;"was a lot of talk about cultural
appropriation with the name"
20;80700;82467;"Kimono."
21;85367;88734;"My intention was never to offend
anybody."
22;88734;91367;"We brought the name to
retailers, there was a lot of"
23;91367;93533;"people that could've chimed in
and said that they felt like"
24;93533;97467;"this was not an appropriate
brand name and nobody did."
25;97467;100433;"Foolishly and ignorantly, we
never thought that it would be a"
26;100433;102567;"problem.
>> SCOTT: Do you think it's"
27;102567;105367;"gonna hurt your business?
>> KIM: Th... I-I think it's too"
28;105367;107500;"early to tell yet.
>> SCOTT: So it's either you got"
29;107500;111767;"to fight through this or you got
to come up with a statement."
30;111767;115734;">> KIM: We sent one with The New
York Times today and it was"
31;115734;117667;"great, you know, 'cause they
wrote a big story on it."
32;117667;120266;">> SCOTT: Is there a
possibility you're gonna change"
33;120266;122333;"the name, or you're gonna fight
through the..."
34;122333;124633;">> KIM: I don't know yet.
I mean, in a perfect world, if I"
35;124633;126533;"could just say "Let's change the
name...""
36;126533;128333;">> SCOTT: Right.
>> KIM: ...and it would be that"
37;128333;130767;"easy, then I would do it in a
heartbeat."
38;130767;134667;"But I printed the logo inside...
>> SCOTT: Oh."
39;134667;136400;">> KIM: ...all the garments.
Do you know, like, how many"
40;136400;139567;"goods you've, like, made?
>> KIM: Hundreds of thousands."
41;139567;141400;">> SCOTT: Of items?
>> KIM: We-we would lose, like,"
42;141400;144467;"ten million dollars.
>> SCOTT: What?"
43;144467;149500;">> KIM: Yeah, we ordered a lot.
I feel like taking a beat and"
44;149500;153600;"figuring out "Is this just,
like, chatter or is this"
45;153600;155667;"serious?"
Like, am I really offending"
46;155667;160500;"someone or is this someone that
is just, like, a group of people"
47;160500;163333;"just talking and it's, like, 15
people that are just being"
48;163333;165400;"really loud?
Like, that is what I really"
49;165400;167367;"wanted to separate.
>> SCOTT: I don't think you"
50;167367;169000;"could win, man.
It's like, whatever you do,"
51;169000;171000;"someone's gonna try to come
after you and say you did"
52;171000;194734;"something wrong.
♪ ♪"
53;194734;196467;"(doorbell rings)
>> KRIS: Khloe, your door..."
54;196467;197767;">> KHLOE: Oh.
>> KRIS: Somebody's at the door."
55;197767;200500;"They're here.
Hi, guys. How are you?"
56;200500;202000;">> PRODUCER: Hi.
Good to see you."
57;202000;204100;">> KHLOE: Nice to see you. Hi.
>> PRODUCER: This is Caitlin."
58;204100;206133;">> CAITLIN: Hi, Khloe.
>> KHLOE: Hi, nice to see you."
59;206133;207600;"We can sit over here.
>> CAITLIN: Great."
60;207600;209567;">> KHLOE: My mom and I are
having a meeting with some"
61;209567;213400;"producers that we're in talks
with about helping me finalize"
62;213400;215533;"the show that I'm developing.
>> PRODUCER: After our last"
63;215533;217567;"meeting, we went back to the
drawing board and kind of put"
64;217567;221333;"together the schedule because we
want to shoot and put this on"
65;221333;222734;"the Internet as soon as
possible."
66;222734;226066;">> KRIS: So do you see this
being filmed at Khloe's house?"
67;226066;228633;">> PRODUCER: Yeah, at the house
and then kind of just seeing mom"
68;228633;231567;"and daughter out and about kind
of just letting the world see,"
69;231567;234100;"like, little snippets.
>> KHLOE: I see, in my eyeline,"
70;234100;237033;"this mark on my wall, clearly
from a pen or something."
71;237033;241633;"And I notice it because my house
renovations are finished and now"
72;241633;244633;"that I've moved back in,
everything is fresh and perfect."
73;244633;247734;"And I know every mark on my
wall, 'cause there isn't any."
74;247734;250033;">> PRODUCER: It will be, like, a
five to seven-minute episodes."
75;250033;254166;">> KHLOE: I'm literally fixated
and I cannot let it go."
76;254166;258166;"In my head, I'm envisioning my
drawer where my Mr. Clean"
77;258166;261633;"Erasers are.
If I know about something, I"
78;261633;264100;"obsess over it and I can't stop
thinking about it."
79;264100;265767;">> PRODUCER: If you guys have
any more questions for us that"
80;265767;268467;"we can help with...
>> KHLOE: No, I think I'm so"
81;268467;270567;"good here.
I want everything to remain"
82;270567;274667;"fresh and new, and the longer it
sits on the wall, I feel like"
83;274667;278333;"this stain is setting in.
Yeah, I'm crazy, and I'm a"
84;278333;280133;"lunatic.
That's just how I am."
85;280133;282066;"Thank you guys so much.
>> PRODUCER: We're really"
86;282066;283333;"excited about this.
>> KHLOE: Will you walk them"
87;283333;286767;"out?
I'm gonna go grab something."
88;286767;288600;"♪ ♪"
89;299467;301500;">> KOURTNEY: Hey. You know what?
We're doing a call for your"
90;301500;304000;"birthday.
Do you want to listen?"
91;304000;306500;"Okay.
>> SHARON: Hey, Kourt."
92;306500;309000;">> KOURTNEY: Hi, I'm here with
Kim and Penelope."
93;309000;310667;">> KIM: Hi, Sharon.
>> SHARON: (whoops) Hi, birthday"
94;310667;313433;"girl.
>> KIM: North and Penelope are"
95;313433;316433;"best friends, and because their
birthdays are so close together,"
96;316433;319600;"for five years she's had a joint
party with Penelope."
97;319600;323734;"I thought it would be super cute
to have it be, like, old school"
98;323734;325600;"Candy Land.
>> SHARON: That would be"
99;325600;327200;"amazing.
>> KOURTNEY: And then Penelope"
100;327200;330066;"had a dream.
It spelled out "Penelope" and"
101;330066;334233;""North" all in cupcakes and
donuts."
102;334233;337533;">> SHARON: Love, love, love.
>> KIM: We've hired Sharon Sacks"
103;337533;341233;"to do all of the planning.
She helped plan my wedding, she"
104;341233;344467;"helped with most of our
Christmas parties."
105;344467;346533;"And now we're gonna do Candy
Land."
106;346533;349133;">> SHARON: So, food...?
>> KOURTNEY: I mean, I would"
107;349133;354000;"like fun food, but with, like, a
great salad."
108;354000;355433;">> SHARON: Yeah, that can
happen."
109;355433;360066;"I want you to know that I'm very
respectful of what you want."
110;360066;363667;"I'll just give you options.
>> KOURTNEY: Yes. Thank you."
111;363667;365667;">> PENELOPE: We should have,
like, a dance floor and there"
112;365667;368166;"should be, like, it should be
clear."
113;368166;372000;"And we should put, like, uh,
like, fake big candy so you can"
114;372000;373166;"see it.
>> SHARON: Yeah."
115;373166;375033;">> KOURTNEY: You should be a
party planner, P."
116;375033;376667;">> KIM: Or, yeah, do you want to
work for Sharon?"
117;376667;378033;"You-you're hired.
(Sharon laughs)"
118;378033;379500;">> KOURTNEY: Yeah.
(chuckles)"
119;379500;381300;"♪ ♪"
120;387133;390066;">> KHLOE: What is this?
>> KRIS: Khloe, are you talking"
121;390066;392266;"to yourself?
>> KHLOE: I'm just annoyed that"
122;392266;396533;"I spent all this money and
there's all these (bleep) scuffs"
123;396533;400433;"on the floor.
>> KRIS: Khloe is the most"
124;400433;407633;"organized, cleanest, most
obsessive person I know in her"
125;407633;412500;"own home.
But lately, she's on another"
126;412500;415033;"level.
>> KHLOE: See this scuff?"
127;415033;417233;"Why do you... Literally nobody
walks here."
128;417233;419233;">> KRIS: It's right in front of
the refrigerator."
129;419233;422633;"Of course they walk here.
I mean, the apple doesn't fall"
130;422633;426734;"too far from the tree.
When we were raising the kids, I"
131;426734;430667;"was always cleaning and
organizing and reorganizing and"
132;430667;434300;"moving things around, so I kind
of feel responsible."
133;434300;436734;"But the one thing that I've
learned through the years is"
134;436734;442633;"that this desire to have
everything perfect can really"
135;442633;446000;"drive you crazy.
You can't live on your hands and"
136;446000;448700;"knees, honey.
It's not gonna get any better."
137;448700;450066;"It's just...
>> KHLOE: Yes, it is."
138;450066;451734;"I've already gotten a couple of
them out, I just don't..."
139;451734;455667;">> KRIS: A couple of them?
Uh, this is 12,000 square feet"
140;455667;457533;"of floor.
>> KHLOE: Then there's a little"
141;457533;460734;"white, but, like, what are
people wearing on here?"
142;460734;463066;">> KRIS: Maybe it's the baby.
Maybe she's, you know,"
143;463066;464533;"rolling...
>> KHLOE: Don't bring True into"
144;464533;467533;"this.
>> KRIS: True lives here, too."
145;467533;470633;"And she's just a little squirt,
but she still has her toys."
146;470633;472300;">> KHLOE: You don't think I've
tested all of these toys?"
147;472300;474700;">> KRIS: Tested?
You test her toys on your floor?"
148;474700;476300;">> KHLOE: Yeah.
>> KRIS: Khloe, you're gonna see"
149;476300;480000;"a therapist.
If you have kids, everything"
150;480000;482300;"isn't going to be perfect all of
the time."
151;482300;485500;"Ever since she finished doing
renovations on her house, I've"
152;485500;489633;"been more worried about Khloe's
obsessive cleaning."
153;489633;493233;"First, she's distracted at a
meeting, and then she's on the"
154;493233;497367;"floor scrubbing marks.
It just is starting to really"
155;497367;504600;"concern me.
>> KIM: I just saw the, um, the"
156;504600;508667;"letter from the mayor of Kyoto.
I mean, I definitely did not"
157;508667;511533;"want to disrespect a culture.
That's not what the brand is"
158;511533;515066;"even about.
Why didn't we think about this?"
159;515066;516700;">> KOURTNEY: Everyone's gonna
come to this party and"
160;516700;520767;"everything is gonna be
disgusting chemicals?"
161;520767;522367;">> KIM: That's, like, what the
party is about."
162;522367;525100;"Candy Land.
It's not (bleep) Gluten-Free"
163;525100;526667;"Land over here.
>> KOURTNEY: So then you do your"
164;526667;529200;"party, and I'll do my party.
>> KIM: And I'll do... Perfect."
165;529200;531000;">> KOURTNEY: Great."
166;535266;538166;"♪ ♪
>> KRIS: You have a child now."
167;538166;541300;"Things get buffed and scruffed.
>> KHLOE: Yes, and then I clean"
168;541300;543767;"up after her.
I just moved back in."
169;543767;547767;"My floors are all brand-new.
>> KRIS: Exactly why you need to"
170;547767;552066;"see Sheva.
She's an exposure therapist."
171;552066;556300;"So she does these exercises with
you that will help you learn how"
172;556300;559100;"to deal with the anxiety that
you're feeling right now."
173;559100;562667;">> KHLOE: I... Sincerely, on
everything, I don't think this"
174;562667;565333;"is, like, a problem.
>> KRIS: You're crawling along"
175;565333;567734;"on the floor like a snake and
that's making you feel..."
176;567734;569767;">> KHLOE: Snakes don't crawl,
they s-slither."
177;569767;571133;">> KRIS: Well, you're
slithering."
178;571133;574033;"You've got to see somebody.
Just to have... just to..."
179;574033;578200;"Do it for me.
>> KHLOE: What am I gonna get?"
180;578200;580633;">> KRIS: Two hours in your
closet helping you clean your"
181;580633;582233;"drawers.
>> KHLOE: (scoffs)"
182;582233;584233;"Yeah, right.
That's something I do, like, for"
183;584233;586233;"fun.
>> KRIS: Eight hours of"
184;586233;588266;"babysitting.
>> KHLOE: I could not trust you"
185;588266;590433;"alone with True.
(both laugh)"
186;590433;594333;"Well, I'm not promising I'm
gonna do her exercises, but I"
187;594333;596166;"will meet with her.
>> KRIS: Thank you."
188;596166;598367;"That's all I can ask for.
>> KHLOE: This is bugging me so"
189;598367;601200;"badly.
Like, doesn't this bother you so"
190;601200;602633;"much?
>> KRIS: A little."
191;602633;604200;">> KHLOE: Right.
>> KRIS: I'm not gonna lie."
192;604200;608100;">> KHLOE: So I got to take
Clorox, I want to spray it."
193;608100;611633;">> KRIS: I think that it's
causing you unnecessary anxiety."
194;611633;613066;">> KHLOE: Mm-hmm.
>> KRIS: That's all."
195;613066;615100;">> KHLOE: Then I'll do it right
now."
196;615100;630767;">> KRIS: Oh, boy.
♪ ♪"
197;630767;634467;"(line ringing)
>> ALLISON: Hello?"
198;634467;637066;">> KIM: Hey.
>> ALLISON: How are you?"
199;637066;642500;">> KIM: I just saw the, um, the
letter from the mayor of Kyoto."
200;642500;645033;">> ALLISON: Yeah. Do you have
any feelings?"
201;645033;649300;">> KIM: I definitely want to
take this really seriously."
202;649300;652100;">> ALLISON: I do think it's
important to think about what he"
203;652100;657300;"said.
>> KIM: The mayor of Kyoto sent"
204;657300;662233;"my publicist a letter where he
was very thoughtful and very"
205;662233;666233;"kindly explaining to me the-the
meaning of "kimono" and why"
206;666233;670033;"that's so important to their
culture."
207;670033;673166;"I feel like there's no doubt in
my mind that we have to change"
208;673166;677100;"the name.
"Kimono is a traditional ethnic"
209;677100;681300;"dress and truly symbolizes sense
of beauty, spirits, and values"
210;681300;686033;"of Japanese."
Reading that letter, I felt an"
211;686033;689033;"understanding.
I mean, I definitely did not"
212;689033;691433;"want to disrespect a culture.
That's not what the brand is"
213;691433;693533;"even about.
It's about inclusivity."
214;693533;697333;"It's about comfort.
It's not about making people"
215;697333;701467;"uncomfortable.
I just feel kind of dumb, like,"
216;701467;704734;"why didn't we think about this?
>> ALLISON: Yeah."
217;704734;707433;"You have everything produced
already, so how are you gonna"
218;707433;710100;"salvage that?
>> KIM: I don't know."
219;710100;713567;"It's just frustrating that I
didn't really think about it"
220;713567;716100;"thoroughly ahead of time, or the
whole team didn't."
221;716100;719333;"For the next few days, it's
gonna be really, like, hell"
222;719333;723066;"living, wondering how to fix
this."
223;723066;726066;"It sucks that it's so public and
everyone can see the mistakes of"
224;726066;731000;"the brand as they're live,
basically, but I got to just"
225;731000;733300;"calm down, like, everything
happens for a reason."
226;733300;735433;"We have to change the name.
I think..."
227;735433;737367;">> ALLISON: I think so, too.
>> KIM: I think that's, like, a"
228;737367;740433;"bigger conversation that we all
decide, like, what are we going"
229;740433;742500;"to do?
>> ALLISON: Yeah."
230;742500;744133;">> KIM: Thank you.
>> ALLISON: Okay."
231;744133;747100;">> KIM: Okay. Bye.
>> ALLISON: Bye."
232;747100;748667;"♪ ♪"
233;753367;756033;">> KIM: All right, so we'll go
over this with the girls"
234;756033;758767;"together.
>> KOURTNEY: Yeah."
235;758767;762166;">> KIM: Damn, that's insane.
Class of 31."
236;762166;764533;"Um, so have you thought of any
ideas?"
237;764533;766367;">> KOURTNEY: For the party?
>> KIM: Yeah."
238;766367;769033;">> KOURTNEY: Oh, cute, I was
trying to do it somewhat"
239;769033;770400;"healthy, like, she was gonna
have this, like..."
240;770400;772033;">> KIM: It's Candy Land,
Kourtney."
241;772033;774200;"It's not gonna be healthy.
>> KOURTNEY: Yeah, but it can"
242;774200;775600;"be.
>> KIM: Nobody wants..."
243;775600;777400;"Kourtney.
>> KOURTNEY: Yes, it can."
244;777400;779400;"It's not gonna be healthy no
matter what."
245;779400;783367;"Sugar's not healthy, but I'm
saying let's do not the nasty"
246;783367;787433;"stuff with food coloring and
all, like, gross (bleep)."
247;787433;789500;">> KIM: Give me an example of
candy you want."
248;789500;791400;">> KOURTNEY: I don't know.
I'll have to look into it."
249;791400;793233;"I said we could have the
organic cotton candy."
250;793233;797066;">> KIM: The party's in eight
days."
251;797066;803100;"Kourtney has this vision of no
sugar or no disgusting chemicals"
252;803100;807100;"in candy, but it's, like, a
completely sugar-free,"
253;807100;812100;"gluten-free, party-free,
fun-free zone because Kourtney"
254;812100;815400;"has decided that it just doesn't
make sense, and it really wasn't"
255;815400;818467;"the theme of what North and
Penelope wanted for their"
256;818467;820400;"birthday.
>> KOURTNEY: There's just better"
257;820400;825300;"solutions to things, instead of
your dated candy that's, like,"
258;825300;831100;"literally food coloring that
gives people diseases."
259;831100;832667;">> KIM: This is, like, not the
right theme."
260;832667;834266;">> KOURTNEY: So switch the
theme."
261;834266;836300;"My brand is not...
>> KIM: How can you have a Candy"
262;836300;838033;"Land...
Your brand?"
263;838033;841100;"This is about a kids' party.
This is not about your brand."
264;841100;843600;">> KOURTNEY: Yeah, but I'm
saying what I stand for, not"
265;843600;847100;"even what a kids' party...
>> KIM: Then why does your car"
266;847100;849300;"have leather seats?
Why are you wearing plastic"
267;849300;853600;"glasses?
>> KOURTNEY: I can't believe"
268;853600;857166;"that Kim isn't willing to
compromise at all and that she"
269;857166;861166;"doesn't feel guilty about
giving... not only her kids and"
270;861166;864367;"my kids, but all these kids that
are coming to our party-- so"
271;864367;868667;"much junk and candy.
It's just, like, it's such a"
272;868667;874100;"dated vibe to be like that.
>> KIM: Like, I want a fun kids'"
273;874100;876400;"party with real candy.
>> KOURTNEY: Well, that's your"
274;876400;878367;"problem.
>> SHEVA: I wonder if you'd like"
275;878367;880400;"to maybe work on that a bit.
So the idea..."
276;880400;882333;">> KHLOE: You have a very
soothing voice, but you're not"
277;882333;883533;"gonna trick me.
How so?"
278;883533;887467;">> SHEVA: (laughs) I would like
to mess something up."
279;887467;889633;">> SHARON: I'm starting to feel
stressed."
280;889633;895100;"With candy or without candy?
Time is of the essence. Please."
281;895100;896600;">> KOURTNEY: Whatever I say
goes."
282;896600;897467;">> SCOTT: Been there."
283;901333;903100;"♪ ♪"
284;910233;913100;">> WOMAN: Would you guys like
some water or anything?"
285;913100;919700;">> KIM: I'm okay. Thank you.
Hello? Hey, she is insane."
286;919700;925567;"(line ringing)
No, she's actually insane."
287;925567;930533;"She just said that she wants
to..."
288;930533;934734;"(line continues ringing)
...have a Candy Land themed"
289;934734;941200;"party, but can't have any candy.
Don't even know what to do."
290;941200;947400;"She just is so not my vibe.
I need to... Love you. Bye."
291;947400;949567;">> KHLOE: Hi.
>> KOURTNEY: We're at Decades."
292;949567;952166;">> KHLOE: Oh, that vintage
store?"
293;952166;954200;">> KOURTNEY: Yeah.
Kim and I have been fighting"
294;954200;957633;"again today about her and the
kids' birthday party."
295;957633;962667;"I'm not, like, dying to do a
candy, like, filled party just"
296;962667;966300;"full of junk.
>> KHLOE: It's really ironic."
297;966300;970567;"Last big sister fight, Kourtney
was calling me the meddler and"
298;970567;973633;"that I'm stirring the pot and
I'm always in the middle, and"
299;973633;977333;"now I'm literally as far out of
the way as I can be, but they're"
300;977333;980400;"both calling me and texting me
and giving me all this"
301;980400;983367;"information and putting me in
the middle of their fight."
302;983367;985567;"I don't want potatoes thrown at
me anymore."
303;985567;987667;">> KOURTNEY: This is for you
interfering."
304;987667;989667;"Do you want to make some French
fries?"
305;989667;992000;"Mashed potatoes?
>> KHLOE: I feel like they're"
306;992000;994300;"always fighting about something
a lot deeper than what they're"
307;994300;999000;"really fighting about, but
they're... I mean, don't have"
308;999000;1001300;"a (bleep) Candy Land party if
you're gonna want, like,"
309;1001300;1002767;"sugar-free candy.
>> KOURTNEY: I love you. Bye."
310;1002767;1007667;">> KHLOE: Love you, too. Bye.
Okay. (scoffs)"
311;1007667;1009467;"♪ ♪"
312;1019734;1022033;">> KHLOE: Hi. How are you?
>> SHEVA: Hey, how's it going?"
313;1022033;1024200;">> KHLOE: Please, come on in.
>> SHEVA: Thank you so much."
314;1024200;1025767;">> KHLOE: Do you want a water or
anything?"
315;1025767;1027567;">> SHEVA: Uh, I'd love a water.
>> KHLOE: Okay."
316;1027567;1029266;">> SHEVA: Thank you so much.
>> KHLOE: Yeah."
317;1029266;1032734;"Sheva is this exposure therapist
that my mom is having me meet"
318;1032734;1035533;"with.
I'm willing to talk to this"
319;1035533;1040300;"therapist because I'm polite,
but I just don't think I have a"
320;1040300;1041633;"problem.
>> SHEVA: My name's Sheva"
321;1041633;1043567;"Rajaee.
I'm the founder and director of"
322;1043567;1046467;"The Center for Anxiety and OCD.
I have OCD myself."
323;1046467;1048367;">> KHLOE: Okay.
>> SHEVA: And so it became kind"
324;1048367;1050500;"of, like, my lifelong passion
and-and sort of, like, my career"
325;1050500;1053266;"just to specialize in it and to
treat people who suffer from"
326;1053266;1055700;"anxiety of any kind.
When I even say "anxiety,""
327;1055700;1057633;"Khloe, what does that mean to
you?"
328;1057633;1060300;"What does that feel like to you?
Maybe we start there."
329;1060300;1065667;">> KHLOE: Well, to me, I think,
my "OCD" is more, like, a pro"
330;1065667;1068567;"rather than a con.
I feel, like, once everything's"
331;1068567;1071033;"organized, I feel really good, I
know where every single thing"
332;1071033;1072367;"is.
>> SHEVA: It's very"
333;1072367;1074500;"self-soothing, it sounds like,
to have your home be, like,"
334;1074500;1076633;"your, like you said, your
sanctuary and a place of order"
335;1076633;1080400;"and control.
In reality, even our sanctuary"
336;1080400;1082767;"sometimes, right, we can't
perfectly control it."
337;1082767;1087300;"I guess I wonder if you'd like
to maybe work on that a bit."
338;1087300;1090000;">> KHLOE: How so? (chuckles)
>> SHEVA: Excellent question."
339;1090000;1091734;"So the idea...
>> KHLOE: You have a very"
340;1091734;1093400;"soothing voice, but you're not
gonna trick me."
341;1093400;1095367;"How so?
>> SHEVA: (laughs) You want the"
342;1095367;1097600;"facts, I respect that, you want
the facts."
343;1097600;1101033;"I would like to mess something
up."
344;1101033;1103734;"I'd want to make you a little
uncomfortable without, like,"
345;1103734;1107066;"totally rocking your world
because it's kind of what life"
346;1107066;1109567;"throws at us anyway.
You feel down to try something"
347;1109567;1111333;"kind of...
>> KHLOE: Let's (bleep) stuff"
348;1111333;1113533;"up.
>> SHEVA: (laughs) All right."
349;1113533;1117066;">> KHLOE: If somebody says I'm
crazy, I'm meticulous, I'm"
350;1117066;1122033;"clean, neurotic, thank you.
I just don't know why this"
351;1122033;1124567;"really matters.
Hi, Mom."
352;1124567;1127567;">> KRIS: Hi.
>> SHEVA: How's it going?"
353;1127567;1130066;">> KHLOE: I mean, they have TV
shows called Hoarders."
354;1130066;1132567;"They don't have TV shows called
Cleaners."
355;1132567;1135767;"Like, they have shows, Hoarders,
they want you to stop hoarding,"
356;1135767;1138533;"and now someone's gonna tell me
to stop being clean and"
357;1138533;1141100;"organized?
That makes no sense."
358;1141100;1143633;">> SHEVA: So the fruit exposure,
I'm gonna ask you to take that"
359;1143633;1146367;"artichoke right there and just
put it in the middle of that"
360;1146367;1149433;"grapefruit pile, and then you'll
move a grapefruit over into the"
361;1149433;1154533;"artichoke pile.
>> KHLOE: I would like to put it"
362;1154533;1156400;"back, but it's fine.
>> SHEVA: Okay."
363;1156400;1159000;"It's okay the way it is.
>> KHLOE: Well, I'm gonna put it"
364;1159000;1162133;"back, but it's fine. (chuckles)
>> SHEVA: What I want you to do"
365;1162133;1164734;"is, basically, we're gonna sit
with the mismatched fruit, and"
366;1164734;1167767;"we're gonna let you see that,
actually, while we're talking,"
367;1167767;1172133;"you might not notice it so much.
So do you mind if we actually"
368;1172133;1176033;"open that refrigerator?
I've heard about this"
369;1176033;1177367;"refrigerator.
Oh, boy."
370;1177367;1180467;">> KHLOE: Well, they're done in
a color system."
371;1180467;1184066;"It's red, orange, yellow, green,
blue, and then it's, you know,"
372;1184066;1186000;"it's supposed to be like a
rainbow."
373;1186000;1187500;">> SHEVA: It's a beautiful
rainbow."
374;1187500;1190700;"Can we mess the rainbow up just
a little bit?"
375;1190700;1193166;"You can mess any two colors you
want."
376;1193166;1194600;"Yeah, 'cause they're
similar-ish?"
377;1194600;1196700;">> KHLOE: Yeah.
>> SHEVA: Yeah. Let's do those."
378;1196700;1200033;"And you just make sure you're
breathing."
379;1200033;1204066;"Okay. How does that feel?
>> KHLOE: It makes me excited"
380;1204066;1207400;"for you to leave. (laughs)
>> SHEVA: You're not the first"
381;1207400;1210433;"person I've worked with who has
said that."
382;1210433;1213367;">> KHLOE: Being the control
freak that I am, this experience"
383;1213367;1217200;"is torture.
>> SHEVA: Do this."
384;1217200;1219433;">> KRIS: Oh, boy.
>> SHEVA: And just leave that"
385;1219433;1221734;"there.
>> KHLOE: The anxiety factor"
386;1221734;1225467;"alone is draining.
>> SHEVA: I'm only gonna ask you"
387;1225467;1228066;"to hang in there for 30 minutes,
okay?"
388;1228066;1229734;"Shake on it?
>> KHLOE: 30 minutes."
389;1229734;1231433;">> SHEVA: All right.
>> KHLOE: Have a good time."
390;1231433;1234367;">> SHEVA: Great job.
>> KHLOE: There's only a couple"
391;1234367;1238767;"times in my life where I feel
like minutes are years."
392;1238767;1241500;"That's when I'm doing a plank
and when I'm waiting for the"
393;1241500;1249633;"microwave, and this.
(groans) Okay."
394;1249633;1252033;">> SHARON: Is there any candy at
all?"
395;1252033;1254700;">> KOURTNEY: I mean, you
shouldn't even listen to Kim."
396;1254700;1257700;"You're, like, dated.
You're, like, in the past."
397;1257700;1260033;">> KIM: It's a Candy Land themed
party."
398;1260033;1262767;"Yes, that's, like, what the
party is about: Candy Land."
399;1262767;1264700;">> KOURTNEY: We need to have
some healthy options."
400;1264700;1267166;">> KIM: Then change the theme of
the party because that's insane."
401;1267166;1270000;">> KOURTNEY: So then you do your
party, and I'll do my party."
402;1270000;1276166;">> KIM: Perfect.
>> KRIS: So something like that"
403;1276166;1279200;"wouldn't bother you?
>> KHLOE: I mean, of course it"
404;1279200;1282033;"bothers me, like, you're an
adult, why're you doing that?"
405;1282033;1284667;"(Kris laughing)
>> KIM: What about..."
406;1284667;1287000;">> KHLOE: Stop it!
>> KRIS: That wouldn't bother"
407;1287000;1293600;"you?
What is happening?"
408;1293600;1295367;"♪ ♪"
409;1299567;1301600;">> KOURTNEY: What's the plan for
tomorrow with the kids?"
410;1301600;1303500;">> SCOTT: Did you want to do
something?"
411;1303500;1305200;">> KOURTNEY: I don't know, I
don't know."
412;1305200;1308000;"I mean, we're gonna get up early
probably and go to the farmer's"
413;1308000;1309734;"market.
>> SCOTT: And I'm gonna meet you"
414;1309734;1311734;"after the market.
>> KOURTNEY: Yeah."
415;1311734;1314300;"(phone ringing)
Sharon Sacks."
416;1314300;1316667;"Hey, Sharon.
>> SHARON: Hi, Kourtney."
417;1316667;1318734;"How are you doing?
>> KOURTNEY: I'm great."
418;1318734;1321000;"How are you?
>> SHARON: I'm normally really"
419;1321000;1323533;"calm, but I'm starting to feel
stressed."
420;1323533;1327700;"With candy or without candy?
I'm getting e-mails from Kim and"
421;1327700;1331033;"I want to make you both happy,
but I don't know what I'm"
422;1331033;1335266;"supposed to be doing.
>> KOURTNEY: I was trying to get"
423;1335266;1339633;"her to do just a healthier
version of stuff, and she's just"
424;1339633;1343066;"not compromising at all.
>> SHARON: Time is of the"
425;1343066;1345367;"essence.
>> KOURTNEY: If I don't let"
426;1345367;1349233;"Sharon Sacks know today whether
this party is having candy or"
427;1349233;1352667;"not, it's just not gonna happen.
>> SHARON: Is there any candy at"
428;1352667;1355100;"all?
>> KOURTNEY: I mean, you"
429;1355100;1356767;"shouldn't even listen to Kim.
>> SHARON: Okay..."
430;1356767;1360333;">> KOURTNEY: Kim is really busy
with Kimono, and I basically"
431;1360333;1364767;"planned this entire party on my
own, and so I'm making all the"
432;1364767;1368667;"executive decisions.
If she doesn't like it, it just,"
433;1368667;1372500;"it is what it is.
Whatever I say goes."
434;1372500;1378166;">> SHARON: Okay.
>> SCOTT: Been there."
435;1378166;1379767;"♪ ♪"
436;1387533;1389533;">> KIM: So, was this a press...
this was the press box idea?"
437;1389533;1391166;">> KIM S.: This is the first
pass at the press box."
438;1391166;1392667;">> KIM: I like it.
>> KIM S.: There's things I want"
439;1392667;1394767;"to change.
Like, we want to make these"
440;1394767;1396166;"halves the colors...
>> KIM: Yeah."
441;1396166;1398133;">> KIM S.: ...and then, you
know, we'll change that."
442;1398133;1401100;">> KIM: How, uh, how does
everyone feel about SKIMS?"
443;1401100;1404700;"SKIM... Okay, raise your hand,
raise your hand if you like"
444;1404700;1406667;"SKIM.
Reading that letter, I"
445;1406667;1411266;"definitely felt the last thing I
would want to do was offend"
446;1411266;1413667;"anybody.
So it wasn't really an option"
447;1413667;1416000;"for me.
Like, I knew that I wanted to"
448;1416000;1417633;"change the name.
>> WOMAN: I'm thinking about,"
449;1417633;1421200;"like, push-up, pull-in
techniques, tucked in, layer"
450;1421200;1424233;"one, bodywear.
>> KIM: Jonathan said KKW, and"
451;1424233;1428033;"then the W would go into "Wear."
Kim Barely, 'cause you can"
452;1428033;1431100;"barely see it.
Skin, but, like, Skim."
453;1431100;1433400;">> KHLOE: Skim.
>> KIM: With "Kim." Skim."
454;1433400;1435600;"(chuckles)
I need a name that really does"
455;1435600;1437734;"speak to me the way that Kimono
did."
456;1437734;1439734;"And then raise your hand if you
like SKIMS."
457;1439734;1441333;">> EMMA: SKIMS. There's too...
>> KIM: Okay, more people like"
458;1441333;1444333;"SKIMS.
>> EMMA: ...like SKIM."
459;1444333;1446367;">> KIM: Always have loved
one-syllable names."
460;1446367;1449400;"I think they're really powerful
and-and it just rolls off the"
461;1449400;1452000;"tongue.
And I'm extremely visual, so"
462;1452000;1454667;"symmetrically it looks really
cool."
463;1454667;1460266;"And so, it's easy, it works, it
flows and I just know that this"
464;1460266;1463033;"is the right thing to do.
>> EMMA: We have gotten, like, a"
465;1463033;1465734;"lot of options to repurpose that
inventory."
466;1465734;1468433;"You're gonna have a look at,
like, what we can do to work"
467;1468433;1471333;"over that.
It's basically taking this color"
468;1471333;1475333;"and covering it.
And then reprinting on it."
469;1475333;1477233;">> KIM: How many garments would
that be on?"
470;1477233;1481133;">> EMMA: On a million garments.
So I can save a huge percent of"
471;1481133;1483767;"the stock.
>> KIM: Well, that's good."
472;1483767;1486133;">> EMMA: And then everything
that's... your... the underwear,"
473;1486133;1489266;"the mesh, we'd have to... it's
labels, so that's completely"
474;1489266;1491033;"fine.
The labels can get cut out."
475;1491033;1493200;"And we have to replace the
Kimono strap."
476;1493200;1495033;"So all we're getting rid of are
the straps."
477;1495033;1497300;">> TRACY: Can we make the
September launch timeline at"
478;1497300;1499033;"this point?
>> EMMA: By the skin of our"
479;1499033;1500367;"teeth.
>> KIM: Okay, so it's not the"
480;1500367;1502133;"end of the world.
>> EMMA: It's not the end of the"
481;1502133;1503767;"world.
>> KIM: You know?"
482;1503767;1507667;"We can save or repurpose a lot
of the garments."
483;1507667;1512266;"Not everything but most of them.
And it's gonna take a lot of"
484;1512266;1514667;"work.
But now, because we have a plan,"
485;1514667;1518100;"it'll be worth it and I know
it'll be amazing."
486;1518100;1521000;"Feel like this has been, like...
>> TRACY: It's been a long-time"
487;1521000;1522734;"coming...
>> KIM: ...years and years and"
488;1522734;1530400;"years in the making and I'm so
excited this is happening."
489;1530400;1532200;"♪ ♪"
490;1538233;1540133;">> KIM: Oh, my God, call the
police!"
491;1540133;1541700;">> KOURTNEY: What?
>> KIM: There's candy in here!"
492;1541700;1543266;">> KHLOE: Oh, my gosh.
>> KIM: There is candy!"
493;1543266;1545000;">> KOURTNEY: You know where it
came from?"
494;1545000;1547000;">> KIM: What are we gonna do?
>> KOURTNEY: It came from..."
495;1547000;1548433;">> KIM: Call the police.
Seriously."
496;1548433;1550734;">> KOURTNEY: It came from Mom.
And guess what?"
497;1550734;1553133;"That's my only hidden stash of
candy."
498;1553133;1557667;"So you guys fill yourselves up
with the biggest, number one"
499;1557667;1561433;"cause of aging.
Don't you just feel it, when you"
500;1561433;1566133;"eat that, that it, like, sucks
the life and youthfulness out of"
501;1566133;1568166;"your skin?
>> KIM: No, it makes me feel"
502;1568166;1570400;"like a kid inside.
>> KOURTNEY: That's why I have"
503;1570400;1573033;"to... after I have a piece of
candy, I swear I think I have to"
504;1573033;1575500;"drink two bottles of water.
>> KIM: It's all about"
505;1575500;1579400;"moderation.
>> KOURTNEY: Yeah?"
506;1579400;1582400;">> KIM: My kids eat at home
really healthy."
507;1582400;1585100;"Really, really healthy.
And the one day they want a"
508;1585100;1587533;"Candy Land birthday party and
you're saying they can't have"
509;1587533;1590367;"sugar?
I called Sharon to follow up"
510;1590367;1593300;"with some stuff for the party,
and she tells me that Kourtney"
511;1593300;1596233;"doesn't want candy.
What a buzzkill."
512;1596233;1598400;"If you're a kid and you think
you're going to a Candy Land"
513;1598400;1601500;"themed party and there's just
decorations everywhere and"
514;1601500;1605100;"the Candy Land floor, but
there's no candy?"
515;1605100;1607300;">> KOURTNEY: I'm not saying they
can't have treats."
516;1607300;1610433;"Did I ever say they cannot have
treats?"
517;1610433;1615166;"There's no reason that you can't
have the theme of the party and"
518;1615166;1618533;"have treats that are...
>> KIM: It's Candy Land."
519;1618533;1623166;">> KOURTNEY: There's candies
that are not disgusting and"
520;1623166;1625266;"filled with chemicals.
>> KIM: Show me some."
521;1625266;1627266;">> KOURTNEY: I'll show you some.
>> KIM: Show me."
522;1627266;1629133;">> KOURTNEY: I will.
I will show you some."
523;1629133;1631266;"Do you want me to make you a
collage or a poster board?"
524;1631266;1632533;">> KIM: I do.
>> KOURTNEY: Fine."
525;1632533;1635133;">> KIM: Make me a (bleep) pinata
and all that (bleep)."
526;1635133;1638500;"I'll hit it-- with your face.
>> KOURTNEY: There's plenty of"
527;1638500;1642233;"things, of treats.
You-you're, like, dated, you're,"
528;1642233;1644333;"like, in the past.
>> KIM: It's a Candy Land themed"
529;1644333;1647066;"party!
Yes! That's, like, what the"
530;1647066;1650300;"party is about: Candy Land.
It's not (bleep)..."
531;1650300;1653066;"Gluten-Free Land over here.
>> KOURTNEY: But everyone's..."
532;1653066;1654367;">> KIM: And the kids...
>> KOURTNEY: ...gonna come to"
533;1654367;1657500;"this party and everything is
gonna be disgusting chemicals?"
534;1657500;1659433;"We need to have some healthy
options."
535;1659433;1661333;">> KIM: Then change the theme of
the party, because that's, like,"
536;1661333;1662734;"insane.
>> KOURTNEY: So then, you do"
537;1662734;1664300;"your party, and I'll do my
party."
538;1664300;1666333;">> KIM: And I'll do... Perfect.
>> KOURTNEY: And my party will"
539;1666333;1668300;"be here and you can do...
>> KIM: That's exactly what"
540;1668300;1673433;"we'll do.
>> KOURTNEY: Great."
541;1673433;1677400;">> KIM: It's either Kourtney's
way or no way, so I'm over it."
542;1677400;1681367;"I'm not gonna do this anymore.
This was North's birthday, her"
543;1681367;1683500;"theme.
She's been talking about this"
544;1683500;1686367;"for six months.
So if Kourtney doesn't want to"
545;1686367;1690033;"do it this way, then I'll just
have my own party for North."
546;1690033;1694600;">> KOURTNEY: "Red food coloring
causes allergic reactions."
547;1694600;1696734;">> KIM: I get it. We get it!
>> KOURTNEY: ...hyperactivity in"
548;1696734;1698200;"children.
>> KIM: We get it."
549;1698200;1699767;"It's one day a year.
>> KOURTNEY: ...tumors.""
550;1699767;1703266;">> KIM: Good, I'm glad that you
know that."
551;1703266;1705066;"(bleep) bitch."
552;1708400;1710400;">> KHLOE: Really don't like this
game."
553;1710400;1713400;"It's not gonna happen with a
couple exercises, that I'm gonna"
554;1713400;1715433;"change.
(sighs)"
555;1715433;1721467;">> KIM: I feel like you very
oftentimes think that you are"
556;1721467;1725400;"right no matter what.
And your way is the highway."
557;1725400;1727367;">> KOURTNEY: Because I usually
am."
558;1727367;1729533;">> KIM: Mm-hmm.
>> KOURTNEY: And it usually is."
559;1729533;1736166;">> KIM: Mm-hmm.
>> KHLOE: Okay."
560;1736166;1737767;"♪ ♪"
561;1741300;1743166;">> KIM: Give the baby a
kiss-kiss."
562;1743166;1747200;">> KRIS: Come on. Let's go.
Let's go."
563;1747200;1752600;"Is this your pony pool?
>> KHLOE: Ooh."
564;1752600;1754700;"Want to follow me?
Okay. We're gonna go by the"
565;1754700;1756700;"sink.
>> KRIS: Oh, Mommy's on a"
566;1756700;1762400;"mission.
So what are you gonna do about"
567;1762400;1764100;"Penelope and North's birthday
parties?"
568;1764100;1766500;">> KIM: I'm having my own party,
so you guys are more than"
569;1766500;1768200;"welcome and invited to my party.
>> KHLOE: We're not doing"
570;1768200;1770266;"separate birthday parties.
>> KIM: Oh, yeah, we are."
571;1770266;1774100;"And the date is this Saturday at
2:00, so if you want to join..."
572;1774100;1775600;">> KHLOE: Oh, is she just not
doing it on Saturday?"
573;1775600;1777700;">> KIM: ...the Candy Land themed
party..."
574;1777700;1779700;">> KRIS: Is she also doing it
Saturday at 2:00?"
575;1779700;1781467;">> KIM: I don't know what she's
doing."
576;1781467;1786400;"You can ask her.
>> KHLOE: My take on Kourtney"
577;1786400;1790500;"and Kim feuding over Candy Land
is that it's just so stupid."
578;1790500;1794233;"We're gonna spend double the
money, like, what, split their"
579;1794233;1796734;"friends up or make people go to
two parties."
580;1796734;1798667;"That's crazy.
>> KIM: Bye, guys."
581;1798667;1801500;"(line ringing)
>> KOURTNEY: Hey, Mom."
582;1801500;1806333;">> KRIS: Hi, Kourt.
Um, so what's going on with this"
583;1806333;1809333;"birthday party situation?
>> KOURTNEY: Everything she"
584;1809333;1811667;"wanted was just junk and
over-the-top."
585;1811667;1815333;">> KRIS: So when is your party?
>> KOURTNEY: Saturday."
586;1815333;1818633;">> KRIS: Well, Kim's party's
Saturday, too."
587;1818633;1821600;">> KOURTNEY: Of course it is.
>> KRIS: What time is yours?"
588;1821600;1825300;">> KOURTNEY: 2:00.
You better be there."
589;1825300;1829567;">> KRIS: Well, of course I'll be
there."
590;1829567;1831533;">> KHLOE: Okay.
Let's focus on the bigger"
591;1831533;1834233;"picture.
This is all so petty, it's all"
592;1834233;1836767;"so childish.
It's their daughter's birthday."
593;1836767;1840467;"They want to celebrate together.
I mean, I invited my ex to"
594;1840467;1843266;"True's birthday party for the
sake of her."
595;1843266;1846567;"I feel like, for the sake of
their daughters, they need to"
596;1846567;1850166;"resolve their candy debacle.
(chuckles)"
597;1850166;1852333;"No.
They're not having two different"
598;1852333;1854367;"birthday parties.
>> KRIS: Okay, honey."
599;1854367;1855667;"I love you.
>> KOURTNEY: Okay, I love you,"
600;1855667;1857367;"too. Bye.
>> KRIS: I'm gonna go have a"
601;1857367;1860700;"popsicle.
What is that?"
602;1860700;1863533;"(laughter)
Oh, my God."
603;1863533;1866166;">> KHLOE: What?
>> KRIS: Did you see that?"
604;1866166;1868033;"Oh, my God, did you get that?
>> PRODUCER: ...lizard, or..."
605;1868033;1869533;">> KRIS: But it was, it was
humping itself."
606;1869533;1871467;"There it is.
There's the tail."
607;1871467;1873433;">> KHLOE: Okay, Mom, you don't
do that to people."
608;1873433;1876467;"I would've literally cried.
>> KRIS: I'm sorry."
609;1876467;1878533;"It's dangerous in these parts."
610;1881600;1883400;"♪ ♪"
611;1890600;1893433;"(sighs)
(moans)"
612;1893433;1896700;"(laughs)
>> KHLOE: Really don't like this"
613;1896700;1901433;"game.
After talking with Sheva, I'm"
614;1901433;1908233;"doing my homework assignment,
messing up my closet."
615;1908233;1913433;"Timer's here and I will sit here
in my filthy space until the"
616;1913433;1918633;"buzzer goes off.
(timer ticking)"
617;1918633;1921533;"(shushes)
Being one right now."
618;1921533;1925467;">> KRIS: Did you meditate on top
of your island?"
619;1925467;1928567;">> KHLOE: I'm just staying calm.
>> KRIS: Why do you have a"
620;1928567;1932600;"timer?
Why are your shoes messed up?"
621;1932600;1937266;">> KHLOE: Exactly.
I'm doing what your friend said"
622;1937266;1938600;"to do.
>> KRIS: Did you do that"
623;1938600;1943000;"yourself?
>> KHLOE: I messed up shoes by"
624;1943000;1946033;"myself.
>> KRIS: I'm so proud of you."
625;1946033;1952033;">> KHLOE: What I take away from
this experience is taking pride"
626;1952033;1956200;"in your home and your things.
There are things that I like and"
627;1956200;1958700;"they just can't have power over
me."
628;1958700;1962000;"This has been embedded in me,
like, my whole life, of acting a"
629;1962000;1964066;"certain way.
It's not gonna happen with a"
630;1964066;1966567;"couple exercises, that I'm gonna
change."
631;1966567;1970066;"But I'm working on it because
it's, like, not a good way to"
632;1970066;1971700;"live.
>> KRIS: If you can't beat"
633;1971700;1974400;"'em...
>> KHLOE: Trueza!"
634;1974400;1977533;">> KRIS: ...join them.
>> KHLOE: (gasps) Trueza!"
635;1977533;1980467;">> KRIS: Oh, my goodness, look
at your outfit."
636;1980467;1985600;"You're so cute.
>> KHLOE: Come here, boo. Ah!"
637;1985600;1989367;"No. Where's my hug? Okay.
Sequins next."
638;1989367;1993633;"Give me my hug, give me my hug.
>> (alarm ringing)"
639;1993633;1999467;">> KRIS: Oh, my gosh, it's over.
I'm so proud of you."
640;1999467;2003000;">> KHLOE: Okay, True, let me
show you how to organize."
641;2003000;2004600;"♪ ♪"
642;2013700;2018533;">> KHLOE: You and you, this is a
peace table."
643;2018533;2021300;"No fighting.
We're gonna come together, we're"
644;2021300;2025100;"gonna celebrate the girls'
birthday party as one, we will"
645;2025100;2027767;"find a compromise.
It's just so crazy to have two"
646;2027767;2030367;"individual parties on the same
day, like, how... what are the"
647;2030367;2032400;"guests gonna do?
You guys all share the same"
648;2032400;2034667;"friends, they're gonna, like,
you know, "Where's Kim? Where's"
649;2034667;2037433;"North?" and someone has to say,
"Oh, we had to have separate"
650;2037433;2040000;"birthday parties 'cause they're
fighting over candy," like,"
651;2040000;2043633;"that's ridiculous.
This is not a discussion."
652;2043633;2045467;">> KIM: Okay, but here's the
thing."
653;2045467;2047533;">> KHLOE: Okay, I guess it is a
discussion."
654;2047533;2052600;">> KIM: It has to be.
I feel like you very oftentimes"
655;2052600;2058066;"think that you are right no
matter what, and your way is the"
656;2058066;2060367;"highway.
>> KOURTNEY: Because I usually"
657;2060367;2061700;"am.
>> KIM: Mm-hmm."
658;2061700;2063166;">> KOURTNEY: And it usually is."
659;2068533;2072133;">> KHLOE: Okay.
Don't you also think life is"
660;2072133;2075533;"about moderation?
>> KOURTNEY: I think in this"
661;2075533;2078467;"family, if we're not the same...
>> KHLOE: Mm-hmm."
662;2078467;2080667;">> KOURTNEY: ...like, we're not
supporting our differences,"
663;2080667;2084667;"we're really criticizing and
judging our differences."
664;2084667;2088400;">> KHLOE: But can't you support
our high-fructose corn syrup"
665;2088400;2090600;"differences, too?
>> KOURTNEY: Yeah, sometimes I"
666;2090600;2093133;"definitely come over.
The first thing I do when I'm,"
667;2093133;2098000;"like, in a "treat yourself" mood
is grab your rainbow sprinkle"
668;2098000;2102400;"cookies on the counter, but I'm
sorry if you think that I just"
669;2102400;2107400;"want it my way because I want it
to be a mutual party, and I just"
670;2107400;2112633;"don't think it's the way to be
and to treat each other."
671;2112633;2116400;">> KIM: So let's just be adults
and have the party together"
672;2116400;2118700;"because it's definitely way more
convenient."
673;2118700;2122467;">> KOURTNEY: And way more fun.
>> KIM: Yeah."
674;2122467;2126133;">> KOURTNEY: This is really
about the kids, so I'm okay with"
675;2126133;2130100;"some candy and having sugar.
You only live once."
676;2130100;2132533;">> KHLOE: It is great that you
guys finally are doing this"
677;2132533;2135166;"together 'cause, you know, it's
exhausting."
678;2135166;2137400;">> KIM: It's exhausting.
>> KHLOE: It is, with all due"
679;2137400;2141700;"respect.
>> KIM: Something like this"
680;2141700;2144600;"wouldn't bother you?
>> (Kris laughing)"
681;2144600;2147400;">> KHLOE: Listen, you little
piece of... (screams)"
682;2147400;2151433;">> KOURTNEY: Stop.
>> KRIS: Oh, we're gonna get it,"
683;2151433;2158767;"we're gonna...
>> (Kourtney and Kris screaming)"
684;2158767;2160533;"♪ ♪"
685;2163000;2165700;">> KIM: We are on our way to
North and Penelope's party, and"
686;2165700;2169433;"North is so excited.
Kourtney agreed at the end just"
687;2169433;2172700;"to go with regular candy, but I
really have no idea what to"
688;2172700;2176200;"expect.
I haven't seen anything yet, so"
689;2176200;2180000;"I'm walking into this just like
everybody else."
690;2180000;2185166;"Candy Land is the theme of
North's party."
691;2185166;2189266;"So cute.
♪ ♪"
692;2189266;2191467;"Isn't it cute, guys?
>> KOURTNEY: Wait, did you see"
693;2191467;2192734;"what they did?
>> KIM: What?"
694;2192734;2195033;">> KOURTNEY: Penelope had a
dream that it would say"
695;2195033;2198433;""Penelope" in candy, and so
Sharon put it, it said, "Happy"
696;2198433;2201000;"Birthday."
>> KIM: Did you see that?"
697;2201000;2204500;">> KOURTNEY: I mean, this is
such a magical Candy Land"
698;2204500;2206667;"birthday party.
It's so perfect."
699;2206667;2211533;"I worked really hard on it with
our party planner, Sharon Sacks,"
700;2211533;2216667;"and, I mean, every detail was so
perfect, you know, besides the"
701;2216667;2219200;"food, which there were no
compromises."
702;2219200;2221700;"Kim got every single thing she
wanted."
703;2221700;2226533;"There was not one healthy item
at the party."
704;2226533;2228333;"♪ ♪"
705;2236567;2241533;">> GUESTS: ♪ Happy birthday to
you. ♪"
706;2241533;2246767;"(cheering)
♪ ♪"
707;2246767;2249266;">> KOURTNEY: Oh, my God.
(guests cheering)"
708;2249266;2254033;"Look at the inside. Whoo!
>> LARSA: You guys want to do a"
709;2254033;2255200;"fashion show?
>> NORTH: Yeah."
710;2255200;2258233;">> SAINT: I could be the candy
cane."
711;2258233;2260633;">> LARSA: Kim, this kid has been
obsessed with candy his whole"
712;2260633;2262567;"life.
>> KIM: No, I know, that's why"
713;2262567;2267166;"this party is like...
>> LARSA: That's why he's so..."
714;2267166;2275100;"(kids laughing)
♪ ♪"
715;2275100;2277166;">> PARENT: I want to be them for
a day."
716;2277166;2279200;">> KOURTNEY: I know, that's
what... This is, like, our"
717;2279200;2280767;"dreams come true.
>> KIM: Sorry about all of the"
718;2280767;2283200;"candy.
>> PARENT: I know, I-I probably"
719;2283200;2288333;"had twice as much.
>> KIM: I can't believe I'm"
720;2288333;2291333;"saying this: way too much candy.
>> KHLOE: Oh, my God, stop."
721;2291333;2294567;">> KIM: Like, I'm running around
apologizing to parents, like,"
722;2294567;2296767;"I'm so sorry for your sugar
rush."
723;2296767;2299133;">> KOURTNEY: I mean, I
definitely feel bad for all"
724;2299133;2300667;"these parents.
>> KIM: Truly, it would've been"
725;2300667;2302266;"totally fine with just the
decor."
726;2302266;2304166;">> KOURTNEY: Yeah.
>> KIM: And with way less candy."
727;2304166;2306600;">> KOURTNEY: Well, mine didn't
even eat any, I don't think,"
728;2306600;2309300;"because they don't have it
really, and sugar is an"
729;2309300;2311066;"addiction.
>> KIM: You know..."
730;2311066;2315133;">> KOURTNEY: So maybe you'll
listen to your older and wiser"
731;2315133;2317367;"sister next time?
>> KIM: But I still wouldn't"
732;2317367;2320300;"because your suggestion was a
sugar-free Candy Land party."
733;2320300;2322533;">> KOURTNEY: No, I don't like
sugar-free."
734;2322533;2324066;">> KIM: Or gluten-free,
something."
735;2324066;2326200;">> KOURTNEY: No, it wasn't.
>> KIM: It just should've been,"
736;2326200;2330166;"like I've said a million times,
less of the crap candy."
737;2330166;2332400;">> KOURTNEY: Whatever, we're not
definitely never doing a Candy"
738;2332400;2334300;"Land party again, so it doesn't
matter."
739;2334300;2338166;">> KIM: Ever.
>> LARSA: Look at me."
740;2338166;2354033;"One, two, three.
♪ ♪"
741;2354033;2356400;">> KHLOE: Okay, guys, dinner is
served."
742;2356400;2358367;">> KIM: Where are we all
sitting?"
743;2358367;2362600;">> KRIS: Come sit here.
>> KHLOE: Garlic-y."
744;2362600;2366767;"Go like this, Mom, to your nose.
>> KRIS: Oh."
745;2366767;2370166;"Khloe, how's it been going with
the exposure therapy?"
746;2370166;2372300;">> KHLOE: Good.
I like that lady."
747;2372300;2374433;"I really do.
>> KOURTNEY: Who?"
748;2374433;2377133;">> KHLOE: This therapist that
Mom hooked me up with."
749;2377133;2378767;">> COREY: What you need that
for?"
750;2378767;2382633;"You seem pretty balanced out.
>> KHLOE: Thank you, Corey."
751;2382633;2385200;">> COREY: So what you go for?
>> KOURTNEY: For OCD?"
752;2385200;2387767;">> KHLOE: Just, like, yeah, just
'cause I can't, if there's,"
753;2387767;2391433;"like, a mark on the wall or
scuffs on the floor, I freak"
754;2391433;2393734;"out.
>> KRIS: She's easily distracted"
755;2393734;2396734;"by the little things that are
going on in her house."
756;2396734;2399600;">> KHLOE: Like, the girl didn't
like that I had, like,"
757;2399600;2403266;"grapefruits and artichokes,
like, she was like, "Why can't"
758;2403266;2405200;"they be mixed?"
I was like, "'Cause it's a"
759;2405200;2409066;"design aesthetic," and she was
like, "You got to live with it"
760;2409066;2410700;"mixed up," and that really
bothered me."
761;2410700;2415400;"She made me, like, mess up my
closet and deal with it."
762;2415400;2418667;"That one bothered me, but I'm
actually really proud of myself."
763;2418667;2420300;"I feel like I've gotten it
together."
764;2420300;2424200;"I'm not as crazy about things.
I'm better."
765;2424200;2429166;"I let it ride a little more.
>> KRIS: Yeah."
766;2429166;2433467;"So something like that wouldn't
bother you?"
767;2433467;2438100;">> COREY: Oh, wow.
>> KHLOE: Well, I just don't"
768;2438100;2440467;"know why someone would do that,
but..."
769;2440467;2445066;">> KRIS: Or maybe a little more,
like that?"
770;2445066;2447367;">> KHLOE: I mean, of course it
bothers me-- like, you're an"
771;2447367;2450300;"adult, why are you doing that?
>> KIM: Something like this"
772;2450300;2453100;"wouldn't bother you?
>> (Kris laughing)"
773;2453100;2456033;">> KOURTNEY: Or what about this?
(laughs)"
774;2456033;2461667;">> COREY: Oh, wow. Wow.
>> KRIS: Yeah."
775;2461667;2464367;">> KIM: What about... (laughing)
>> COREY: Whoa, whoa."
776;2464367;2467033;">> KRIS: What is happening?
>> KHLOE: Stop it."
777;2467033;2468734;">> KRIS: That wouldn't bother
you?"
778;2468734;2473200;">> KHLOE: No. Don't.
(screams)"
779;2473200;2477033;"Stop it.
Am I bothered by this food fight"
780;2477033;2478734;"right now?
Stop!"
781;2478734;2481133;"Who the (bleep) wouldn't be
bothered by this?"
782;2481133;2486734;"This is, in any normal person's
world, bizarre, disturbing, and"
783;2486734;2489734;"unacceptable.
Listen, you little piece of"
784;2489734;2492500;"sh... (screams)
Kris is the one who got me to"
785;2492500;2497100;"meet with Sheva, and now she's
mocking my growth."
786;2497100;2500000;"You messed with the wrong bitch,
Kris Jenner."
787;2500000;2502300;">> KOURTNEY: Stop.
>> (Kris laughs)"
788;2502300;2504266;">> (Kourtney screams)
>> KRIS: Oh, we're gonna get it,"
789;2504266;2510000;"we're gonna... oh...
>> (Kris and Kourtney screaming)"
790;2510000;2511433;">> KHLOE: Did I do...
What did I just do?"
791;2511433;2514200;">> KIM: I know you don't, I know
you won't get me, so what can I"
792;2514200;2516033;"help you with?
>> KHLOE: No, I'm not gonna get"
793;2516033;2517433;"you.
>> KIM: Okay, what can I help"
794;2517433;2519300;"you with?
>> KHLOE: Who's gonna clean all"
795;2519300;2522700;"this?
Mom, don't."
796;2522700;2526000;"Anybody is not okay with this.
I don't care what therapy you're"
797;2526000;2529033;"in, if anyone's comfortable like
this, this is, like, I'm gonna"
798;2529033;2530734;"question them.
This is no way to live."
799;2530734;2534100;">> KRIS: No, this is no way to
live, but if you can laugh at"
800;2534100;2539767;"this and realize that we're a
little bit of jokesters and"
801;2539767;2544233;"breathe, then I think you're
doing A-okay."
802;2544233;2547467;"(screams)
(bleep), Kim!"
803;2547467;2551467;"You little piece of (bleep).
Why do I always get..."
804;2551467;2554000;"This is her house!
You're the one with the"
805;2554000;2556233;"therapist!
>> KHLOE: You gave me the"
806;2556233;2558333;"therapist.
>> KOURTNEY: I would jump in the"
807;2558333;2561300;"pool if I was you.
>> KRIS: Oh, I will get you."
808;2561300;2563400;">> KIM: Don't get me.
>> KRIS: You just wait till it's"
809;2563400;2567133;"least expected.
>> KIM: Here's a towel. (laughs)"
810;2567133;2571233;">> KHLOE: Oh, my God.
>> (Kourtney laughs)"
811;2571233;2574000;">> KRIS: You know what?
>> KOURTNEY: Oh, my God."
812;2574000;2577400;">> (Kim cackling)
>> KHLOE: She's so excited."
813;2577400;2580533;">> KRIS: It's in my nose. Ew!
Gross!"
814;2580533;2583266;">> KHLOE: Look how excited Kim
is."
815;2583266;2587200;"Oh, my God.
What a waste of food, you guys."
816;2587200;2589400;">> KRIS: You better run for the
hills, Kim."
817;2589400;2592467;">> KHLOE: Okay, so who's gonna
clean all this (bleep) up?"
818;2592467;2597066;"(guests cheering)
>> KHLOE: Kylie did a phenomenal"
819;2597066;2599533;"job.
It is a pink explosion of"
820;2599533;2601533;"fabulousness.
>> (Kim screams)"
821;2601533;2605166;">> KRIS: I bought a dog for
Khloe as a surprise."
822;2605166;2607767;">> KIM: I think it is the
absolute worst idea."
823;2607767;2610000;">> KRIS: Surprise!
Happy birthday, Khloe."
824;2610000;2614433;">> KHLOE: No.
What is this?"
825;2614433;2617033;">> SCOTT: It looks fully like an
engagement ring."
826;2617033;2620233;">> KHLOE: No, no, no, no, no!
Captioning sponsored by"
827;2620233;2621367;"BUNIM-MURRAY PRODUCTIONS"