﻿Number;Start time in milliseconds;End time in milliseconds;"Text"
1;5100;8133;"♪ ♪
>> KIM: I am so excited to get"
2;8133;9734;"a scrub.
>> KHLOE: That is a very cute"
3;9734;11700;"cup.
>> KIM: My good friend Kimora"
4;11700;14767;"Lee Simmons opened up the most
amazing Korean spa in Beverly"
5;14767;16533;"Hills.
>> KIMORA: Oh, hi!"
6;16533;18200;">> KOURTNEY: We're having a
snack."
7;18200;22567;">> KIM: A Korean scrub plus CBD
equals, like, heaven for me."
8;22567;24767;"Khloe's hesitant, so...
>> KIMORA: What?"
9;24767;26633;">> KHLOE: You said they rub your
butthole."
10;26633;29767;">> KIMORA: Okay, so Korean scrub
is like a phenomena, right?"
11;29767;33734;"They scrub you from head to toe.
Here we have the CBD experience,"
12;33734;35667;"so it's in the scrub.
They're gonna massage you"
13;35667;37433;"afterwards.
Not your buttholes."
14;37433;39266;">> KHLOE: Okay, good.
>> KIMORA: Let me know how it"
15;39266;40700;"goes.
>> KHLOE: 'Kay."
16;40700;43400;">> KIMORA: Have fun.
>> KHLOE: Bye."
17;43400;45433;"♪ ♪"
18;53533;56667;">> KIM: Hello.
>> KHLOE: She literally could"
19;56667;59500;"work for CSI.
She scrubs like she's cleaning"
20;59500;62166;"up blood out of a crime scene or
something."
21;62166;63767;">> KIM: Isn't this, like, the
best?"
22;63767;67367;">> KIMORA: No buttholes.
>> KHLOE: Hi, Kimora."
23;67367;93734;"Everyone, come in here.
♪ ♪"
24;93734;95633;">> KIM: Can I show you a few
things?"
25;95633;97700;"For Chi's room...
>> KHLOE: Were we doing Chi's"
26;97700;100033;"room?
Oh, my God."
27;100033;103700;"Everyone's doing butterflies.
Um, I had therapy with Tristan"
28;103700;106767;"on Saturday.
I desire to have a good"
29;106767;110500;"coexisting relationship with
him, but, like, I can't see"
30;110500;113000;"myself ever being able to trust
him."
31;113000;116734;"He said, "I know you and your
family made this a big media"
32;116734;120333;"thing."
I'm like, "Well, do you think I"
33;120333;123367;"would want this out there?"
>> KIM: Not in a million years"
34;123367;125000;"would you have wanted this
public."
35;125000;126700;">> KHLOE: No.
>> KIM: That's what people"
36;126700;132367;"perceive.
It's such an un, like, unspoken"
37;132367;136633;"issue that we have, where people
just assume the worst things"
38;136633;139367;"about our family.
>> KHLOE: People think I stole"
39;139367;143033;"Tristan from his baby mama.
So people think all we do is"
40;143033;146433;"take people's men.
I don't--"
41;146433;149433;"At the end of the day, it's
already out there."
42;149433;151533;"And, you know, if Tristan was
gonna cheat, he was gonna cheat."
43;151533;153667;"It was gonna be public at some
point."
44;153667;157700;"I'm so offended it had to be
with her."
45;157700;161767;"I don't know if I told you, but
yesterday, she texts and said"
46;161767;165734;"she wanted to talk.
I don't know if I need to talk"
47;165734;168300;"to her.
Like, I don't get closure out of"
48;168300;171433;"this deal, because I will never
feel like I can let her back"
49;171433;173266;"into my life again.
>> KIM: And you don't have to."
50;173266;174667;"I mean...
>> KHLOE: I feel like Kylie's"
51;174667;177400;"leaning more towards that, and
that's fine."
52;177400;181100;"And for the love of my sister, I
don't mind talking to her."
53;181100;184700;"I think, during all of this, the
sad part is that, you know,"
54;184700;189567;"Kylie lost her best friend.
And I feel like sometimes my"
55;189567;193000;"situation overshadowed hers.
And she's at a loss as well."
56;193000;196400;"So I kind of want to ask Kylie
if she wants me to have that"
57;196400;198500;"conversation.
I know what happened."
58;198500;201667;"So if Kylie wants her around,
I'm not gonna be argumentative"
59;201667;205000;"and fight back.
I just have to move on."
60;205000;208033;">> KIM: You just need to
genuinely talk to Kylie."
61;208033;218700;">> KHLOE: Yeah.
♪ ♪"
62;218700;220734;">> KHLOE: How pretty is this
view?"
63;220734;223500;">> KRIS: Gorgeous.
I love this."
64;223500;226033;"I can't wait till it's, like,
raining in the winter and I can"
65;226033;228734;"just watch it rain.
>> KHLOE: Yeah."
66;228734;233734;">> KRIS: So, I feel like...
Do you ever have a problem"
67;233734;236567;"getting into Kim's house with
her new security?"
68;236567;239500;">> KHLOE: Well, I normally go
through the front door, like a"
69;239500;243433;"normal person.
>> KRIS: Khloe, every time I go"
70;243433;245066;"over there, they still don't
know who I am."
71;245066;246533;""Remember me?"
>> KHLOE: They know who you are."
72;246533;248333;">> KRIS: "I'm the mom."
>> KHLOE: They're just..."
73;248333;250600;"they're following protocol.
>> KRIS: She has, like, a Navy"
74;250600;254066;"SEAL team over there.
I want her to be safe, but we"
75;254066;257734;"should be able to come and go,
at least, a little more freely."
76;257734;259734;"That's all.
>> KHLOE (chuckles): Okay."
77;259734;261667;">> KRIS: Sometimes, when I'm
walking through the"
78;261667;264667;"neighborhood, I pop into Kim's
for my daily visit."
79;264667;269066;"It's usually very chill.
Suddenly, they're stopping me"
80;269066;273033;"and asking me for my I.D.
We're just gonna grab a water."
81;273033;275500;">> SECURITY: Can I help you?
>> KRIS: It's me, Kris Jenner!"
82;275500;277467;"It's Kim's mom!
>> SECURITY: You have some I.D.?"
83;277467;280633;">> KRIS: I.D.?
I don't know why Kim wanted to"
84;280633;284433;"step up her security.
This is ridiculous."
85;284433;286367;">> KHLOE: It's just so
interesting, 'cause you've"
86;286367;289033;"always told me, "Who cares how
much you pay if it's for your"
87;289033;291400;"safety and your security?"
>> KRIS: 100%."
88;291400;293767;">> KHLOE: But then when it
affects you, when you don't get"
89;293767;295734;"the access you want, that's when
you get pissed."
90;295734;298433;">> KRIS: I'm her mom.
I think her family should have"
91;298433;301200;"clearance.
I go over there, it's"
92;301200;303633;"thumbprints and signatures and,
I mean, "What's your blood"
93;303633;305467;"type?"
>> KHLOE: We have all the"
94;305467;307100;"clearance in the world.
You just have to go through the"
95;307100;309066;"front door.
You don't hop a fence to get"
96;309066;311767;"into her backyard.
>> KRIS: Oh."
97;311767;314066;"(Khloe chuckles)
All right."
98;314066;316767;"I can't move my leg.
It fell asleep."
99;316767;319000;"(pained laughing)"
100;322033;324667;">> KHLOE: So just move it.
>> KRIS: I'm stuck."
101;324667;326633;"(pained laughing)
>> KHLOE: Wow."
102;326633;328700;"♪ ♪"
103;336567;340500;">> KOURTNEY: Hey!
Look who it is!"
104;340500;343600;"Can you set the table, please?
>> MASON: Why?"
105;343600;345300;">> KHLOE: Oh.
>> KOURTNEY: 'Cause, remember,"
106;345300;346667;"we have chores.
>> MASON: But I don't have"
107;346667;348734;"to do them.
(Khloe laughs)"
108;348734;351033;">> KOURTNEY: Can you please
go... KoKo doesn't want to eat"
109;351033;352734;"with us.
>> KHLOE: I'll sit with you."
110;352734;355467;">> KOURTNEY: She may want to sit
and... Hey!"
111;355467;358633;"Oh, my gosh!
>> PENELOPE: Mama?"
112;358633;360767;">> KOURTNEY: Yes, lady?
>> REIGN: Mom!"
113;360767;362533;">> KOURTNEY: No, no, no. Cups.
>> PENELOPE: Why can't I sleep"
114;362533;363767;"there?
>> KOURTNEY: Because it's a"
115;363767;366166;"school night.
>> REIGN: Mama?"
116;366166;368066;">> PENELOPE: Ow.
>> KOURTNEY: I'm gonna bite your"
117;368066;370233;"finger off.
>> REIGN: Mom!"
118;370233;372033;">> KOURTNEY: And you slept out
Friday and Saturday night."
119;372033;373667;"(Reign growls)
>> KOURTNEY: What?"
120;373667;375567;">> REIGN: Give me cough drops.
>> PENELOPE: Well, I slept one"
121;375567;377433;"night in.
>> REIGN: I want a cough drop."
122;377433;379567;">> KHLOE: You don't say,
"Give me." You say, "Mom.""
123;379567;382433;">> REIGN: Mom, can I please have
a cough drop?"
124;382433;385633;">> KOURTNEY: Yeah. Sure.
>> PENELOPE: I didn't do it."
125;385633;388166;">> REIGN: Go. Go, Mom.
>> KHLOE: What'd you say to your"
126;388166;391633;"mom?
>> REIGN: Mom, please."
127;391633;395266;">> KOURTNEY: Hey!
You're not gonna get one."
128;395266;399767;"There's times when my kids don't
listen, but I do think kids"
129;399767;403467;"thrive on having structure.
Growing up, I think my dad was"
130;403467;406633;"more strict than my mom.
>> ROBERT: Put that down."
131;406633;408700;"No more pictures.
>> YOUNG KOURTNEY: Okay, Daddy."
132;408700;411467;">> KOURTNEY: But he would do it
in a loving way."
133;411467;416300;">> ROBERT: Okay, this is great.
>> KOURTNEY: And so I try to be"
134;416300;419734;"more like that, but I'm not the
best at it."
135;419734;423467;">> REIGN: I'm not in the mood.
That's my serious face."
136;423467;426000;">> KHLOE: What is?
That's your serious face?"
137;426000;431133;"It's okay. You can have that.
I'm not in the mood, either."
138;431133;433066;"You haven't been wine tasting?
>> KYLIE: Never been wine"
139;433066;434533;"tasting.
>> KHLOE: Ever?"
140;434533;436667;"I'm super excited to go wine
tasting with Kylie."
141;436667;438300;"It's a good sister day, for
sure."
142;438300;439734;">> KYLIE: I'm gonna taste all
the wine."
143;439734;443133;">> KHLOE: Yes, girl!
>> KOURTNEY: So, Mason got in"
144;443133;445734;"trouble at school today.
>> SCOTT: What happened?"
145;445734;448600;">> KOURTNEY: He was playing with
this kid, and Mason was like,"
146;448600;455667;""Do you want to fight?"
>> SCOTT: What?"
147;455667;460300;"♪ ♪
>> KHLOE: Hi, guys."
148;460300;463233;">> KYLIE: Hi!
>> KHLOE: Stormaloo."
149;463233;466266;"Stormaloo. Stormaloo.
(Stormi snickers)"
150;466266;468266;">> STORMI: Boo!
>> KYLIE: Oh!"
151;468266;471066;">> KHLOE: Boo!
Kylie asked me to be a part of"
152;471066;474133;"her new skin-care line, and I'm
here doing press and photo"
153;474133;476567;"shoots and all of that.
And I'm so excited."
154;476567;479033;"I'm so proud of Kylie.
Feeling good in your own skin"
155;479033;482166;"should be at any phase in your
life, 'cause it is mind, body"
156;482166;485333;"and soul.
Self-care starts with your skin."
157;485333;487300;"So, you haven't been wine
tasting?"
158;487300;489100;">> KYLIE: Never been wine
tasting."
159;489100;490533;">> KHLOE: Ever?
>> KYLIE: Ever."
160;490533;492700;">> KHLOE: So, we're gonna go.
Napa it up."
161;492700;496200;"Literally for, like, one day.
Fly in, fly out, so we can be"
162;496200;498700;"back to put our kids to sleep.
>> KYLIE: Okay, cool."
163;498700;501033;"I'm just gonna go crazy and get
wasted with you."
164;501033;502567;">> KHLOE: Good.
>> KYLIE: I'm letting it all go."
165;502567;505700;"I'm gonna taste all the wine.
>> KHLOE: Uh, yes, girl! Okay."
166;505700;507700;"(Kylie chuckles)
I'm super excited to go wine"
167;507700;510100;"tasting with Kylie.
I feel like this is the perfect"
168;510100;512600;"time to have my heart-to-heart.
I think if we're in person and"
169;512600;515100;"if we get a little drunk and,
you know, go down our little"
170;515100;517400;"stories.
It's a good sister day, for"
171;517400;519700;"sure.
The first time I went wine"
172;519700;523266;"tasting was with Kourt in Napa.
And Mom."
173;523266;527033;"And Mom was an animal.
>> KYLIE: Oh, I could never"
174;527033;530300;"forget those videos.
>> KHLOE: The last time I was in"
175;530300;533367;"Napa, we got probably too drunk.
(Cockney accent): Hello, guvna."
176;533367;537266;"My little lady.
(Kourtney laughing)"
177;537266;541066;">> KOURTNEY: Oh, my gosh.
(Kris laughing)"
178;541066;545400;">> KRIS: A walkie-talkie.
A wa... a wa... a walkie-talkie."
179;545400;548233;"Walkie-talkie.
Walkie (bleep) talkie."
180;548233;551266;">> FRENCH (laughs): Oh, my God.
>> KHLOE: Let's bring Kris"
181;551266;554633;"Jenner.
(line ringing)"
182;554633;557200;"Hey, Mom.
>> KRIS: Hi, honey."
183;557200;559333;">> KHLOE: I'm with Kylie Bear.
>> KRIS: Yeah."
184;559333;561667;">> KHLOE: And we're gonna go to
Napa."
185;561667;564066;">> KRIS: Oh!
>> KHLOE: And I was telling her"
186;564066;568033;"that you literally made our Napa
trip last time, so... guess"
187;568033;572333;"who's coming to Napa with us.
I have nothing else to hear from"
188;572333;575734;"you but "hell yeah."
>> KRIS: Well, hell yeah."
189;575734;581066;">> KHLOE: Yeah!
We're going to Napa."
190;581066;583100;"♪ ♪"
191;588367;591333;"(birds chirping)
>> KOURTNEY: His dad and I will"
192;591333;594000;"both talk about it with him.
>> PRINCIPAL: Okay."
193;594000;595300;">> KOURTNEY: Okay.
>> PRINCIPAL: I know you will."
194;595300;597066;"I appreciate it.
>> KOURTNEY: Thank you."
195;597066;598367;">> PRINCIPAL: You got it,
Kourtney."
196;598367;599667;">> KOURTNEY: Okay, have a good
weekend."
197;599667;601166;">> PRINCIPAL: You have a
fabulous weekend."
198;601166;602433;">> KOURTNEY: Okay.
>> PRINCIPAL: Take care."
199;602433;604266;">> KOURTNEY: Okay, thanks. Bye.
>> PRINCIPAL: Okay."
200;604266;606333;">> KHLOE: What's happening?
>> KOURTNEY: Mason was playing"
201;606333;608266;"handball.
This guy just got a new ball,"
202;608266;610066;"and he asked him to play
with him."
203;610066;612200;"So, Mason was playing, and Mason
wanted to serve."
204;612200;615266;"And the guy wanted to serve.
And then Mason said, "Do you"
205;615266;618300;"want to fight?"
And Mason looked like he was"
206;618300;620734;"gonna, like, fight him.
The principal said Mason"
207;620734;623000;"acknowledged everything that
he did, and he-he's going in"
208;623000;625000;"on Monday.
>> KHLOE: That's good he"
209;625000;627000;"acknowledges it.
>> KOURTNEY: He's writing an"
210;627000;629166;"apology letter with the
principal."
211;629166;631266;"But he was gonna go to his
friend's."
212;631266;634000;"Do I cancel it?
>> KHLOE: Hmm."
213;634000;636266;">> KOURTNEY: I think it's fine.
>> KHLOE: Yeah, I think it's"
214;636266;639133;"fine.
>> KOURTNEY: There was an"
215;639133;642400;"incident at school, and... you
know, I just think it's normal"
216;642400;647000;"kid stuff.
But I want to hear Mason's side"
217;647000;652300;"and see what he has to say about
it first before we do anything."
218;652300;654734;"(line ringing)
Hey, Mase."
219;654734;657700;"What happened?
>> MASON: So, I got the ball."
220;657700;660000;"He just... we wanted to
rock-paper-scissors, but he"
221;660000;662400;"never wanted to.
>> KOURTNEY: Mm-hmm."
222;662400;664333;">> MASON: And then he told the
teacher and that it was his"
223;664333;666300;"ball.
>> KOURTNEY: And then you told"
224;666300;668734;"him you wanted to fight?
>> MASON: Yeah."
225;668734;670533;">> KHLOE: You can't be beating
people up."
226;670533;673033;">> MASON: I know.
>> KOURTNEY: So, you want to try"
227;673033;675500;"to respect everyone, even if
they're different than you are"
228;675500;678367;"and, you know, not-- if they're
not your kind of friend, then"
229;678367;681000;"just maybe don't-- try not to
hang out with them."
230;681000;683000;">> MASON: Yeah.
>> KOURTNEY: I'm gonna still let"
231;683000;686000;"you go to your playdate, 'cause
I appreciate your honesty."
232;686000;689400;"People make mistakes, babe, and
then they have consequences."
233;689400;692200;"Like, you-you're gonna go in and
write the letter and apologize."
234;692200;694100;"Everybody makes mistakes.
>> KHLOE: And that's it."
235;694100;695500;">> KOURTNEY: You're learning and
growing."
236;695500;698300;">> MASON: Thank you.
>> KOURTNEY: Okay? You have the"
237;698300;701300;"wisest mom and auntie.
>> KHLOE: Oh, I am like,"
238;701300;705033;""Grasshopper."
I am literally so wise."
239;705033;706567;">> MASON: That's why you're my
favorite aunt."
240;706567;709333;">> KHLOE: Yeah!
>> KOURTNEY: Okay, I love you."
241;709333;711400;"♪ ♪"
242;716433;718467;">> EMILIA: Hi! Hi. I'm Emilia.
>> KOURTNEY: Hi. Hi. Kourtney."
243;718467;720133;">> EMILIA: Welcome to
Cryohealthcare."
244;720133;722033;">> KOURTNEY: Thank you.
>> EMILIA: First time?"
245;722033;723567;">> KHLOE: Yeah. Excited.
>> EMILIA: Welcome to the"
246;723567;726066;"coldest place on Earth.
>> KHLOE: Oh, wow."
247;726066;729200;"I've heard amazing things about
cryotherapy."
248;729200;732200;"I know it's supposed to help
with recovery and healing."
249;732200;734367;"My nipples are kind of hard.
I already feel it."
250;734367;736467;"And I have sensitive nipples.
You're just gonna freeze your"
251;736467;738200;"balls off for a minute.
>> EMILIA: All right."
252;738200;739600;">> KHLOE: Thank you.
>> EMILIA: I will see you in two"
253;739600;741200;"minutes.
>> KOURTNEY: Ooh-la-la."
254;741200;743433;"Oh, my God, I'm freezing
already."
255;743433;747133;"(creaking)
(both squealing, laughing)"
256;747133;751400;"(laughing): Oh, my God.
I hate being cold."
257;751400;753367;"(laughs)
>> KHLOE: Just keep jumping."
258;753367;755600;">> KOURTNEY: Oh, my God.
(both laughing)"
259;755600;760567;">> KHLOE: Five, four, three...
>> KHLOE and KOURTNEY: Two, one."
260;760567;764266;">> KHLOE: Oh, my God!
>> KOURTNEY: Oh, my God."
261;764266;768100;"(laughing)
I feel good. Do you?"
262;768100;769633;">> KHLOE: Yeah.
Are you supposed to jump around"
263;769633;771533;"in there?
>> EMILIA: You can. But you have"
264;771533;774333;"to consider, when you move, you
create more wind and it gets"
265;774333;776500;"even colder.
>> KHLOE: Oh."
266;776500;784300;"(laughing)
♪ ♪"
267;784300;787600;"That was so fun, wasn't it?
>> KOURTNEY: Yeah, I loved it."
268;787600;791400;"Let me call Scott back.
(line ringing)"
269;791400;793367;">> SCOTT: Hello?
>> KOURTNEY: Hi."
270;793367;795266;">> SCOTT: Hey.
>> KOURTNEY: So, I spoke to"
271;795266;798433;"Mason.
Um, so, he's gonna stay at"
272;798433;801500;"Gatlin's, but he got in trouble
at school today."
273;801500;804433;">> SCOTT: What happened?
>> KOURTNEY: He just, um, was"
274;804433;808133;"playing with this kid.
But then Mason was like, "Do you"
275;808133;810266;"want to fight?"
>> SCOTT: What?"
276;810266;814000;">> KOURTNEY: And Mason, like,
squared off, kind of like he was"
277;814000;817233;"ready to fight him.
>> SCOTT: It's kind of serious."
278;817233;820300;"I mean, it's a very serious
thing to say to somebody."
279;820300;822300;">> KOURTNEY: Okay.
So, I don't know."
280;822300;824633;">> SCOTT: It's not like a little
"Oh, you're a jerk," like..."
281;824633;828000;"It's, like, pretty bad at nine
years old."
282;828000;830467;">> KOURTNEY: Right. So, we... I
was like, "I'm gonna let you go"
283;830467;833667;"to Gatlin's, but, you know,
we're gonna talk about it.""
284;833667;836433;"And I was like, "And on Monday,
you're going into the school.""
285;836433;839233;"And him and the principal are
sitting down and they're having"
286;839233;842400;"more of a talk about it.
They did talk about it today."
287;842400;844166;">> SCOTT: Lucky he didn't get
suspended."
288;844166;845467;">> KOURTNEY: So, what do you
think?"
289;845467;848300;"Should I have him picked up?
>> SCOTT: For sure!"
290;848300;850433;"He asked the kid if he wanted to
fight him!"
291;850433;853200;"No chance you should be at a
sleepover."
292;853200;855667;"Kourtney likes to talk a huge
game about being this big"
293;855667;858633;"disciplinarian.
But if your son gets in trouble"
294;858633;861133;"at school, he has to be punished
at home."
295;861133;862667;">> KOURTNEY: Everyone makes
mistakes."
296;862667;865533;">> SCOTT: This is exactly the
stuff that I got away with."
297;865533;869433;"My biggest problem as a kid was
not having, really, any respect"
298;869433;871467;"for authority.
You know, I got in a lot of"
299;871467;873300;"trouble.
Then I didn't really have"
300;873300;876133;"consequences after.
And that was one of the things"
301;876133;878533;"that I wanted to change when I
had kids, basically."
302;878533;882166;">> KOURTNEY: What do you think?
>> KHLOE: I'm not the father."
303;882166;886367;"You should respect what he says,
you know?"
304;886367;890333;">> KOURTNEY: Did you change the
security protocol at your house?"
305;890333;893333;"Because they almost asked me to
sign an NDA."
306;893333;896266;">> KIM: They should have.
It's gonna seem a little bit"
307;896266;900200;"excessive, but it's what makes
me feel safe."
308;900200;902567;"♪ ♪
>> KRIS: We're in Napa Valley,"
309;902567;904400;"guys.
>> DESIREE: Nothing like having"
310;904400;906200;"wine for breakfast.
>> KRIS: Do you have a"
311;906200;907467;"wheelchair to get me out of
here?"
312;907467;909233;"(laughs)"
313;913166;915700;">> KHLOE: Are you excited to go
to Napa for your first time?"
314;915700;919433;">> KYLIE: Yes!
>> KHLOE: Today is the day."
315;919433;923233;"I'm so excited to go to Napa
with my mom and Kylie, doing one"
316;923233;928166;"of our favorite pastime hobbies,
drinking wine."
317;928166;930500;">> KYLIE: Kourtney is 40.
That is crazy."
318;930500;933700;">> KRIS: When Stormi turns 40,
you're gonna go, "Weird.""
319;933700;935767;">> KHLOE: Ew.
>> KYLIE: I'll be..."
320;935767;938166;">> KHLOE: Don't talk about it.
>> KYLIE: What?"
321;938166;940767;">> KHLOE: Makes me sad.
Are you gonna cry?"
322;940767;943266;"Why?
>> KYLIE: Aw."
323;943266;947367;">> KRIS: 'Cause I won't be here.
>> KYLIE (laughs): Mommy."
324;947367;949467;">> KHLOE: I can't believe
someone's already crying on"
325;949467;951467;"this trip.
I mean, we just started."
326;951467;954400;"We didn't even land in Napa yet.
I don't want to talk about this"
327;954400;957000;"kind of stuff right now.
I want us to be enjoying Napa."
328;957000;960567;"It's supposed to be fun, not sad
and depressing and making us all"
329;960567;964233;"cry.
I'm gonna be 70."
330;964233;968533;"My face frozen as (bleep).
I will be so fly."
331;968533;971266;"Covered in diamonds.
Kris Jenner's diamonds, of"
332;971266;973300;"course, 'cause someone has to
take 'em."
333;973300;976000;"We'll be like the Golden Girls--
me, Kourtney and Kim-- going to"
334;976000;984467;"Stormi's 40th.
♪ ♪"
335;984467;986300;">> KRIS: We're in Napa Valley,
guys."
336;986300;989700;"Look at the vineyards.
>> KHLOE: We're gonna have fun."
337;989700;991500;"♪ ♪"
338;994433;997266;">> KRIS: Hi. Oh, my!
You just don't waste any time,"
339;997266;999433;"do you?
Hi again!"
340;999433;1000767;">> KRIS and KHLOE: Wow.
>> KYLIE: Thank you."
341;1000767;1002233;">> DAVE: Brought you a little
chardonnay."
342;1002233;1004033;">> KRIS: Look at you.
You sure did."
343;1004033;1006266;">> KHLOE: First stop, winery
number one."
344;1006266;1008667;"I mean, Napa is just as
beautiful as I remember it."
345;1008667;1012600;"The wine tastes just as good.
>> DESIREE: Nothing like having"
346;1012600;1015333;"wine for breakfast.
>> DAVE: Oh, beautiful juice."
347;1015333;1017066;">> DESIREE: Ooh. And this is
very interactive, so you're"
348;1017066;1018667;"gonna get wine on you,
a little bit."
349;1018667;1020467;">> KRIS: Oh, I don't care.
>> DAVE: A little bit."
350;1020467;1022233;"Uh, little more.
>> KRIS: Me and wine are"
351;1022233;1023734;"interactive.
>> DAVE: So, this is a cabernet"
352;1023734;1027266;"sauvignon.
It grows in St. Helena."
353;1027266;1030667;"Oh, Kris, the world's first
marble barrel."
354;1030667;1032467;">> KRIS: Stop.
>> DAVE: Yes."
355;1032467;1033767;">> KRIS: Wow.
>> KHLOE: Oh, my gosh. Wow."
356;1033767;1035533;">> DAVE: We're getting ready to
put wine in it."
357;1035533;1037533;">> KRIS: You guys can put me in
a marble barrel..."
358;1037533;1039467;"(laughter)
...when it's my turn."
359;1039467;1041467;">> KHLOE: With wine?
>> DAVE: Oh, here's a good"
360;1041467;1044333;"barrel.
>> KHLOE: Kylie and I will vibe"
361;1044333;1046667;"when the time is right.
I mean, I want us to have fun,"
362;1046667;1050066;"enjoy Napa a little bit,
maybe get a little more tipsy,"
363;1050066;1052300;"and then we'll have our
big-girl conversation."
364;1052300;1055233;"Because having a deep convo when
you're a little lit is so much"
365;1055233;1056700;"easier.
>> KRIS: Do you have a"
366;1056700;1058066;"wheelchair to get me out of
here?"
367;1058066;1060367;">> DAVE: We have wheelchairs,
whatever you need."
368;1060367;1071467;"(laughs)
♪ ♪"
369;1071467;1073734;">> RAJ: How are you?
>> KIM: Good. I'm obsessed with"
370;1073734;1076066;"your lasers.
I told Kourtney to come."
371;1076066;1077500;">> RAJ: Yeah. Should we try
it again?"
372;1077500;1079567;">> KIM: Yeah, yeah, yeah.
>> RAJ: All right."
373;1079567;1081600;">> KIM: So, I have an
appointment to do this new"
374;1081600;1085266;"thing called Emsculpting, and
it's just this machine that you"
375;1085266;1089533;"put on your stomach, and it
feels like you're doing stomach"
376;1089533;1093667;"crunches, but you're not.
I'm into it. (chuckles)"
377;1093667;1096600;"(rapid clicking)
(exhaling)"
378;1096600;1098600;"(bleep)
>> KOURTNEY: Hi. How are you?"
379;1098600;1102500;">> RAJ: Hi. How are you?
>> KOURTNEY: Good to see you."
380;1102500;1104500;"Mwah! Mwah!
>> RAJ: Should we go a little"
381;1104500;1106100;"higher?
>> KIM: I can handle it higher."
382;1106100;1107667;">> RAJ: Yeah.
>> KIM: For sure."
383;1107667;1109667;">> RAJ: I'm going to take it up
to a hundred."
384;1109667;1112433;"(Kim groans, Kourtney laughs)
>> KOURTNEY: Um, did you change"
385;1112433;1114734;"the security protocol at your
house?"
386;1114734;1117500;"Because when I went to pick up
North the other day, they asked"
387;1117500;1121266;"me my name, they asked Scott his
name when we both came."
388;1121266;1125433;"And then they almost asked me to
sign an NDA, and I was like,"
389;1125433;1128500;""I'm Kim's sister."
>> KIM: They almost?"
390;1128500;1130633;">> KOURTNEY: Yeah.
>> KIM: They should have."
391;1130633;1133133;">> KOURTNEY: No.
(laughs)"
392;1133133;1135133;">> KIM: You know, there's been
all those robberies in Hidden"
393;1135133;1140333;"Hills, so now we have three main
house security guys a day, and"
394;1140333;1143533;"then three others. But...
(rapid clicking)"
395;1143533;1145734;"(exhales)
(Kourtney laughs)"
396;1145734;1148734;"But we have all the... like, we
installed all new cameras, just,"
397;1148734;1152000;"like, a totally different system
that's, like, literally, like..."
398;1152000;1154567;"(rapid clicking)
...military system."
399;1154567;1158033;">> KOURTNEY: Well, that's good.
I just feel like the security"
400;1158033;1162000;"should know... me.
You know."
401;1162000;1164533;">> KIM: Yeah.
In Hidden Hills, there have been"
402;1164533;1169166;"these armed robberies happening
lately, so because of that and"
403;1169166;1172166;"obviously what happened in
Paris..."
404;1172166;1176767;"My door was open like this, and
then I saw... two guys right"
405;1176767;1180600;"outside of my bedroom.
And I was like, "This is it.""
406;1180600;1183600;"It's gonna seem a little bit
excessive for a minute, but it's"
407;1183600;1188166;"what makes me feel safe.
(exhales)"
408;1188166;1191667;">> RAJ: Great breath. Exactly.
Great breath."
409;1191667;1193667;">> KIM: I feel like I'm giving
birth."
410;1193667;1196400;"Aah... (laughs)
(Kourtney laughs)"
411;1196400;1205667;">> RAJ: You're doing very well.
♪ ♪"
412;1205667;1208100;">> KRIS: Oh, look at that one
with all the vines."
413;1208100;1210100;">> KYLIE: It looks pretty.
>> KHLOE: Yeah."
414;1210100;1213500;">> KRIS: Look at that church way
over there, guys."
415;1213500;1218633;"Oh. You missed it.
Little red barn."
416;1218633;1221033;"Look at that up there.
Khlo."
417;1221033;1223400;">> KHLOE: What?
>> KRIS: That whole hillside."
418;1223400;1225467;"It's so pretty.
>> KHLOE: Oh, my gosh, you're"
419;1225467;1227100;"freaking me out.
>> KRIS: Get your nose out of"
420;1227100;1230133;"your phone.
Look at that. Look at that."
421;1230133;1232633;">> KHLOE: Mom. What?
>> KRIS: Come on. Get a picture."
422;1232633;1234367;">> KHLOE: Oh, my God.
>> KRIS: Come on."
423;1234367;1236166;"Khloe, Khloe, Khloe, Khloe,
right there, right back there."
424;1236166;1238000;">> KHLOE: Mom! What?
>> KRIS: Church, church."
425;1238000;1240200;">> KHLOE: I-I don't care.
Stop yelling at me like that."
426;1240200;1250033;">> KRIS: Oh.
♪ ♪"
427;1250033;1253033;">> KHLOE: Kylie, do you know why
you're supposed to hold wine by"
428;1253033;1254600;"the stem?
>> KYLIE: Mm-mm."
429;1254600;1258767;">> KHLOE: Because your hands
warm up the wine, and it changes"
430;1258767;1261767;"the temperature faster.
>> KRIS: Just sit around going"
431;1261767;1263533;"like this, ladies.
>> KYLIE: This does look"
432;1263533;1265400;"professional.
>> KRIS: You're good."
433;1265400;1269567;"I'm going in the other room.
You guys, this is everything."
434;1269567;1273166;"Everything about it is perfect.
I'm like... (gasps, laughs)"
435;1273166;1275166;">> KHLOE: Mom's having too much
fun over there."
436;1275166;1277633;">> KYLIE: She's crazy.
>> KHLOE: Everyone's gone crazy."
437;1277633;1280200;">> KYLIE: I know.
>> KHLOE: But... I just think,"
438;1280200;1282533;"like, you're really good at
being calm, even when you"
439;1282533;1285100;"probably do want to scream at
someone."
440;1285100;1287433;">> KYLIE: Yeah.
>> KHLOE: Like, to go through,"
441;1287433;1290100;"like, what we've all been
through and, like, you lost a"
442;1290100;1294633;"life-long friend.
Like, I feel really bad about"
443;1294633;1299200;"that.
And... I just want, like, you to"
444;1299200;1304700;"be happy.
♪ ♪"
445;1304700;1307166;">> KOURTNEY: She was really
upset and scratched her."
446;1307166;1309700;">> COREY: I'm sorry, but if P
scratched me, I'm whipping her"
447;1309700;1312567;"ass.
>> SCOTT: My daughter?"
448;1312567;1315000;"Get the (bleep) out of here!
>> COREY: Whipping is... that's"
449;1315000;1317000;"discipline, mother(bleep)!
>> SCOTT: You just said,"
450;1317000;1319000;""I would whup her ass!"
>> COREY: No, I'll whup your"
451;1319000;1321166;"ass!
>> KIM: Hello?"
452;1321166;1322734;">> KHLOE: Oh, my God, Kim.
>> KIM: What?"
453;1322734;1324734;">> KHLOE: You gotta come.
We just called 911."
454;1324734;1331767;"This is so crazy.
>> KIM: Wait, what?"
455;1331767;1334100;">> KHLOE: You lost a life-long
friend."
456;1334100;1338567;"And, like, like, I feel really
bad about that."
457;1338567;1345500;"I just want, like, you to be
happy."
458;1345500;1349567;">> KYLIE: I feel like...
this whole situation needed to"
459;1349567;1354100;"happen...
for a reason, for me, for her,"
460;1354100;1356433;"for you, for everybody."
461;1359033;1361633;"She was my security blanket.
She lived with me."
462;1361633;1364667;"We did everything together.
And... I feel like there's a"
463;1364667;1367100;"part of me that needed to grow
without her."
464;1367100;1370567;"And sometimes people are there
for certain reasons at certain"
465;1370567;1373133;"times in your life and then not
there for others."
466;1373133;1375266;">> KHLOE: Yeah.
>> KYLIE: Obviously, I love her."
467;1375266;1378200;"Right now she's kind of doing
her thing, I'm doing my thing,"
468;1378200;1382033;"so I'm kind of just...
going with the flow. I'm happy."
469;1382033;1384033;">> KHLOE: Good.
>> KYLIE: For some weird reason."
470;1384033;1386600;">> KHLOE: As long as you're
happy, that's all that matters."
471;1386600;1389567;"I really respect in you that you
still deal with everything, but"
472;1389567;1392767;"you're just very calm about it.
I think it's just 'cause you're"
473;1392767;1396300;"so confident and, like, secure
with... who you are, which is so"
474;1396300;1398333;"wonderful.
>> KYLIE: Thanks."
475;1398333;1401567;">> KHLOE: And it's such, like, a
really inspiring trait that you"
476;1401567;1403734;"have.
>> KYLIE: I feel like we're just"
477;1403734;1408200;"all so lucky to have each other,
because I feel like..."
478;1408200;1412600;"a lot of the reason why I am the
way I am is because of you guys."
479;1412600;1414633;">> KHLOE: We'll always be okay
because we have each other,"
480;1414633;1416633;"and that's just...
>> KYLIE: Thank God."
481;1416633;1419100;">> KHLOE: Thank God.
>> KYLIE: Imagine if we didn't."
482;1419100;1421200;">> KHLOE: If this conversation
didn't happen, I wouldn't know"
483;1421200;1424033;"what a good headspace Kylie's
in, so I feel good about that."
484;1424033;1427767;"And I'm feeling better and
better with every day."
485;1427767;1431166;"And I feel more at peace knowing
that Kylie's in such a good"
486;1431166;1433633;"headspace right now.
Everything's supposed to happen"
487;1433633;1436266;"for a reason, and I feel like
this is, like, the season to"
488;1436266;1438700;"filter through the bull(bleep).
>> KYLIE: Mm-hmm."
489;1438700;1442100;">> KHLOE: And... you know, only
the strong and loyal will"
490;1442100;1444400;"survive.
>> KYLIE: Yep."
491;1444400;1446700;">> KRIS: Khloe!
>> KHLOE: Yes, ma'am?"
492;1446700;1448734;">> KRIS: I want to go drive a
tractor."
493;1448734;1451633;">> KHLOE: Okay.
♪ ♪"
494;1451633;1454266;">> KRIS: I mean, priorities.
>> KHLOE: You can't drink and"
495;1454266;1456600;"drive, lady.
>> KRIS: I'm trying to wait for"
496;1456600;1459033;"your sister.
>> KHLOE: Oh, my God, two"
497;1459033;1460700;"leopards!
(Kylie laughs)"
498;1460700;1465133;">> KRIS: Oh...
(Kylie and Kris laughing)"
499;1465133;1466734;"♪ ♪"
500;1474200;1477133;">> KRIS: Thanks, everybody, for
coming to our party."
501;1477133;1479767;"We appreciate the attendance,
the love, the support."
502;1479767;1481367;">> COREY: Yes.
>> KRIS: Cheers, babe."
503;1481367;1483133;">> COREY: Cheers.
Good health and more wealth."
504;1483133;1487667;">> KRIS: Oh, yeah.
>> COREY: Whoo!"
505;1487667;1489667;">> KRIS: You're just doing that
to touch my boob."
506;1489667;1491667;">> COREY: I'm trying to help
with wardrobe."
507;1491667;1493667;">> KRIS (laughs): Yeah, okay.
>> KOURTNEY: Hi, guys."
508;1493667;1495734;">> KRIS: Hey!
>> SCOTT: Ah... the Cor-ster!"
509;1495734;1497633;">> KOURTNEY: Hey.
>> KRIS: Did you guys drive"
510;1497633;1499400;"together?
>> KOURTNEY: Yeah."
511;1499400;1502133;">> JONATHAN: Oh, my God, this
is just such a great surprise."
512;1502133;1504133;">> KRIS: Hey!
>> COREY: Happy birthday,"
513;1504133;1507033;"Mr. God.
>> KOURTNEY: Happy birthday!"
514;1507033;1510734;">> KIM: We are here celebrating
Jonathan, because he changed his"
515;1510734;1515066;"name officially to Foodgod, and
what better way to celebrate the"
516;1515066;1518233;"Foodgod than with some really
good food."
517;1518233;1520767;"This looks bomb.
>> JONATHAN: I got a hot one."
518;1520767;1523333;"(bleep) (groans)
>> KOURTNEY: Kim, will you hand"
519;1523333;1525633;"me one of those?
>> KIM: Yeah. I got to, like,"
520;1525633;1528633;"figure out if we should speak up
about everyone just blatantly"
521;1528633;1530633;"talking (bleep).
>> SCOTT: What are you talking"
522;1530633;1533100;"about?
>> KIM: So, everyone always is"
523;1533100;1535633;"like, "Khloe is a home-wrecker."
>> KRIS: How can Khloe be a"
524;1535633;1537633;"home-wrecker?
>> KIM: Because they-they think"
525;1537633;1540667;"Tristan was still in a
relationship with his baby mama."
526;1540667;1542667;">> KRIS: Oh, no, we got to
straighten that out."
527;1542667;1546000;">> KIM: But I'm just saying they
say Khloe stole French Montana"
528;1546000;1548000;"from Trina.
>> KOURTNEY: Give me your phone."
529;1548000;1550000;"I'm gonna call French.
I need to know the truth of"
530;1550000;1552000;"this.
(French sings indistinctly)"
531;1552000;1554133;"♪ Oh, rah, tah
tee, tee, tee-oh. ♪"
532;1554133;1557300;">> KIM: Okay, so here's the
thing-- the sentiment has"
533;1557300;1560433;"always been, you lose 'em
how you get 'em."
534;1560433;1563233;"The world thinks I, you know,
stole Kanye from Amber."
535;1563233;1565333;"That happened years later.
I have receipts."
536;1565333;1568200;"I'm gonna show them.
But the thing that they always"
537;1568200;1571400;"say about Khloe is, Khloe took
Tristan from his baby mama,"
538;1571400;1575133;"which wasn't true.
Then they always say that Khloe"
539;1575133;1577233;"stole French from Trina.
>> FRENCH: I was never with"
540;1577233;1579367;"Trina when, um, I started going
out with Khloe."
541;1579367;1581400;">> KIM: I know, but that's...
that's the thing."
542;1581400;1583166;"It's, like, we've let it slide
for so long..."
543;1583166;1585166;">> FRENCH: They're always going
to say something, but if you"
544;1585166;1587300;"don't finally nip it in the
butt, they going to keep saying"
545;1587300;1589734;"it for the next 25 years.
>> KIM: Yeah, all right."
546;1589734;1591333;"We'll call you later.
>> FRENCH: Yeah, you're all"
547;1591333;1593166;"right.
>> KIM: Okay, bye."
548;1593166;1595233;">> KOURTNEY: Oh, you guys, I
don't have a nanny anymore."
549;1595233;1597233;">> KRIS: What?
>> KOURTNEY: She said P was"
550;1597233;1599700;"really upset.
She was putting her in the car,"
551;1599700;1602266;"and Penelope scratched her face.
But, like, P can be out of"
552;1602266;1604166;"control.
I think she almost, like, blacks"
553;1604166;1606400;"out and, like, does these wild
things, but, like, if you're a"
554;1606400;1608400;"nanny, you also...
>> KRIS: I've never had..."
555;1608400;1610400;">> COREY: If a kid scratched
you, can you pop the kid and"
556;1610400;1612433;"it's cool?
>> KOURTNEY: No, but you could"
557;1612433;1615500;"also say something to her in
the moment."
558;1615500;1617500;">> JONATHAN: Yeah.
>> KOURTNEY: I don't know."
559;1617500;1620100;">> KIM: I think you need to
reach out to her, and you need"
560;1620100;1622533;"to say, "I am so sorry," like...
>> KOURTNEY: I did, over the"
561;1622533;1625567;"weekend, but I will again.
>> KIM: You know, North tried to"
562;1625567;1629734;"bite... my nanny, and said, "I
don't want a nanny anymore."
563;1629734;1631734;"You can go home."
And I was like, "You can't fire"
564;1631734;1634266;"our nanny."
>> KRIS: And this is so much"
565;1634266;1638200;"more serious than I think you
realize, because I had six kids."
566;1638200;1643233;"Not one time in my entire life
did anyone ever have a complaint"
567;1643233;1645767;"like this-- ever.
>> KOURTNEY: I scratched you,"
568;1645767;1648266;"and I used to (bleep) slap my
nannies, like, bam, across their"
569;1648266;1650266;"face.
>> KRIS: We need to take care of"
570;1650266;1652433;"this before it gets too far out
of control."
571;1652433;1654467;">> KOURTNEY: There's nothing I
could take away from her"
572;1654467;1656734;"physically that she will care
about."
573;1656734;1659333;"Mason, I could take away,
whatever, he cares."
574;1659333;1662133;"Penelope does not care.
Every kid is different."
575;1662133;1665033;">> COREY: I'm sorry, but if P
scratched me for no reason,"
576;1665033;1668433;"I'm whipping her ass, and I'll
explain it to y'all later."
577;1668433;1670600;">> SCOTT: What?
>> COREY: I will whip her ass."
578;1670600;1673033;">> SCOTT: You would whup
Penelope's ass if she scratched"
579;1673033;1675200;"you?
>> COREY: I would give her a"
580;1675200;1677300;"spanking, for sure.
>> SCOTT: My daughter?"
581;1677300;1679233;">> COREY: Hell yeah.
>> SCOTT: What the (bleep) are"
582;1679233;1681433;"you talking about?
You would whup my daughter's ass"
583;1681433;1683467;"if she touched you?
>> COREY: No, scratched me."
584;1683467;1685333;">> KRIS: Well, if she scratched.
>> SCOTT: You would whip my"
585;1685333;1687233;"daughter's ass?
>> COREY: Why not?"
586;1687233;1689100;">> SCOTT: If she scratched you.
A little six-year-old girl?"
587;1689100;1690667;">> COREY: That's the...
>> SCOTT: What the (bleep) are"
588;1690667;1692400;"you talking about?
>> COREY: That's the problem."
589;1692400;1694233;">> SCOTT: Stop it. Stop it.
>> COREY: But that's the"
590;1694233;1696200;"problem.
>> SCOTT: You're not going to"
591;1696200;1697767;"beat my little daughter.
>> COREY: Not beat."
592;1697767;1699500;">> SCOTT: Get the (bleep) out of
here."
593;1699500;1701200;">> KIM: I don't think he's
meaning, like, beat her."
594;1701200;1702767;">> SCOTT: He just said that.
>> KOURTNEY: He does mean that."
595;1702767;1704333;">> SCOTT: You just said you
would beat my daughter if she"
596;1704333;1706033;"scratched you!
>> COREY: I said "whip.""
597;1706033;1708133;"I said "whip."
>> SCOTT: My little daughter?"
598;1708133;1710233;"What are you saying?
You don't have kids."
599;1710233;1712533;"Don't ever talk about a child
like that."
600;1712533;1715333;"Ever.
Ever! Anyone's child."
601;1715333;1717367;">> COREY: Hey, I understand
you're emotional..."
602;1717367;1719266;">> SCOTT: Come on, Corey.
>> COREY: ...but I promise you,"
603;1719266;1721133;"I wouldn't... (stammers)
>> SCOTT: You would hit my"
604;1721133;1722700;"daughter?
>> COREY: Not hit her to hurt"
605;1722700;1724233;"her, but...
>> SCOTT: You just said,"
606;1724233;1725700;""I would whup her ass."
>> COREY: Whupping is... that's"
607;1725700;1727533;"discipline, mother(bleep).
What you talking about?"
608;1727533;1729467;">> SCOTT: Corey, you said you
would whip my little girl."
609;1729467;1737300;"(overlapping shouting)
>> COREY: I'll whip your ass."
610;1737300;1738633;">> SCOTT: You would hit my
daughter?"
611;1738633;1740200;">> COREY: Not hit her to hurt
her, but..."
612;1740200;1741500;">> SCOTT: You just said,
"I would whup her ass.""
613;1741500;1743567;">> COREY: I'll whip your ass.
>> SCOTT: You'll whip my ass?"
614;1743567;1745567;">> COREY: How much love do I
give your (bleep) kid?"
615;1745567;1747500;"If your kid scratched me in the
face, you don't think they"
616;1747500;1749500;"deserve to be popped?
>> KOURTNEY: Not at all."
617;1749500;1751300;">> SCOTT: I'm sorry, Corey.
I don't feel that way."
618;1751300;1753066;">> COREY: But they need to be
disciplined."
619;1753066;1754533;">> SCOTT: You're getting very
angry, Corey."
620;1754533;1756333;">> COREY: No, you just got very
angry."
621;1756333;1757667;">> SCOTT: Because you said you
would beat my daughter."
622;1757667;1759433;"I don't feel like I want to hit
my children."
623;1759433;1761233;">> COREY: Not hit.
Y'all make it seem like I said"
624;1761233;1763200;"do something, like, harmful.
If I was gonna harm a kid..."
625;1763200;1766266;">> KOURTNEY: That is harmful.
You said, "I would whup her ass"
626;1766266;1768433;"if she scratched me."
>> COREY: That's how anybody"
627;1768433;1771200;"talks about disciplining their
kid, whipping their ass."
628;1771200;1773200;">> KOURTNEY: What the (bleep)?
>> KRIS: He's never gonna..."
629;1773200;1775200;">> COREY: Hey, what are you
talking about?"
630;1775200;1777233;">> KOURTNEY: Yeah, he's never,
'cause he will never be with my"
631;1777233;1779467;"kids alone, and if he does that
in front of any of us, there"
632;1779467;1781667;"will be a (bleep) issue.
>> COREY: Listen, at first..."
633;1781667;1783633;">> KOURTNEY: All right, we're
gonna go."
634;1783633;1785500;">> JONATHAN: How about we're all
gonna go? Otherwise, it's weird."
635;1785500;1787300;">> KIM: Yeah, I need a ride.
>> COREY: When he was talking"
636;1787300;1789233;"to me, y'all didn't say nothing.
>> KOURTNEY: Kim's coming with"
637;1789233;1791300;"us in the car.
>> KIM: I don't have a ride."
638;1791300;1793533;">> KOURTNEY: I have to go to the
bathroom."
639;1793533;1796367;">> KRIS: I'm in a really good
place with Corey in my life"
640;1796367;1800100;"right now, and I thought that he
was finally in a good place with"
641;1800100;1803734;"everybody else, but this has
really gotten out of hand."
642;1803734;1806400;"It's just too much.
>> COREY: That wasn't even the"
643;1806400;1808467;"conversation.
Nobody's gonna whip their kids."
644;1808467;1810500;"Like, what the hell was that?
>> KRIS: Why did you say"
645;1810500;1812467;"anything at all?"
646;1815233;1817000;"♪ ♪"
647;1822600;1824467;">> SECURITY: Well, you gotta
fill out your name, you gotta"
648;1824467;1826367;"fill out a couple other things.
>> JONATHAN: Yeah, yeah, that's"
649;1826367;1828333;"not happening.
>> SECURITY: And then you sign."
650;1828333;1829633;">> JONATHAN: You can't do this
every day."
651;1829633;1831500;">> SECURITY: Well, without that,
I-I can't let you in."
652;1831500;1833266;">> SECURITY 2: Somebody'll
get fired."
653;1833266;1836300;">> JONATHAN: All right.
(bleep) ridiculous."
654;1836300;1840467;"I'm gonna (bleep) flip.
If you're gonna have a whole"
655;1840467;1842567;"system...
If you're gonna have a whole"
656;1842567;1844600;"system, which is totally fine,
but then you guys have to"
657;1844600;1846600;"connect.
Because, like, I don't do"
658;1846600;1849700;"administrative work like this.
iPads, e-mail, like, I don't do"
659;1849700;1852400;"that (bleep).
I-I don't even pay my bills."
660;1852400;1854633;"I don't like that (bleep).
Everything's automatic."
661;1854633;1857400;"It's not you, but the guys
should tell you that I told him"
662;1857400;1859700;"I just filled it out yesterday.
Like, I don't even do that for"
663;1859700;1863133;"my own mom.
>> SECURITY: No problem."
664;1863133;1865633;"(footsteps approaching)
>> KIM: Hi. What?"
665;1865633;1867533;">> JONATHAN: No.
>> KIM: What?"
666;1867533;1869333;">> JONATHAN: The (bleep)
security, again with this"
667;1869333;1872133;"(bleep) iPad.
>> KIM: First of all, it's a new"
668;1872133;1874166;"security in the front.
I had never seen him..."
669;1874166;1875533;">> JONATHAN: And I told him, I
said I did this yesterday."
670;1875533;1877100;"He goes, "Fine, just put..."
I go, "Fine, I'll put the...""
671;1877100;1879233;"I go, "I'll do the name."
Just the... I put the..."
672;1879233;1881333;"And then again with the Gmail,
the Yahoo... I go, "No.""
673;1881333;1883233;"I go, "I'm not a (bleep)
secretary.""
674;1883233;1884700;"I go, "I don't do that."
I can't do this for my own"
675;1884700;1886600;"(bleep), I hate it.
And, like, they're standing"
676;1886600;1888567;"there, I'm like, I said I...
I did this yesterday."
677;1888567;1891000;">> KIM: Well, I told, I told my
assistant, "You have the list of"
678;1891000;1893633;"who's coming to the house.
They should check it before the"
679;1893633;1895767;"guests come, to see if they've
already signed an NDA.""
680;1895767;1897767;">> JONATHAN: I'm like this.
I go, "You don't do this every"
681;1897767;1899734;"day for people coming in?"
I go, "That's weird."
682;1899734;1902200;"You can't make someone sign out,
do a picture every time they"
683;1902200;1904233;"come."
Like, isn't it in the system?"
684;1904233;1906233;"That they should be like, "Okay,
great, that's already been done"
685;1906233;1909467;"and signed."
Otherwise, it's like abuse."
686;1909467;1912700;">> KIM: Yeah.
Um, so what was our take on last"
687;1912700;1915033;"night?
'Cause I feel like..."
688;1915033;1917333;">> JONATHAN: It was, uh, it was
like something you can't..."
689;1917333;1919433;"Like, there's nothing we could
say to butt in."
690;1919433;1921533;">> KIM: Yeah, it's so hard to
tell someone how to discipline,"
691;1921533;1924633;"but, like, Khloe and I have
talks all the time about"
692;1924633;1928200;"Kourtney and her kid.
She does not discipline at all."
693;1928200;1930767;">> JONATHAN: Well, Corey, he hit
a real chord."
694;1930767;1933233;"I would have flipped if Corey's,
like... keeps saying the one"
695;1933233;1935233;"thing that you're like,
"Wait, you can't be saying"
696;1935233;1938000;"this."
He's like, "Yes, I am. 100%.""
697;1938000;1940000;">> KIM: Yeah.
>> KHLOE: How is Scott?"
698;1940000;1941734;"'Cause Scott hasn't responded to
me."
699;1941734;1943767;">> KOURTNEY: Scott is pissed.
>> KHLOE: Kim, immediately after"
700;1943767;1946600;"dinner, called me and said,
"Has anyone called you yet?""
701;1946600;1948600;">> KOURTNEY: I mean, I think...
>> KHLOE: I feel like last"
702;1948600;1950633;"night was not your time to talk.
You were upset."
703;1950633;1952734;">> KOURTNEY: Yeah.
I'm still upset."
704;1952734;1954600;">> KIM: Corey did call Kourtney,
like, three times."
705;1954600;1956567;"She didn't answer.
>> JONATHAN: I know."
706;1956567;1958667;"He called Scott, too.
And he wrote me."
707;1958667;1960700;">> KIM: I think he was meaning,
if that was his kid..."
708;1960700;1963000;">> JONATHAN: His kid, right.
Well, that's what your mom said."
709;1963000;1965300;"I said it was not coming across
from that."
710;1965300;1967367;">> KIM: Yeah.
>> KHLOE: He should have just"
711;1967367;1970033;"said, "If P was my kid..."
That would have changed the"
712;1970033;1972333;"whole tone.
>> KOURTNEY: Because that's not"
713;1972333;1974467;"what he means.
That's why he didn't say it."
714;1974467;1978500;"'Cause he means, if P scratched
his face, he would..."
715;1978500;1980633;">> KHLOE: I probably would have
flipped the (bleep) table over."
716;1980633;1982567;">> KOURTNEY: Oh, no, you would
have been like..."
717;1982567;1984633;">> KHLOE: Oh, it's Scott.
Hi. I'm with Kourt."
718;1984633;1987033;"I just want to know if you're
okay."
719;1987033;1989600;">> SCOTT: It wasn't like,
"If I was the nanny, this is"
720;1989600;1992033;"what I would have done."
If I was you as a parent, this"
721;1992033;1994233;"is what I would have done.
I said, I go, "I'm gonna ask you"
722;1994233;1996567;"again.
Do you mean, you personally,"
723;1996567;1998700;"would actually do that and put
hands and hurt my little"
724;1998700;2001400;"daughter?
I just want to understand that.""
725;2001400;2004367;"And he said, "Hell yeah, I
would.""
726;2004367;2008567;"And listen, if you wanted to say
this, if it's your kid, that's"
727;2008567;2013400;"what you would do, no problem.
That's fine, but don't you ever"
728;2013400;2016667;"make me scared that there's a
chance that if my daughter was"
729;2016667;2020300;"in that position with him, she
would have gotten hurt."
730;2020300;2023400;"It was very, very, very, very
hard to hear-- that he could"
731;2023400;2026734;"say that about my little girl.
>> KOURTNEY: I am still"
732;2026734;2031333;"completely shocked about what
happened last night."
733;2031333;2035500;"And Corey has tried to reach out
to me a few times."
734;2035500;2039667;"Eventually, I'll talk to him,
but, like, I just need some"
735;2039667;2042433;"space.
>> JONATHAN: Scott gave him 20"
736;2042433;2046767;"times to fix it, and he did not
change the messaging one drop."
737;2046767;2049567;">> KIM: It's just every kid's
different, every kid has a"
738;2049567;2051700;"thing.
I get it."
739;2051700;2054133;"Her and Scott agreed they would
never give their children"
740;2054133;2057133;"spankings.
That's the path that they're on."
741;2057133;2060533;">> JONATHAN: That's their thing.
Well, it happened."
742;2060533;2065000;"We'll just see how it plays out.
>> KIM: Yeah."
743;2065000;2066567;"♪ ♪"
744;2068767;2071033;">> JONATHAN: Okay, this is
fantastic."
745;2071033;2072467;">> KIM: Oh, look at these
toppings."
746;2072467;2074133;">> JONATHAN: I don't even know
what I want."
747;2074133;2076500;">> KIM: Ooh, they have
pineapple."
748;2076500;2080300;"That is my favorite.
>> JONATHAN: Wow."
749;2080300;2081734;"♪ ♪"
750;2086734;2089734;"I saw Larsa yesterday.
>> KIM: You did?"
751;2089734;2092333;">> JONATHAN: Yeah.
Took a pic with her."
752;2092333;2094400;">> KIM: Cute.
Did she look good?"
753;2094400;2096467;">> JONATHAN: I think she looked,
I think she looked pretty."
754;2096467;2098100;">> KIM: Oh, so pretty.
>> JONATHAN: Like something"
755;2098100;2100066;"with her makeup.
>> KIM: She looked great."
756;2100066;2101667;"(phone ringing)"
757;2103533;2105533;"Hello?
>> KHLOE: Oh, my God, Kim."
758;2105533;2107467;">> KIM: What?
>> KHLOE: You got to come."
759;2107467;2109500;"Your whole security just (bleep)
tackled Mom."
760;2109500;2112033;">> KIM: Wait. What?
>> JONATHAN: What happened?"
761;2112033;2113734;">> KIM: Wait.
My security just..."
762;2113734;2115734;">> KHLOE: We just called 911.
This is so crazy."
763;2115734;2118033;">> KRIS: Oh, God, my neck.
>> JONATHAN: What happened?"
764;2118033;2120066;">> KIM: Security just tackled
my mom?"
765;2120066;2122433;"Wait, wait. What's going on?
We're, um..."
766;2122433;2124400;">> KHLOE: Come over here.
>> KIM: I'm rushing..."
767;2124400;2126133;">> KHLOE: An ambulance is on
their way here now."
768;2126133;2128000;">> KIM: I'm rushing home right
now, but what happened?"
769;2128000;2129700;">> JONATHAN: Are you serious?
>> KHLOE: They were in the"
770;2129700;2132033;"backyard, and Mom came down when
she shouldn't have."
771;2132033;2134667;"I told her to go around.
And they just tackled her."
772;2134667;2137000;">> KRIS: Oh, God.
>> KHLOE: Mom, I'm..."
773;2137000;2139000;"I got to call you back.
>> KIM: Bye."
774;2139000;2143633;"I have to look at the
surveillance right now."
775;2143633;2147500;"Oh, my God.
>> SECURITY: Hey, hey!"
776;2147500;2149133;"(Kris screams)
>> KHLOE: Oh, my God!"
777;2149133;2151567;"Oh, my God, no!
That's our mom! That's our mom!"
778;2151567;2154100;">> KIM: Why on earth would
someone tackle my (bleep)"
779;2154100;2156500;"mother?
She's crying."
780;2156500;2158600;">> JONATHAN: Oh, my God, is this
an ambulance?"
781;2158600;2161133;">> KIM: (bleep), I'm gonna kill
this guy."
782;2161133;2163600;"(siren wailing)
Where are they?"
783;2163600;2171467;"What is going on?
Mom!"
784;2171467;2173100;">> KIM: Wait, wait, what's going
on?"
785;2173100;2175100;">> KHLOE: Come over here.
>> JONATHAN: What happened?"
786;2175100;2177667;">> KIM: Security just tackled my
mom?"
787;2177667;2178567;"I'm gonna kill this guy."
788;2181000;2182033;"Mom!"
789;2184033;2188600;"(sobbing)
>> KHLOE: Oh, my God."
790;2188600;2190100;">> JONATHAN: What happened to
her?"
791;2190100;2191266;">> KRIS: The security guard
tackled me."
792;2191266;2192533;">> JONATHAN: What do you...?
Why would he tackle you?"
793;2192533;2196467;">> KRIS: I told him I was Kim's
mom, and he grabbed me."
794;2196467;2201066;"Oh, my neck.
I can't move my neck."
795;2201066;2202700;"I just can't move...
>> KHLOE: Mom!"
796;2202700;2204033;">> KRIS: What?
>> KHLOE: Say it."
797;2204033;2206000;">> KRIS: What?
>> KHLOE: Tell them!"
798;2206000;2209600;">> KRIS: Tell them what?
>> JONATHAN: Say what?"
799;2209600;2216133;">> KRIS: Got you!
(laughing)"
800;2216133;2218133;">> JONATHAN: Is this a normal
person?"
801;2218133;2221300;"(Kris continues laughing)
>> KIM: Can I move this?"
802;2221300;2223600;"You're going in the pool.
>> KRIS: No!"
803;2223600;2227200;">> KHLOE: I can't believe I
pulled off the prank of the"
804;2227200;2229233;"century.
>> KRIS: You love a good prank."
805;2229233;2231033;"Admit it.
>> KHLOE: I love a good prank,"
806;2231033;2233233;"but I don't like a dirty prank.
Like, I don't like something"
807;2233233;2235233;"that's too below the belt.
>> KRIS: I'm trying to up the"
808;2235233;2236667;"game.
What are we gonna do?"
809;2236667;2238533;"Put, like, saran over her
toilet?"
810;2238533;2240200;">> KHLOE: Yes, that's exactly
what you do."
811;2240200;2243734;">> KRIS: I knew I had to make it
fantastic, so I called in"
812;2243734;2244533;"reinforcements."
813;2248567;2250700;"(Khloe laughs)
>> KHLOE: I really think you're"
814;2250700;2252633;"my mom.
This is freaking me out."
815;2252633;2258100;"My mom hired a stunt double.
We had the fake Kris Jenner"
816;2258100;2261333;"tackled by fake security.
Oh, my God!"
817;2261333;2264633;"Stop! It's our mom!
Covered by numerous security"
818;2264633;2267133;"cameras.
At the end of the day, we knew"
819;2267133;2270333;"my mom would pull it off.
She's a great actress."
820;2270333;2273066;"Your whole security just tackled
Mom."
821;2273066;2275533;"(Kris whimpering)
>> KRIS: Oh, my neck."
822;2275533;2278200;">> KHLOE: This was mean.
>> KRIS: I feel horrible now."
823;2278200;2282166;">> KHLOE: Oh, you love it.
>> KIM: You cannot joke like"
824;2282166;2283633;"that.
That's not funny."
825;2283633;2285600;">> KRIS: I'm sorry, Kim.
>> JONATHAN: I don't think"
826;2285600;2287333;"you're very sorry.
(Kris laughing)"
827;2287333;2290233;"What's wrong with her?
Who does this?"
828;2290233;2292667;">> KHLOE: We do need to make a
pact that we don't do dark"
829;2292667;2294734;"pranks anymore.
This one was too much for my"
830;2294734;2296734;"soul.
>> KIM: That was not funny."
831;2296734;2300300;">> KRIS: So, the purpose of my
prank was to say we love that"
832;2300300;2303367;"you have this security, but we
would just love to have some"
833;2303367;2306367;"clearance so we can come in and
out of your house."
834;2306367;2308567;">> KIM: You can have all the
clearance you want."
835;2308567;2310300;">> JONATHAN: I know how you
feel."
836;2310300;2314600;"This place is like Fort Knox.
>> KIM: I cannot believe that my"
837;2314600;2317567;"mom and Khloe pulled off a prank
like this."
838;2317567;2321633;"She didn't have to go to this
length to get the point across,"
839;2321633;2325033;"but I hear you loud and clear.
>> JONATHAN: There's no (bleep)"
840;2325033;2327667;"heart.
This woman is dead inside."
841;2327667;2329300;">> KHLOE: Heartless.
>> JONATHAN: Heartless."
842;2329300;2332300;">> KIM: I have to really think
of a good prank now."
843;2332300;2334767;"Watch out, Mom.
(Kris laughing)"
844;2334767;2338633;">> JONATHAN: Let's go, Kim.
>> KRIS: I love you."
845;2338633;2340433;"♪ ♪"
846;2343100;2345266;">> KOURTNEY: You should have.
>> COREY: Well, yeah."
847;2345266;2346734;">> KOURTNEY: We're never going
to agree."
848;2346734;2348333;"I completely think he should've
yelled at you."
849;2348333;2349667;">> COREY: I was just talking,
but that's fine."
850;2349667;2351233;"But that's how I-I...
I wasn't even talking to you."
851;2351233;2352734;"I was talking to him, though.
>> KOURTNEY: No, but then you"
852;2352734;2354200;"were yelling at me.
>> COREY: Nah, I was yelling at"
853;2354200;2355367;"him.
>> KOURTNEY: We have it on"
854;2355367;2357633;"camera.
You were then yelling at me."
855;2357633;2359767;"Kim, stop. You're such a...
>> COREY: Oh, my God, you would"
856;2359767;2361667;"be, like, a...
Perfect."
857;2361667;2364166;">> KIM: I know Kourtney's still
really upset about what happened"
858;2364166;2368333;"with Corey, and, you know, the
reality is he's my mom's"
859;2368333;2372300;"boyfriend, and he's not going
anywhere, so I just hope they"
860;2372300;2374700;"can figure this out.
Here's what I think that we have"
861;2374700;2377734;"to do to get past it.
I think you need to realize you"
862;2377734;2379333;"don't have kids.
So, there's two things."
863;2379333;2381667;"One, you can never talk about
someone else's kids or how they"
864;2381667;2383734;"do it.
If they ask advice, come up with"
865;2383734;2385600;"solutions...
>> KOURTNEY: But also, for us to"
866;2385600;2391100;"come in as a family...
This family is very judgmental,"
867;2391100;2394333;"very critical.
If I'm coming to everybody with"
868;2394333;2398333;"something, everybody chiming in
with their judgments and"
869;2398333;2401734;"criticisms is nothing helpful.
It is only harmful."
870;2401734;2403734;">> COREY: But both of y'all know
me."
871;2403734;2406600;">> KOURTNEY: I don't want to
have to not come to my mom's"
872;2406600;2410333;"house or not bring my kids here
because I feel uncomfortable."
873;2410333;2412200;"I don't want to live that way.
>> COREY: What have I done to"
874;2412200;2414367;"make you feel...
A conversation and talking is"
875;2414367;2417233;"not the same as an action.
>> KOURTNEY: But I don't want to"
876;2417233;2420467;"let it get to the action because
if it ever did, that puts Scott"
877;2420467;2423100;"and I in a horrible position.
>> COREY: I don't want to"
878;2423100;2425400;"discipline your kids.
In my culture, first of all,"
879;2425400;2427767;"whipping ass, that's just
normal."
880;2427767;2431133;"As a kid, it's important that
you understand consequences."
881;2431133;2433734;"But I don't have kids, so
obviously, I'm not gonna be"
882;2433734;2436333;"disciplining no kids.
I understand how Kourtney and"
883;2436333;2439266;"Scott feel, but I can say what I
want to say 'cause it's my"
884;2439266;2441767;"opinion, and I just hope
everybody can move on."
885;2441767;2444033;">> KOURTNEY: If anybody wants to
have a relationship with me,"
886;2444033;2445633;"they need to know how to
communicate."
887;2445633;2447633;">> COREY: I get your point.
>> KOURTNEY: Okay."
888;2447633;2449266;"♪ ♪"
889;2457367;2460367;"(violin playing off-key)
(Scott clapping)"
890;2460367;2462066;">> SCOTT: Yeah, Penop."
891;2466133;2469300;"Hello, Reign!
>> KOURTNEY: Okay, are you"
892;2469300;2470767;"ready?
>> REIGN: Yeah."
893;2470767;2474333;">> KOURTNEY: Okay.
>> REIGN: One, two, three, five."
894;2474333;2479700;"Go!
(making whooshing sounds)"
895;2479700;2483266;"Whenever I say "star trooper,"
you die."
896;2483266;2490033;">> KOURTNEY: Okay.
(Reign makes whooshing sounds)"
897;2490033;2494433;">> REIGN: Star trooper.
Ha ha!"
898;2494433;2497367;">> KOURTNEY: Ha ha.
>> SCOTT: All righty."
899;2497367;2499166;"Let's get a move on, Rei Rei."
900;2501133;2503533;">> KOURTNEY: I think it's really
annoying how everyone is so"
901;2503533;2507033;"critical of our parenting.
>> SCOTT: Everybody's really"
902;2507033;2508734;"critical about everything.
>> KOURTNEY: Yeah."
903;2508734;2511300;">> SCOTT: But when it becomes
something so, so personal like"
904;2511300;2513500;"parenting is where it feels
different."
905;2513500;2516533;"Having such a big family, we
thought we would have a lot of"
906;2516533;2520767;"people to kind of lean on and
get advice from, but I"
907;2520767;2524433;"definitely think our children's
behavior should be dealt with"
908;2524433;2527533;"between Kourtney and I.
We've gotten this far, and we've"
909;2527533;2530400;"done a pretty good job, so I
think we could handle it from"
910;2530400;2532300;"here.
>> KOURTNEY: We just have to be"
911;2532300;2534767;"on the same page.
I think we should do our charts."
912;2534767;2538300;"We have never fully, like,
finalized what they mean."
913;2538300;2541133;"Like, when they get chores, they
get a check."
914;2541133;2543133;"But when they get a certain
amount of checks, then what?"
915;2543133;2545066;">> SCOTT: You do good every
week, you get something."
916;2545066;2547333;"Feel like Mason has calmed down.
>> KOURTNEY: Yeah."
917;2547333;2549200;">> SCOTT: P started making her
bed."
918;2549200;2551533;">> KOURTNEY: Right, so she'll
feel good about herself if you"
919;2551533;2554233;"guys say, "Okay, like, you made
your bed today.""
920;2554233;2557066;"Put a check.
It's just a way to, like, talk"
921;2557066;2558667;"about the good.
>> SCOTT: Reassure them feeling"
922;2558667;2560033;"like they did something
positive?"
923;2560033;2562200;">> KOURTNEY: Yeah.
>> SCOTT: So let's do it."
924;2562200;2564767;">> KOURTNEY: I think we're
constantly trying to come up"
925;2564767;2568233;"with ways to really teach our
kids responsibility."
926;2568233;2570433;"Oh!
(Scott gasps)"
927;2570433;2572433;"Look who it is.
>> SCOTT: Wow!"
928;2572433;2575333;">> KOURTNEY: I'm so proud of our
kids, and I think the most"
929;2575333;2578567;"important thing is that Scott
and I are on the same page with"
930;2578567;2582066;"how we want to raise them.
>> SCOTT: She made her bed this"
931;2582066;2584600;"morning and did her pillows.
>> KOURTNEY: You made your bed?"
932;2584600;2587233;">> SCOTT: But really nice.
Like, and put all of her pillows"
933;2587233;2589066;"in a row.
>> KOURTNEY: Oh, my gosh!"
934;2589066;2590367;"I'm so proud of you.
>> SCOTT: I thought somebody"
935;2590367;2592166;"made it.
I thought she was kidding."
936;2592166;2595133;">> KHLOE: Next on Keeping Up
with the Kardashians..."
937;2595133;2598467;">> KIM: Kanye and I decided to
let North do the JoJo Siwa"
938;2598467;2600600;"video.
>> NORTH: Yeah, JoJo!"
939;2600600;2602467;">> JOJO: You got the moves,
North!"
940;2602467;2604600;"Yeah, North!
>> KHLOE: It's only been a"
941;2604600;2608367;"couple hours, and Malika is a
(bleep) monster."
942;2608367;2611100;">> MALIKA: You tried it, so
you're gonna get a bitch out of"
943;2611100;2612300;"me.
>> KHLOE: Hmm."
944;2612300;2614467;">> KOURTNEY: So, are you
definitely inviting Sofia?"
945;2614467;2618266;">> SCOTT: Yeah. It is a really
hard and awkward situation."
946;2618266;2621066;"Captioning sponsored by
BUNIM-MURRAY PRODUCTIONS"