﻿Number;Start time in milliseconds;End time in milliseconds;"Text"
1;4567;6433;">> KHLOE: You have a hickey on
your neck?"
2;6433;7600;">> KOURTNEY: Don't worry about
it."
3;7600;9367;">> KIM: Tonight on...
>> KHLOE: Where are you going?"
4;9367;11500;">> KOURTNEY: I got to run.
>> KIM: What is going on?"
5;11500;13633;"Kourtney has so many...
>> KHLOE: Restrictions."
6;13633;15166;">> KIM: ...restrictions and
boundaries."
7;15166;16667;">> KHLOE: Kim and I are just
over it."
8;16667;19500;">> KOURTNEY: Why are you guys so
in my business?"
9;19500;21400;"If I have boundaries...
>> KHLOE: Uh-huh."
10;21400;23433;">> KOURTNEY: ...respect them.
Just because you..."
11;23433;25133;">> KIM: You and your boundaries.
>> KOURTNEY: ...love to show"
12;25133;27200;"every single thing.
>> KHLOE: No, I don't like to."
13;27200;28567;"It's just...
>> KOURTNEY: Well, you do,"
14;28567;30100;"clearly.
>> KHLOE: Because that's our"
15;30100;31767;"job.
>> KIM: It's really frustrating,"
16;31767;35767;"because when one person from the
family steps away and decides to"
17;35767;39000;"not be on camera, every other
family member has to fill in"
18;39000;41266;"double-time.
>> KOURTNEY: How annoying are"
19;41266;43567;"Kim and Khloe?
>> KRIS: The most annoying,"
20;43567;47500;"because we don't share anything.
>> KOURTNEY: I try to keep"
21;47500;51233;"certain things private.
We're all different and we have"
22;51233;55266;"different, you know, boundaries.
>> KHLOE: You should want this"
23;55266;57500;"show to be successful.
You should talk to Kourtney."
24;57500;59433;">> KIM: She doesn't want to
work, she has too many (bleep)"
25;59433;62400;"boundaries.
She's out."
26;62400;64166;"♪ ♪"
27;70300;72333;">> KIM: Oh, my gosh, you guys,
oh, my gosh, there's a dinosaur!"
28;72333;74567;"There's a dinosaur!
(all roaring)"
29;74567;76700;">> KHLOE: No, I don't want any
dinosaurs."
30;76700;79567;"(shouts)
>> KIM: Saint, you're the"
31;79567;81400;"dinosaur I was talking about,
buddy."
32;81400;83700;"Not-- don't be scared.
>> KOURTNEY: Oh, my God,"
33;83700;87467;"remember our Vegas trip?
Me, you, Malika, Khadijah,"
34;87467;91400;"Harouche, and we went to Floyd
Mayweather's..."
35;91400;93033;">> KIM: Kourtney, what is...
>> KHLOE: No, what is on your"
36;93033;95567;"neck?
>> KOURTNEY: My hair is here."
37;95567;97734;">> KHLOE: No. You have a hickey
on your neck?"
38;97734;99633;">> KOURTNEY (laughs): Let me
live."
39;99633;101500;">> KHLOE: From who?
>> KOURTNEY: Just let me live."
40;101500;103266;">> KHLOE: That's a hickey?
Who gives you a hickey like"
41;103266;105333;"that?
>> KOURTNEY: Okay, listen..."
42;105333;107333;">> KIM: I think I know who it's
from."
43;107333;110600;">> KOURTNEY: Just let me live.
Don't analyze."
44;110600;115233;"My sisters are pretty nosy when
it comes to anything in my life,"
45;115233;119533;"and I try to keep certain things
private."
46;119533;123767;"I don't like to share about, you
know, dating."
47;123767;128600;"I don't know if they're bored in
their own lives and they want to"
48;128600;132633;"live through my wild dating life
that they think is going on."
49;132633;136433;"Like, come on, guys.
Let's get it together."
50;136433;139000;">> KHLOE: So, we're gonna talk
about the leech on your neck or"
51;139000;140734;"no?
>> KOURTNEY: The leech?"
52;140734;143467;">> KHLOE: Mm-hmm.
>> KOURTNEY: No."
53;143467;145033;">> KHLOE: Oh.
>> KOURTNEY: I said let me live."
54;145033;146734;">> KHLOE: I don't know what that
means."
55;146734;148567;">> KOURTNEY: That means...
>> KHLOE: But I have to tell you"
56;148567;153033;"everything about me?
>> KOURTNEY: I just said, just"
57;153033;158000;"don't worry about it.
>> KIM: Kourtney having a hickey"
58;158000;160333;"is, like, wild to me.
I had no idea she was even"
59;160333;161533;"hooking up with someone.
>> KHLOE: I don't know."
60;161533;163333;"It could be...
>> KIM: I mean, the hickey, it"
61;163333;165467;"could be...
>> KHLOE: (bleep)"
62;165467;168533;">> KIM: It could be (bleep), it
could be..."
63;168533;171567;">> KHLOE: (bleep)
>> KIM: It could be Rob, our"
64;171567;173567;"brother.
(laughs)"
65;173567;178333;">> KHLOE: Ew.
(Kourtney slurps)"
66;178333;180133;"♪ ♪"
67;200633;204533;">> KIM: Oh, my God, I'm so
hungry."
68;204533;208734;"I literally have, like, no time
to eat these days."
69;208734;211467;"So here's a stack of letters
that I feel like are really good"
70;211467;212700;"ones.
>> JESSICA: Okay."
71;212700;215000;">> KIM: There's one in here
which I immediately could"
72;215000;217667;"do something.
>> JESSICA: Oh."
73;217667;221667;">> KIM: Sent me a picture.
Full photo shoot."
74;221667;224367;"Um...
"Hello, Kim, my name is Paul."
75;224367;227467;"I'm 24 years old, I'm currently
in North Carolina prison."
76;227467;231633;"Now my sentence is over and I
have had time to mature and I've"
77;231633;234433;"set some goals for myself.
There's one thing in the way,"
78;234433;237400;"though: my face tattoos.
I want to humbly ask if you"
79;237400;239433;"would help me get the tattoos
removed from my face."
80;239433;242600;"I wish I had the funds to get it
removed by myself, but I just"
81;242600;246700;"don't, so I'm coming to you for
help."
82;246700;248600;"Thank you for your time.
Stay blessed.""
83;248600;251467;"And then he sent me the prison
address and his parents' phone"
84;251467;254033;"number.
I mean, I'm sure Dr. Ourian will"
85;254033;255500;"do it for free.
>> JESSICA: That's amazing."
86;255500;257300;">> KIM: If not, I'll pay for it.
>> JESSICA: That would be"
87;257300;261600;"life-changing for this guy.
>> KIM: Helping people get back"
88;261600;264000;"on their feet after they've been
through the prison system is"
89;264000;265734;"something that's really
important to me."
90;265734;269767;"And Paul seems so sweet and so
genuine in his letter."
91;269767;273600;"He's really turned his life
around and he wants to be taken"
92;273600;276467;"a little bit more seriously and
get a good job."
93;276467;279700;"(line ringing)
>> SONIA: Hello?"
94;279700;283433;">> KIM: Hi, is this Sonia?
>> SONIA: It is."
95;283433;285734;">> KIM: Hi, this is Kim
Kardashian West."
96;285734;289500;"I got a letter from your son
Paul."
97;289500;292567;">> SONIA: Shut up!
(laughter)"
98;292567;295166;"Wow!
>> KIM: I wanted to, you know,"
99;295166;299433;"let him know that I would be
happy to help him and take care"
100;299433;301767;"of that for him.
>> SONIA: Paul is gonna be so"
101;301767;303767;"excited.
>> KIM: Oh, my God, please tell"
102;303767;307033;"him that we called and said hi.
>> SONIA (chuckles): I will."
103;307033;309066;"I definitely will.
Thank you so much."
104;309066;310500;">> KIM: You're so welcome.
Have a good day."
105;310500;312600;">> SONIA: Right, thank you, too.
Take care."
106;312600;319133;">> KIM: Bye.
♪ ♪"
107;319133;325734;"(Khloe babbling)
(True babbling)"
108;325734;327667;">> KHLOE: Yeah?
>> MASON: I know exactly what"
109;327667;330033;"she's saying.
>> KHLOE: What'd she say?"
110;330033;331500;"Do you speak kid?
>> MASON: Yeah."
111;331500;333567;">> KHLOE: What is it?
(Mason babbling)"
112;333567;336533;"(Khloe laughs)
Let's call Mama."
113;336533;339600;"Let's call Mama!
(FaceTime ringing)"
114;339600;342233;"Uh...
Why is your mom always ending my"
115;342233;344100;"calls?
>> MASON: Because she doesn't"
116;344100;347000;"like you.
Oh!"
117;347000;350066;">> KHLOE: Uh!
She ended me again."
118;350066;353133;"Why?
That's so rude."
119;353133;355166;"Wait, she texted me...
>> MASON: KoKo, I saw the"
120;355166;358433;"funniest movie yesterday.
It's called..."
121;358433;360467;">> KHLOE: Want to know what your
mom just texted me?"
122;360467;363734;""With kids.
Call you later.""
123;363734;366100;">> KHADIJAH: What kids?
>> MALIKA: Her kids are here!"
124;366100;368400;">> KHLOE: I cannot believe
Kourtney just got caught in the"
125;368400;370533;"craziest lie.
You're telling me that you're"
126;370533;373266;"with your kids, but your kids
are at my place."
127;373266;377233;"Liar.
>> SCOTT: What's going on, boy?"
128;377233;379567;">> MASON: I'm chilling.
>> SCOTT: What are you doing?"
129;379567;383033;">> MASON: I'm at KoKo's house.
>> SCOTT: I'm with Reign."
130;383033;385767;">> KHLOE: Uh, and Dad is with
Reign?"
131;385767;387500;"(laughter)
>> KHADIJAH: So she doesn't have"
132;387500;389567;"any kid.
>> KHLOE: Reign's not even with"
133;389567;391567;"Mom, see?
>> MALIKA: So the question..."
134;391567;393734;">> KHLOE: Mom's a liar!
>> MALIKA: The question is, who"
135;393734;398734;"is she really with?
>> KHLOE: Liar!"
136;398734;400533;"♪ ♪"
137;405066;407500;">> KOURTNEY: I had to pay for
Disney guides yesterday."
138;407500;411266;"It's so expensive.
We had the best day, though."
139;411266;414467;"I took North on Guardians of the
Galaxy, I told you, for the"
140;414467;415633;"first time.
>> KIM: I know."
141;415633;417300;"She must have been... so scared.
>> KOURTNEY: She was like-- no,"
142;417300;420300;"she was fine, though, while she
was on it, and I go-- at the end"
143;420300;422700;"she's, like, smiling and I was
like, "Did you love it?"
144;422700;425066;"Do you want to go again?"
She was like, "I did not like"
145;425066;426567;"it."
>> KHLOE: Oh, God, I can't"
146;426567;430600;"believe I have to do this one
day-- go to (bleep) Disneyland."
147;430600;432700;">> KOURTNEY: I got to run.
>> KHLOE: Where you going?"
148;432700;437200;">> KOURTNEY: Bye, guys.
>> KHLOE: She's so (bleep)"
149;437200;439033;"shady.
>> KIM: She's so shady."
150;439033;440500;"What is going on?
>> KHLOE: I know, she's really"
151;440500;442066;"weird.
I feel like we should follow"
152;442066;443333;"her.
>> KIM: Let's follow her."
153;443333;446233;">> KHLOE: Ooh, sorry.
"Do you care if we take your car"
154;446233;449367;"for, like, an hour or two?""
155;454233;457567;">> KIM: Do you have a hoodie?
Just like a plain black hoodie?"
156;457567;459667;">> KHLOE: Zip-up or zip...?
>> KIM: Doesn't matter."
157;459667;464333;"Does not matter.
Kourt spends a lot of time"
158;464333;468500;"off-camera, and won't talk about
a relationship, but you'll see"
159;468500;470600;"paparazzi photos of her and her
guy."
160;470600;472734;"But I can't say his name on the
show 'cause Kourtney doesn't"
161;472734;474333;"want to.
So I'll see things that I'll"
162;474333;477033;"read about her online and
wonder, like, "Did this really"
163;477033;480600;"happen?
Is this..." you know, "is she"
164;480600;483533;"talking to this person?" and
realize that it's true, but"
165;483533;489600;"she's so secretive with us, she
won't even tell us."
166;489600;491600;"Oh, she's leaving.
Hello."
167;491600;493333;">> KHLOE: Oh, my God.
>> KIM: Kourtney, she's the"
168;493333;497066;"craziest driver ever.
>> KHLOE: Can you (bleep) move?"
169;497066;500033;"What is your (bleep) problem?
I'm following someone."
170;500033;502000;">> KIM: You totally just lost
her."
171;502000;504033;"Hi.
Oh, my God, that's so nice."
172;504033;505667;">> SONIA: I said, "Boy, she's
never gonna get your letters.""
173;505667;508600;"So you proved me wrong.
>> KIM: I want to do everything"
174;508600;510667;"that I can to help him succeed."
175;515700;517300;">> KHLOE: Okay, so we're gonna
stay here."
176;517300;519100;">> KIM: I've been in this
private detective game for a"
177;519100;522700;"while now, and a lot of it is
waiting around, following,"
178;522700;524200;"driving.
>> JONATHAN: I haven't done a"
179;524200;525734;"hideout like this in a long
time."
180;525734;527300;">> KIM: Oh, my God, is this
her friend?"
181;527300;529000;">> JONATHAN: Oh, this guy?
>> KRIS: Is that them?"
182;529000;531700;">> KIM: I don't know.
>> KRIS: Oh, (bleep), they're"
183;531700;534033;"looking this way.
>> KHLOE: Given Kourtney's track"
184;534033;536734;"record, when she starts acting
weird and mysterious like this,"
185;536734;538700;"it normally means she's seeing
someone."
186;538700;540400;"Like that.
>> KIM: Oh, she's leaving."
187;540400;542300;"Hello.
>> KHLOE: Oh, my God."
188;542300;546200;"You scared me.
(Kim chuckles)"
189;546200;548367;"Okay, Kourtney, where the
(bleep) are you going, babe?"
190;548367;550200;"She's turning.
Where are we turning?"
191;550200;552333;"This is around the downtown
area, for sure."
192;552333;555734;"Where are we?
Where are we?"
193;555734;557734;"Where are we?
>> KIM: Kourtney, we keep losing"
194;557734;560300;"her.
She's the craziest driver ever."
195;560300;563333;"She's the worst.
I see her, like, way up there."
196;563333;566000;">> KHLOE: (bleep)
Can you (bleep) move?"
197;566000;568200;"What is your (bleep) problem?
I have to go."
198;568200;570033;"I'm following someone.
(honking horn)"
199;570033;571734;">> KIM: Follow-- no, don't
become obvious."
200;571734;573734;">> KHLOE: Uh...
>> KIM: You totally just lost"
201;573734;576133;"her.
And on top of that, Khloe"
202;576133;580100;"follows the wrong car.
Where is she?"
203;580100;582333;"Hopefully...
(Khloe groans)"
204;582333;587200;">> KHLOE: (bleep), man.
Shady bitch wins."
205;587200;588767;"♪ ♪"
206;594700;597233;">> KIM: We're here.
We made it."
207;597233;599166;"(FaceTime ringing)
Hi, Northie."
208;599166;601433;"I love you.
>> NORTH: Yeah, let me talk to"
209;601433;606633;"Dad.
>> KIM: We are in North Carolina"
210;606633;612233;"to meet this young man Paul.
We are gonna help remove his"
211;612233;614467;"tattoos on his face.
He wrote me from the inside, and"
212;614467;618200;"I want to do what I can to help.
Hi."
213;618200;619400;">> SONIA: Hello.
>> KIM: How are you?"
214;619400;620667;">> SONIA: Fine. I'm Sonia.
>> KIM: Hi, I'm Kim."
215;620667;622133;">> SONIA: Nice to meet you.
>> KIM: Hi."
216;622133;623300;">> AZARIA: I'm Azaria.
Paul's sister."
217;623300;625033;">> KIM: So nice to meet you. Hi.
>> PAUL: How you doing?"
218;625033;626400;"Thank you.
>> KIM: Oh, my God, that's so"
219;626400;628033;"nice.
So nice to meet you."
220;628033;629266;">> PAUL: Yes, thank you.
>> KIM: This is my husband"
221;629266;630600;"Kanye.
>> PAUL: How you doing, sir?"
222;630600;632100;"Paul.
How you doing?"
223;632100;633500;">> SONIA: Mr. West, nice to meet
you."
224;633500;635200;">> AZARIA: Azaria.
>> KANYE: Hey, what's up?"
225;635200;637033;">> KIM: How are you guys?
>> SONIA: We're great."
226;637033;638433;"How are you?
>> KIM: Good."
227;638433;640200;"So, you're his mom, right?
>> SONIA: Yes, I am."
228;640200;641700;">> KIM: So that's who I called.
>> SONIA: Yes."
229;641700;644266;">> KIM: Yeah.
>> SONIA: You proved me wrong."
230;644266;645433;"(laughs)
>> KIM: Really?"
231;645433;648133;">> SONIA: Yes.
He harassed me for your letter"
232;648133;650033;"lots of times.
I mean, for your address."
233;650033;651667;"And I said, "Boy, leave me
alone."
234;651667;653667;"She's, you know, she's never
gonna get your letter."
235;653667;655467;"Stop bothering me."
So you proved me wrong."
236;655467;657000;"(laughs)
>> KIM: Yeah, well,"
237;657000;661667;"I'm glad that I did.
I saw you also reached out to a"
238;661667;664333;"few people-- you said that in
your letter."
239;664333;669033;">> PAUL: Yeah, um, like, think I
reached out to, what, Cardi B,"
240;669033;672066;"Ariana Grande-- I-I was just
going off, like, the main, the"
241;672066;675033;"main people that-that-that's,
like, in the media or whatever"
242;675033;678300;"that I felt like could help in
a, in a percents way, but"
243;678300;681700;"nobody-- I never had a response.
>> KIM: (laughs) Yeah."
244;681700;684734;"So you got out in March?
>> PAUL: Yes, ma'am, yes."
245;684734;687467;">> SONIA: Yeah, so we've been
working every day to get to this"
246;687467;691033;"day right here.
It's been a process. (chuckles)"
247;691033;694066;">> KIM: So you decided you're
just done with the face tats?"
248;694066;696433;">> PAUL: Well, I actually like
'em, but I just don't feel like"
249;696433;700467;"I'm in a position in life to
really have 'em."
250;700467;704033;">> KIM: You know, I think it's
really important to him to get a"
251;704033;708500;"good job, and he wanted to be
taken a little bit more"
252;708500;713000;"seriously, so I think that
getting his tattoos removed is"
253;713000;716000;"really important to him, so I
want to do everything that I can"
254;716000;719133;"to help him succeed.
Khloe got an ex-husband's name"
255;719133;723300;"here and she's gotten it off,
and I've heard it hurts, but"
256;723300;726000;"we'll be right there.
>> KANYE: I had a removal"
257;726000;727200;"before.
>> KIM: You did?"
258;727200;729033;">> KANYE: On my arm, yeah.
>> KIM: Did it hurt?"
259;729033;731066;">> KANYE: Oh, yeah, it was worse
than the tattoo itself."
260;731066;733066;"I mean, no, uh, I'm not trying
to... (laughs)"
261;733066;734300;">> SONIA: No, I've heard that.
That's true."
262;734300;736333;">> KIM: You're absolutely no
help today."
263;736333;737567;">> KANYE: Yeah.
(laughter)"
264;737567;739333;"♪ ♪"
265;744333;746734;">> KIM: That was so cute.
He brought me flowers and a"
266;746734;748433;"card.
Don't you think that was so"
267;748433;749600;"cute?
>> KANYE: Yeah."
268;749600;753467;">> KIM: Like, that was very
respectable."
269;753467;758066;"Should I see what it says?
"Thank you so much."
270;758066;761000;"Every ounce of my being
expresses tremendous gratitude."
271;761000;763166;"I am thankful for what you are
doing for me."
272;763166;767467;"This is the start towards future
success, and I have you to thank"
273;767467;771100;"for it all.
Sincerely and humbly, Paul.""
274;771100;775433;"Aw.
>> KANYE: That was fire."
275;775433;778033;"That was funny when he was like,
"Oh, how did you do it?""
276;778033;781200;"He was like, "Well, you know, I
reached out to Cardi B and then"
277;781200;783266;"I reached out to..."
Wh-Who else did he say?"
278;783266;785200;">> KIM: Ariana.
>> KANYE: "Ariana Grande, but,"
279;785200;788233;"you know, you'll do."
>> KIM: Is that what he said?"
280;788233;790266;">> KANYE: Nah, that's not what
he said, but it's just funny"
281;790266;793600;"that he, like, started
mentioning these other people."
282;793600;797066;"That's, like, when I saw this
Make-A-Wish kid and he said,"
283;797066;801166;""Has there ever been anyone that
you ever wanted to meet that you"
284;801166;803266;"got to meet?"
And I was like, "Aw, the other"
285;803266;806433;"day I met Tom Cruise," and he
was like, "Aw, man, I didn't"
286;806433;810400;"think of him."
Like, he had wasted his wish on"
287;810400;815033;"me. (laughs)
"I could've had Tom Cruise?""
288;815033;816467;"♪ ♪"
289;819333;822133;">> KIM: I'm really happy that we
get the chance to help Paul"
290;822133;825166;"remove his face tattoos.
There's gonna be about four"
291;825166;827300;"sessions and this is the first
one."
292;827300;830433;">> OURIAN: Are you nervous?
A little? I can tell."
293;830433;834166;">> KIM: (laughs) When I told Dr.
Ourian about Paul, he was so"
294;834166;836300;"happy to travel with me and do
this."
295;836300;841200;"He's my go-to cosmetic
dermatologist, so I know that I"
296;841200;844200;"trust him and I'd want him to be
here."
297;844200;846300;">> OURIAN: Are you ready?
>> PAUL: Yeah, I'm ready."
298;846300;849400;">> ASSISTANT: Okay.
>> OURIAN: Cool."
299;849400;851133;"(Paul grunts)
>> OURIAN: How are you feeling?"
300;851133;853567;">> PAUL: That part done hurted.
>> OURIAN: Less painful than the"
301;853567;856500;"actual tattoo?
>> PAUL: No."
302;856500;859400;">> ASSISTANT: Keep still.
(Paul grunts, whoops)"
303;859400;863433;"♪ ♪
>> OURIAN: All done."
304;863433;866166;">> PAUL: (grunts) Don't try this
at home."
305;866166;869133;"(laughter)
>> ASSISTANT: All right, so you"
306;869133;870567;"just got a couple more sessions
left to go."
307;870567;873133;">> KIM: How was it?
>> PAUL: Mm, feel like my face"
308;873133;875600;"has been put in a microwave.
>> OURIAN: Yeah, but only half"
309;875600;878133;"of your face.
>> SONIA: Well, I'm grateful for"
310;878133;881233;"this opportunity 'cause I doubt
we would be able to get this"
311;881233;883467;"taken off if it wasn't for you.
>> KIM: I could tell it's gonna"
312;883467;885166;"look good, though.
>> PAUL: Yeah, it's gonna be"
313;885166;887600;"gone.
>> KIM: Yeah. It'll be good."
314;887600;890333;"All right, we're gonna catch our
flight home."
315;890333;892700;">> SONIA: Thank you so much for
coming, and I appreciate it."
316;892700;894500;">> KIM: So nice to meet you.
>> PAUL: You, too."
317;894500;896133;">> KIM: Good luck with
everything."
318;896133;897600;">> PAUL: Yes, thank you.
>> KIM: You have to keep us"
319;897600;900200;"posted on what's going on and
how it looks."
320;900200;911066;">> SONIA: Definitely.
♪ ♪"
321;911066;913266;">> KHLOE: Oh, my gosh, are you
getting naked?"
322;913266;916367;">> KIM: Well, I got to put these
on 'cause I just feel so much"
323;916367;918633;"better.
>> KHLOE: (mocking): So much"
324;918633;921133;"better.
The first time we tried to"
325;921133;923734;"follow Kourtney wasn't a
success, so we're staked out"
326;923734;926133;"in front of her house for round
two."
327;926133;929633;"I almost feel like she loves
playing these games with us."
328;929633;931700;"(both scream)
Okay."
329;931700;933633;">> KIM: Wait, she's in her Aston
Martin."
330;933633;936233;">> KHLOE: Yes!
That's the ho-mobile."
331;936233;939266;">> KIM: Where is she going?
>> KHLOE: No, for real, this is"
332;939266;943700;"crazy.
>> KIM: But what's around here?"
333;943700;946367;">> KHLOE: Oh, (bleep), sharp
turn."
334;946367;950700;"Now we're at Topanga Canyon.
What?"
335;950700;954367;"Where in the (bleep) are we
going?"
336;954367;956400;">> KIM: Why are you waiting?
>> KHLOE: 'Cause I don't want it"
337;956400;961700;"to be too (bleep) obvious.
It's a no outlet."
338;961700;965367;">> KIM: Where are we?
>> KHLOE: Oh, my God."
339;965367;969533;"We're pulling into a residential
area, and it's... I don't really"
340;969533;972400;"recognize it.
It's... I don't know, it's just"
341;972400;975433;"a weird place 'cause it's right
up the street, it's not far, but"
342;975433;977266;"it's...
>> KIM: It's not far, but we"
343;977266;978667;"don't know anyone that lives
here."
344;978667;980734;">> KHLOE: Right.
>> KIM: So it's kind of, like, I"
345;980734;984200;"don't know, it's close, but...
>> KHLOE: But still so far."
346;984200;986567;">> KIM: Mysterious.
Did we just pull up to some"
347;986567;989533;"random house?
Wait, wait, she's getting out,"
348;989533;991467;"she's getting out.
>> KHLOE: (gasps) Wow, look at"
349;991467;996533;"her outfit.
Where's she going?"
350;996533;1001767;"Oh, my God.
>> KIM: What the (bleep)?"
351;1001767;1006166;"Should we go and, like, check it
out?"
352;1006166;1008734;">> KHLOE: Okay.
>> KIM: I don't know exactly"
353;1008734;1011734;"what to expect when we bust
Kourtney, but I'm hoping that"
354;1011734;1014567;"this will just remind her that
this is ultimately a job."
355;1014567;1016400;">> KHLOE: Wait, are we really
doing this?"
356;1016400;1017700;"Like, are we really gonna get
out of the car?"
357;1017700;1019633;"You're the lawyer.
Like, can we get in trouble?"
358;1019633;1022500;">> KIM: We've come this far.
Let's just do it."
359;1022500;1026000;">> KHLOE: Let's go.
>> KIM: Ew, there's spiders."
360;1026000;1028367;">> KHLOE: This is a knife.
I need something. (gasps)"
361;1028367;1029767;"Oh, (bleep), how did I get back
over there?"
362;1029767;1033000;">> KIM: Oh, (bleep), spiders.
(Kourtney talking indistinctly"
363;1033000;1035433;"in distance)
>> KHLOE: There's a big window."
364;1035433;1039300;"Oh, my God, quick.
>> KIM: What?"
365;1039300;1041633;"Khloe.
>> KHLOE: (gasps) Oh, my g-- oh,"
366;1041633;1044500;"(bleep).
>> KIM: Did she see you?"
367;1044500;1052633;">> KHLOE: I don't know.
(Kourtney talking indistinctly)"
368;1052633;1055734;">> KIM: What's our plan?
>> KOURTNEY: (bleep), you guys."
369;1055734;1058567;">> KIM: Oh, my God.
>> KOURTNEY: (bleep), why are"
370;1058567;1062333;"you guys so in my business?
You guys are literally on my"
371;1062333;1065467;"dick.
>> KHLOE: Whose house is this?"
372;1065467;1068700;">> KOURTNEY: I'm not literally
dating anybody."
373;1068700;1070567;">> KHLOE: But we don't know
'cause we don't know anything"
374;1070567;1072633;"about you."
375;1077266;1079233;"(Kim and Khloe laughing)
>> KOURTNEY: What are you guys"
376;1079233;1081000;"doing?
>> KIM: Oh, we just came to lay"
377;1081000;1082533;"out.
>> KOURTNEY: Do you think it's"
378;1082533;1084066;"funny?
>> KHLOE: What're you doing"
379;1084066;1085400;"here?
>> KOURTNEY: I'm having a"
380;1085400;1086533;"meeting.
>> KHLOE: With who?"
381;1086533;1088567;">> KOURTNEY: For Poosh.
>> KIM: About what?"
382;1088567;1090633;">> KOURTNEY: What does it
matter?"
383;1090633;1093300;"You-- Why are you guys so in my
business?"
384;1093300;1095667;"You guys are literally on my
dick."
385;1095667;1098400;">> KHLOE: Whose house is this?
>> KOURTNEY: It's-- I'm here for"
386;1098400;1101467;"a meeting.
Do you want to come inside?"
387;1101467;1103033;">> KHLOE: Possibly.
>> KOURTNEY: I'm not literally"
388;1103033;1105433;"dating anybody.
>> KHLOE: But we don't know"
389;1105433;1107266;"'cause we don't know anything
about you."
390;1107266;1109467;">> KOURTNEY: What if I actually
was, then what?"
391;1109467;1111467;"Like, you'd bring the cameras
here?"
392;1111467;1113400;"It's so disrespectful.
>> KHLOE: Then, actually, it"
393;1113400;1115533;"would be on camera.
>> KOURTNEY: If I have"
394;1115533;1120333;"boundaries, respect them.
Just because you love to show"
395;1120333;1122633;"every single thing, 'cause she
likes to show every single"
396;1122633;1124567;"thing.
>> KHLOE: No, I don't like to,"
397;1124567;1126100;"it's just...
>> KOURTNEY: Well, you do,"
398;1126100;1127600;"clearly.
>> KHLOE: Because that's our"
399;1127600;1130500;"job.
>> KOURTNEY: It's not."
400;1130500;1133433;"That's what I'm saying, is
your-- it's-- there's-- yeah,"
401;1133433;1138500;"there's a fine line.
>> KIM: Our job is being open"
402;1138500;1141367;"and honest and sharing a lot of
ourselves, and it just seems"
403;1141367;1144433;"like, for the past few years
now, Kourtney hasn't really been"
404;1144433;1147100;"open about her personal life on
camera."
405;1147100;1150400;"So all of the days that Kourtney
isn't filming, Khloe and I are"
406;1150400;1153400;"picking up the slack and having
to share more 'cause if we're"
407;1153400;1156567;"not sharing our lives, then
what is the show?"
408;1156567;1158433;">> KHLOE: But you don't give
anything."
409;1158433;1161033;">> KOURTNEY: Right, I don't want
to share some pers-- certain"
410;1161033;1162700;"personal things.
>> KHLOE: You think it's fair"
411;1162700;1164667;"that you just coast through
life?"
412;1164667;1166500;">> KOURTNEY: But what's
important to you to share"
413;1166500;1170066;"and-and important-- I said I
will not share my relationship,"
414;1170066;1171600;"that's it.
>> KHLOE: I would rather share"
415;1171600;1173600;"never a thing.
>> KOURTNEY: Okay, but I shared"
416;1173600;1176567;"my breakdown, crying about
having anxiety."
417;1176567;1178667;"I share other things.
>> KHLOE: You shared that?"
418;1178667;1180367;"That happened naturally on
camera."
419;1180367;1184667;">> KOURTNEY: Right, but I'm not
like, "Turn the cameras off.""
420;1184667;1188767;"This is so crazy.
If they wanted privacy, I would"
421;1188767;1192400;"never follow them or, like,
expose them."
422;1192400;1195400;"We're all different, and
this is the kind of stuff that"
423;1195400;1200400;"makes me feel that they put the
show over me and my well-being"
424;1200400;1203600;"and protecting me and just me as
a person."
425;1203600;1207567;"If I'm not dating anyone and I'm
here for a meeting, what am I"
426;1207567;1209500;"hiding?
>> KHLOE: What the (bleep)?"
427;1209500;1211400;">> KIM: Khlo, let's go.
>> KOURTNEY: ...the fact that"
428;1211400;1226767;"you don't believe me...
♪ ♪"
429;1226767;1228700;">> SCOTT: Khlo, this looks
unbelievable."
430;1228700;1231133;">> KIM: Yeah, looks great,
right? So much better."
431;1231133;1233367;">> SCOTT: 1,000 times better.
>> KHLOE: Um..."
432;1233367;1235433;">> SCOTT: I love it.
>> KIM: I've done my due"
433;1235433;1239467;"diligence on us.
So, overall, a sense of escapism"
434;1239467;1243033;"is important to maintain as it
draws viewers in and keeps them"
435;1243033;1248000;"tuned in.
I love getting fan perspective"
436;1248000;1250200;"of every project that I'm
working on."
437;1250200;1253600;"So the show is a project-- I
mean, it's our real lives, but"
438;1253600;1257767;"we open up ourselves, and it is
a TV show at the end of the day."
439;1257767;1262500;"So my publicist sends me this
analysis that they've done for"
440;1262500;1265467;"this season of our show, and to
see what people are into and"
441;1265467;1268200;"what they're not into.
"Kim, Kourtney, and Khloe, the"
442;1268200;1272533;"trio of relationships is a key
driver of interest."
443;1272533;1278233;"Khloe, by far, the favorite.
Funniest, realest, relatable,"
444;1278233;1283100;"voice of reason.
Um, Kim, interest to see more of"
445;1283100;1285500;"her relationship with Kanye.
It feels like a whole aspect of"
446;1285500;1288200;"her life that we haven't had
access to.""
447;1288200;1291233;"I am the one that signed up to
do the show."
448;1291233;1294033;"So, like, I don't show
everything about Kanye, but"
449;1294033;1298500;"I've still figured out how to
share so much to where,"
450;1298500;1302033;"you know, I do believe the fans
get an inside look of my"
451;1302033;1304567;"relationship and who we're...
who we are, but I also"
452;1304567;1309033;"respect Kanye.
Um, Scott, 48%..."
453;1309033;1311033;">> KHLOE: Woot-woot!
>> KIM: ...want to see more of"
454;1311033;1313066;"him; that's amazing.
>> SCOTT: Hurrah."
455;1313066;1315200;">> KIM: "He's the antagonist of
the show, but in a fun way."
456;1315200;1318233;"An entertaining villain."
People want to see more pranks,"
457;1318233;1320567;"podcast humor.
Kourtney."
458;1320567;1322734;""There is a perception that she
hides a lot of her life from"
459;1322734;1325100;"the cameras."
>> KHLOE: No (bleep), Sherlock."
460;1325100;1328033;">> KIM: Yep.
Like, you know, we got into a"
461;1328033;1330033;"huge fight about, like,
boundaries; she has a boundary"
462;1330033;1332066;"for everything.
>> SCOTT: Well, she doesn't"
463;1332066;1334066;"really get held accountable.
>> KHLOE: Yes."
464;1334066;1336066;">> KIM: That's the thing.
Like, I have so many things on"
465;1336066;1338734;"my plate that she actually
doesn't have, and I still am"
466;1338734;1342166;"able to make it work.
>> KHLOE: I'm not surprised that"
467;1342166;1345533;"the report says that people
don't feel like they know the"
468;1345533;1348467;"real Kourtney, 'cause sometimes
I don't think Kim and I feel"
469;1348467;1352667;"like we know the real Kourtney.
If Kourtney can't figure out how"
470;1352667;1357200;"to manage sharing when everyone
else has figured it out, that's"
471;1357200;1360667;"when it becomes frustrating.
When I found out I was pregnant,"
472;1360667;1364133;"I told production before I told
my family members, because I"
473;1364133;1368200;"wanted them to be able to
capture when I first told my"
474;1368200;1372600;"family something like that.
So I think it's also just when"
475;1372600;1376767;"big things are happening in one
of our lives, it's our job to"
476;1376767;1380700;"articulate that to the powers
that be and make sure that all"
477;1380700;1383533;"of this is captured and
documented in an appropriate"
478;1383533;1385233;"way.
>> KIM: And it's so fun like"
479;1385233;1387233;"that, though, 'cause we get to
have these real moments on"
480;1387233;1390100;"camera.
>> KHLOE: Oh, my God."
481;1390100;1392133;">> LAMAR: Would you marry me?
>> KHLOE: Oh..."
482;1392133;1396500;">> KRIS: Yay!
>> TRISTAN: KoKo, want to throw"
483;1396500;1399166;"the hammer down?
>> KHLOE: We're having a baby."
484;1399166;1402033;"(all exclaiming)
>> KOURTNEY: Oh, my God!"
485;1402033;1409567;"(indistinct chatter)
(True crying)"
486;1409567;1418200;"(gasping)
>> KANYE: Will you marry me?"
487;1418200;1421033;">> KIM: I'm pregnant.
>> SCOTT: No."
488;1421033;1423000;"(laughter)
No."
489;1423000;1425266;">> KOURTNEY: Yeah.
>> SCOTT: Is it-- say Bible."
490;1425266;1428000;">> KIM: Bible.
>> SCOTT: With Ye's?"
491;1428000;1432066;">> KIM: Yeah.
>> KHLOE: That's part of our job"
492;1432066;1435066;"is also to say, "Okay, there's,
you know, we've got to do this.""
493;1435066;1439533;"And it's a great, like, memory
to have, and things to look back"
494;1439533;1446567;"on, and I don't know what is so
difficult for Kourtney to get."
495;1446567;1449734;"So what do we do now, kids?
>> KIM: I don't know."
496;1449734;1453667;"I don't think any of us have an
answer."
497;1453667;1456567;">> KOURTNEY: It's okay if you
want to come."
498;1456567;1458400;">> KIM: Oh, no, we're filming.
We have a job."
499;1458400;1460166;">> KHLOE: We're working.
>> KOURTNEY: Stop with your"
500;1460166;1462033;"attitude.
>> KIM: We have a proposal for"
501;1462033;1469333;"you-- it starts with an "F" and
ends with a "D.""
502;1469333;1471100;">> KHLOE: Ooh."
503;1474100;1477700;"You know, Kourtney, when it
comes to any sort of issues that"
504;1477700;1479767;"we're having, she chooses to not
engage."
505;1479767;1482700;"She wants to just act like
nothing's going on and ignore"
506;1482700;1485266;"it, and that's not the way to
resolve anything."
507;1485266;1487734;">> KIM: And we don't know how to
express to her that she needs to"
508;1487734;1491467;"hold her end of the weight, and
her end of the bargain, and the"
509;1491467;1495367;"exact same thing that all of us
are doing, she's not doing,"
510;1495367;1497667;"and it's really frustrating.
>> KHLOE: So we've got to call"
511;1497667;1502166;"Kourtney and really try to find
out a solution, and how we're"
512;1502166;1505100;"gonna compromise, and what are
we gonna do moving forward?"
513;1505100;1507533;"(line ringing)"
514;1512000;1515100;">> KOURTNEY: Khlo, I'm here with
Khadijah and Sarah."
515;1515100;1517300;"We're cooking.
You don't understand how good"
516;1517300;1520000;"the food looks.
If you want to come--"
517;1520000;1523100;"Kim, you can come, too.
We're making Moroccan food."
518;1523100;1526200;"It looks so good.
>> PENELOPE: Yeah, it is so"
519;1526200;1528700;"good.
>> KIM: Oh, no, we're filming."
520;1528700;1531233;"We have a job.
>> KHLOE: We're working."
521;1531233;1537400;">> KIM: Yeah, we have a job.
I am so happy for Kourtney."
522;1537400;1540500;"If she needs time away or a
break or something..."
523;1540500;1544467;"However, the anger and
frustration for Khloe and I is"
524;1544467;1548166;"we are putting in more work,
covering her hours."
525;1548166;1551400;">> KOURTNEY: Kim, stop with your
attitude, honestly."
526;1551400;1554133;">> KIM: Oh, just wait.
>> KOURTNEY: You're just..."
527;1554133;1556767;">> KIM: Just wait.
>> KOURTNEY: Just wait for what?"
528;1556767;1561033;">> KIM: We have a proposal for
you-- it starts with an "F" and"
529;1561033;1564734;"ends with a "D."
>> KOURTNEY: I am down."
530;1564734;1566700;">> KHLOE: Well, okay.
>> KIM: Okrrr."
531;1566700;1569767;"Remember you said it.
>> KOURTNEY: Okay."
532;1569767;1572467;"But, like, what's up with the
meanness?"
533;1572467;1575166;">> KIM: We've tried to say it
every other way, and you don't"
534;1575166;1577266;"get it, so...
>> KOURTNEY: Okay."
535;1577266;1582400;"I'm just trying to invite you
for some dinner, but..."
536;1582400;1586400;">> KHLOE: I said...
Why is she...?"
537;1586400;1588467;"(phone chiming)
She cannot handle it."
538;1588467;1591066;"And if she's so fine, then she
should be fine."
539;1591066;1595200;">> KIM: Yeah.
>> KHLOE: Oh, my God, Kourtney"
540;1595200;1597467;"said, "That's all (bleep).
(bleep) you both.""
541;1597467;1599433;"Then she said, "With your bad
vibes."
542;1599433;1602000;"How dare anyone disrespect me
like that in front of my"
543;1602000;1604266;"daughter?
I'm now crying when I have"
544;1604266;1607000;"people over, taking...
a cooking lesson and have a"
545;1607000;1610166;"nice night..."
No."
546;1610166;1613233;">> KIM: Come on, I need to go--
I need to go off on her."
547;1613233;1616200;">> KHLOE: Don't call her.
>> KIM: Crying?"
548;1616200;1617767;">> KHLOE: You guys gotta be
stronger."
549;1617767;1619133;"You and Kourtney are like...
>> KIM: Crying?!"
550;1619133;1622367;">> KOURTNEY: If Kim thinks she
has the power to fire me from"
551;1622367;1625600;"our family show, it's just
crazy."
552;1625600;1629233;"It's just like, sometimes we
just need a break, and I don't"
553;1629233;1632367;"want to film with Kim.
>> KHLOE: She's just a (bleep)"
554;1632367;1639467;"cranky bitch.
>> KIM: Makes my... blood boil."
555;1639467;1642200;">> KHLOE: Just so crazy."
556;1644500;1646300;"♪ ♪"
557;1658166;1661266;">> KHLOE: Do we seriously want
to talk about..."
558;1661266;1667166;"Like, I'm so pissed at Mom.
I mean, I saw Corey standing out"
559;1667166;1669367;"in the front yard.
So do we just go over there and,"
560;1669367;1672066;"like, ambush them?
>> KIM: Should we?"
561;1672066;1674567;">> KHLOE: Mom was like, "If I'm
feeling okay, I'll come over"
562;1674567;1676633;"there.
I'll make my way across the"
563;1676633;1678400;"street."
I'm like, "What the (bleep) else"
564;1678400;1680333;"are you doing?"
>> KIM: Yeah."
565;1680333;1682133;">> KHLOE: We're literally
falling like flies, and it's not"
566;1682133;1684166;"funny.
>> KIM: So, my mom came up with"
567;1684166;1686600;"the term "mothership," and she
said, "No matter what, we'll"
568;1686600;1690133;"always do our show until it
stops being fun, and we'll"
569;1690133;1694200;"always have our mothership."
Not only has Kourtney checked"
570;1694200;1696300;"out, but...
>> KHLOE: Kris Jenner does not--"
571;1696300;1698133;">> KIM: Kris Jenner has
abandoned the mothership as"
572;1698133;1699567;"well.
>> KHLOE: Right."
573;1699567;1701533;"Her and Kourtney are on their
own ship."
574;1701533;1703400;">> KIM: Yacht.
>> KHLOE: I'm calling her."
575;1703400;1705200;"I'm pissed."
576;1708667;1711433;"Hey.
>> KRIS: Hi."
577;1711433;1714233;">> KHLOE: We're disinviting you
from Christmas Eve now."
578;1714233;1717433;">> KRIS: Why? What did I do now?
>> KHLOE: It's really bothersome"
579;1717433;1721367;"to Kim and I that we, like, bust
our ass, and we film all the"
580;1721367;1724100;"time, we're open.
We don't have a ton of"
581;1724100;1726600;"boundaries, in our opinion, not
in comparison to I don't even--"
582;1726600;1729600;"No, Kourtney is--
It's like Kourtney gives us"
583;1729600;1732300;"n-nothing.
They get all my cheating stuff."
584;1732300;1735166;"They get all this other (bleep)
that I wish would go away, that"
585;1735166;1738100;"I'm stripped in the blogs for
being the most pathetic human"
586;1738100;1740266;"being.
'Cause all they talk about is"
587;1740266;1743633;"what a loser I am.
Is it my job?"
588;1743633;1746166;"Sure, I take one for the family
team."
589;1746166;1747667;">> KRIS: I don't disagree with
that."
590;1747667;1750500;">> KHLOE: Right, but then you,
as our manager, you should want"
591;1750500;1753333;"this show to be successful,
and you should talk to Kourtney"
592;1753333;1755700;"and say, "Okay, Kourtney, if
you're not willing to bring"
593;1755700;1757500;"anything to the table, then
you're done.""
594;1757500;1759300;"It's just so...
>> KIM: Everyone needs a (bleep)"
595;1759300;1761100;"consequence.
>> KRIS: Oh, my God."
596;1761100;1762467;">> KIM: Let's show her.
If she doesn't want to show up,"
597;1762467;1764100;"she doesn't want to work, she
has too many (bleep) boundaries,"
598;1764100;1767100;"she's out.
>> KRIS: I'm sorry you feel that"
599;1767100;1769166;"way.
I think you guys are crazy."
600;1769166;1771166;">> KHLOE: Oh, well, we both feel
this way, not 'cause we're"
601;1771166;1772700;"making it up.
>> KRIS: ...come over there and"
602;1772700;1774467;"film in my pajamas...
>> KHLOE: I want you--"
603;1774467;1776467;"It's not just today, Mom.
This is serious."
604;1776467;1778700;"It's not something that you're
gonna get by with us on a phone"
605;1778700;1781633;"call, and then you're like,
okay, you pacified us for a"
606;1781633;1784400;"second, no.
What do you bring to the table?"
607;1784400;1786200;">> KRIS: What do you want me to
do?"
608;1786200;1788100;">> KHLOE: Step it the (bleep)
up!"
609;1788100;1790533;">> KRIS: If you don't want me on
the show, I don't have to be on"
610;1790533;1792633;"the show.
>> KIM: All right, so let's kick"
611;1792633;1794633;"off you and Kourtney.
>> KHLOE: You and Kourtney are"
612;1794633;1796500;"gone.
Cue the cough."
613;1796500;1800667;"(Kris coughing)
>> KIM: Hang up on her."
614;1800667;1803133;">> KOURTNEY: How annoying are
Kim and Khloe?"
615;1803133;1806133;">> KRIS: The most annoying
because we don't share anything."
616;1806133;1810233;">> KOURTNEY: I shared everything
from my relationship with Scott,"
617;1810233;1814233;"everything, and it was horrible
for our relationship."
618;1814233;1819233;">> KRIS: It's a (bleep) show.
So I want to check in on"
619;1819233;1821734;"everybody.
I hate it when the girls fight"
620;1821734;1825233;"like this, so I just want to get
everybody together so we can all"
621;1825233;1827400;"talk about it.
>> KOURTNEY: I need to have some"
622;1827400;1829500;"things to myself.
>> KIM: But you've got to budge"
623;1829500;1832300;"at some point.
>> KOURTNEY: I'm not going to"
624;1832300;1834300;"change my boundaries."
625;1839500;1841266;">> KIM: Look what the wind blew
in."
626;1841266;1843233;">> KHLOE: How are you?
>> KRIS: Not great."
627;1843233;1846300;">> KIM: Well, we're glad you
showed up."
628;1846300;1851367;"(Kris coughing)
(Khloe sighs)"
629;1851367;1857567;"(coughing continues)
>> KHLOE: Mm-hmm."
630;1857567;1860700;"(Kris coughing)
So, Mom, what's happening in"
631;1860700;1863000;"your life?
You have Jennifer Lawrence"
632;1863000;1866166;"coming over tomorrow.
I bet you're gonna feel fine for"
633;1866166;1868000;"that.
>> KRIS: I don't know."
634;1868000;1869734;"I was thinking about cancelling,
or postponing it for another"
635;1869734;1871567;"night.
>> KIM: Oh, please."
636;1871567;1873667;"You would literally wake up from
the (bleep) grave to do that."
637;1873667;1875667;">> KHLOE: Right.
(phone chimes)"
638;1875667;1877667;"Thank you for contributing for
today."
639;1877667;1879467;">> KRIS: Sorry I wasn't very
exciting."
640;1879467;1883333;"(phone chimes)
>> KHLOE: Malika's so funny."
641;1883333;1885734;">> KIM: Why?
>> KHLOE: I just think she's a"
642;1885734;1888266;"lunatic.
Khadijah is on her way to"
643;1888266;1890333;"Kourtney's house.
>> KIM: Are we filming that?"
644;1890333;1892467;">> KHLOE: No. She won't--
Are you kidding?"
645;1892467;1894333;">> KRIS: No. I asked her.
She gave me a no."
646;1894333;1896300;"She gave me a flat-ass no.
>> KIM: What?"
647;1896300;1898400;">> KRIS: You guys yell at me?
>> KHLOE: She won't let--"
648;1898400;1900467;"Oh, Kourtney--
>> KIM: No, she's the one that's"
649;1900467;1902600;"officially fired.
You showed up, you passed the"
650;1902600;1905567;"test, you can stay on.
>> KRIS: Oh, passed the test?"
651;1905567;1908600;"Oh, thank you.
For the show that I created."
652;1908600;1912600;">> KHLOE: Lord knows you didn't
make it last this long."
653;1912600;1914400;"♪ ♪"
654;1924066;1925700;">> KOURTNEY: What are you
looking at?"
655;1925700;1930333;">> KRIS: What's "2017 to 2018"?
>> KOURTNEY: Dani made it for"
656;1930333;1933633;"me; she made it for my birthday.
>> KRIS: Aw."
657;1933633;1935767;">> KOURTNEY: But it's, like, all
the outfits."
658;1935767;1937734;">> KRIS: Oh, my God, that's so
cool."
659;1937734;1940233;"What a great idea.
>> KOURTNEY: Yeah."
660;1940233;1941767;">> KRIS: I would use her as a
stylist just to get the book"
661;1941767;1943633;"every year.
>> KOURTNEY: Yeah."
662;1943633;1948033;"Um, anyways, how annoying are
Kim and Khloe lately?"
663;1948033;1952367;">> KRIS: The most annoying
because we don't share anything."
664;1952367;1955667;">> KOURTNEY: I feel drained,
like, energetically."
665;1955667;1958033;">> KRIS: Like I do every day of
the week."
666;1958033;1959567;">> KOURTNEY: Like, you feel
drained."
667;1959567;1961400;">> KRIS: Yeah.
>> KOURTNEY: You cannot give"
668;1961400;1963000;"yourself.
>> KRIS: Amen."
669;1963000;1965367;">> KOURTNEY: So, like, I feel...
>> KRIS: Can I have an amen?"
670;1965367;1967567;">> KOURTNEY: I feel like I'm...
>> KRIS: Yes."
671;1967567;1970400;">> KOURTNEY: ...drained, but
also, they can't give me, like,"
672;1970400;1973633;"one second to breathe?
>> KRIS: Yeah."
673;1973633;1975633;">> KOURTNEY: They followed me.
I had to go to a meeting."
674;1975633;1977066;"And they were creeping...
>> KRIS: Stop."
675;1977066;1978400;">> KOURTNEY: ...in the guy's
backyard."
676;1978400;1980100;">> KRIS: Oh, my God.
>> KOURTNEY: And they, you know,"
677;1980100;1981633;"were just so mean.
>> KRIS: Yeah."
678;1981633;1985734;">> KOURTNEY: And the fact that
they are gonna act that way to"
679;1985734;1990333;"their family and put a job above
their family..."
680;1990333;1993033;">> KRIS: Here's the thing.
They're trying to give tough"
681;1993033;1994467;"love.
>> KOURTNEY: Mm-hmm."
682;1994467;1997266;">> KRIS: And I think-- I truly
believe that they're coming from"
683;1997266;2001467;"a good place, but I feel like
they're just going about it the"
684;2001467;2002633;"wrong way.
>> KOURTNEY: Mm-hmm."
685;2002633;2006700;">> KRIS: And I think it's really
unfair for anybody to judge."
686;2006700;2009433;"I think we just all have to do
the best we can."
687;2009433;2010734;">> KOURTNEY: Right, but...
>> KRIS: Every time everyone"
688;2010734;2013433;"starts judging, it's a (bleep)
show."
689;2013433;2015600;"If you guys start saying, "Well,
this one's not filming and this"
690;2015600;2017600;"one filmed for four hours and
this one was here 15 minutes...""
691;2017600;2020467;">> KOURTNEY: But also, it's...
>> KRIS: ...it creates this."
692;2020467;2024133;"Everybody has their...
>> KOURTNEY: Moment of sharing."
693;2024133;2029300;"I shared everything from my
relationship with Scott."
694;2029300;2032633;"Everything.
To where all these people were"
695;2032633;2036533;"involved in my relationship, and
it was horrible for our"
696;2036533;2040600;"relationship.
>> KRIS: I know it's hard."
697;2040600;2045066;">> KOURTNEY: I, of course, am
grateful for all the years of"
698;2045066;2049033;"filming our show, but, you know,
I've spent so many years"
699;2049033;2051700;"on camera, and I'm just in a
different headspace."
700;2051700;2054467;">> SCOTT: It's just been a
really hard time, going from,"
701;2054467;2058667;"like, having all of you guys to
having nobody, you know?"
702;2058667;2060567;">> KYLIE: Ew!
>> KOURTNEY: My water broke."
703;2060567;2062700;"Is anything going in it?
>> KYLIE: I don't know, I don't"
704;2062700;2064467;"want to see!
>> KOURTNEY: It's dripping down"
705;2064467;2067533;"my legs.
I have so much and I should just"
706;2067533;2071467;"be so happy.
What am I doing?"
707;2071467;2076633;"It just was a lot of pressure on
an everyday life, and I've just"
708;2076633;2080633;"outgrown that.
I think the private moments are"
709;2080633;2084500;"so special, and I just need more
of them."
710;2084500;2088100;">> KRIS: It's definitely, um, a
challenge."
711;2088100;2092066;"It's a great job, it's the
foundation for so many other"
712;2092066;2095166;"things we do and I'm so grateful
for it, I am."
713;2095166;2097200;"It's what got us to here, so I
love that."
714;2097200;2098667;">> KOURTNEY: No, I'm grateful,
too."
715;2098667;2103133;"The thing that I don't like is
when I feel as if they put work"
716;2103133;2107066;"in front of, like, the
well-being of one of us."
717;2107066;2110667;"I would fight for them if they
said these are their boundaries"
718;2110667;2112767;"and whatever.
I would stick up for them, so"
719;2112767;2117033;"I'm like, "Why do you not stick
up for me and get that those are"
720;2117033;2119633;"things that I need?"
>> KRIS: We just need to sit"
721;2119633;2122633;"down with them and press reset
and start fresh."
722;2122633;2124166;">> KOURTNEY: Everyone just...
>> KRIS: Fresh attitude."
723;2124166;2125633;">> KOURTNEY: ...has to be more
understanding."
724;2125633;2128000;">> KRIS: I agree.
>> KOURTNEY: We've shared our"
725;2128000;2132000;"lives for so many years.
And been vulnerable and, you"
726;2132000;2135200;"know, had so much exposed.
>> KRIS: I think what happens is"
727;2135200;2138433;"over time, it grinds on you.
I totally understand where"
728;2138433;2139667;"you're coming from.
>> KOURTNEY: Yeah, and I think"
729;2139667;2142633;"what people don't realize is
you live the moment, you then"
730;2142633;2146100;"have to talk about it again in
these interviews, and then you"
731;2146100;2150600;"have to watch it again on TV and
see everyone comment on it."
732;2150600;2158133;"It can really mess with you and
drain you, I think, over time."
733;2158133;2160233;">> KRIS: All right.
I have to rush to a meeting."
734;2160233;2164033;">> KOURTNEY: Okay.
>> KRIS: So, I love you and I've"
735;2164033;2166033;"got your back.
>> KOURTNEY: Yeah."
736;2166033;2169033;">> KRIS: You know?
And I love you very much, Kourt."
737;2169033;2170633;">> KOURTNEY: I love you.
>> KRIS: Okay."
738;2170633;2173567;"I'll see you later.
Can't wait to film with you"
739;2173567;2176433;"later!
Ha, ha."
740;2176433;2178066;"♪ ♪"
741;2182667;2185233;">> KHLOE: My mom has always
taught us to be vulnerable, be"
742;2185233;2188066;"open books.
But for some reason, my mom, I"
743;2188066;2191033;"think, forgot her own words of
wisdom."
744;2191033;2193433;"So I have a little trick planned
for her."
745;2193433;2195266;"Would you like to listen to some
music?"
746;2195266;2198233;">> KRIS: Sure.
>> KHLOE: Oh, my God, I have the"
747;2198233;2202200;"best song.
Hold on."
748;2202200;2203600;">> KRIS: Best song?
(over speakers): You know what?"
749;2203600;2206066;"It's too much trouble to try...
>> KHLOE: I love this song."
750;2206066;2208100;">> KRIS: ...and keep secrets.
That's more work than it is just"
751;2208100;2210767;"to let it roll.
And it's worked for us that way."
752;2210767;2217166;"I think that what you see is
what you get."
753;2217166;2220266;"You see all of our
personalities, good and bad."
754;2220266;2222667;"Where did you get this?
Everything, warts and all."
755;2222667;2226300;">> KHLOE: I decided to take one
of my mom's radio interviews"
756;2226300;2229066;"that she did, just about, like,
how open and honest we all"
757;2229066;2232200;"should be.
Because I figure maybe she"
758;2232200;2234500;"doesn't remember.
And I don't feel like she's"
759;2234500;2237066;"carrying enough weight of the
workload."
760;2237066;2239300;"So this will be interesting.
>> KRIS: It's too much trouble"
761;2239300;2243066;"to try to hold things back and
keep secrets."
762;2243066;2244500;"That's more work...
>> KHLOE: ♪ It's too much"
763;2244500;2246767;"trouble! ♪
>> KRIS: This is a terrible"
764;2246767;2249300;"song.
I think that what you see is"
765;2249300;2251333;"what you get.
>> KHLOE: ♪ What you see is what"
766;2251333;2254100;"you get. ♪
>> KRIS: Everything, warts"
767;2254100;2256166;"and all.
You know what, it's too much"
768;2256166;2258133;"trouble...
>> KHLOE: All right, listen."
769;2258133;2259633;">> KRIS: Preaching to the
choir-- I'm listening."
770;2259633;2261567;"How could I miss it?
>> KHLOE: I love this song."
771;2261567;2263233;">> KRIS: Turn it off.
>> KHLOE: Okay."
772;2263233;2267767;">> KRIS: Oh, my God.
>> KIM: You got to budge at some"
773;2267767;2269367;"point.
>> KOURTNEY: What is there that"
774;2269367;2270700;"you're missing out on?
>> KIM: You don't talk about"
775;2270700;2272166;"your boyfriend, you don't talk
about..."
776;2272166;2273633;">> KOURTNEY: I don't have a
boyfriend."
777;2273633;2275033;">> PRODUCER: Or, like, dating.
>> KIM: Or dating."
778;2275033;2276400;">> KOURTNEY: I don't date.
>> KIM: Or your last boyfriend."
779;2276400;2278767;">> KOURTNEY: The show is not my
only thing in life."
780;2278767;2281233;"I need to have some things to
myself."
781;2281233;2289266;">> KRIS: This is never gonna get
resolved."
782;2289266;2291033;">> KRIS: I get it.
Turn it off."
783;2291033;2292333;">> KHLOE: Okay.
>> KRIS: Oh, my God."
784;2292333;2294700;">> KHLOE: I'm just saying, warts
and all."
785;2294700;2296166;">> KRIS: I get what you're
saying."
786;2296166;2299166;"I really do.
But right now, my life..."
787;2299166;2300400;">> KHLOE: Yeah?
>> KRIS: ...is not that"
788;2300400;2301734;"interesting.
All I do is work."
789;2301734;2304700;">> KHLOE: But let us...
>> KRIS: Be the judge."
790;2304700;2306600;">> KHLOE: ...decide.
>> KRIS: Okay."
791;2306600;2309233;">> KHLOE: Go back to-- where's
the old Kris Jenner?"
792;2309233;2312100;">> KRIS: I get the message, loud
and clear."
793;2312100;2316100;"A great delivery, you made your
point clear in a very beautiful"
794;2316100;2319633;"way, and I understand what
you're trying to say."
795;2319633;2323033;">> KHLOE: Thank you.
>> KRIS: You see everything,"
796;2323033;2324400;"warts and all.
>> KHLOE: Warts and all."
797;2324400;2326066;">> KRIS: I've heard it...
>> KHLOE: Yeah."
798;2326066;2327567;">> KRIS: ...500 times.
>> KHLOE: Honestly, I can't"
799;2327567;2329400;"listen to this anymore.
You're lucky."
800;2329400;2331166;"Oh, no.
(Kris laughs)"
801;2331166;2333333;"Won't even pause.
Oh, my God."
802;2333333;2336200;"(sneezing)
Whoo!"
803;2336200;2337734;">> KRIS: You see all of our
personalities..."
804;2337734;2341200;">> KHLOE: Why won't it stop?
Stop!"
805;2341200;2342433;"Stop it.
>> KRIS: It's too much"
806;2342433;2343633;"trouble...
>> KHLOE: You know what?"
807;2343633;2346133;">> KRIS: God's punishing you.
>> KHLOE: Had to undo it."
808;2346133;2347734;"♪ ♪"
809;2355066;2359066;">> KHLOE: Hi.
>> KIM: Hi."
810;2359066;2365700;">> KRIS: So I want to check in
on everybody about the show."
811;2365700;2367433;"We've been doing this a really
long time."
812;2367433;2372600;"Things change, and we're all
trying to keep everybody happy."
813;2372600;2377100;"I hate it when the girls fight
like this, so I just want to get"
814;2377100;2379400;"everybody together so we can all
talk about it."
815;2379400;2383400;"You know, and once and for all.
And of course I want production"
816;2383400;2387367;"there, so we can kind of air out
all of our feelings."
817;2387367;2393100;">> KHLOE: Where do we stand with
what we're comfortable filming,"
818;2393100;2396767;"what we're not comfortable
filming?"
819;2396767;2398567;"Sharing?"
820;2402734;2406066;"All right.
>> KIM: I don't think you and I"
821;2406066;2407367;"have to answer.
>> KHLOE: Okay."
822;2407367;2409767;">> PRODUCER: Yeah, I think Kim
and... Kim and Khloe have shared"
823;2409767;2411433;"a lot.
>> KOURTNEY: I think everyone"
824;2411433;2418000;"knows what my boundaries are.
I don't feel like there's much"
825;2418000;2422133;"more that I can give.
I have other things to squeeze"
826;2422133;2424166;"into my day.
Not only is it other work, I had"
827;2424166;2427000;"three parent-teacher conferences
this week."
828;2427000;2431700;"The show is not my only thing in
life."
829;2431700;2434066;">> KIM: I understand that if I
have a parent-teacher conference"
830;2434066;2437233;"like she's complaining she has,
I'll drop my kids off at school,"
831;2437233;2440033;"go do my parent-teacher
conference, come home, stop in"
832;2440033;2442667;"my law office.
I'm in the middle of campaigns"
833;2442667;2446767;"for my beauty fragrance, SKIMS.
But with all of these things"
834;2446767;2449300;"that I'm doing, I still manage
to share my life."
835;2449300;2452166;"And there's a camera following
me doing all of these things."
836;2452166;2457133;"Just, the excuses don't make a
whole lot of sense to me."
837;2457133;2459433;">> KHLOE: I don't think anybody
has an issue with your"
838;2459433;2461500;"boundaries with your kids.
>> KOURTNEY: I have things I do"
839;2461500;2463400;"at nighttime, also.
>> KHLOE: So do we."
840;2463400;2465467;">> KOURTNEY: I usually don't--
Right, but that's me."
841;2465467;2468133;"I need to have some things to
myself."
842;2468133;2470533;">> KIM: But we're saying you got
to budge at some point."
843;2470533;2473266;"Like, we all budge...
>> KOURTNEY: But what is there"
844;2473266;2475166;"that you're missing out on?
>> KIM: Like, you don't talk"
845;2475166;2476433;"about your boyfriend, you don't
talk about..."
846;2476433;2478033;">> KOURTNEY: I don't have a
boyfriend."
847;2478033;2479233;">> PRODUCER: Or, like, dating.
>> KIM: Or dating."
848;2479233;2480600;">> KOURTNEY: I don't date.
>> KIM: Or your last boyfriend."
849;2480600;2482100;">> KOURTNEY: I don't go on
dates."
850;2482100;2483400;"But I literally...
>> KIM: Yeah, why are you"
851;2483400;2485166;"getting so defensive and
yelling, though?"
852;2485166;2486700;">> KOURTNEY: Because they're
saying everything's changing."
853;2486700;2488433;"It's not.
>> KIM: Yeah, no, it is."
854;2488433;2490000;">> KOURTNEY: What else?
>> KHLOE: It's not very"
855;2490000;2492300;"riveting.
>> KOURTNEY: I give a lot of my"
856;2492300;2495300;"time to the show.
I will continue to give a lot of"
857;2495300;2497100;"time to the show.
>> PRODUCER: If you are more"
858;2497100;2499033;"present, maybe that will help.
>> KOURTNEY: It's n-- I don't"
859;2499033;2501333;"think it's not that I'm present,
but sometimes people throw off"
860;2501333;2506066;"my mood, if everyone's being
bitchy."
861;2506066;2510033;"It doesn't make me want to talk
or engage with these people"
862;2510033;2511400;"that, you know, are putting me
in the bad mood."
863;2511400;2514233;">> KHLOE: "These people."
>> KOURTNEY: That's why I say to"
864;2514233;2517233;"you, I'm gonna have to cancel
tomorrow."
865;2517233;2520533;"I just don't want to film every
day and have it be a toxic"
866;2520533;2523500;"environment.
You know, I just need my sisters"
867;2523500;2528200;"to stop harping on it.
And, like, just either accept"
868;2528200;2531734;"that that's what it is or, like,
move on."
869;2531734;2534533;"We are all different people, we
have different things that are"
870;2534533;2537533;"important to each of us.
My well-being is more important"
871;2537533;2540367;"than the show.
I'm not giving in."
872;2540367;2542467;">> KHLOE: Okay.
>> KOURTNEY: And I'm not going"
873;2542467;2547066;"to change my boundaries.
That's not gonna happen."
874;2547066;2548633;">> KHLOE: Okay."
875;2553000;2556600;">> KRIS: That didn't go very
well, and I'm starting to think"
876;2556600;2561100;"that this is never gonna get
resolved, so now I'm not sure"
877;2561100;2567367;"what to do or how to fix it.
>> KIM: I am 100% in support of"
878;2567367;2571000;"Kourtney following her dreams
and not being on the show if"
879;2571000;2573133;"that's what she wants to do.
But are we gonna just be in"
880;2573133;2575133;"limbo?
Like, it just doesn't make"
881;2575133;2579066;"sense, especially if she's not
willing to share anything about"
882;2579066;2582300;"her personal life on camera.
I'm really into"
883;2582300;2585400;"everything being fair, and I
just don't feel like this is"
884;2585400;2592100;"fair, and I don't see how this
can go on like this."
885;2592100;2594233;">> KOURTNEY: Never go against
the family, bitch."
886;2594233;2597400;">> KRIS: I think we need to
press a reset button and go to"
887;2597400;2599100;"Wyoming.
>> KIM: Still to come on the"
888;2599100;2601533;"season finale of Keeping Up with
the Kardashians..."
889;2601533;2603400;">> KRIS: I've got some great
things planned."
890;2603400;2605266;">> KHLOE: (bleep) you guys.
>> KOURTNEY: Khloe, if you"
891;2605266;2607300;"cuss...
>> KHLOE: You're a bully, and"
892;2607300;2608767;"you're a bitch.
>> KENDALL: Why are you leaving?"
893;2608767;2610433;">> KOURTNEY: Why would I want to
be here?"
894;2610433;2613567;">> KRIS: The right decision
about the show, do it as long as"
895;2613567;2616233;"everybody's happy.
>> KOURTNEY: I'm getting to the"
896;2616233;2618200;"point where I'm not happy.
Captioning sponsored by"
897;2618200;2619066;"BUNIM-MURRAY PRODUCTIONS"