﻿Number;Start time in milliseconds;End time in milliseconds;"Text"
1;5100;7266;"♪ ♪"
2;10533;13166;">> KRIS: Who do I see over
there?"
3;13166;16400;"What?
Look at your headband."
4;16400;18500;">> KHLOE: Say, "Hi, Lovey."
>> KRIS: Hey, mama."
5;18500;20500;">> KIM: Who sees Lovey?
>> KOURTNEY: I haven't seen you"
6;20500;23400;"in a while.
I'd like to give you a hug."
7;23400;26667;">> KHLOE: Oh, my...
Who are you?"
8;26667;29300;">> KOURTNEY: Who would like...
>> KHLOE: Mm-mm."
9;29300;30734;">> KOURTNEY: ...to come along
for this adventure?"
10;30734;32667;">> KHLOE: Or not.
>> KOURTNEY: Think about it."
11;32667;34467;"Think about it.
>> KHLOE: Think about what?"
12;34467;36300;"Spit it out.
>> KRIS: What's happening?"
13;36300;38000;">> KOURTNEY: Snow.
>> KRIS: What?"
14;38000;39533;">> KOURTNEY: Northern Lights.
>> KRIS: She loves the Northern"
15;39533;41200;"Lights.
>> KIM: Finland."
16;41200;43700;">> KOURTNEY: To go to Finland.
And you sleep here and you could"
17;43700;45700;"see the Northern Lights.
And I'm going because..."
18;45700;47700;">> KHLOE: No. It's not a
guarantee."
19;47700;50567;">> KOURTNEY: Yes, they are.
They've seen them last week."
20;50567;53500;">> KHLOE: Last week.
>> KRIS: What else do you do"
21;53500;55433;"except look at the lights
outside?"
22;55433;57767;">> KOURTNEY: Dog sledding.
(Khloe mouths, chuckles)"
23;57767;61600;"They have ice fishing.
Shoe... What is it called, with"
24;61600;64300;"the shoes?
Snowshoeing. Snowshoeing."
25;64300;67300;">> KIM: Well, my March is booked
up."
26;67300;69033;">> KYLIE: How far is Finland
from here?"
27;69033;70600;">> KOURTNEY: It's a-- it's a
journey."
28;70600;72400;">> KIM: Yeah.
>> KHLOE: Oh, my God."
29;72400;74700;">> KOURTNEY: Khloe seems very
against it."
30;74700;76467;">> KHLOE: Accurate.
>> KOURTNEY: Mom?"
31;76467;78333;">> KRIS: I couldn't.
>> KOURTNEY: Why?"
32;78333;80600;">> KRIS: I've just been working
every second."
33;80600;83567;"♪ ♪
>> KOURTNEY: I feel like I'm"
34;83567;88233;"always searching for the place
that feels like home to me."
35;88233;90467;"Like, where do I want to live my
life?"
36;90467;94633;"And visiting these places is
just fulfilling to me because"
37;94633;98734;"I'm one step closer to finding
my true home."
38;98734;102533;"No on Finland, no on Finland, no
on Finland."
39;102533;105333;"So my only hope is Kylie.
>> KHLOE: No. Don't go to any"
40;105333;107600;"trip Kourtney wants to go on.
>> KYLIE: No."
41;107600;110567;">> KHLOE: Exactly, babe.
(laughs)"
42;110567;112633;"♪ ♪"
43;132500;135567;">> KIM: Saint has his first
performance."
44;135567;137567;">> KENDALL: For?
>> KIM: On Friday at a church"
45;137567;140000;"for his school.
>> KENDALL: I would make Saint"
46;140000;141734;"do the dopest (bleep) if I were
you, 'cause he's gonna be the"
47;141734;144100;"dopest kid.
>> KIM: I'm really interested to"
48;144100;146767;"see how Saint does, 'cause
performing's not his thing, you"
49;146767;149633;"know?
But North has been loving, like,"
50;149633;152567;"singing and dancing and just,
like, doing her thing."
51;152567;154700;"Kanye said he wasn't even that
confident at her age."
52;154700;156433;">> KENDALL: Swear.
>> KIM: Yeah. He's like, "I...""
53;156433;157700;">> KENDALL: She's gonna be,
like, a star. (chuckles)"
54;157700;158667;">> KIM: That's what everyone
says."
55;158667;161400;">> KENDALL: I know it's so corny
to say, but, like, actually."
56;161400;163734;">> KIM: No, I know.
Like, she's obsessed with JoJo"
57;163734;165667;"Siwa.
>> KENDALL: Yeah. Everyone is, I"
58;165667;168300;"feel like.
>> KIM: And JoJo sent her a huge"
59;168300;171000;"basket of bow stuff.
She was, like, jumping up and"
60;171000;173700;"down.
I video'd it, and I tagged her."
61;173700;176400;"She DM'd me and is like, "Hey,
do you want me to come and"
62;176400;178467;"surprise North?
Here's my cell phone number."
63;178467;181000;"Call me."
And I was like, "What?""
64;181000;187066;"JoJo Siwa is the biggest YouTube
sensation for kids."
65;187066;191000;"She's a singer, she's a dancer.
And the girls are obsessed with"
66;191000;194400;"her right now.
>> NORTH: We're doing JoJo Siwa."
67;194400;197000;">> KHLOE: Get it, girl.
>> KIM: Let me see this JoJo"
68;197000;200367;"Siwa bow.
For North to meet JoJo Siwa,"
69;200367;203066;"that would be, like, the best
day ever."
70;203066;205367;">> KENDALL: That's awesome.
Oh, my God, I can't wait till I"
71;205367;207533;"have a kid-- I'm gonna make him
do the coolest things."
72;207533;209500;"So that when he's older, he's
just such a stud."
73;209500;212100;">> KIM: Have one and wait until
they scream and cry and..."
74;212100;224033;"(Kendall chuckling)
♪ ♪"
75;224033;226166;">> KOURTNEY: I kind of don't
think I'll wear these."
76;226166;228700;"That's-- I already have enough,
so this is an extra."
77;228700;230333;">> SCOTT: What is going on in
here?"
78;230333;231633;">> KOURTNEY: Hi.
>> KIM: Hey."
79;231633;233433;">> SCOTT: Peno.
>> KIM: We decided it's time to"
80;233433;235467;"clean up.
>> PENELOPE: Dad, hold this like"
81;235467;239000;"this, and I'm gonna brush it.
>> SCOTT: This is disgusting."
82;239000;241333;"Who do you thinks hair this was
at one time?"
83;241333;244100;">> PENELOPE: Mom's?
>> SCOTT: No. You buy this."
84;244100;248066;"It's other people's hair.
>> PENELOPE: I don't want that."
85;248066;250633;">> KIM: Okay. I think we're done
up here."
86;250633;254133;">> SCOTT: Come on, Penop.
Get out while we can."
87;254133;256100;">> KOURTNEY: Scott, do you want
to talk about Finland?"
88;256100;257433;">> SCOTT: Yeah.
>> KIM: What's going on with"
89;257433;259033;"Finland?
>> SCOTT: You're going?"
90;259033;260734;">> KOURTNEY: No.
>> SCOTT: Oh. What is there in"
91;260734;262767;"Finland?
Do you ski?"
92;262767;265166;">> KIM: Santa Claus lives there.
>> KOURTNEY: (laughs) And what"
93;265166;268600;"else?
There's a reindeer ride."
94;268600;272467;"I was first gonna go to Finland
as a girls' trip, and then it"
95;272467;276066;"just seemed like a lot of the
activities are things that my"
96;276066;278066;"kids would love.
We're gonna..."
97;278066;280066;">> KIM: Did you know that?
>> KOURTNEY: ...see Santa's"
98;280066;282633;"Village.
You can go ice fishing."
99;282633;286000;">> SCOTT: Oh, yes!
>> KOURTNEY (laughs): There's a"
100;286000;290467;"reindeer ride.
Then the dates that we were able"
101;290467;293567;"to go ended up being spring
break."
102;293567;297567;"And then Scott didn't want to
not be with the kids, so he"
103;297567;301500;"really wanted to come along.
So are you definitely inviting"
104;301500;304200;"Sofia?
>> SCOTT: Yeah."
105;304200;307767;">> KOURTNEY: And then it was my
idea to invite Sofia to come on"
106;307767;310767;"our trip to Finland.
Do you want her to come?"
107;310767;314000;">> PENELOPE: Mm-hmm.
>> KOURTNEY: Okay."
108;314000;316734;">> SCOTT: I never want to miss
out on anything when it includes"
109;316734;319433;"the kids.
In the past six to eight months,"
110;319433;322066;"we've been on a couple trips
where it's been Kourtney, Sofia,"
111;322066;326233;"the kids, and it's been great.
But Sofia mentioned to me that"
112;326233;329400;"she felt a little left out.
So I have to be careful of what"
113;329400;333000;"I say, because I don't want to
overstep anyone's boundary and"
114;333000;337166;"make anybody feel left out.
>> KIM: Whoever the light's"
115;337166;342667;"shining on is going.
♪ ♪"
116;342667;353033;">> PENELOPE: It's not on me.
♪ ♪"
117;353033;356100;"(True cooing)
>> KHLOE: It's the McCrazies."
118;356100;360000;"Hi, guys!
You look like such a grown girl."
119;360000;362000;">> KHADIJAH: Look, they came to
play with you."
120;362000;363567;">> MALIKA: Come on, True.
>> KHADIJAH: Okay."
121;363567;365467;">> MALIKA: Come on, guys.
>> KHLOE: Oh, there it is."
122;365467;367100;">> KHADIJAH: Malika's, like, the
honorary babysitter for a"
123;367100;369233;"second.
>> KHLOE: Yeah. Are you excited"
124;369233;371734;"for your birthday?
>> KHADIJAH: Yeah. Because I've"
125;371734;374033;"just had the mo-- You already
know-- I've had the most"
126;374033;376133;"stressful month.
Like, I need a break, even if"
127;376133;378700;"it's only for 12 hours or 24
hours."
128;378700;381066;">> KHLOE: It is the twins'
birthday coming up."
129;381066;384533;"And, apparently, I'm everyone's
party planner these days, so I'm"
130;384533;387533;"taking control of everything.
And we're all gonna go to Vegas."
131;387533;391233;"I went out of my way to trick
everything out and to make"
132;391233;394033;"everything really special for
the twins."
133;394033;396600;"I want them to have the best
birthday ever, and they deserve"
134;396600;398333;"it.
First of all, your boyfriend is"
135;398333;400033;"mental.
>> KHADIJAH: May I?"
136;400033;402500;">> KHLOE: He doesn't go on until
2:45 a.m."
137;402500;404200;"Whatever.
>> KHADIJAH: Shut up."
138;404200;407200;">> KHLOE: O.T. Genasis is
Malika's boyfriend, and he is a"
139;407200;409633;"rapper.
And he's actually going to be"
140;409633;411700;"performing there.
So we can watch him and"
141;411700;414066;"celebrate all together.
>> KHADIJAH: You guys, I don't"
142;414066;415667;"even know if I've been up that
late... (laughs)"
143;415667;417166;">> KHLOE: No, that's what I
said, too."
144;417166;418333;">> KHADIJAH: ...in I don't know
how long."
145;418333;420533;">> MALIKA: But we have so much
fun leading up to it."
146;420533;423266;"Like, you guys just don't do
this anymore, so..."
147;423266;426333;"We'll go shopping and then we'll
have a little day drinking while"
148;426333;428633;"we shop and then you go back to
the room."
149;428633;430633;"I normally touch up.
If not, then we'll go"
150;430633;433100;"downstairs.
We have dinner, we have drinks."
151;433100;437300;"You guys will be wasted.
>> KHLOE: I am all for having a"
152;437300;439367;"good time, but I am not in the
headspace to get (bleep)faced"
153;439367;441767;"with this girl.
Like, Malika was with me the"
154;441767;444333;"last time I got drunk.
It wasn't a pretty sight."
155;444333;447033;"Oh, shut the (bleep) up and put
some (bleep) mask on you, you"
156;447033;448734;"dumb bitch.
>> MALIKA: She's very"
157;448734;450667;"aggressive, you guys.
This is the new her."
158;450667;453233;">> KHLOE: Go. Go.
>> KOURTNEY: Khloe. Stop. Stop."
159;453233;455233;">> KHLOE: I want them to have
the best birthday."
160;455233;458600;"But Malika is making it such a
thing that I'm actually getting"
161;458600;460233;"nervous.
Why would she want me to get"
162;460233;461600;"like that?
Khadijah, tell me. What do you"
163;461600;464233;"want to do?
>> KHADIJAH: If I start too"
164;464233;465567;"soon...
>> KHLOE: Yes. You're gonna be"
165;465567;468133;"tired.
>> KHADIJAH: ...raging by 2:45"
166;468133;469767;"will never happen.
>> MALIKA: I want you to put on"
167;469767;471066;"your party hat.
I want to see it now."
168;471066;472633;">> KHLOE: It will be on on
Sunday."
169;472633;479100;"Until then, it's off.
♪ ♪"
170;479100;481200;"Kourtney, why are you tailing
this..."
171;481200;482767;">> KOURTNEY: 'Cause this (bleep)
person."
172;482767;484667;">> KHLOE: You tailing them is
not gonna make it-- them go"
173;484667;487300;"faster.
Everyone is at the same pace."
174;487300;489633;"It's the freeway.
>> KOURTNEY: 'Kay. Just don't be"
175;489633;492633;"a passenger driver.
It's not-- I'm not in the mood."
176;492633;495367;">> KHLOE: "Passenger driver."
(chuckles)"
177;495367;501300;">> KOURTNEY: Um, so I'm going to
Finland for spring break."
178;501300;503200;"Ooh...
>> KHLOE: Let me tell you, don't"
179;503200;506066;"rage, babe.
>> KOURTNEY: And I just, um,"
180;506066;508600;"said to Scott, like, "Do you
want to invite Sofia?""
181;508600;511333;">> KHLOE: Oh, my God. Really?
>> KOURTNEY: Well, I mean, we've"
182;511333;514567;"traveled together already.
>> KHLOE: That's nice of you."
183;514567;517066;"You are such a great
co-parenter."
184;517066;519266;">> KOURTNEY: I really am.
>> KHLOE: No, no, I'm not being"
185;519266;521233;"sarcastic at all.
>> KOURTNEY: I know."
186;521233;523300;">> KHLOE: Oh. Okay.
>> KOURTNEY: I'm just saying,"
187;523300;527133;"like, I'm-- They don't make me
feel like I'm left out though,"
188;527133;529000;"which is nice.
>> KHLOE: That's so nice."
189;529000;530600;">> KOURTNEY: Or else I wouldn't,
like, go or invite her to come."
190;530600;535133;">> KHLOE: Go.
So, can I ask a question or has"
191;535133;541066;"anyone asked how she feels?
>> KOURTNEY: I mean, I haven't."
192;541066;544000;">> KHLOE: Okay.
>> KOURTNEY: I'm sure..."
193;544000;546166;"I feel like that's up to them to
have their..."
194;546166;548166;">> KHLOE: Yeah.
>> KOURTNEY: ...conversations"
195;548166;550166;"about... you know?
>> KHLOE: I mean, yeah, and"
196;550166;552166;"it's...
>> KOURTNEY: I'm not here to try"
197;552166;554166;"to make anybody feel
uncomfortable."
198;554166;556166;">> KHLOE: No, no, no.
>> KOURTNEY: But also, I'm..."
199;556166;558633;">> KHLOE: I would hope she would
say something if she was, to"
200;558633;564133;"her own boyfriend.
>> KOURTNEY: I think so, too."
201;564133;566400;">> KRIS: What's going on?
>> KIM: JoJo Siwa FaceTimed"
202;566400;569066;"North, and then she said, "Would
North ever want to be on my"
203;569066;572266;"YouTube channel?"
I don't want her to ever feel"
204;572266;574266;"like it's a work thing and she
has to do it."
205;574266;578133;">> KRIS: Right.
>> MALIKA: Khloe!"
206;578133;581467;"Khloe! Khloe!
Yeah!"
207;581467;584734;"I want, like, we lost our minds,
lost-control fun."
208;584734;588133;">> KHLOE: Yes, so, I don't want
to lose control."
209;588133;590767;">> O.T.: Making sure that we all
pass out."
210;590767;602667;"(whooping, shouting, cheering)
(party horn blowing)"
211;602667;605133;">> KIM: North, what are you
doing back there?"
212;605133;607233;"Oh, are you a basketball star?"
213;610367;615734;">> KRIS: What's going on?
>> KIM: Um... so, JoJo Siwa"
214;615734;618233;"FaceTimed North, you know, just
to, like, meet her."
215;618233;620767;"And then she said, "Would North
ever want to be on my YouTube"
216;620767;623333;"channel?"
So it was, like, does she do it,"
217;623333;625700;"does she... you know?
>> KRIS: Right."
218;625700;628000;">> KIM: But North was like,
"Mom, I'm gonna get a real"
219;628000;630133;"You... video on YouTube."
You know?"
220;630133;632133;"I go, "But you're gonna be so
shy when you get there.""
221;632133;634166;"I go, "Imagine if the cameras
are here.""
222;634166;638033;"So that's why it's just a little
confusing."
223;638033;641233;"Like, I don't want her to ever
feel like it's a work thing and"
224;641233;643300;"she "has to do it."
>> KRIS: Right."
225;643300;646300;">> KIM: North is obsessed with
JoJo right now."
226;646300;650200;"And even though she's met people
that she's really liked before,"
227;650200;655300;"I think having that on top of a
YouTube crew filming it and in"
228;655300;658300;"JoJo's home, something that she
looks at on YouTube all the"
229;658300;661367;"time-- I think it could be
overwhelming for her."
230;661367;663734;"You know, there's a difference
when she's on our show."
231;663734;667433;"She knows everyone on the crew,
and is always with family, so we"
232;667433;670734;"can really control what we film
and what we do."
233;670734;674000;"You know, I remember when I met
J.Lo for the first time, and"
234;674000;677734;"that was someone that I was so
obsessed with, and I remember..."
235;677734;679734;"I remember to this day.
I was at The Beverly Hills"
236;679734;682033;"Hotel, she was walking down the
stairs."
237;682033;684400;"I couldn't talk, and then I
tripped, and I was, like..."
238;684400;687033;"It was so embarrassing.
So I just don't want to"
239;687033;691300;"traumatize North by meeting JoJo
for the first time on camera."
240;691300;695734;"North is just, like, begging me
to do this kind of stuff, and..."
241;695734;699166;">> KRIS: You know, I think
you're going to make the right"
242;699166;702066;"decisions instinctually.
Let her have fun."
243;702066;704166;"If she wants to go over to
JoJo's house, she goes to JoJo's"
244;704166;706400;"house.
If it happens to work out, and"
245;706400;709767;"the footage is cute...
I think you just can't take it"
246;709767;711767;"so seriously.
>> KIM: Yeah."
247;711767;715600;">> KRIS: I don't think Kylie
ever really looked at her job as"
248;715600;718467;"work when she was that young.
And I just kept socking her"
249;718467;721233;"money away every time she did
something."
250;721233;724133;"And one day, she said she wanted
to start a lip kit business,"
251;724133;726300;"and she...
I said, "You've got to use all"
252;726300;728333;"your own money.
If you believe in this, this is"
253;728333;730433;"yours to build."
>> KIM: Yeah."
254;730433;733133;">> KRIS: And so I think you can
create some boundaries and let"
255;733133;735467;"her have fun.
>> KIM: So it's just, I'll make"
256;735467;738533;"sure she 100% wants to do it.
If it's fun for her, great."
257;738533;741767;"If not, I don't care.
>> KRIS: Right, Siri?"
258;741767;744100;">> KIM: Um...
>> SIRI: You are right, and all"
259;744100;747133;"is right as right can be.
(Kris laughs)"
260;747133;748767;"♪ ♪"
261;751100;753100;">> KOURTNEY: Hi.
>> SOFIA: Hi, Reigny."
262;753100;755033;">> KOURTNEY: Do you know that
Finland is the place with the"
263;755033;759233;"happiest people in the world?
Today is our big travel day."
264;759233;761233;"We're going to Finland.
>> SCOTT: Uh-oh."
265;761233;763166;"Is this too tall?
Are you gonna hit?"
266;763166;765100;">> PENELOPE: No.
>> KOURTNEY: It's nice to show"
267;765100;767066;"the kids that we can all be
together."
268;767066;768400;">> ATTENDANT: Welcome to
Finnair."
269;768400;770633;">> KOURTNEY: Thank you.
I hope that we see the Northern"
270;770633;774200;"Lights, we see Santa Claus.
I just couldn't be happier."
271;774200;776200;">> SCOTT: Will you take a
picture of us?"
272;776200;778133;">> SOFIA: Yeah.
>> SCOTT: Next stop, the North"
273;778133;780367;"Pole.
Three kids, girlfriend, my"
274;780367;783600;"ex-girlfriend, headphones,
snacks, more snacks."
275;783600;785400;"I think I've got it covered."
276;788400;790266;"♪ ♪"
277;794400;797300;">> MAN: We have approached our
destination and are starting a"
278;797300;799400;"descent.
>> SCOTT: I thought that was a"
279;799400;801300;"pretty easy flight.
>> SOFIA: You were like a"
280;801300;803166;"flight attendant.
You went up and down every"
281;803166;806066;"aisle, talking with everyone.
>> SCOTT: I had to do my duties."
282;806066;808100;">> SOFIA: Yummy! My God.
>> SCOTT: Relaxation is now"
283;808100;811367;"going.
>> MASON: Aah..."
284;811367;813367;">> SCOTT: Helsinki means...
>> KOURTNEY: Let's go."
285;813367;815166;">> SCOTT: All right, let's get
moving, people."
286;815166;817300;"I don't have all day.
>> REIGN: Is it Christmas?"
287;817300;820500;">> KOURTNEY: I think over here,
it's Christmas for a long time."
288;820500;822500;">> REIGN: Can I go feed the
ducks?"
289;822500;826400;">> KOURTNEY: Yeah.
>> SOFIA: The Arctic Treehouse"
290;826400;829400;"Hotel.
>> KOURTNEY: Guys, let's go see"
291;829400;832467;"your rooms.
This is so cute."
292;832467;835066;"This is Mommy's and P's.
Puzzles."
293;835066;836700;">> REIGN: Oh!
>> KOURTNEY: Wow, Reigny."
294;836700;838600;">> SCOTT: It's really nice.
>> SOFIA: Oh."
295;838600;840433;"(Reign screaming)
>> KOURTNEY: Are you excited?"
296;840433;842266;">> REIGN: Oh, yeah.
>> SCOTT: I mean, this is very"
297;842266;844066;"romantic.
>> SOFIA: Look at this."
298;844066;845567;">> SCOTT: Be careful, don't--
Hopefully, the thing won't blow"
299;845567;847633;"up on you.
Oh, nice!"
300;847633;849567;">> SOFIA: This little firepit.
>> SCOTT: It was worth traveling"
301;849567;851633;"here.
You think Santa's out there?"
302;851633;853467;"With his reindeer?"
303;858133;863166;">> KHLOE: Happy birthday!
There's champagne and everything"
304;863166;865533;"for everyone.
>> KHADIJAH: You guys."
305;865533;867533;">> KHLOE: Here's happy birthday,
Malika."
306;867533;871400;"(all cheering, shouting)
>> MALIKA: My vision for this"
307;871400;876433;"weekend is pure drunk fun from
the minute we touch down."
308;876433;879200;"And that's not just me.
That's for you, as well."
309;879200;882100;"I want, like, we lost our minds,
lost-control fun."
310;882100;886200;">> KHLOE: Yes, so, that's all
very cute."
311;886200;888200;"I don't want to lose control.
>> MALIKA: No, it's my birthday."
312;888200;890166;"You should just, like, do what I
want to do."
313;890166;893100;">> KHLOE: Okay.
Yes."
314;893100;896300;">> MALIKA: Oh, will you look at
this? Khloe!"
315;896300;899600;"The mirror, look at the room.
>> KHLOE: Hello."
316;899600;902734;">> O.T.: What up?
>> MALIKA: Khloe?!"
317;902734;906467;"Khloe! Khloe!
Yeah!"
318;906467;909100;">> KHLOE: Oh, my God.
(party horn blowing)"
319;909100;914767;"Oh, Jesus.
(party horn blowing)"
320;914767;917500;">> KHLOE: Wow.
>> TAMAR: We are not going to be"
321;917500;920667;"responsible this evening.
>> MALIKA: No one is, no one."
322;920667;922667;">> TAMAR: Let's take the night
off."
323;922667;924600;">> KHLOE: No, but I was trying
to... to last."
324;924600;926500;">> MALIKA: Just one for you.
Just one."
325;926500;928400;">> KHLOE: I'm gonna have one.
I will have one."
326;928400;931500;">> O.T.: Here's to a great
birthday for these two crazy"
327;931500;937266;"ones and making sure that we all
pass out."
328;937266;943500;"(all cheering, whooping)
>> O.T.: All right."
329;943500;945367;"(party horn blows)
>> KHLOE: It's kind of"
330;945367;948200;"frustrating, because I think I'm
doing the right thing by not"
331;948200;951300;"wanting to get too drunk, 'cause
I don't want this to turn into"
332;951300;954633;"a babysitting KoKo night,
'cause I want this to be about"
333;954633;956734;"the twins.
But now I feel like it's almost"
334;956734;958767;"like "babysitting me to drink"
kind of night."
335;958767;960600;">> MALIKA: Can you hang out with
me?"
336;960600;962400;">> KHLOE: I am. I'm hanging my
stuff up so I don't have to"
337;962400;964200;"worry about it.
>> MALIKA: I don't want to have"
338;964200;965700;"a good time and you're not with
me."
339;965700;967533;"That's not a great time.
>> KHLOE: I'm having a great"
340;967533;969400;"time.
I'm having more of an annoying"
341;969400;971567;"time because you're annoying me.
>> MALIKA: But I'll stop"
342;971567;973567;"annoying you if you just give me
what I want."
343;973567;975467;"You guys are so annoying!"
344;978000;980000;">> SOFIA: You're a lot more
sophisticated with me when"
345;980000;982000;"Kourtney's around.
You turn into a five-year-old"
346;982000;983700;"when it's just us.
>> SCOTT: You know, you have so"
347;983700;986166;"many inside things with somebody
you've know for so long, even if"
348;986166;988300;"you're not romantically with
them, but you don't really know"
349;988300;993000;"how to act.
>> KHLOE: No, no. Relax."
350;993000;994600;"Don't you ever grab my hands
like that."
351;994600;997266;"(Malika yelling)
You wanna step up to me?"
352;997266;999767;"You wanna step up?
Malika is furious."
353;999767;1002567;"She's being, like, a brat.
I don't even know what the"
354;1002567;1005367;"(bleep) we're fighting about.
I will (bleep) (bleep) you up"
355;1005367;1007166;"in two seconds, bitch."
356;1011233;1016333;"♪ ♪
>> SOFIA: It's a little big."
357;1016333;1018066;">> SCOTT: Come on, let's go.
>> SOFIA: Wait, can someone"
358;1018066;1019600;"close me?
>> KOURTNEY: You just need to go"
359;1019600;1022000;"like this.
>> SOFIA: (laughs)"
360;1022000;1025467;"Oh, this can't be right.
>> KOURTNEY: Wait, we need a"
361;1025467;1028433;"photo of all of us.
>> SCOTT: Traveling with a"
362;1028433;1031333;"family like this is a unique
situation that not everybody"
363;1031333;1036333;"does.
Should we do a funny one?"
364;1036333;1039400;"And I definitely think this
trip, out of the other trips"
365;1039400;1043734;"that we've been on, has a little
bit more pressure, because the"
366;1043734;1049433;"truth of the matter is there are
camera crews everywhere, tons of"
367;1049433;1052667;"people walking around that
Kourtney and I know for over ten"
368;1052667;1055033;"years.
And Sofia's never really done"
369;1055033;1058767;"anything like this before.
So it's hard."
370;1058767;1061066;"And I don't want her to feel out
of place, and I don't want her"
371;1061066;1064000;"to feel like she's not as
comfortable as I am."
372;1064000;1066767;">> MAN: Just sit and lean back.
>> SOFIA: (laughing)"
373;1066767;1069767;"Kourtney, where are you?
>> KOURTNEY: I think you're"
374;1069767;1072266;"fine, I'm right here.
>> SOFIA: Grab my hand."
375;1072266;1074467;">> SCOTT: So I'm just trying to
be cautious of everybody's"
376;1074467;1076100;"feelings.
>> SOFIA: I can't see anything."
377;1076100;1080600;"(laughter)
>> SCOTT: Another activity I'll"
378;1080600;1083000;"never forget.
(Sofia exhales)"
379;1083000;1086000;"How you feeling, babe?
Want me to help you take your"
380;1086000;1088100;"belt off?
>> SOFIA: Take this off of me."
381;1088100;1090467;">> SCOTT: I don't know why
somebody locked you up like you"
382;1090467;1093100;"were trying to save a tanker.
>> SOFIA: Probably 'cause I'm"
383;1093100;1095100;"the youngest one.
>> SCOTT: No, babe."
384;1095100;1101433;">> SOFIA: In the water.
(both laugh)"
385;1101433;1109467;">> KOURTNEY: Oh, my God.
>> SCOTT: Okay. You're out."
386;1109467;1112700;">> KOURTNEY: Can you help me?
What did you guys think?"
387;1112700;1115066;">> SOFIA: It was very relaxing.
That's for sure."
388;1115066;1119667;">> KOURTNEY: Yeah.
(exhales)"
389;1119667;1122033;"(grunts)
>> SCOTT: Should we get out to"
390;1122033;1123567;"the kiddies?
>> KOURTNEY: Yeah."
391;1123567;1125400;"Let me put on my boots."
392;1129734;1133633;"(shouts)
>> SOFIA: Babe. Babe."
393;1133633;1142100;"♪ ♪
(indistinct chatter)"
394;1142100;1144066;">> KHLOE: Hi.
>> MALIKA: Ugh."
395;1144066;1146567;">> KHLOE: What?
>> MALIKA: You don't even know."
396;1146567;1150567;"So, I get over to the venue,
right?"
397;1150567;1155033;"There's a woman standing there,
and she's like, "Um, do you have"
398;1155033;1158033;"your I.D.?"
And I'm like, "No, I don't have"
399;1158033;1160667;"an I.D., but I'm just here for
the sound check, that's it.""
400;1160667;1163500;"She's like, "Oh, okay, well, you
need your I.D."
401;1163500;1165567;"No one can come in without I.D."
>> KHLOE: Why didn't you just"
402;1165567;1167233;"call your boyfriend?
>> MALIKA: 'Cause he's doing his"
403;1167233;1168667;"sound check.
I'm not gonna call his phone."
404;1168667;1171400;"I call his best friend.
So I'm like, "Yo, send somebody"
405;1171400;1174133;"over here to get me in," right?
A guy comes out, like, "Come"
406;1174133;1176600;"on."
We walk in the building, I'm on"
407;1176600;1179166;"the elevator.
This same bitch, she's like,"
408;1179166;1182200;""No, no, no, no, no.
You need to stop the elevator."
409;1182200;1184734;"She can't go up."
So, I'm standing there, right?"
410;1184734;1186567;"You know me.
>> KHADIJAH: Oh, no."
411;1186567;1190133;">> MALIKA: I have no (bleep)
patience for bull(bleep)."
412;1190133;1193066;"So I'm like, "Bitch, let me tell
you something.""
413;1193066;1194433;">> KHADIJAH: You said "bitch"?
Malika..."
414;1194433;1196000;">> KHLOE: But she was just doing
her job."
415;1196000;1198000;">> MALIKA: She's not doing her
job. Nope."
416;1198000;1200133;"I said, "You're only doing it to
me because you feel like you can"
417;1200133;1202400;"do it."
And she knew that someone had"
418;1202400;1205133;"overrided her because she had to
call four people for that very"
419;1205133;1207100;"reason.
There's no one else in the"
420;1207100;1208767;"building.
Nobody."
421;1208767;1212233;">> KHLOE: It's only been a
couple hours, and Malika is a"
422;1212233;1215166;"(bleep) monster.
>> MALIKA: You tried it, so"
423;1215166;1217100;"you're gonna get a bitch out of
me."
424;1217100;1220433;">> KHLOE: Hmm.
I'm just trying to make sure"
425;1220433;1223467;"everybody has a really good
time, but it's just not like"
426;1223467;1226500;"Malika to be so snappy and
bratty."
427;1226500;1232233;"That's weird.
>> MALIKA: (bleep) loser."
428;1232233;1234033;"♪ ♪"
429;1237433;1240633;">> HOST: Hello, welcome.
>> KOURTNEY: Hi."
430;1240633;1242600;">> SCOTT: Are you ready, P, for
the best night of your life?"
431;1242600;1244400;"You're gonna lay on the couch?
All right, good night."
432;1244400;1250600;"Can we have some of that tea
that we like?"
433;1250600;1254066;">> KOURTNEY: I need to use the
bathroom."
434;1254066;1256166;">> SCOTT: Ew.
You left one of these earrings"
435;1256166;1257700;"in?
>> SOFIA: What?"
436;1257700;1260133;">> SCOTT: You left one of these
earrings in at the top?"
437;1260133;1262066;">> SOFIA: What?
>> SCOTT: Pow!"
438;1262066;1263600;">> SOFIA: Babe.
>> SCOTT: Holla."
439;1263600;1266166;"Ow!
You have a pimple on your neck."
440;1266166;1267500;">> SCOTT: That, I'm not
surprised."
441;1267500;1269166;"You think you're gonna get me
with a pimple on my neck?"
442;1269166;1270467;">> SOFIA: Can I...
(Scott barks)"
443;1270467;1272500;"There-- you actually have a
whitehead pimple right here."
444;1272500;1276133;">> SCOTT: Squeeze it out.
If you're gonna talk, you better"
445;1276133;1277467;"do it...
Ow!"
446;1277467;1279100;">> SOFIA: Okay, it's not out.
>> SCOTT: You didn't do anything"
447;1279100;1280533;"but annoy me.
>> SOFIA: No, but it-it needs to"
448;1280533;1282233;"come out.
>> SCOTT: So, get it out."
449;1282233;1284433;">> SOFIA: I'm scared it's, like,
a squirter."
450;1284433;1287066;">> SCOTT: I'm hoping it is.
Oh, God!"
451;1287066;1288667;">> SOFIA: It's out.
Wait, I got to wipe it."
452;1288667;1290300;">> SCOTT: Did it squirt?
>> SOFIA: Oh, no."
453;1290300;1291667;"It just kind of...
>> SCOTT: Drizzled?"
454;1291667;1293133;">> SOFIA: Yeah.
>> HOST: Well, we have some"
455;1293133;1294300;"pasta.
>> SOFIA: Oh."
456;1294300;1296066;"Sorry you had to see that.
>> SCOTT: Oh, I forgot the"
457;1296066;1297567;"pasta was coming.
>> HOST: There you go."
458;1297567;1299667;">> SOFIA: You're a lot more
sophisticated with me when"
459;1299667;1303500;"Kourtney's around.
You turn into a five-year-old"
460;1303500;1306767;"when it's just us.
>> SCOTT: Well, she's older than"
461;1306767;1312266;"me, so...
Sometimes, you know, you have so"
462;1312266;1314633;"many inside jokes or inside
things with somebody you've"
463;1314633;1316500;"known for so long.
Even if you're not romantically"
464;1316500;1319033;"with them, you don't really know
how to act."
465;1319033;1323166;"I mean, it is definitely a
really hard and awkward"
466;1323166;1328467;"situation, and I just feel bad,
because at the end, I want the"
467;1328467;1331033;"people I love in my life to be
happy."
468;1331033;1332633;"Oh."
469;1337700;1341066;">> JOJO: You look so cute!
All righty, should we make some"
470;1341066;1343200;"slime?
What color are you gonna make"
471;1343200;1346066;"your slime?
(BowBow barking)"
472;1346066;1348266;"Okay, BowBow.
>> KIM: This is exactly what I"
473;1348266;1353533;"was worried about, is her just
being so shy."
474;1353533;1357200;">> ELF: Oh, welcome to the
Joulukka Command Center."
475;1357200;1359200;">> SCOTT: This is what we got
for the next three days."
476;1359200;1361033;">> SOFIA: I'm slowly getting
tired."
477;1361033;1362767;">> SCOTT: Maybe we should take
Mason home."
478;1362767;1364767;">> KOURTNEY: What happened?
>> SCOTT: I think Mason's sick."
479;1364767;1367100;"I'm gonna get him home.
>> KOURTNEY: They just got up"
480;1367100;1368734;"and left."
481;1373734;1375533;"♪ ♪"
482;1384300;1388133;">> O.T.: I want to say happy
birthday to Malika."
483;1388133;1393066;"(audience cheering)
Happy birthday, Khadijah."
484;1393066;1395333;"Y'all turned up and y'all living
life."
485;1395333;1398700;"I never met you, but I (bleep)
love you, man."
486;1398700;1400533;"Turn it back on."
487;1403133;1405333;">> KHLOE: No, no. Relax.
What are you trying to do?"
488;1405333;1407266;">> MALIKA: Put it in your mouth,
bitch!"
489;1407266;1409200;">> KHLOE: If you think you're
stronger than me, you're out of"
490;1409200;1410734;"your mind.
>> MALIKA: Come on!"
491;1410734;1413000;"Just do it!
>> KHLOE: You are out of your"
492;1413000;1414700;"mind.
I will (bleep) you up in two"
493;1414700;1418066;"seconds.
>> MALIKA: No, we're in public!"
494;1418066;1419533;">> KHLOE: What?
>> MALIKA: Everyone's gonna call"
495;1419533;1421300;"you a bully 'cause you're bigger
than me!"
496;1421300;1423200;">> KHLOE: Don't you ever grab my
hands like that."
497;1423200;1427166;"You want to step up to me?
You want to step up to me?"
498;1427166;1430300;"I will (bleep) (bleep) you up in
two seconds, bitch."
499;1430300;1432266;">> MALIKA: I'm gonna rip your
whole outfit!"
500;1432266;1434100;">> KHLOE: Why don't we talk
about this when we're sober"
501;1434100;1436100;"tomorrow?
>> MALIKA: Let's go."
502;1436100;1439300;">> KHLOE: Malika is furious.
She's being, like, a brat."
503;1439300;1441767;"I don't even know what the
(bleep) we're fighting about, so"
504;1441767;1444133;"I don't think Malika's gonna
have a good time, because she's"
505;1444133;1445533;"just pouting.
>> MALIKA: You guys are (bleep)"
506;1445533;1447700;"children.
>> KHLOE: I don't even know what"
507;1447700;1450300;"happened.
I just know I don't want to go"
508;1450300;1454000;"down this dark rabbit hole and
just fight about nothing and get"
509;1454000;1456133;"emotional and cry and scream and
whatever."
510;1456133;1459300;"I am not prepared for any of
those emotions tonight, so I'm"
511;1459300;1462734;"choosing to remove myself.
You guys?"
512;1462734;1464767;"I'm going to bed.
God bless."
513;1464767;1466200;">> MALIKA: Good night.
Bow out."
514;1466200;1474033;"Bow out, bitch.
♪ ♪"
515;1474033;1475467;">> KANYE: Okay, these glasses,
can y'all see them?"
516;1475467;1477734;">> KIM: Cool.
Northie, do you like those"
517;1477734;1480200;"glasses? Look.
>> NORTH: They're like little"
518;1480200;1483000;"eggs.
>> KIM: You look cool."
519;1483000;1485066;"All right, so, babe, say good
luck to Northie for her first"
520;1485066;1487700;"YouTube.
>> NORTH: I'm already on YouTube"
521;1487700;1491367;"with the Kim Kardashian.
>> KIM: With the Kim Kardashian?"
522;1491367;1494233;">> NORTH: With the Kim...
(laughs)"
523;1494233;1499033;"With the Kim Kardashian, 'cause
you're the..."
524;1499033;1502300;">> KIM: Uh, duh.
So after giving it a lot of"
525;1502300;1506300;"thought, Kanye and I decided to
let North do the JoJo Siwa"
526;1506300;1508734;"video.
Kanye was like, "If she is"
527;1508734;1513133;"having fun, and that's what she
wants to do, we should let her"
528;1513133;1516033;"do it."
Oh, my goodness, look at JoJo's"
529;1516033;1518166;"car.
>> NORTH: Wow!"
530;1518166;1521200;">> KIM: In the video, we are
pretending that I'm dropping"
531;1521200;1525667;"North off and letting JoJo
babysit North while I go run"
532;1525667;1528367;"some errands.
>> JOJO: Hi!"
533;1528367;1532233;"I love your outfit.
Oh, my gosh, you are adorable."
534;1532233;1534367;"This hair-- hi.
>> KIM: She told me you'd have"
535;1534367;1535767;"colored hair.
>> JOJO: Oh, yeah."
536;1535767;1538200;">> KIM: You look nice!
All right, give me huggies."
537;1538200;1540133;"Love you.
>> JOJO: Thanks for bringing her"
538;1540133;1541500;"over, Kim!
>> KIM: Please, give me-- uhp,"
539;1541500;1543266;"she don't want to ruin her
lipstick."
540;1543266;1545333;"Okay, I got it, I got it.
All right, call me if you need"
541;1545333;1547133;"me.
>> JOJO: I will. I'll see you in"
542;1547133;1548367;"a little bit.
>> KIM: Okay."
543;1548367;1551133;">> JOJO: Let's go.
All righty, should we make some"
544;1551133;1552266;"slime?
>> NORTH: Yes."
545;1552266;1554133;">> JOJO: Let's do it.
While you're doing that, I'll"
546;1554133;1557033;"get us some spoons.
I think you may have put a bit"
547;1557033;1560133;"more water in mine than in
yours."
548;1560133;1561767;"(chuckles)
It's okay."
549;1561767;1564433;"They're gonna turn out great
anyways."
550;1564433;1567767;">> KIM: This is exactly what I
was worried about, is her just"
551;1567767;1571433;"being so shy and just
uncomfortable, and I would never"
552;1571433;1573266;"want to put her in that
situation."
553;1573266;1576400;"Are you having fun?
Do you want to maybe FaceTime"
554;1576400;1579200;"Haidyn and that'll get you
really excited and you can show"
555;1579200;1581000;"her where you are?
>> NORTH: Yes!"
556;1581000;1582266;">> KIM: Okay.
>> JOJO: You want to FaceTime"
557;1582266;1584433;"your friend?
>> KIM: Feeling so guilty in my"
558;1584433;1587367;"head, like, "Should I have done
this? Should I not let her do"
559;1587367;1593200;"this?"
Here, Northie."
560;1593200;1596266;">> NORTH: Hi, Haidyn.
>> HAIDYN: Are you having fun?"
561;1596266;1599233;">> NORTH: Yes. Hi, Haidyn.
>> HAIDYN: Hi. You look so"
562;1599233;1602300;"pretty.
What are you doing right now?"
563;1602300;1604266;">> NORTH: Uh...
>> HAIDYN: I want to see you"
564;1604266;1605767;"dance.
>> JOJO: Should we do a dance"
565;1605767;1607133;"for Haidyn?
>> NORTH: Yes."
566;1607133;1608300;">> JOJO: All righty, Northie,
you ready?"
567;1608300;1610467;">> NORTH: Yeah, JoJo!
>> JOJO: Yes!"
568;1610467;1612567;">> KIM: Yes!
>> JOJO: That was everything!"
569;1612567;1617567;"All right, say, "Hit it, JoJo!"
>> NORTH: Hit it, JoJo!"
570;1617567;1620734;"♪ ♪
(Kim whoops)"
571;1620734;1622567;">> JOJO: Oh, I like it!"
572;1626567;1629467;"♪ ♪
You ready?"
573;1629467;1631300;"♪ ♪"
574;1633200;1636266;"Go, North!
♪ ♪"
575;1636266;1639133;"You got the moves, North.
Dab 'em!"
576;1639133;1641266;"♪ ♪
Good job!"
577;1641266;1643300;"(Kim whoops)
Good job!"
578;1643300;1644600;"Double high fives.
>> NORTH: Yes."
579;1644600;1646233;">> KIM: Okay, Haidyn, we'll call
you back, okay?"
580;1646233;1648166;">> JOJO: Say, "Good job, guys!"
>> NORTH: My mom says you scream"
581;1648166;1650767;"a lot.
>> JOJO: Your mom says I scream"
582;1650767;1653333;"a lot?
>> KIM: I did not say that."
583;1653333;1656233;"I said you need to scream a lot
like JoJo."
584;1656233;1658333;"You need to keep your volume up
like her."
585;1658333;1660300;">> JOJO: She is exposing you
right now."
586;1660300;1662166;">> KIM: Fully exposing me.
>> JOJO: I think she works for"
587;1662166;1664066;"TMZ over here, doesn't she?
>> KIM: Yeah."
588;1664066;1666100;">> JOJO: All right, Northie,
what do you want to do?"
589;1666100;1667400;">> NORTH: See your room.
>> JOJO: You want to go see my"
590;1667400;1669233;"room? It's pretty fun.
It's upstairs."
591;1669233;1672300;"It's so rainbow, isn't it?
>> KIM: Are we allowed to look"
592;1672300;1674367;"around?
Oh, my God."
593;1674367;1677533;"Okay, I really do need a JoJo
cup."
594;1677533;1681400;"She has her own popcorn.
(gasps)"
595;1681400;1684100;"JoJo hairbrush.
Popcorn."
596;1684100;1686266;"(line rings)
Hey, babe."
597;1686266;1689533;">> KANYE: Hey.
>> KIM: So, I am in JoJo Siwa's"
598;1689533;1693100;"merch room while North is
upstairs."
599;1693100;1695100;"Lookit, she has every...
This is her dog."
600;1695100;1700033;"It's a diary.
She has hairbrushes, nail sets."
601;1700033;1702233;">> JOJO: Do you want to keep
hanging out up here, or do you"
602;1702233;1704100;"want to go downstairs?
>> KIM: I think they're coming."
603;1704100;1705433;">> NORTH: Go downstairs.
>> KIM: But look."
604;1705433;1708266;"This is the craziest merch
thing."
605;1708266;1709667;"Okay, they're coming.
I got to go."
606;1709667;1711600;">> JOJO: Any JoJo merch you
want, you get to pick out and"
607;1711600;1715367;"you can have.
♪ ♪"
608;1715367;1718333;">> KOURTNEY: This is so cute.
>> SCOTT: We're gonna write a"
609;1718333;1721033;"letter to Santa.
>> KOURTNEY: Whoa!"
610;1721033;1725066;">> SCOTT: Moving on.
We here?"
611;1725066;1727633;">> SOFIA: Come on, Mase.
>> MASON: No, I'm good."
612;1727633;1730600;">> SOFIA: Staying? Okay.
>> KOURTNEY: Hi."
613;1730600;1732233;">> ELF UKE: Hi.
>> KOURTNEY: How are you?"
614;1732233;1734266;">> ELF UKE: Oh, I'm very good.
Do you know my name?"
615;1734266;1736567;">> REIGN: Uh, no.
>> ELF UKE: My name is Elf Uke."
616;1736567;1738533;">> PENELOPE: What's inside of
the door?"
617;1738533;1740633;">> ELF UKE: Oh, we can try to go
inside, but there's one thing"
618;1740633;1743500;"that we need to do before we go
in-- say the password."
619;1743500;1745533;">> SCOTT: Frostbite.
>> ELF UKE: Uh, I don't know"
620;1745533;1747266;"what that is.
>> PENELOPE: Santa. Elf."
621;1747266;1749100;">> ELF UKE: Elf...
>> SCOTT: On the shelf."
622;1749100;1751333;">> ELF UKE: Yeah!
>> SCOTT: Elf on the shelf!"
623;1751333;1754400;"Where are you?!
>> REIGN: Yes!"
624;1754400;1756433;">> SCOTT: They're having the
best time right now."
625;1756433;1760533;">> KOURTNEY: Santa Claus lives
in Finland, so I've arranged to"
626;1760533;1763400;"see his workshop.
All my kids love Christmas, and"
627;1763400;1768166;"so do I, probably the most.
So I'm super excited."
628;1768166;1771200;">> ELF: Welcome to the Joulukka
Command Center."
629;1771200;1774333;">> ELF UKE: This is a "kind
meter.""
630;1774333;1778133;"The kind meter works like this.
You think about the good things"
631;1778133;1780600;"you've done this year, and then
the kind meter will go up or"
632;1780600;1783200;"down.
>> KOURTNEY: Put your hands on"
633;1783200;1785400;"the ball, two hands.
>> ELF UKE: Like perfect."
634;1785400;1788266;"That's very good.
>> ELF: And now we need to wait"
635;1788266;1791166;"and see what's happening...
>> KOURTNEY: Oh, my gosh, look."
636;1791166;1794100;"It's going up.
>> SCOTT: This is bizarre."
637;1794100;1795667;">> ELF: Congratulations.
>> KOURTNEY: Oh, my goodness,"
638;1795667;1797633;"you've been so kind.
>> SCOTT: This is what we got"
639;1797633;1799734;"for the next three days.
>> SOFIA: I'm slowly getting"
640;1799734;1802100;"tired.
>> SCOTT: I got to get going."
641;1802100;1806500;"Maybe we should take Mason home.
>> KOURTNEY: Oh, it's my turn."
642;1806500;1808400;">> ELF: Yeah, you can go there,
too."
643;1808400;1811600;"Let's see what happens.
>> SCOTT: All right, we're good."
644;1811600;1813700;">> KOURTNEY: What happened?
>> SCOTT: I think Mason's sick."
645;1813700;1816166;"I'm gonna get him home.
>> KOURTNEY: Really?"
646;1816166;1818333;">> SCOTT: Yeah.
>> KOURTNEY: I just think it's"
647;1818333;1822600;"really bizarre.
Mason was sleeping in the car,"
648;1822600;1827200;"so Scott takes that as a chance
to just leave."
649;1827200;1831200;"We flew across the world to come
and see this place, and just in"
650;1831200;1837633;"the middle of it, they just got
up and left."
651;1837633;1840633;">> MALIKA: Honestly, I did have
the best time in Vegas."
652;1840633;1842633;"But seriously, if I did
anything..."
653;1842633;1844500;">> KHLOE: I needed my friend,
and you were not being a good"
654;1844500;1849233;"friend; you were, like,
pressuring me to drink."
655;1849233;1852400;">> SCOTT: This is nice.
We flew to Finland to get in the"
656;1852400;1854667;"hot tub.
>> KOURTNEY: You're so negative."
657;1854667;1857400;"I don't know why he is
just having such a negative"
658;1857400;1859667;"attitude.
He's just kind of putting a dark"
659;1859667;1861500;"cloud over it."
660;1867266;1869567;">> MAN: Hello.
Welcome to the Arctic Forest"
661;1869567;1871467;"Spa.
Something that we'll be doing"
662;1871467;1874533;"today is dip yourself in cold
water."
663;1874533;1876500;">> SCOTT: This is 100% my worst
nightmare."
664;1876500;1878033;">> SOFIA: Okay, Kourts, go at
the same time."
665;1878033;1880533;">> KOURTNEY: Okay, one, two,
three."
666;1880533;1882433;">> SOFIA: How far are you going?
>> SCOTT: Just go in, it's not a"
667;1882433;1884767;"race.
(Kourtney and Sofia screaming)"
668;1884767;1886734;"Go all the way!
Go all the way!"
669;1886734;1890033;"(screaming continues)
>> KOURTNEY: All right, to the"
670;1890033;1892667;"tub.
Something-- it's, like, not"
671;1892667;1896133;"blended from what you just did.
Like, right here."
672;1896133;1899333;"Did you just sponge?
>> SOFIA: No."
673;1899333;1901500;">> KOURTNEY: Okay, so you just
have to use..."
674;1901500;1906000;"♪ ♪
Then you just have to rub it,"
675;1906000;1909567;"like... okay.
>> SOFIA: Is it all around..."
676;1909567;1911500;">> KOURTNEY: Yeah.
It's like a little, like..."
677;1911500;1915533;">> SCOTT: This is nice.
We flew to Finland to get in the"
678;1915533;1918734;"hot tub.
Should we go?"
679;1918734;1920700;">> SOFIA: Do you want to get
out?"
680;1920700;1922767;">> SCOTT: Yeah.
>> KOURTNEY: You're so negative."
681;1922767;1924734;">> SCOTT: I'm not.
>> KOURTNEY: Has anyone ever"
682;1924734;1927533;"told you?
You're like a negative..."
683;1927533;1931567;">> SCOTT: I'm a negative guy.
>> KOURTNEY: First of all, I"
684;1931567;1934567;"think it's amazing for the kids,
the Santa stuff."
685;1934567;1937400;"Yesterday was so cute.
It's just, like, a magical"
686;1937400;1939367;"thing.
But you definitely were looking"
687;1939367;1941700;"for a reason to leave.
You could just say, "This isn't"
688;1941700;1946333;"for me, and we're gonna go."
Scott really wanted to come with"
689;1946333;1950066;"us to Finland, so I don't know
why he's just having such a"
690;1950066;1952734;"negative attitude.
I want everyone to have a great"
691;1952734;1958066;"time and a great experience, and
he's just kind of putting a dark"
692;1958066;1959667;"cloud over it."
693;1965734;1967567;"♪ ♪"
694;1981700;1986533;">> KIM: Oh, my gosh.
What are you wearing?"
695;1986533;1988767;"Are you gonna wear this today?
We have to show Dad."
696;1988767;1990700;"Let's-- We'll FaceTime Dad."
697;1994400;1999734;"Is that so funny?
I think, just as a mom, you"
698;1999734;2003500;"know, you want to protect your
kids as much as possible."
699;2003500;2006633;"But also, you want to have them
flourish and do whatever makes"
700;2006633;2009767;"them happy, and see what they're
into and have them grow."
701;2009767;2014633;"I really only want her to do
something if it's something that"
702;2014633;2018200;"she really wants to do, and it's
really fun for her."
703;2018200;2023533;"And she ultimately had the time
of her life because of JoJo."
704;2023533;2026133;"(North babbling)
Oh, that's what you're gonna do?"
705;2026133;2028767;"Ooh!
(laughing)"
706;2028767;2031500;">> NORTH: Good my heel didn't
break."
707;2031500;2033633;">> KIM: Well, good your ankle
didn't break."
708;2033633;2037100;"That's what's more important.
See, this is why--"
709;2037100;2042433;"This is why you cannot wear high
heels."
710;2042433;2044266;"♪ ♪"
711;2050266;2054200;">> SCOTT: Hey.
>> KIM: How's Finland?"
712;2054200;2057266;">> SCOTT: Snowy.
>> KIM: I can't believe it, it's"
713;2057266;2059433;"spring break.
Look, I'm, like, on the golf"
714;2059433;2061667;"course, like...
>> SCOTT: Oh, yeah."
715;2061667;2064200;">> KIM: You're in the snow.
>> SCOTT: That's what spring"
716;2064200;2066533;"break should look like.
>> KIM: Yeah."
717;2066533;2068233;">> SCOTT: I mean, you probably
made the right decision not"
718;2068233;2070633;"coming.
It's kind of weird."
719;2070633;2074467;"It's like, you know, I'm trying
to pay attention to everybody"
720;2074467;2077467;"without neglecting anybody.
And Sofia mentioned to me that"
721;2077467;2080500;"I'm acting a little differently
around Kourtney."
722;2080500;2082767;"And, you know, it's tough,
because sometimes, like,"
723;2082767;2085600;"Kourtney and I have so much
history and have known each"
724;2085600;2087300;"other so long...
>> KIM: Oh, my gosh. Yeah."
725;2087300;2089233;">> SCOTT: So, basically, I've
just been trying to be kind of"
726;2089233;2094266;"mindful, and not make Sofe feel
uncomfortable just because Kourt"
727;2094266;2096266;"and I have known each other,
like, our whole lives."
728;2096266;2099133;">> KIM: And it's hard because of
the kids and..."
729;2099133;2103567;">> SCOTT: Right. And now it's
kind of coming off like... I'm"
730;2103567;2106166;"kind of, well, not being rude to
Kourtney, but it just puts so"
731;2106166;2109000;"much stress on me, and then it
just turns into me being, like,"
732;2109000;2112033;"not happy.
And then I, like, I'm not even"
733;2112033;2116467;"fun to be around for anybody.
And I think this trip, out of"
734;2116467;2119567;"the other trips that we've been
on, has a little bit more"
735;2119567;2123734;"pressure because there are
camera crews everywhere."
736;2123734;2129033;">> KIM: It's obviously this kind
of like crazy blended family"
737;2129033;2132700;"thing, and honestly, I mean, she
seems like she's pretty cool"
738;2132700;2134734;"with everything.
>> SCOTT: She is."
739;2134734;2137066;">> KIM: So if she's speaking up
about something that bothers"
740;2137066;2139600;"her, you kind of have to pay
attention."
741;2139600;2144600;"And Kourtney has to, like,
completely understand that."
742;2144600;2147300;"Don't get discouraged and be
unhappy."
743;2147300;2150300;"You guys will figure it out.
>> SCOTT: Yeah, you're probably"
744;2150300;2152667;"right.
>> KIM: You know, maybe throw in"
745;2152667;2155600;"every once in a while, like,
"Oh, so, remember when we saw"
746;2155600;2158233;"this movie?
Oh, my God, don't you love..."
747;2158233;2161600;"Milk Duds?" or whatever, you
know."
748;2161600;2164100;"Just try not to mix up the two.
What if you were like, "So,"
749;2164100;2168133;"remember that time you loved the
Milk Duds in your popcorn?""
750;2168133;2170033;">> SCOTT: Right.
>> KIM: And she was like,"
751;2170033;2174233;""That was Kourtney, not me."
>> SCOTT: Good pep talk."
752;2174233;2182533;"(chuckles)
♪ ♪"
753;2182533;2184367;">> SCOTT: Ah!
>> PENELOPE: Mom, I'm cleaning"
754;2184367;2186633;"everywhere.
>> SCOTT: When you're done, you"
755;2186633;2188667;"want to clean the ceiling?
I got you."
756;2188667;2190567;">> PENELOPE: I got it.
>> SCOTT: You're like a"
757;2190567;2195133;"cliffhanger.
Okay. Coming down."
758;2195133;2197300;">> PENELOPE: Mom, look what I'm
doing."
759;2197300;2200233;">> SCOTT: So this is your dream,
and, like, I want to be here for"
760;2200233;2202667;"you, you know what I mean?
It's just hard because I'm,"
761;2202667;2204600;"like, trying to make everybody
happy..."
762;2204600;2206266;">> KOURTNEY: Yeah.
>> SCOTT: ...and it's, like, you"
763;2206266;2209600;"know, everyone has different
things, and I want you to be"
764;2209600;2212000;"comfortable, I want Sofia to be
comfortable."
765;2212000;2213333;">> KOURTNEY: Yeah.
>> SCOTT: She's always, like,"
766;2213333;2217266;"you know, "You guys just... have
your ways, and you guys, you"
767;2217266;2220667;"know," and it's hard, like, she
feels like she doesn't fit in to"
768;2220667;2222300;"everything sometimes.
>> KOURTNEY: Mm-hmm."
769;2222300;2225100;">> SCOTT: I haven't really had a
second by myself to even have a"
770;2225100;2227367;"conversation, to make her feel
comfortable."
771;2227367;2230033;"Well, she's never been in this
life that we've been doing for"
772;2230033;2232233;"ten years.
It's just a lot and it's all on"
773;2232233;2234367;"me every night and day.
>> KOURTNEY: Yeah."
774;2234367;2237166;">> SCOTT: So I'm, like, trying
to juggle everything and being"
775;2237166;2240000;"on camera, you know, it's a lot
for her, and then..."
776;2240000;2242600;">> KOURTNEY: I mean, I told you
before we left I was happy to,"
777;2242600;2245633;"like, call her and have-- say...
>> SCOTT: No, it's not even"
778;2245633;2247266;"about that.
You're not doing anything."
779;2247266;2250000;">> KOURTNEY: No, I know it's--
I'm not doing anything, except"
780;2250000;2251333;"trying to make everyone
comfortable."
781;2251333;2255700;"I'm saying I could've probably
made her feel more comfortable"
782;2255700;2259066;"about the filming stuff, which I
said, "Did you want me to call"
783;2259066;2261200;"her before?"
And you were like, "No.""
784;2261200;2263700;">> SCOTT: I didn't realize it
was about the filming stuff."
785;2263700;2266166;">> KOURTNEY: Well, I'm just
saying, if you're saying that's"
786;2266166;2268033;"one of the issues.
>> SCOTT: Yeah."
787;2268033;2271367;"Maybe, yeah, you should've.
I'm sorry 'cause I know you had"
788;2271367;2274700;"big expectations for this trip,
and I want everyone to be happy,"
789;2274700;2276400;"you know?
>> KOURTNEY: I think, like, you"
790;2276400;2280367;"put so much pressure on things
to, like, make it perfect-- I do"
791;2280367;2282767;"that, too-- but I've been not
really doing that as much"
792;2282767;2285133;"anymore, and you just think
like, "Oh, it's one more"
793;2285133;2293367;"experience we have that we
didn't have before.""
794;2293367;2296100;">> SCOTT: I'm sorry 'cause I
know you had big expectations"
795;2296100;2299033;"for this trip and I want
everyone to be happy, you know?"
796;2299033;2302133;">> KOURTNEY: I think, like, you
put so much pressure on things"
797;2302133;2305033;"to, like, make it perfect, and
you just think like, "Oh, it's"
798;2305033;2308200;"one more experience we have that
we didn't have before.""
799;2308200;2311166;"I don't even mind if you guys go
off and do your thing or"
800;2311166;2315066;"whatever you want to do, I just
feel, like, if you're in it,"
801;2315066;2317233;"then let's, like, enjoy what's
happening..."
802;2317233;2318734;">> SCOTT: Yeah.
>> KOURTNEY: ...and make the"
803;2318734;2322000;"most of it, like, if we're all
gonna go, you know, do"
804;2322000;2325100;"something, then let's, like, be
in the moment and have fun."
805;2325100;2327133;">> SCOTT: You know, after
sitting with Kourt and actually"
806;2327133;2329467;"talking it through and
communicating, which I probably"
807;2329467;2332734;"should've done from the start,
it definitely made things a lot"
808;2332734;2335467;"clearer, and the truth of the
matter is, I don't need to put"
809;2335467;2338133;"as much pressure on myself to
feel like I have to do"
810;2338133;2341166;"everything.
You got a good attitude."
811;2341166;2345033;"I just got to follow your lead.
>> KOURTNEY: Yeah."
812;2345033;2347734;"♪ ♪
>> TRUE: Hi."
813;2347734;2352266;">> MALIKA: Baby True. Ooh.
>> TRUE: Hi."
814;2352266;2355233;">> MALIKA: Hello. Hi.
>> KHLOE: Say, "No, no, no, no,"
815;2355233;2357433;"no."
>> TRUE: No, no."
816;2357433;2360200;">> MALIKA: She's almost there.
>> TRUE: No, no, no."
817;2360200;2362200;">> MALIKA: No, no, no.
(True babbling)"
818;2362200;2364734;">> KHLOE: Thank you, boo.
>> MALIKA: Kiss Mommy for me."
819;2364734;2369100;"Tell her I was-- I might've been
a butthead."
820;2369100;2372400;"Honestly, I did have the best
time in Vegas, but, seriously,"
821;2372400;2376734;"if I did anything...
Enjoying my birthday has always"
822;2376734;2379400;"included you enjoying with me.
>> KHLOE: Totally, and I had..."
823;2379400;2381300;">> MALIKA: So I'm sure I pushed
you."
824;2381300;2383233;">> KHLOE: I had such a good
time."
825;2383233;2386066;"I just really wanted everyone to
have fun, and I didn't for any"
826;2386066;2388533;"second ever want it to turn
about me, but I needed my friend"
827;2388533;2390734;"and you were not being a good
friend."
828;2390734;2392433;"You were, like, pressuring me
to drink."
829;2392433;2395300;"Palm Springs, I got really
emotional from drinking, and I"
830;2395300;2398300;"did not-- I just didn't want the
risk of that happening, so I"
831;2398300;2400433;"was, like, oh, no, no.
>> MALIKA: Maybe it's good you"
832;2400433;2405066;"didn't lose all, you know,
inhibitions like I did."
833;2405066;2407767;"I'm sorry if I was annoying and
pressing you into doing things"
834;2407767;2412133;"you didn't want to do, so sorry,
forgive me."
835;2412133;2414567;">> KHLOE: Oh, it's okay.
I'm fine, and I just didn't even"
836;2414567;2418266;"care 'cause I wasn't drunk, but
it's great that I wasn't, or"
837;2418266;2420433;"else we're gonna have two
ridiculous people."
838;2420433;2422333;"We only needed one.
>> MALIKA: I probably really"
839;2422333;2424467;"should've been you instead of
me, to be quite honest."
840;2424467;2427066;">> KHLOE: It was your birthday.
You can do whatever you want."
841;2427066;2431133;"(True babbling)
This? Diamonds."
842;2431133;2435033;"Yeah, you got good taste, girl.
(True laughing)"
843;2435033;2437100;">> MALIKA: Cracking up."
844;2440333;2442133;"♪ ♪"
845;2451367;2453567;">> TOM: So welcome.
My name is Tom. I'm your guide."
846;2453567;2455767;"Is this first time you drive a
snowmobile?"
847;2455767;2457567;">> SCOTT: No, we've driven a few
before."
848;2457567;2460500;">> TOM: Good. Let's go.
>> SCOTT: Now that I know people"
849;2460500;2463266;"are having a good time, I
realize that I can spend some"
850;2463266;2466400;"time with Sofia alone and not
feel bad."
851;2466400;2469100;"She's ridiculous.
I know that Kourtney's having"
852;2469100;2471166;"fun.
I know the kids are having fun."
853;2471166;2473033;">> KOURTNEY: Okay, guys, take a
picture."
854;2473033;2476300;"Aw! (chuckles)
>> PENELOPE: I'm cold!"
855;2476300;2478533;">> SCOTT: Now we can make the
most of this trip."
856;2478533;2483367;"Let's do this, Reign!
Oh, my God!"
857;2483367;2487100;"And it is beautiful, and there
is fun things to do, and I want"
858;2487100;2491133;"to enjoy it.
>> KOURTNEY: Okay, then Reigny."
859;2491133;2498467;"Ready, guys? Whoo!
Oh, my gosh, it's Rudolph."
860;2498467;2501667;">> SCOTT: Olly olly oxen free!
(laughter)"
861;2501667;2508166;"Come to me, my jungle friends.
(shouting)"
862;2508166;2510133;">> KOURTNEY: Oh, Penelope.
>> SCOTT: Wow, she looks good."
863;2510133;2513467;"Facts.
>> SOFIA: You look so cute."
864;2513467;2516066;"Oh, this is the s'more section?
>> KOURTNEY: Mm-hmm."
865;2516066;2519066;">> SOFIA: Oh, great.
>> SCOTT: Finland has come back"
866;2519066;2521166;"around.
>> KOURTNEY: Okay, Poosh, here"
867;2521166;2523266;"you go.
>> SOFIA: Is this warm?"
868;2523266;2525266;">> KOURTNEY: Mm-hmm.
>> SOFIA: What is it?"
869;2525266;2527600;"It's so cute.
>> KOURTNEY: It's Norma Kamali."
870;2527600;2529400;"Oh, my gosh.
>> SOFIA: Oh, my God."
871;2529400;2531367;">> KOURTNEY: I knew I felt
stickiness."
872;2531367;2533266;">> PENELOPE: I got that on you
on accident."
873;2533266;2535200;">> KOURTNEY: Oh, you got this on
me?"
874;2535200;2536533;">> SOFIA: You didn't say
anything?"
875;2536533;2539133;"You want me to make you one?
>> SCOTT: A good one."
876;2539133;2540400;">> SOFIA: Okay.
>> SCOTT: Oh, nice."
877;2540400;2542300;">> SOFIA: Yeah, you like what
you see?"
878;2542300;2545166;">> SCOTT: At the end of the day,
it was honestly just me and"
879;2545166;2548467;"maybe some of my insecurities.
I think one of the reasons I put"
880;2548467;2553233;"so much pressure on myself is
that I want these trips to be so"
881;2553233;2556166;"perfect.
I don't want anything to happen"
882;2556166;2560300;"where then people can say...
This is why I don't like for us"
883;2560300;2562700;"all to travel together.
For me, it's one of the best"
884;2562700;2565166;"things I have in my life.
>> KOURTNEY: Do you think"
885;2565166;2567133;"there's gonna be Northern Lights
tonight?"
886;2567133;2569500;">> GUIDE: Chances for it tonight
are actually pretty high."
887;2569500;2571433;">> SCOTT: Oh, my God, there they
are!"
888;2571433;2573667;"Holy (bleep)!
The lights are here."
889;2573667;2576166;">> PENELOPE: You can see it on
here."
890;2576166;2578567;">> KOURTNEY: I loved our trip to
Finland."
891;2578567;2582500;"We were able to see the Northern
Lights, which is such a"
892;2582500;2586633;"blessing, and I feel like it's
nice to all be able to go"
893;2586633;2588734;"together and experience it all
together."
894;2588734;2592433;">> SCOTT: I didn't think it was
gonna be this beautiful."
895;2592433;2595667;">> KIM: On the next episode...
I am gonna be in this music"
896;2595667;2597467;"video with Paris.
>> PARIS: Hot."
897;2597467;2599300;">> KIM: Right now is crazy
hectic."
898;2599300;2603333;"The baby's coming soon, and the
Met Ball."
899;2603333;2605333;">> WOMAN: Wait.
>> KYLIE: Stop yelling at me!"
900;2605333;2607467;">> MAN: She's in labor.
>> KIM: Oh, my God, ready or"
901;2607467;2610633;"not, here we come.
>> KOURTNEY: (gasps) This woman"
902;2610633;2612500;"is stealing.
>> KHLOE: Go talk to your"
903;2612500;2614233;"security.
>> KOURTNEY: What is happening?"
904;2614233;2616166;">> KHLOE: Why did we just let
her go?"
905;2616166;2618100;">> KOURTNEY: Oh, my God.
Captioning sponsored by"
906;2618100;2619734;"BUNIM-MURRAY PRODUCTIONS"