﻿Number;Start time in milliseconds;End time in milliseconds;"Text"
1;4100;6100;">> KHLOE: Hey, you little elf.
(screaming)"
2;6100;8100;"Are you ready to decorate for
Christmas?"
3;8100;10100;">> MASON: Yeah! Yeah!
>> KHLOE: Let's decorate the"
4;10100;12100;"gingerbread house...
>> KOURTNEY: And then we can put"
5;12100;14166;"things on it.
>> MASON: I want to try!"
6;14166;16700;">> KIM: Welcome everyone to our
Christmas special."
7;16700;21133;"Christmas is a huge deal in our
family, and I think this year,"
8;21133;23300;"so much is going on, so much is
changing."
9;23300;25433;"But the one thing that stays the
same is family and the love that"
10;25433;27467;"we have for each other.
>> KOURTNEY: You're eating that."
11;27467;30367;"So first, we are going to have
our intimate Christmas party"
12;30367;33533;"where we watch old videos.
>> MAN: Come on, Kimberly."
13;33533;36767;"This is Christmas Eve.
Hi, Kourt."
14;36767;40367;"Khloe!
>> KHLOE: Fire...!"
15;40367;42467;">> KOURTNEY: We're gonna open up
presents, and do a white"
16;42467;44467;"elephant gift exchange.
Yes!"
17;44467;46467;"(Khloe screams)
>> BRUCE: Who bought this?"
18;46467;48467;"It's a bracelet with "wild" on
it."
19;48467;50433;">> KOURTNEY: Or open a new one.
>> KHLOE: I'm stealing a gift,"
20;50433;52433;"guys.
Who's scared?"
21;52433;54433;">> KRIS: I'm scared.
>> SCOTT: Who's scared?"
22;54433;56433;">> KHLOE: Who's scared?
>> KOURTNEY: I'm pretty scared,"
23;56433;58433;"to be honest.
>> SCOTT: Who's scared?"
24;58433;60433;">> KOURTNEY: Kim, you are so
artistic."
25;60433;62266;">> KIM: I'm really, like, the
least artistic ever, and it"
26;62266;64300;"really bothers me. Um...
>> KHLOE: You really are."
27;64300;71734;"Another family tradition of ours
is our Christmas card."
28;71734;74200;">> KIM: The photographer for our
Christmas card this year is"
29;74200;76200;"David LaChapelle.
>> DAVID: Beautiful!"
30;76200;78200;"Right there, don't move.
Face towards me."
31;78200;80200;"Good.
Look at me for one."
32;80200;82433;"Beautiful.
>> KIM: I've heard that he's,"
33;82433;84567;"like, so amazing.
Kanye shot with him."
34;84567;87500;">> KHLOE: People think that all
of his stuff is on, like, on a"
35;87500;89667;"green screen, and they're not...
That's how elaborate his sets"
36;89667;91667;"are.
>> KIM: And I'm really excited"
37;91667;94166;"to see the concept, and just to
try new things."
38;94166;96166;">> KHLOE: The same tradition.
We're just spicing it up a"
39;96166;98533;"little bit.
And I hope everybody enjoys our"
40;98533;100533;"Christmas special.
>> KIM: We are so excited to"
41;100533;103200;"share all these memories with
you guys."
42;103200;105200;">> KHLOE: Merry Christmas.
(Mason mutters)"
43;105200;107200;">> MASON: Hope you have a Merry
Christmas."
44;107200;109200;"(laughter)
>> KOURTNEY: That was cute,"
45;109200;116233;"Mase.
>> KHLOE: Yay!"
46;116233;118166;">> KRIS: I love this time of the
year."
47;118166;120166;"It's my favorite time.
>> KHLOE: ♪ Oh, hello, Mama"
48;120166;122166;"Jo. ♪
>> KRIS: Well, look who's here."
49;122166;124166;">> KENDALL: Hello.
>> KIM: Hi, guys."
50;124166;126066;">> KHLOE: The three divas have
arrived, guys."
51;126066;128200;">> KRIS: Merry Christmas, you
guys."
52;128200;130200;">> KIM: Sit next to me, darling.
>> KHLOE: Kim, you look"
53;130200;132166;"gorgeous, honey.
>> KIM: Oh, thank you."
54;132166;134166;">> SCOTT: All right, the Jew is
here."
55;134166;136166;">> KOURTNEY: Hi, guys.
>> KRIS: Hey, Scotty."
56;136166;138033;">> KOURTNEY: Merry Christmas.
>> SCOTT: Happy Hanukkah,"
57;138033;139900;"everybody.
>> KRIS: Merry Christmas."
58;139900;141767;">> KOURTNEY: It's that time of
year."
59;141767;143767;">> KHLOE: Mazel. Mazel.
>> KRIS: The Jew's here."
60;143767;145767;">> KHLOE: Oh, it's the Jenner!
>> BRUCE: ♪ Jingle bells!"
61;145767;147767;"Jingle bells! ♪
>> SCOTT: Hey! Batman smells."
62;147767;149767;">> BRUCE: ♪ Jingle all the
way. ♪"
63;149767;151433;">> KRIS: Oh, sing it, Bruce.
>> BRUCE: I'm the last here?"
64;151433;153266;"I've never been last to
anything."
65;153266;155066;">> KHLOE: Guess what?
There's a first for everything."
66;155066;156867;">> BRUCE: I know.
>> KIM: How's your nose?"
67;156867;158700;">> BRUCE: My nose is better,
thank you."
68;158700;160567;">> KOURTNEY: Bruce, what
happened?"
69;160567;162233;">> BRUCE: I actually get the
stitches out tomorrow."
70;162233;163834;">> KOURTNEY: Don't touch it!
>> BRUCE: They removed that"
71;163834;165700;"little red spot.
>> KHLOE: You guys, this"
72;165700;167567;"Christmas, we have a lot to be
thankful for."
73;167567;169266;"Only one of us has stitches.
>> KOURTNEY: Why don't you pop"
74;169266;171133;"some rosé over there in the
corner?"
75;171133;173467;">> KHLOE: Ooh, I'm popping it.
>> KRIS: You guys, I'm so"
76;173467;176066;"excited, because I want to be
able to have, like, a moment,"
77;176066;179066;"where we can all share some of
our Christmas memories."
78;179066;181066;"(loud pop)
>> SCOTT: Holy (bleep)!"
79;181066;183400;"Let's (bleep) do this!
>> KRIS: There's a lot of video"
80;183400;186533;"here from the '80s, the '90s and
the 2000's, and I think"
81;186533;189700;"it'd be really cute for Kendall
and Kylie to see some of the"
82;189700;193200;"past years of these four kids
and what their Christmases are"
83;193200;195200;"like.
>> KENDALL: Let's do it."
84;195200;197300;">> BRUCE: Do it!"
85;198433;200433;">> MAN: What is that?
>> KRIS: Look at you."
86;200433;202433;">> MAN: Oh!
>> KHLOE: That's Kim with the"
87;202433;204433;"pigtails.
Every year, the pigtails."
88;204433;206433;">> WOMAN: Pretty Khloe.
>> MAN: Look at these presents"
89;206433;208433;"Santa Claus brought.
Look at those scooters."
90;208433;210433;">> KOURTNEY: Look.
>> KIM: Khloe. This is Khloe's."
91;210433;212433;">> KHLOE: Oh, Kim, you're so
nice to me."
92;212433;214433;">> KOURTNEY: But I pointed to
it."
93;214433;218033;">> MAN: Khloe, a bicycle.
>> KHLOE: Yeah."
94;218033;221066;">> MAN: Boy!
>> KIM: For our room."
95;221066;223767;"Because it's pink.
>> KRIS: Khloe, did you get an"
96;223767;225834;"ironing board?
She's ironing."
97;225834;231000;">> KHLOE: Always the cleaner.
>> KRIS: I was so excited for"
98;231000;233266;"you guys to come downstairs that
I don't... I barely slept."
99;233266;235266;">> BRUCE: That's what Christmas
is all about."
100;235266;237266;"It's gets fun when you have
kids that are getting to that"
101;237266;239266;"age where they really, really
enjoy it, you know?"
102;239266;241266;">> KOURTNEY: That's what it's
all about."
103;241266;243266;">> KRIS: I know.
The more kids I had, the more"
104;243266;245333;"exciting it got, and it was
just magical."
105;245333;247967;">> BRUCE: Year 2002 Christmas.
You got to say hi."
106;247967;249967;">> KENDALL: Hi!
>> BRUCE: No, wait, wait, wait,"
107;249967;252233;"no, don't jump around.
Kylie, come in here, too."
108;252233;254533;">> KHLOE: Aw. Kendall and
Kylie are so cute."
109;254533;256767;">> BRUCE: How old are you?
>> KENDALL: I'm seven."
110;256767;258867;">> BRUCE: How old are you?
>> KYLIE: Five for now."
111;258867;260867;"I'm five!
>> KHLOE: Kendall, you're so"
112;260867;263100;"animated as a kid.
>> BRUCE: My God, you girls had"
113;263100;267000;"more personality back then.
♪ Jingle bells, jingle bells,"
114;267000;270734;"Jingle all the way
♪ Oh, what fun it is to ride"
115;270734;273333;"In a one-horse open sleigh. ♪
>> SCOTT: I find it weird that"
116;273333;275834;"Christian and Catholic people
just lie to their kids about"
117;275834;277834;"Christmas.
>> KHLOE: That's what Santa's"
118;277834;283667;"all about-- lies.
(excited shouts, gasps)"
119;283667;285867;">> KOURTNEY: That's for both of
you guys."
120;285867;288333;"That's for both of you guys.
Wait, Christmas morning--"
121;288333;291533;"this is the best.
Oh, my, goodness!"
122;291533;295533;"Kylie, oh, my gosh!
>> KHLOE: Nice butt."
123;295533;297467;">> KOURTNEY: Merry Christmas!"
124;302734;305266;">> KOURTNEY: That was cute.
You guys were so young."
125;305266;307834;">> BRUCE: And they had so much
personality back then."
126;307834;310533;"You especially, just all this
personality."
127;310533;312867;">> KRIS: Okay, so, I asked you
guys to all bring your sort of"
128;312867;315767;"secret gift, and everyone's
gonna draw a number."
129;315767;318467;"You start over here.
Rob, you pick one first."
130;318467;321700;"And whoever has number one, you
get to pick any gift on the"
131;321700;324700;"table, and then you open it in
front of all of us."
132;324700;328500;"This is my favorite number! Two!
>> KENDALL: That's a bad one!"
133;328500;330500;"You're supposed to get the
highest number."
134;330500;332734;">> OTHERS: Why?
>> KENDALL: Because once"
135;332734;334767;"everybody opens the present, you
can go and pick anybody's"
136;334767;336533;"present.
>> KHLOE: Oh, that's so"
137;336533;339100;"depressing!
>> KENDALL: What number?"
138;339100;341333;"That's good!
>> KHLOE: That's Lamar's number."
139;341333;343367;">> KENDALL: Oh.
>> KHLOE: It's a sign."
140;343367;346633;">> KENDALL: That's good luck.
>> BRUCE: I got four. Take one."
141;346633;348934;">> KRIS: I have six.
That's the number of kids I"
142;348934;350934;"have.
>> KHLOE: Whoo-hoo."
143;350934;352934;">> KRIS: So, who has number one?
>> KYLIE: Me."
144;352934;354934;">> BRUCE: Uh, Kylie has number
one."
145;354934;358367;">> KRIS: You get to pick any
gift that you want, and you open"
146;358367;361400;"it in front of all of us.
>> KYLIE: I think this one."
147;361400;365367;">> BRUCE: She picks that one!
All right! Shoes?"
148;365367;367367;">> KYLIE: What is this?
>> KHLOE: What is that?"
149;367367;370133;">> BRUCE: A windshield mount.
(laughter)"
150;370133;371934;"For your car.
>> KOURTNEY: And a battery pack"
151;371934;373633;"for your iPhone.
>> BRUCE: It mounts on your"
152;373633;375633;"windshield with an extension
for your iPhone."
153;375633;377633;">> ROB: Ah, Bruce looks like he
 gift."
154;377633;379633;">> KIM: Okay, Kourtney, do you
want to take hers, or do you"
155;379633;381300;"want a new one?
>> KOURTNEY: I don't want that."
156;381300;383300;"Ish.
>> BRUCE: All right, Kourtney's"
157;383300;384800;"going no.
>> KOURTNEY: I think I'm gonna"
158;384800;386300;"do this.
>> BRUCE: All right!"
159;386300;387800;"Hey, we have a decision.
(clapping)"
160;387800;390100;">> KOURTNEY: Yes!
(Khloe screams)"
161;390100;395200;"It's a double chin...
>> BRUCE: What is it?"
162;395200;399567;">> KOURTNEY: It's a double chin
exercise... (laughing)"
163;399567;401900;">> KHLOE: You guys...
>> KOURTNEY: You guys, I wanted"
164;401900;404700;"it so badly.
>> BRUCE: What is it?"
165;404700;407400;"It's, like, a pogo stick for
double chins."
166;407400;409066;"(Kris laughing)
And you go like this."
167;409066;411066;">> BRUCE: Oh, I see, you
exercise like this?"
168;411066;412567;">> KOURTNEY: Yeah.
>> BRUCE: Oh, God."
169;412567;414567;">> KENDALL: Don't get too
excited, because people..."
170;414567;416567;"anyone could steal it from you.
>> KIM: Yeah."
171;416567;420333;">> KOURTNEY: Nobody... nobody
even think about stealing it."
172;420333;422166;">> KIM: Wait, I need that."
173;426000;428700;">> KRIS: I want to show you some
videos about Santa."
174;428700;431633;">> BRUCE: My bells are ringing
already."
175;431633;433867;">> KRIS: He was a little
inappropriate."
176;433867;437700;">> BRUCE: It's good to be Santa.
>> KOURTNEY: I won $10,000!"
177;437700;441400;">> KHLOE: She won $10,000 on a
lottery ticket!"
178;441400;444133;">> ROB: Oh, my gosh.
>> KENDALL: Have you heard about"
179;444133;446133;"the Christmas card?
>> BRUCE: What about the"
180;446133;447633;"Christmas card?
>> KENDALL: It's just gonna be"
181;447633;449133;"the girls.
>> BRUCE: I think that is a"
182;449133;451567;"terrible decision."
183;456333;458834;">> KRIS: You guys, I'm so
excited that you brought your"
184;458834;460834;"pictures in.
You actually followed through"
185;460834;462333;"with that.
Because I want to share"
186;462333;464467;"Christmas past and have you
guys remember some of the good"
187;464467;466467;"times.
>> KENDALL: You guys, I want to"
188;466467;468400;"see all the photos.
So can we just share?"
189;468400;470900;">> KRIS: Okay, so, I want to
share mine first."
190;470900;472900;"Oh, my God, look at this one,
you guys."
191;472900;475000;"We're all in the same
Dalmatian-- no, wait,"
192;475000;478000;"Scottie dogs?
>> BRUCE: Oh, that was the"
193;478000;480667;"Dalmatian party.
>> KHLOE: Scottie dogs."
194;480667;482667;">> KRIS: Remember those?
>> KOURTNEY: And we wore them"
195;482667;485533;"that year because Scott and I
were broken up."
196;485533;487867;"So we wanted to bring Scott into
the scene..."
197;487867;491100;">> SCOTT: So you did care about
me when we were broken up."
198;491100;493100;">> KHLOE: Good way to transition
that, Kourt."
199;493100;496567;">> KRIS: What have you got, Kim?
>> KIM: Okay, I have got me"
200;496567;498500;"blowing a kiss to everyone."
201;500367;502700;">> BRUCE: That's the typical
Kim shot, blowing the kiss."
202;502700;504867;">> KIM: Yep. And, then, this was
just another..."
203;504867;506900;">> KHLOE: Are you kidding that
they're all of you?"
204;506900;509367;">> BRUCE: Is that more kisses?
>> KHLOE: Just Kim."
205;509367;511500;">> KIM: This was one with my
dad."
206;511500;513500;">> KHLOE: That's a great one.
And the dog, Paris."
207;513500;515633;">> ROB: That was the first night
Khloe and I slept together."
208;515633;517633;"Seriously.
>> BRUCE: All right, Kylie,"
209;517633;519133;"whatcha got?
>> KYLIE: This is me and Rob"
210;519133;521767;"sharing a moment... while we
made some cookies."
211;521767;523834;">> KENDALL: What about me?
I'm in the picture, too."
212;523834;525834;">> KYLIE: Kendall, well, you're
just observing us."
213;525834;527333;"(laughing)
>> BRUCE: All right, I think"
214;527333;529500;"this might have been Scott,
drinking away."
215;529500;531967;">> KOURTNEY: No, Scott is
pouring champagne in your mouth."
216;531967;533934;">> BRUCE: He's trying to get me
drunk."
217;533934;535600;">> KHLOE: And you got drunk.
>> BRUCE: No. I never..."
218;535600;537066;"I haven't been drunk my
entire life."
219;537066;538667;">> KHLOE: Bruce, I was there.
>> SCOTT: You've never"
220;538667;540066;"been drunk?
>> KENDAL: My turn?"
221;540066;541800;">> BRUCE: Go for it, Kendall.
>> KHLOE: Kendall's turn."
222;541800;546533;">> KENDALL: All right, this one
is beautiful."
223;546533;550266;"Little Mase. Look at Mase.
>> KHLOE: Mason was so little."
224;550266;553100;">> BRUCE: The next generation.
>> KHLOE: Mason was so armo back"
225;553100;555100;"then.
>> BRUCE: All right, the other"
226;555100;556600;"side of the room.
What do we got?"
227;556600;558800;">> ROB: Well, this is our, uh...
>> KHLOE: Oh, my gosh, the"
228;558800;561066;"leopard-lovin' family."
229;564333;567367;">> ROB: Why would you guys ever
make me wear a leopard top?"
230;567367;570033;">> KIM: I have no idea.
>> KOURTNEY: And I think it was"
231;570033;572500;"Khloe's top.
(laughter)"
232;572500;574633;">> SCOTT: I feel bad for what
they've done to you."
233;574633;577333;">> ROB: Yeah, whatever.
>> KHLOE: Oh, these turn."
234;577333;579867;">> SCOTT: I wanted to fit in,
in the family, so I wanted to"
235;579867;583400;"look as Middle-Eastern as
possible."
236;583400;586667;"So that was this picture.
>> KRIS: Oh, no..."
237;586667;589567;">> KHLOE: This looks like you
guys just went to the prom."
238;589567;591867;">> SCOTT: Uh, yeah. In Glendale.
>> KHLOE: Well, guys, it's my"
239;591867;593867;"turn.
>> KRIS: Yes, it is."
240;593867;597166;">> KHLOE: This is a picture of
Bruce, Lam and Santa."
241;597166;599467;">> KRIS: That is really cute.
>> KHLOE: Kourtney when she"
242;599467;602467;"broke up with Scott, so she was
about 15 pounds underweight, and"
243;602467;604600;"looking to impress.
>> KOURTNEY: And trying to hook"
244;604600;606734;"up with Santa, get him drunk.
>> KHLOE: Oh, yeah."
245;606734;610066;"Even though he's a fake Santa.
>> KOURTNEY: And, then, this"
246;610066;614567;"is Mom with Papa Harry and a
guy that I have no idea who he"
247;614567;618000;"is.
>> KRIS (laughing): That's this"
248;618000;620600;"guy named...
>> KOURTNEY: That you dated?"
249;620600;623333;">> KHLOE: Did you sleep with
him?"
250;623333;625333;"You slept with him?
>> KIM: Ew."
251;625333;628467;">> SCOTT: He's an animal!
>> KOURTNEY: I'm done."
252;628467;631300;">> KRIS: Okay, when Kendall and
Kylie were little, and when you"
253;631300;634667;"guys were little, we would make
it look like Santa had eaten the"
254;634667;636667;"milk and cookies.
>> KHLOE: That's so weird-- in"
255;636667;639533;"normal households across the
country, they let the real Santa"
256;639533;643867;"eat the cookies.
>> KENDALL: Look. Daddy. Papa!"
257;643867;645967;">> BRUCE: What?
>> KENDALL: Santa ate his"
258;645967;648934;"cookies!
>> BRUCE: Oh, isn't that nice."
259;648934;651467;"You left cookies for him, huh?
>> KENDALL: And carrots."
260;651467;654567;"(Khloe laughs)
>> KYLIE: Look at how early we"
261;654567;656367;"woke up. It was, like...
>> KHLOE: You guys used to"
262;656367;658367;"literally wake up at, like, 4:30
a.m. and wake all of us up."
263;658367;663633;">> KIM: We would start Christmas
at 6:00 a.m., no later."
264;663633;666533;">> ROBERT: Hi, Kourt.
Hi, Kim."
265;666533;669100;">> KIM: Hi, Daddy.
>> ROBERT: Hi, Khloe."
266;669100;672533;">> KIM: I told Kourtney that
we'll get a computer or video"
267;672533;675567;"art, and I was right.
(laughter)"
268;675567;678133;">> ROBERT: Hey, look what Santa
brought you."
269;678133;681867;"Look! What is that?
>> KOURTNEY: I do not believe"
270;681867;683867;"in Santa.
>> KIM: I still believe in"
271;683867;685567;"Santa.
>> KRIS: All right, I want to"
272;685567;688867;"show you guys some videos, um,
about Santa."
273;688867;690767;"(laughing)"
274;692800;695867;">> KHLOE: The same old Santa.
>> BRUCE: Oh, my gosh, who's"
275;695867;697867;"with Santa?
>> SANTA: My bells are ringing"
276;697867;700133;"already.
(Bruce laughing)"
277;700133;703400;">> KRIS: He was a little
inappropriate from time to time."
278;703400;706166;"(Bruce laughing)
>> KHLOE: Whoa, Kris Jenner."
279;706166;708533;">> KRIS: Is this gonna be on
Access Hollywood?"
280;708533;710834;">> SCOTT: Is that double-decker?
>> KHLOE: Double-decker bus."
281;710834;713166;">> SANTA: My bells are ringing.
I've seen Kris."
282;713166;715834;"(Bruce laughing)
(whooping, shouting)"
283;715834;718500;">> KRIS: What can I tell you?
>> BRUCE: Maybe Santa got lucky"
284;718500;721233;"that night, I don't know.
>> KHLOE: Oh, my goodness!"
285;721233;723233;">> SCOTT: You got to open your
mouth."
286;723233;725233;">> KIM: Can we do, like, one
more gift, please?"
287;725233;727233;"Who's number three?
>> KENDALL: I am."
288;727233;729367;">> KIM: Kendall.
>> SCOTT: Ow!"
289;729367;731734;"Come on, mate...
>> KHLOE: Either steal a gift or"
290;731734;734200;"get a new one.
Oh, it's heavy!"
291;734200;738433;">> ROB: ...it's a rock.
>> KHLOE: What if it was a rock?"
292;738433;741233;"(wrapping paper tearing)
>> KENDALL: A tent!"
293;741233;743333;"(laughing): A tent.
>> BRUCE: A tent?"
294;743333;745333;">> KHLOE: Who would ever buy
someone a tent?"
295;745333;747433;"A hundred percent that's a Bruce
gift."
296;747433;749467;">> SCOTT: All right, who's next?
>> KIM: Who's number four?"
297;749467;751467;">> BRUCE: I'm number four.
>> KHLOE: Oh!"
298;751467;753166;">> KENDALL: Do you want the
tent?"
299;753166;755166;"Dad, do you want the tent?
>> KHLOE: Do you want the tent?"
300;755166;757166;"You could steal the tent.
>> KENDALL: You could take it..."
301;757166;759166;">> BRUCE: Yeah, but if I take
the tent, then I'm stuck with"
302;759166;762333;"the tent.
I'm going with the littlest one."
303;762333;767734;">> KHLOE: Oh, my God!
(everyone cooing goofily)"
304;767734;769734;">> BRUCE: Palm Beach.
>> KHLOE: Palm Beach?"
305;769734;771734;">> SCOTT: Palm Beach?
>> KRIS: For sure that's from"
306;771734;773433;"Scott.
>> KHLOE: What if it's from"
307;773433;775600;"Kylie?
>> BRUCE: Who bought this?"
308;775600;778133;"It's a bracelet with "Wild" on
it."
309;778133;781166;">> KOURTNEY: Who the heck would
give that?"
310;781166;782667;">> SCOTT: Oh, that's got to be
Rob!"
311;782667;785800;">> ROB: It is not from me.
>> KHLOE: I'm stealing a gift,"
312;785800;788166;"guys-- I'm scared.
>> KRIS: I'm scared."
313;788166;792100;">> KOURTNEY: I'm pretty scared.
>> KHLOE: You should be scared."
314;792100;795367;"Today is our Christmas card
shoot, and I'm so excited."
315;795367;797066;">> MAN: Okay, you can bring 'em
in."
316;797066;799233;"We're gonna do the reveal now.
>> KIM: I cannot wait to see"
317;799233;808433;"what the set is gonna look like.
>> KRIS: Oh, my God."
318;808433;811300;">> KHLOE: What if it's from
Kylie?"
319;811300;814100;">> KOURTNEY: Who the heck would
give that?"
320;814100;816800;""Wild." It's a bracelet with
"Wild" on it."
321;816800;818834;"Who bought this?
>> ROB: It says "Wild"?"
322;818834;821166;">> KYLIE: No, no, no, it's says,
"What would...""
323;821166;823166;"It's a "What would Jesus do"
thing."
324;823166;825867;">> KHLOE: Rob!
(laughter)"
325;825867;829300;">> ROB: "WWJD" does not convert
to "Wild.""
326;829300;834133;">> BRUCE: Oh, it's me.
>> KOURTNEY: Who is number five?"
327;834133;837767;"Five is Scott.
>> KHLOE: Oh, Scott picked his"
328;837767;840066;"fast.
>> BRUCE: No, you're not gonna"
329;840066;843533;"take my bracelet?
>> KRIS: Scott! That is so nasty"
330;843533;847100;"and mean and-and disrespectful
of Christmas."
331;847100;850400;">> KOURTNEY: That was mean.
>> KHLOE: Kind of mean."
332;850400;852767;">> SCOTT: Like I don't get
enough scrutiny in this family,"
333;852767;855066;"I open my gift wrong?
>> KHLOE: You guys, he's Jewish,"
334;855066;857300;"he didn't know about the
nutcracker."
335;857300;858800;">> SCOTT: Oh, that's very cool.
The Apple TV..."
336;858800;860800;">> KHLOE: Oh, my God, that is
such a good present."
337;860800;862500;">> SCOTT: This is over a hundred
dollars."
338;862500;864500;">> KHLOE: That's from Kourtney.
I can tell, 'cause look, she"
339;864500;866233;"went like this.
>> SCOTT: And then she's, like,"
340;866233;868667;"yes, at least Scott got it.
We can keep it in the family,"
341;868667;870800;"and I'll return it when we get
home."
342;870800;873834;">> KHLOE: Mom, you're number
six."
343;873834;879200;">> KRIS: I like anything that
says "Naughty" on it."
344;879200;882367;"(laughs): It's a lightbulb.
This is so exciting."
345;882367;884367;">> KIM: Personal wireless
lighting."
346;884367;886433;">> KHLOE: I've seen this in
Kendall's room, and she just"
347;886433;889300;"pushes a button on her iPhone
and it changes all the colors in"
348;889300;891567;"her room to any color she wants.
>> KRIS: This is like a light"
349;891567;893266;"show.
>> SCOTT: This is"
350;893266;895266;"light-changing.
>> KHLOE: I think Kendall did"
351;895266;896767;"this one.
>> KOURTNEY: I think this is"
352;896767;898533;"Kenny's gift.
>> SCOTT: Look at Kenny."
353;898533;900600;">> KRIS: All right, so you guys
know how when you guys were"
354;900600;902400;"little kids, you always had
matching outfits and..."
355;902400;905100;">> BRUCE: Oh, God. We're not
going into that, are we?"
356;905100;907500;">> KRIS: Well, I just think that
we've been so fashionable"
357;907500;909767;"through the years, and I wanted
to show you guys all the"
358;909767;912767;"outfits that we've been wearing,
and hairstyles, decade after"
359;912767;915367;"decade.
Merry Christmas."
360;915367;917734;">> ROBERT: Merry Christmas.
Sing a song for me."
361;917734;920567;">> KRIS: I don't sing when I'm
pregnant."
362;920567;922667;">> KHLOE: Those shoulder pads
were like a football player's"
363;922667;924667;"shoulder pads.
>> KOURTNEY: They were bigger"
364;924667;926500;"than a football player.
>> KRIS: Aren't those shoulder"
365;926500;929100;"pads coming back in?
>> KHLOE: Absolutely not."
366;929100;931567;"Look at Kourtney's outfit.
>> ROBERT: How you doing?"
367;931567;934400;">> KOURTNEY: Fine.
>> SCOTT: Oh, my God!"
368;934400;936834;"It looks like a portobello
mushroom."
369;936834;939867;">> KOURTNEY: When's dinnertime?
>> ROBERT: You hungry?"
370;939867;942533;">> SCOTT: My God.
>> KIM: This... is devastating."
371;942533;944233;">> SCOTT: I cannot watch
that."
372;944233;946166;"Why would you do that to your
kid?"
373;946166;948166;">> KHLOE: I know. He hated her.
>> ROBERT: Come on, Kimberly,"
374;948166;950700;"you look good.
This is Christmas Eve."
375;950700;953033;"Whoa, this is Robert!
>> KIM: Say hi to Daddy."
376;953033;955767;">> ROBERT: Hi, Robert John!
>> ROB: I look like a Pilgrim."
377;955767;961400;"I look like a ... Pilgrim.
(Rob squeals on video)"
378;961400;963800;">> ROBERT: What kind of dancer
is that?"
379;963800;966166;">> SCOTT: Oh, break it down!
Ooh!"
380;966166;970834;">> SCOTT: Twerk? Twerk?
>> ROBERT: Beautiful, Khloe."
381;970834;973734;"Beautiful!
Thank you."
382;973734;979500;">> ROB: My dad's, like,
"Beautiful, Khloe.""
383;979500;981400;"Khloe, that's not funny."
384;985100;987767;">> KRIS: Don't you guys think
that the sentimental gifts are"
385;987767;989767;"the best gifts?
>> KOURTNEY: For sure. I don't"
386;989767;992667;"think anyone's gotten me
a sentimental gift."
387;992667;995367;">> KHLOE: Kourtney, are
you insane in the membrane?"
388;995367;997667;">> SCOTT: I got you two kids!
>> BRUCE: Kendall's horse for"
389;997667;1000100;"Christmas was good.
>> KOURTNEY: That was, like, one"
390;1000100;1001600;"of my favorite Christmases,
watching her cry."
391;1001600;1004867;">> KHLOE: Just her crying and
everything, it was so cute."
392;1004867;1006800;">> BRUCE: Go out in the
driveway."
393;1006800;1010567;"(screaming, laughing)
>> KYLIE: Wait, Kendall, wait!"
394;1010567;1015066;">> KENDALL: Oh, my God!
>> ROB: Oh, that is so dope."
395;1015066;1018734;"(girls squealing)
>> KRIS: Aw..."
396;1018734;1020734;">> KHLOE: Merry Christmas,
everybody."
397;1020734;1025767;">> BRUCE: Oh...
>> KRIS: You're welcome."
398;1025767;1028333;">> KHLOE: My favorite gift was
when I got Harley the puppy."
399;1028333;1030333;">> KRIS: Oh, I remember that.
>> KIM: How cute was that?"
400;1030333;1033767;"That was the same year that
Bruce got a real Harley."
401;1033767;1036300;">> KHLOE: That's why I named my
dog Harley, because you got a"
402;1036300;1038300;"Harley-Davidson.
>> BRUCE: That's right."
403;1038300;1040066;">> KRIS: That's Harley and
Harley."
404;1040066;1041667;"dos!
>> SCOTT: Harley squared."
405;1041667;1043433;">> KENDALL: Oh, my gosh!
>> KRIS: For Khloe!"
406;1043433;1047667;">> BRUCE: It's Khloe's dog!
>> KRIS: Oh...!"
407;1047667;1052400;">> KHLOE: Oh...
>> KIM: How cute."
408;1052400;1055333;">> BRUCE: Oh, that's a good one.
>> KENDALL: I want a puppy."
409;1055333;1057567;">> SCOTT: We're getting Mase a
puppy for Christmas."
410;1057567;1059333;">> KOURTNEY: I think next year.
>> KRIS: Come here."
411;1059333;1062200;"You can't open your eyes.
Nobody say anything. Okay."
412;1062200;1066066;">> BRUCE: Oh, my God!
Oh, my God!"
413;1066066;1068133;">> KENDALL: Oh, my God, can I
ride this!"
414;1068133;1069633;">> BRUCE: My fat boy.
>> KRIS: Yeah."
415;1069633;1073066;">> KHLOE: Your "fat boy"?
(engine revving)"
416;1073066;1076767;">> BRUCE: Play on it...
(all whooping)"
417;1076767;1078767;">> KRIS: Barefoot.
>> ROB: Is that the first"
418;1078767;1080767;"Christmas that you were... that
we were all together, that you"
419;1080767;1082767;"spent with us?
>> BRUCE: It would be the first"
420;1082767;1084767;"one after we got married, yes.
Yeah, the first one..."
421;1084767;1086467;"Christmas, we weren't married
yet."
422;1086467;1089400;">> KHLOE & KOURTNEY: You were
living in sin!"
423;1089400;1090767;">> SCOTT: I know what that's
like."
424;1090767;1092266;">> KRIS: Yeah, baby!
>> BRUCE: I lived in sin"
425;1092266;1094100;"for five and a half months.
>> KHLOE: Wowzers!"
426;1094100;1095600;">> SCOTT: I'm, like, five, six
years in."
427;1095600;1098133;">> KHLOE: Kim has lived in sin
her entire life."
428;1098133;1102834;"(laughter)
>> KRIS: You were such a great"
429;1102834;1105467;"dad to these girls.
>> ROB: He was a great dad to"
430;1105467;1107166;"all of us.
>> BRUCE: Thank you."
431;1107166;1108734;"I worked hard at it.
>> KRIS: But it doesn't mean"
432;1108734;1112433;"you've never made any mistakes.
Oh, honey, it's beautiful."
433;1112433;1114433;">> ROB: That's a dope ring
right there."
434;1114433;1117233;">> KHLOE: Oh, it's so cool.
>> KRIS: It's way, way, way"
435;1117233;1119800;"too small.
>> KHLOE: Oh, Mom!"
436;1119800;1127200;">> SCOTT: Oh, my God, what
a pain!"
437;1127200;1130500;">> KRIS: Christmas 1996, and
Santa's been here, as you can"
438;1130500;1134166;"see.
>> KIM: So cool."
439;1134166;1136834;">> BRUCE: What'd you get, Kim?
>> KIM: Fuzzy coat and skirt and"
440;1136834;1139433;"sweater. How dope.
>> KYLIE: You guys said "dope""
441;1139433;1141433;"back then?
>> SCOTT: She was before her"
442;1141433;1143433;"time.
>> KOURTNEY: No, we made it up."
443;1143433;1146467;">> KIM: I was like "dope on a
rope," that was, like,"
444;1146467;1149467;"my phrase.
>> BRUCE: What do you got so"
445;1149467;1152233;"far, Khloe?
What is that, Khloe?"
446;1152233;1154700;"(laughter)
>> KHLOE: Look, look,"
447;1154700;1158233;"Barbie overalls.
And Barbie even signed them."
448;1158233;1160500;">> BRUCE: Mm-hmm.
>> KHLOE: It says: "With love,"
449;1160500;1164166;"Barbie."
They get, like, designer"
450;1164166;1167400;"clothes, and I get Barbie
overalls that are, like, for a"
451;1167400;1170600;"size 25, and I'm, like, "They're
signed by Barbie!""
452;1170600;1173433;">> SCOTT: Go paint the house,
kid."
453;1173433;1175900;">> KHLOE: Go scrub the floors,
you little fella.""
454;1175900;1178367;">> KRIS: So, do you guys want to
see, does anybody else have a"
455;1178367;1180367;"favorite, um...
>> KHLOE: This is our call."
456;1180367;1182834;"Hoo!
Night owls!"
457;1182834;1184533;"Kendall, hoo!
>> KENDALL: Hoo!"
458;1184533;1189900;">> KRIS: ...emotional time...
(others hooting)"
459;1189900;1192867;"Okay, Kendall and Kylie, we're
gonna go back to when you two"
460;1192867;1196433;"were really small.
>> BRUCE: This is Christmas"
461;1196433;1199834;"1998, Jenner style.
Well, let's put it this way--"
462;1199834;1202734;"Kris style.
And she does do a wonderful job,"
463;1202734;1204734;"I have to admit.
>> KHLOE: Bruce, you're such a"
464;1204734;1206600;"host.
>> BRUCE: Here's Kylie Jenner."
465;1206600;1208600;"She's the cutest little thing.
That's Kylie right there."
466;1208600;1210600;"Little nose is running, 'cause
she always has a cold."
467;1210600;1212467;"(Kylie jabbers)
I know, you want stuff over"
468;1212467;1214166;"there.
Oh, is it the baby's turn?"
469;1214166;1216166;"(Kendall speaks indistinctly)
>> BRUCE: Okay. There's the"
470;1216166;1218166;"baby.
>> KENDALL: The baby."
471;1218166;1220166;">> BRUCE: They're the best.
(laughter)"
472;1220166;1222166;">> KHLOE: Aw.
>> BRUCE: Did Santa come last"
473;1222166;1224867;"night?
Did Santa come?"
474;1224867;1227834;"Good.
>> KRIS: Kendall Jenner, you got"
475;1227834;1231200;"a car!
(siren blaring)"
476;1231200;1233533;">> BRUCE: Who is that in there?
>> KENDALL: Kendall."
477;1233533;1236834;">> BRUCE: Is that Kendall?
>> KHLOE: Oh, look at Kylie."
478;1236834;1238834;">> KENDALL: Look at Kylie.
>> BRUCE: Kylie, let's see you"
479;1238834;1241767;"make a basket.
(laughing)"
480;1241767;1246533;"Oh, come on, Kylie!
Yay...!"
481;1246533;1248834;">> KRIS: Oh...
>> KHLOE: Don't you look like"
482;1248834;1251467;"Penelope?
>> BRUCE: Oh, my gosh!"
483;1251467;1253467;">> KOURTNEY: You're like P.
>> BRUCE: Are you girls having"
484;1253467;1255166;"fun?
>> KENDALL: Yeah."
485;1255166;1256667;">> BRUCE: Whoa, whoa, whoa.
(Kendall laughs)"
486;1256667;1258667;"No, that's not funny.
No, wait, wait, you got to..."
487;1258667;1260400;"you're gonna hit, you're gonna
hit."
488;1260400;1263900;"Stop, stop, stop, stop!
Hold it. Stop. Stop, stop, stop,"
489;1263900;1265934;"stop, stop!
>> SCOTT: That's how Kylie"
490;1265934;1268166;"drives now.
(Kylie laughs mockingly)"
491;1268166;1269667;">> KENDALL: Mom?
>> KRIS: Yeah?"
492;1269667;1273433;">> KENDALL: I put makeup on by
myself."
493;1273433;1275433;">> KRIS: You put your makeup on
by yourself?"
494;1275433;1277800;">> KENDALL: Yeah.
>> KRIS: You look gorgeous."
495;1277800;1282367;">> KENDALL: I'm gonna go
downstairs and-and... I'm gonna"
496;1282367;1285467;"do more makeup, okay?
>> KRIS: Okay. Bye."
497;1285467;1289600;">> KHLOE: Oh...
>> BRUCE: Look at how cute you"
498;1289600;1293533;"were back then-- (kisses)
>> KRIS: You were such a great"
499;1293533;1295900;"dad to these girls.
>> ROB: He was a great dad to"
500;1295900;1298200;"all of us.
>> KHLOE: All of us-- not just"
501;1298200;1300333;"these girls.
>> ROB: We got you."
502;1300333;1301867;">> BRUCE: Thank you.
I worked hard at it."
503;1301867;1303867;">> KRIS: All of you guys.
But it doesn't mean you've"
504;1303867;1307467;"never made any mistakes.
>> ROB: Is that box number nine?"
505;1307467;1309667;">> KRIS: Oh, it's beautiful.
Is this the Christmas one?"
506;1309667;1311667;">> ROB: Mm-hmm.
>> KRIS: Doesn't say "Merry"
507;1311667;1313667;"Christmas".
This isn't the Christmas one."
508;1313667;1318667;"This is the 1998 one.
>> KHLOE: Oh, of course mom has"
509;1318667;1322600;"to point that out.
>> KRIS: I love this."
510;1322600;1326133;"Oh, honey, it's beautiful.
>> ROB: That's a dope ring right"
511;1326133;1329166;"there.
>> KRIS: Oh, it's so cool."
512;1329166;1331166;"And way, way, way too small.
>> KHLOE: Mom!"
513;1331166;1333200;">> SCOTT: Oh, my God, what a
pain."
514;1333200;1335200;">> KOURTNEY: Oh, my God.
>> KRIS: I'm sorry."
515;1335200;1337200;">> SCOTT: Oh, that's
a nice gift there!"
516;1337200;1339200;">> KHLOE: Oh, way, way,
way too small."
517;1339200;1341200;">> KRIS: I sound like, Kim.
>> SCOTT: Wow!"
518;1341200;1343200;"(laughter)
>> KRIS: Okay, you guys."
519;1343200;1345200;">> KOURTNEY: Yeah, let's do
seven."
520;1345200;1347200;">> KHLOE: I'm seven.
>> KYLIE: Number seven."
521;1347200;1349200;"Go, Khloe.
>> KOURTNEY: Do you want to"
522;1349200;1351200;"steal a gift?
>> KHLOE: I'm stealing a gift,"
523;1351200;1353200;"guys.
>> KOURTNEY: Or open a new one?"
524;1353200;1355200;">> BRUCE: You're stealing.
>> KHLOE: I'm stealing a gift."
525;1355200;1357200;">> BRUCE: Oh, you want it.
>> KHLOE: You want to know what"
526;1357200;1359633;"gift I'm stealing? Who's scared?
>> KRIS: I'm scared."
527;1359633;1361633;">> KHLOE: Who's scared?
>> KOURTNEY: I'm pretty scared,"
528;1361633;1365633;"to be honest.
(laughter)"
529;1365633;1367900;">> ROB: She's grabbing my penis!
Look at her."
530;1367900;1370567;"Look at her.
>> KHLOE: Kim, you're such"
531;1370567;1373867;"a bitch.
>> KOURTNEY: Let's do a couple"
532;1373867;1376166;"shots with the kids.
>> MAN: I'm a safety freak."
533;1376166;1378166;"This wasn't a set built
for kids."
534;1378166;1380200;">> KOURTNEY: It's for our family
Christmas card, and I want my"
535;1380200;1382100;"kids to be in it."
536;1387100;1389100;">> BRUCE: You're stealing.
>> KHLOE: I'm stealing a gift."
537;1389100;1391100;">> BRUCE: Oh, you want it?
>> KHLOE: Who's scared?"
538;1391100;1393100;">> KRIS: I'm scared.
>> KHLOE: Who's scared?"
539;1393100;1395100;">> KOURTNEY: I'm pretty scared,
to be honest."
540;1395100;1397667;">> KHLOE: You should be scared.
Give me the double-decker chin."
541;1397667;1399867;">> KOURTNEY: No.
>> KOURTNEY: Yes!"
542;1399867;1402166;">> ALL: Oh!
>> SCOTT: Oh, damn."
543;1402166;1404467;">> KOURTNEY: Stop!
That was my life come true."
544;1404467;1406467;"(whooping)
So does that mean I have to"
545;1406467;1408467;"pick a gift?
>> KHLOE: Now you get to open up"
546;1408467;1410867;"a gift.
By the way, you guys, I just"
547;1410867;1413967;"stole the gift that I bought.
>> KOURTNEY: "Lucky for life"
548;1413967;1416700;"lottery tickets".
>> KHLOE: Oh, get out of here."
549;1416700;1418700;">> KIM: Oh, wow, what a good
gift."
550;1418700;1420934;">> KOURTNEY: It says here that
this is only worth ten dollars."
551;1420934;1425333;"So someone cheated.
>> SCOTT: I think each one."
552;1425333;1427633;"This is ten.
That's ten."
553;1427633;1430166;"In America, you add those.
>> KOURTNEY: Oh, you do?"
554;1430166;1432300;">> SCOTT: So, here's ten,
20, 30."
555;1432300;1434300;">> KOURTNEY: Fine, fine, I don't
feel so gypped."
556;1434300;1436300;">> SCOTT: I'm just saying, the
whole, you know, addition does"
557;1436300;1438500;"work.
>> BRUCE: It's you."
558;1438500;1442333;">> KIM: That could come in
handy for some other things."
559;1442333;1444667;"If you get lazy, it'll
prop you up."
560;1444667;1448300;"(laughter)
>> KHLOE: You guys, this is the"
561;1448300;1450967;"best gift I've bought myself
ever."
562;1450967;1453000;"I can not believe I...
>> KIM: Can I see that thing?"
563;1453000;1456700;">> KHLOE: We're not sharing.
>> KRIS: Go, Kim, go."
564;1456700;1459166;"Go, Kim.
>> KIM: No, it's stretching my"
565;1459166;1461166;"skin, you guys.
>> SCOTT: Shut up."
566;1461166;1463700;"It's skin, it stretches.
>> KIM: It stretches your skin."
567;1463700;1465800;">> KIM: Open your mouth.
Kim, you're supposed to"
568;1465800;1467800;"open your mouth.
>> KIM: Okay. I'm not gonna do"
569;1467800;1469800;"it.
>> KHLOE: You guys, my neck is"
570;1469800;1471800;"tired.
>> KOURTNEY: I want that, and"
571;1471800;1474734;"I'm pissed.
(laughter)"
572;1474734;1476734;">> KIM: Who's number eight?
Rob, go."
573;1476734;1478734;">> BRUCE: Number eight.
Go for it, Rob."
574;1478734;1480734;">> KHLOE: Rob, do you want this
with me?"
575;1480734;1482734;">> ROB: No.
>> KRIS: What'd you get?"
576;1482734;1485667;">> ROB: Yes.
A helicopter."
577;1485667;1487667;">> BRUCE: Who would ever buy
that?"
578;1487667;1490033;">> ROB: This is perfect.
>> BRUCE: I'll give you a"
579;1490033;1492400;"hundred bucks, if in two weeks
from now, you can kick that"
580;1492400;1494400;"thing, take it off...
>> KHLOE: Oh, my God."
581;1494400;1496633;">> BRUCE: ...fly it through a
door, and then come back with"
582;1496633;1498734;"it.
>> ROB: No, this is, I'm good on"
583;1498734;1500767;"this.
I'll just keep this, and we'll"
584;1500767;1502900;"just forget whatever bet you...
(laughter)"
585;1502900;1505467;">> KRIS: So, I feel kind of bad
for Rob, because he's"
586;1505467;1508633;"the only boy.
So I lumped all of your videos"
587;1508633;1511867;"together, in the same little
section so we can enjoy"
588;1511867;1513867;"you 150%.
>> SCOTT: Oh, this has got to"
589;1513867;1516166;"be good.
>> ROBERT: What Robert?"
590;1516166;1518500;"What is it?
>> ROB: Oh, can I open it?"
591;1518500;1520834;"Can I open it?
>> ROBERT: Sure you can."
592;1520834;1523066;">> ROB: Can I open this?
>> ROBERT: Sure."
593;1523066;1525467;">> ROB: Hello! Watch me.
>> KRIS: Here's Rob."
594;1525467;1528400;">> BRUCE: "Hello, watch me"?
What is it Rob?"
595;1528400;1531567;"This is the exact one I wanted.
>> BRUCE: Yeah, I know."
596;1531567;1534300;"Santa's good, I'm telling you.
(laughter)"
597;1534300;1536400;">> KYLIE: You were so cute, Rob.
>> ROB: I know. No tattoos."
598;1536400;1538400;">> KOURTNEY: The sweet, innocent
little Rob."
599;1538400;1540400;">> SCOTT: Before you spent
time in jail."
600;1540400;1542467;">> BRUCE: What I thought was
interesting, Rob, about that"
601;1542467;1544467;"video, was you're over there
going, "look at me, look at me,"
602;1544467;1546934;"look at me."
The guys in this family have"
603;1546934;1549367;"always had a hard time trying
to get, our, you know,"
604;1549367;1551533;"a little attention.
>> KHLOE: It's all about us."
605;1551533;1553800;"(laughter)
>> KRIS: I love the fact that"
606;1553800;1556000;"when you guys were little, you
always had those electric cars."
607;1556000;1558467;">> KHLOE: I got a car for
Christmas, one year, yeah."
608;1558467;1560667;">> KRIS: Here's a little
collection of you guys and your"
609;1560667;1562834;"family cars.
>> KHLOE: I love when you"
610;1562834;1565166;"make that QVC face.
"Family cars.""
611;1565166;1567800;"(chuckles)
>> ROB: Want to ride in my car?"
612;1567800;1570767;">> ROBERT: Hey, hey, hey.
>> KHLOE: Look it."
613;1570767;1576333;">> KRIS: Khloe and Rob.
>> ROB: We're chilling."
614;1576333;1579166;">> KHLOE: And I'm holding him.
Look how nice I am."
615;1579166;1582333;"(laughter)
Lookit..."
616;1582333;1584900;">> SCOTT: Oh, yeah.
>> ROB: Look, she's grabbing my"
617;1584900;1586934;"penis.
Look at her."
618;1586934;1593266;"Kim, you're such a bitch.
She's pushing him away."
619;1593266;1599000;"(Rob crying)
>> ROB: You're a sicko."
620;1599000;1602300;"(laughter)
I won't stop freaking out."
621;1602300;1604533;"(laughter)
Look at Khloe."
622;1604533;1606900;">> KHLOE: Ghost ride the wind,
man."
623;1606900;1609700;">> SCOTT: Oh!
Ghost riding the wind."
624;1609700;1612333;">> ROB: Who does that?
>> KHLOE: Fire!"
625;1612333;1615700;"(laughter)
(tires squealing)"
626;1615700;1618533;">> ROBERT: Take it easy.
You're running over the other"
627;1618533;1620900;"cars.
>> KOURTNEY: Kim was in the"
628;1620900;1623133;"Mercedes having somebody push
her car for her."
629;1623133;1625133;">> SCOTT: I'm surprised she
wasn't sitting in the back seat"
630;1625133;1627133;"of it, and having someone
drive her."
631;1627133;1629166;">> KRIS: All right, so I know
you guys always make fun of me"
632;1629166;1631800;"for being so emotional.
So look at some of these videos"
633;1631800;1635533;"of how mushy I can really be.
>> KHLOE: Aw, the musha."
634;1635533;1642767;"(Kris gasps)
(Kris screams happily)"
635;1642767;1646100;">> KRIS: This was so nice.
Is it really a watch?"
636;1646100;1648000;"Look at this."
637;1651767;1654266;"Oh, I love this.
I love this."
638;1654266;1657400;"Thank you.
(baby babbling)"
639;1657400;1659667;">> KOURTNEY: What is it?
What is that?"
640;1659667;1662433;">> KRIS: It's just this rack to
hang the pots and pans from."
641;1662433;1667166;">> KHLOE: A pots and pans rack.
(laughter)"
642;1667166;1671000;">> KRIS: I really...
(crying)"
643;1671000;1673467;"Stop.
I'm embarrassed."
644;1673467;1675967;">> SCOTT: I can't believe you
cried over the pots and pans."
645;1675967;1678166;">> KHLOE: There weren't even
pots and pans."
646;1678166;1680300;"It was the rack that the pots
and pans hung on."
647;1680300;1683133;">> KRIS: I really wanted that.
>> SCOTT: I'm convinced you're"
648;1683133;1685367;"an actress.
There's no way."
649;1685367;1687700;">> KOURTNEY: See how nice she
was then?"
650;1687700;1688934;">> SCOTT: You were so sweet
then."
651;1688934;1691700;"What happened?
(laughter)"
652;1691700;1693700;">> KOURTNEY: I won $10,000.
Give it to me."
653;1693700;1695700;">> SCOTT: I am the one that got
you this."
654;1695700;1697700;">> KOURTNEY: I don't care.
>> SCOTT: It stays"
655;1697700;1699600;"in the family."
656;1703066;1704967;"(Bruce snoring)"
657;1710467;1713467;">> KYLIE: He fell asleep during
your little..."
658;1713467;1716500;">> KHLOE: You fell asleep.
>> BRUCE: Good."
659;1716500;1718500;">> KHLOE: Why don't you just
take a nap, and we'll watch the"
660;1718500;1723967;"rest?
>> KRIS: Oh, my God."
661;1723967;1726934;"(Khloe whooping)
>> KRIS: Hi."
662;1726934;1730533;"'91, Christmas.
It's a pretty dress, huh?"
663;1730533;1733533;"Isn't that pretty?
>> KHLOE: I love that dress."
664;1733533;1736066;"That's the hot dress.
(laughter)"
665;1736066;1739233;">> ROBERT: Say "Hi, Daddy."
Oh... and there's your beautiful"
666;1739233;1741834;"elf mommy.
When will Santa be here?"
667;1741834;1745233;">> ROB: Oh, I'm thinking in
like, about six hours."
668;1745233;1748567;">> ROBERT: No, more than that.
(everyone cheering)"
669;1748567;1751934;">> ROBERT: All right!
(everyone screaming)"
670;1751934;1757300;">> KIM: We had one hot mom.
No, seriously, that's what I"
671;1757300;1759300;"want to be.
Like, how she like, jumped in,"
672;1759300;1761300;"and she had all these kids,
and they were so cute running"
673;1761300;1763300;"around, and she looked so hot.
>> KHLOE: But even with, like,"
674;1763300;1765300;"her apron on, I thought she
looked so hot."
675;1765300;1767600;">> KIM: Yeah.
>> KHLOE: Kourtney."
676;1767600;1771400;"She is playing the lottery
already, and we're not done."
677;1771400;1773400;"How do you know if someone
doesn't want your gift?"
678;1773400;1775400;">> KOURTNEY: They might,
but I'm saying..."
679;1775400;1777400;">> SCOTT: They're going to
definitely want it if she wins."
680;1777400;1779400;">> KHLOE: Kourtney, but you're
gonna know if someone..."
681;1779400;1781400;">> KIM: Yeah, see if you win
first."
682;1781400;1783400;">> KOURTNEY: This is kind of
addicting."
683;1783400;1785600;">> KHLOE: How did she get a
quarter, all of a sudden?"
684;1785600;1787834;">> KIM: I still have
to do mine."
685;1787834;1789834;">> KRIS: Let's do that.
>> ROB: All right."
686;1789834;1793233;">> KIM: I think I'm gonna swap.
>> KHLOE: What?!"
687;1793233;1796800;">> SCOTT: Don't swap it.
>> KIM: Kendall, I don't want"
688;1796800;1803500;"yours.
(laughter)"
689;1803500;1805867;"But Scott...
>> SCOTT: You-you are not..."
690;1805867;1808000;">> KIM: I do want yours.
>> KHLOE: What?"
691;1808000;1810133;">> SCOTT: Are you joking?
>> SCOTT: You're the richest"
692;1810133;1812367;"person here.
Why do you got to take"
693;1812367;1814266;"my electronics?
>> KIM: Scott, this one is"
694;1814266;1816834;"mine that I personally got, and
I know you will like it."
695;1816834;1818834;"You might.
>> SCOTT: Wait, do I open this"
696;1818834;1820900;"now?
>> KHLOE: Yeah."
697;1820900;1824700;">> KIM: I'm so excited.
Apple TV."
698;1824700;1828033;">> KOURTNEY: Kim, you could buy
like, every kid's movie on"
699;1828033;1830033;"there, too.
>> KIM: Oh, good."
700;1830033;1832967;"But wait, I could...
I hook it up to the TV, right?"
701;1832967;1835667;">> KRIS: That's why it's called
Apple TV."
702;1835667;1837967;">> SCOTT: Oh!
You got me a rub and tug?"
703;1837967;1839967;">> KIM: Yes, I did.
I actually should've kept that"
704;1839967;1841967;"for myself.
>> KHLOE: A good gift"
705;1841967;1844133;"certificate.
>> SCOTT: Gift card"
706;1844133;1846300;"to Four Seasons.
>> KIM: For a massage."
707;1846300;1848500;"(laughter)
>> KOURTNEY: Look, I won"
708;1848500;1850967;"$10,000.
>> SCOTT: What? It has to go"
709;1850967;1854867;"that way.
Match three like amounts."
710;1854867;1858800;"I won $10,000.
(laughter)"
711;1858800;1861467;"You guys, I won.
>> KHLOE: She won $10,000"
712;1861467;1868200;"on a lottery ticket.
>> ROB: Oh, my gosh."
713;1868200;1870767;">> KOURTNEY: I won $10,000.
>> KHLOE: She won $10,000 on"
714;1870767;1873734;"a lottery ticket!
>> ROB: Oh, my gosh."
715;1873734;1876233;">> KOURTNEY: It just says
"match three.""
716;1876233;1878233;">> KRIS: Let me see.
>> SCOTT: Hey, let the momager"
717;1878233;1880467;"see.
>> KRIS: Do I get ten percent?"
718;1880467;1882533;"(laughter)
>> KRIS: "Winning prizes of one"
719;1882533;1886367;"dollar, five dollar, $25 and $50
may be claimed wherever lottery"
720;1886367;1889100;"tickets are sold.
Winning tickets, oh, of a"
721;1889100;1892033;"$100 or more must be sent by
mail, to the money fairy.""
722;1892033;1894100;"(laughter)
"123 Nowhere Drive,"
723;1894100;1896100;"in Make-Believe Land".
>> KHLOE: Kourtney, are you"
724;1896100;1898100;"listening?
>> KRIS: "Valid only in your"
725;1898100;1901367;"dreams."
(laughter)"
726;1901367;1903533;">> KHLOE: That is so mean.
>> KRIS: "This ticket is for"
727;1903533;1906834;"entertainment purposes only."
>> SCOTT: Well, we are in the"
728;1906834;1909000;"entertainment business.
>> KHLOE: You're so cheap."
729;1909000;1911500;"That's so mean.
(laughter)"
730;1911500;1914033;">> KRIS: All right, you guys.
Well, would you guys pay"
731;1914033;1916166;"attention?
Even when you know they're fake,"
732;1916166;1918166;"you're gonna still play with
them?"
733;1918166;1920333;">> SCOTT: Her boobs are fake,
and I still play with those."
734;1920333;1922867;"(Scott hooting)
>> KHLOE: You can not do that."
735;1922867;1925200;">> KRIS: I want to talk to you
guys about all the people that"
736;1925200;1927400;"have been in our lives through
the years that aren't here"
737;1927400;1930800;"anymore, and I think that we
should give them a little"
738;1930800;1933367;"respect and a bit of love.
So look at this."
739;1933367;1939100;">> KHLOE: Here's my dad
in April, 1992."
740;1939100;1941200;"(Kim laughs)
>> KRIS: Khloe, surround your"
741;1941200;1943667;"daddy.
>> KOURTNEY: Oh! Oh! Oh!"
742;1943667;1946166;">> KHLOE: Kourtney!
>> KRIS: All right."
743;1946166;1947867;"Who's the father of these
love..."
744;1947867;1949600;"Oh, my God, that is so cute.
Right here, right here, right"
745;1949600;1951800;"here, Robert. Robert.
>> KHLOE: That's my Sweet"
746;1951800;1954700;"16, guys.
>> ROBERT: I'm thankful for my"
747;1954700;1957367;"children.
Especially Kimberly, I'm"
748;1957367;1959266;"thankful for.
>> KIM: Whoo-hoo... I'm his"
749;1959266;1963233;"favorite, too.
>> ROBERT: I'm just thankful for"
750;1963233;1967967;"everybody.
>> BRUCE: I'm tellin' you here."
751;1967967;1970967;"Harry just finally got up.
>> HARRY: Got up."
752;1970967;1972734;">> BRUCE: Early to sleep, and
late to rise."
753;1972734;1974367;">> HARRY: That's right.
>> BRUCE: My gosh."
754;1974367;1976900;">> ROB: He's tease...
Bruce, you're teasing him."
755;1976900;1979567;"(laughter)
>> KRIS: Hi, Merry Christmas."
756;1979567;1982200;"I like your sweatshirt.
(kissing sound)"
757;1982200;1987300;"I like your sweatshirt.
>> KHLOE: Look at your dad."
758;1987300;1989767;">> BRUCE: Yeah, right.
Dad drives the bike."
759;1989767;1992200;">> WILLIAM: ...and a priest by
night, huh?"
760;1992200;1994166;">> KHLOE: He was such a nice
guy."
761;1994166;1995834;">> BRUCE: Too bad, especially
Kendall and Kylie, you know, he"
762;1995834;1998333;"passed away really before you
guys were very big."
763;1998333;2000433;"It's too bad that you didn't
really get to know him that"
764;2000433;2002400;"much.
You know?"
765;2002400;2003934;">> ROBERT: So what do you want
for Christmas?"
766;2003934;2007233;">> NANA: I'm trying to...
I'm trying to get my pilaf back"
767;2007233;2009333;"in shape.
>> ROBERT: Yeah, I smell its"
768;2009333;2011333;"burn.
(Rob laughs)"
769;2011333;2013333;">> ROBERT: Papa, what do you
want for Christmas?"
770;2013333;2015867;">> PAPA: I want my people to be
happy and make a lot of money."
771;2015867;2017900;">> KRIS: Yeah, yeah.
>> ROBERT: Well, they already"
772;2017900;2020000;"are.
(laughter)"
773;2020000;2022834;">> KRIS: She just loves Papa.
>> KHLOE: Papa!"
774;2022834;2028300;"Papa, Papa...
(indistinct conversations)"
775;2028300;2029934;">> KOURTNEY: Merry Christmas,
Papa."
776;2029934;2031433;">> PAPA: Merry Christmas,
Kimberly."
777;2031433;2034266;">> KOURTNEY: I'm not Kimberly.
(laughter)"
778;2034266;2036934;">> ROB: Oh, my gosh.
That was the best."
779;2036934;2038767;">> KHLOE: Kourtney-- "I'm not
Kimberly.""
780;2038767;2041400;"So, like, calm.
>> KRIS: All right, you guys."
781;2041400;2043767;"There's so many special things
about the holidays."
782;2043767;2046900;"And just watching all these
videos really reminds me how"
783;2046900;2049800;"blessed I am.
And, you know, what makes it so"
784;2049800;2054400;"amazing is you guys.
>> BRUCE: We see my kids--"
785;2054400;2056533;"very, very young age.
But now we're starting the next"
786;2056533;2059400;"generation.
And we make Christmas special"
787;2059400;2062533;"for them.
And, kind of, life goes on."
788;2062533;2064900;"And I'm very proud of everybody.
>> KYLIE: I'm just super"
789;2064900;2067900;"thankful that I get to have all
of you guys around me, and have"
790;2067900;2070233;"such a big family.
And that we're all so involved"
791;2070233;2072300;"with each other.
>> KHLOE: I love you guys."
792;2072300;2074367;">> ROB: I love you guys.
(Khloe hooting)"
793;2074367;2076433;">> SCOTT: Love is in the air.
>> KRIS: All right, so who wants"
794;2076433;2078467;"to open their stocking?
>> SCOTT: Who doesn't?"
795;2078467;2080200;">> KHLOE: I do...
>> BRUCE: Hey!"
796;2080200;2081533;">> KRIS: Yeah?
Come on."
797;2081533;2083767;"This is for Bruce.
>> BRUCE: All right."
798;2083767;2085767;">> KRIS: This is Kourtney.
>> SCOTT: Oh."
799;2085767;2087467;"I got the new comb that just
came out?"
800;2087467;2091100;">> ROB: Ooh... Slim Jim.
>> KIM: Godiva chocolates."
801;2091100;2092767;">> BRUCE: You can always use
golf balls."
802;2092767;2095633;">> SCOTT: Break yourself!
>> KHLOE: Oh, my goodness."
803;2095633;2098633;"Santa likes me the best.
I got some panties."
804;2098633;2100767;"(Kris laughs)
>> KRIS: All right, guys."
805;2100767;2103600;"Well, for everybody who didn't
think any of my children were"
806;2103600;2108300;"talented, check this out.
>> GIRLS: ♪ Jingle bells,"
807;2108300;2114533;"Jingle bells,
Jingle all the way... ♪"
808;2114533;2116533;">> KHLOE: Look at your
girlfriend."
809;2116533;2118834;">> GIRLS: ♪ Oh what fun... ♪
>> KHLOE: Kourtney's playing it."
810;2118834;2120767;">> GIRLS: ♪ It is to ride ♪
>> KHLOE: It's Kourtney"
811;2120767;2122200;"Kardashian.
Kourtney..."
812;2122200;2129300;">> GIRLS: ♪ In a one-horse
open sleigh... ♪"
813;2129300;2135166;">> BRUCE: Yay!
(all cheering, whooping)"
814;2135166;2138900;">> KRIS: Merry Christmas,
everybody!"
815;2138900;2140700;">> ROB: Bruce, you want a Slim
Jim?"
816;2140700;2142333;">> BRUCE: Wow, this is actually
pretty good."
817;2142333;2144233;">> KHLOE: Bye."
818;2145900;2147800;">> KOURTNEY: Bye, guys."
819;2153900;2155333;">> KIM: Yeah.
We need to make sure we don't"
820;2155333;2156533;"have a double chin.
Our Christmas presents are"
821;2156533;2157767;"coming up...
>> KHLOE: You guys, we all have"
822;2157767;2159166;"to use this.
The fact that I stole this from"
823;2159166;2161200;"you...
>> KOURTNEY: Well, stop taking"
824;2161200;2163000;"it.
>> KHLOE: You really were"
825;2163000;2165333;"scammed.
First, I jacked this from you."
826;2165333;2167667;"And then you got the lotto
tickets that were all fake."
827;2167667;2169700;"(Khloe laughing)
>> KIM: That was, like, the"
828;2169700;2171033;"best.
>> KOURTNEY: Exactly."
829;2171033;2172400;">> KIM: But, like, who are...
>> KHLOE: No, but she was"
830;2172400;2173767;"scammed.
>> KOURTNEY: No, but, how-how"
831;2173767;2177800;"excited was I when I won
$10,000?"
832;2177800;2179467;">> KHLOE: That was so sad.
>> KIM: Did you know it was a"
833;2179467;2180834;"scam?
>> KOURTNEY: No."
834;2180834;2183500;">> KIM: All right, guys, so
stay tuned, because we're going"
835;2183500;2185500;"to show you everything from our
Christmas card shoot with"
836;2185500;2187900;"David LaChapelle.
>> KHLOE: Yep."
837;2187900;2189567;">> KOURTNEY: Who else needs a
little work on their chin?"
838;2189567;2190900;">> KIM: Yeah.
>> KOURTNEY: Go for it."
839;2190900;2192633;">> KHLOE: Give it to Kim.
>> KIM: No, I'm not going to"
840;2192633;2193700;"use it.
>> KOURTNEY: Why?"
841;2193700;2195033;">> KHLOE: Kim, why not?
>> KIM: Because you guys have,"
842;2195033;2196166;"like, germs.
I need, like, a..."
843;2196166;2199834;">> KHLOE: What a "beach."
My butt is shoved in here so"
844;2199834;2201867;"tightly.
>> DAVID: Can you lay?"
845;2201867;2204166;">> KHLOE: I can't literally,
like, move in this."
846;2204166;2206166;"(David laughing)
>> DAVID: Okay."
847;2206166;2208200;">> KHLOE: I'm just wrecked."
848;2217500;2219734;">> SCOTT: I can't believe it's
Christmastime already."
849;2219734;2221900;">> BRUCE: It's always Christmas
around our house, Scott."
850;2221900;2223867;"(Kris laughs)
>> BRUCE: Yeah, I don't need"
851;2223867;2225500;"anything, but, you know,
we were..."
852;2225500;2226667;"(wood cracks)
>> KRIS: Oh!"
853;2226667;2229500;">> KHLOE: Oh, my...
You broke the custom-made chair?"
854;2229500;2231100;">> KRIS: I just broke the chair.
>> BRUCE: You just broke the"
855;2231100;2232500;"chair.
>> KHLOE: Come on, get your"
856;2232500;2234200;"(bleep) together!
>> BRUCE: I'll get... I'll get"
857;2234200;2235533;"blamed for it.
No, I just want everybody to"
858;2235533;2237100;"know.
You know, 'cause it's"
859;2237100;2238633;"Christmastime.
We're seeing all the stuff in"
860;2238633;2241900;"the stupid tabloids, and...
>> ALL: No!"
861;2241900;2243600;">> BRUCE: Sorry.
>> KENDALL: You did it wrong."
862;2243600;2245367;"Sorry.
>> BRUCE: What?"
863;2245367;2246767;">> KRIS: You never say the word
"tabloid"..."
864;2246767;2248166;">> BRUCE: I'm sorry.
>> KRIS: ...as long as you live."
865;2248166;2250166;">> KOURTNEY: This has been a
crazy year."
866;2250166;2253834;"Kim and Kanye got engaged and
just had a baby."
867;2253834;2257133;"Khloe and Lamar have been having
some issues."
868;2257133;2261900;"And because my mom and Bruce are
now separated, we just need to"
869;2261900;2264867;"figure out what Christmas is
gonna be like."
870;2264867;2267233;">> KRIS: I think that you guys
need to know that it's always"
871;2267233;2269767;"going to be the same.
Like, you guys never have to"
872;2269767;2272200;"worry that we're not gonna have
a holiday together."
873;2272200;2274333;">> BRUCE: Nothing has changed.
We're still family."
874;2274333;2277000;"The relationship has changed,
and this, and that..."
875;2277000;2281166;"It doesn't make any difference.
>> KIM: Since my mom and Bruce"
876;2281166;2284600;"have come to the realization
that they want to be separated,"
877;2284600;2286734;"they get along just so much
better."
878;2286734;2289600;">> KRIS: I can't wait until
Christmas Eve."
879;2289600;2291600;">> BRUCE: Being that over the
top, because it's a Kris Jenner"
880;2291600;2295133;"party.
>> KHLOE: There's been so many"
881;2295133;2297767;"changes within our family over
the past few months."
882;2297767;2300834;"But Bruce is still our dad.
He's been in our lives for 25"
883;2300834;2304734;"years.
And I'm very relieved that Bruce"
884;2304734;2307266;"is gonna be just as involved in
our traditions as he's always"
885;2307266;2309633;"been.
>> KRIS: Family will always be"
886;2309633;2311633;"first.
The whole holiday season is..."
887;2311633;2313066;">> KOURTNEY: Wait.
Let's discuss."
888;2313066;2314533;">> KRIS: Okay.
>> KOURTNEY :So, on Christmas"
889;2314533;2317867;"Eve, are you gonna sleep over?
Or do you go home..."
890;2317867;2319367;">> BRUCE: That's my Christmas
present."
891;2319367;2320734;">> KOURTNEY: ...and come back
in the morning?"
892;2320734;2322633;"(laughing)
>> KRIS: Get excited."
893;2322633;2324533;">> BRUCE: Yeah, get excited."
894;2331200;2332867;">> KHLOE: Look how old you
looked."
895;2332867;2335734;">> KIM: I was 14.
>> KHLOE: 14?"
896;2335734;2338333;"Kim is hoochin' it up.
Those were the good old days."
897;2338333;2341166;"We've been doing our Christmas
cards for... as long as I can"
898;2341166;2343166;"remember.
That was Kourtney and Kim's best"
899;2343166;2344767;"look.
>> KOURTNEY: No."
900;2344767;2346266;"It was mine.
(Khloe laughs)"
901;2346266;2348600;">> KHLOE: Through any big
obstacle in our family, this is"
902;2348600;2353166;"something that we've never
broken."
903;2353166;2355700;"And we've never missed a year.
It's the biggest tradition, I"
904;2355700;2358166;"would say, within our family.
>> KOURTNEY: This was Kendall's"
905;2358166;2360200;"worst card.
>> KIM: Isn't it funny that"
906;2360200;2362533;"someone with the worst smile
ended up having the best and"
907;2362533;2364266;"being a model?
'Member, she didn't know how?"
908;2364266;2366367;"You'd be like "Smile," she'd
go..."
909;2366367;2368367;"(Kim laughing)
Our good friend and"
910;2368367;2371200;"photographer, Nick Saglimbeni,
has always taken our Christmas"
911;2371200;2375233;"card photos.
We've always loved the photos"
912;2375233;2378800;"that Nick has taken for us.
But we're just gonna change it"
913;2378800;2380700;"up a little bit this year."
914;2382300;2384500;"David LaChapelle's a
photographer I've always wanted"
915;2384500;2389600;"to work with.
His vibe of how he makes these,"
916;2389600;2392934;"like, wild themes.
It is like you've stepped into"
917;2392934;2394266;"a movie.
>> KRIS: What are you guys"
918;2394266;2395600;"doing?
>> KHLOE: Oh!"
919;2395600;2397767;">> KIM: We're looking at, like,
old photos, so that we can come"
920;2397767;2400233;"to this meeting with a couple
ideas."
921;2400233;2401734;">> KHLOE: What is our theme for
this year?"
922;2401734;2403834;"Like, what do you want?
>> KRIS: Well, why don't we talk"
923;2403834;2406467;"to the photographer, and not
have a preconceived notion of"
924;2406467;2408300;"what we want to do.
You know?"
925;2408300;2409767;">> KOURTNEY: We want to have
input too, 'cause..."
926;2409767;2411266;">> KRIS: (laughs) Okay.
>> KOURTNEY: ...it's so personal"
927;2411266;2413233;"and sentimental.
>> KIM: But I think that, you"
928;2413233;2415333;"know, he has such a strong
vision that we just have to go"
929;2415333;2417166;"with the flow.
I mean, obviously, if it's"
930;2417166;2419367;"something that we don't like,
it's our card."
931;2419367;2421166;"We won't use it.
>> KRIS: I'm sure he'll have"
932;2421166;2423166;"amazing ideas.
>> KIM: Mm-hmm."
933;2423166;2425333;">> KRIS: Getting David
LaChapelle to photograph our"
934;2425333;2430800;"Christmas card is huge for us.
He has his photographs in"
935;2430800;2434400;"museums and galleries all over
the world."
936;2434400;2436300;">> KHLOE: I'm excited.
>> KIM: I have a real serious"
937;2436300;2441600;"question to ask all of you.
I leave tomorrow morning..."
938;2441600;2443667;">> KRIS: Right.
>> KIM: Do I get my nails done"
939;2443667;2446667;"tonight?
I need my cuticles cut."
940;2446667;2448266;">> KRIS: This is your big,
serious question?"
941;2448266;2450033;">> KIM: Yes.
Seriously, I can't stop thinking"
942;2450033;2459633;"about it.
>> KHLOE: Oh, that's it? Oh!"
943;2459633;2461700;"(doorbell rings)
>> DAVID: Hey, Kris."
944;2461700;2463300;">> KRIS: How are you?
>> DAVID: How are you?"
945;2463300;2465433;">> KRIS: Good to see you.
>> DAVID: Good to see you, too."
946;2465433;2467166;">> KRIS: Thank you so much for
coming."
947;2467166;2468800;"I'm so excited.
>> KHLOE: And I'm Khloe."
948;2468800;2470133;">> DAVID: Hey, Khloe.
>> KHLOE: Hi."
949;2470133;2471467;">> DAVID: I'm David.
Nice to meet you."
950;2471467;2472734;"This is Robert.
>> TAYLOR: Hi, I'm Robert."
951;2472734;2474333;"How you doin'?
>> KHLOE: Hi, nice to meet you."
952;2474333;2475934;"You guys smell so good.
Who knew?"
953;2475934;2478266;">> DAVID: Yeah. Thank you.
(laughing)"
954;2478266;2481500;">> KHLOE: I'm so excited to meet
David LaChapelle."
955;2481500;2486333;"My only concern is that I just
have seen a lot of of his work"
956;2486333;2488900;"where most people are nude.
He does them in an artistic way,"
957;2488900;2492233;"but this is still a Christmas
card shoot, so I just hope that"
958;2492233;2494867;"this is, like, a PG version.
>> KRIS: Over the years, we've"
959;2494867;2496600;"done these family Christmas
cards."
960;2496600;2497967;">> KIM: Should we show...?
>> KRIS: Yeah, go get it."
961;2497967;2499467;">> DAVID: I've seen them.
I've seen them."
962;2499467;2501233;"This'll be a little different
from that."
963;2501233;2502767;">> KRIS: Good, good.
>> DAVID: It's not gonna be"
964;2502767;2504100;"Christmassy.
It'll-it'll have..."
965;2504100;2505500;">> KRIS: We're not gonna be
wearing hats with red balls?"
966;2505500;2507133;">> DAVID: No, no, no, no, no.
It's not gonna be, like, red and"
967;2507133;2508467;"green or anything...
(Kris laughs)"
968;2508467;2510700;"...like that, but it will
definitely be something really"
969;2510700;2512967;"unexpected.
It's almost like opening this"
970;2512967;2514567;"surprise...
>> KHLOE: What are you ideas?"
971;2514567;2516600;"'Cause you have such crazy,
amazing ideas."
972;2516600;2518667;">> DAVID: Yeah, I love taking
higher art and sort of mixing it"
973;2518667;2522233;"with contemporary pop culture
and, you know, I want to make it"
974;2522233;2524967;"visually just interesting and
beautiful and then you get drawn"
975;2524967;2527700;"in, but on a deeper level, it
says something about the time"
976;2527700;2531734;"and place where we live, you
know?"
977;2531734;2534567;">> KHLOE: I... (clicks tongue)
You know, I am not this"
978;2534567;2540800;"artsy-fartsy brain.
I really don't know what he's"
979;2540800;2543600;"talking about in this meeting.
>> DAVID (laughing): You know,"
980;2543600;2546166;"like, it'll be an experience,
for sure."
981;2546166;2549867;">> KHLOE: But what I did take
from this is that this is not"
982;2549867;2552533;"your typical Christmas card.
>> DAVID: Well, I started with"
983;2552533;2554467;"this idea...
There's, like, this futuristic"
984;2554467;2557600;"kind of messy world...
You guys are behind these"
985;2557600;2559433;"windows and there's a street
outside."
986;2559433;2562166;"Wind keeps blowing and
there's a lot of electricity,"
987;2562166;2563867;"there's a lot of smoke, there's
water..."
988;2563867;2565100;">> TAYLOR: It'll be like an
action film set."
989;2565100;2566567;">> DAVID: It's an action film
set."
990;2566567;2567934;">> TAYLOR: Literally.
>> DAVID: Almost on fire."
991;2567934;2570333;"And there's gonna be an
upside-down vehicle on the road,"
992;2570333;2572467;"like, spun out, and...
it's nuts."
993;2572467;2576100;">> KOURTNEY: What about my kids?
>> DAVID: When you add the kids,"
994;2576100;2577900;"it becomes a little bit more
complicated."
995;2577900;2580200;"The lights and the cords...
You know, it's just gonna add a"
996;2580200;2582266;"level of stress and I won't be
able to focus."
997;2582266;2585834;"And maybe it's better to leave,
um, the kids out."
998;2585834;2587900;">> KOURTNEY: David would feel
more comfortable shooting if my"
999;2587900;2591000;"kids weren't in the Christmas
card."
1000;2591000;2594734;"But I really think my kids
should be a part of it."
1001;2594734;2596533;">> DAVID: It'd be cool
with just you girls."
1002;2596533;2598600;"You represent the matriarchs
of the family, you know"
1003;2598600;2600333;"what I mean?
>> KOURTNEY: Yeah."
1004;2600333;2602767;">> DAVID: It's the women.
>> KIM: I actually really"
1005;2602767;2605400;"liked his idea of having it
just the girls."
1006;2605400;2608000;"Considering what's going on
in the family, I think it would"
1007;2608000;2611100;"just be easy to show up like
a regular photo shoot."
1008;2611100;2616000;"Kanye's on tour, Lamar, um,
is busy."
1009;2616000;2619033;"Um...
>> KHLOE (scoffs): Okay."
1010;2619033;2622433;">> KRIS: There's a lot of moving
parts in our family right now."
1011;2622433;2625867;"So when David suggests just
doing the Christmas card"
1012;2625867;2629033;"with the girls, it seems to be
a pretty good idea."
1013;2629033;2632533;">> DAVID: Then there's none of
that, um, guessing game, you"
1014;2632533;2636100;"know, "Where's so and so?"
>> KRIS: It's interesting, too,"
1015;2636100;2639266;"because there's a lot of
anticipation for this Christmas"
1016;2639266;2641467;"card every year.
>> DAVID: Oh, yeah?"
1017;2641467;2643333;">> KIM: It's like, "What's the
theme?"
1018;2643333;2645533;"Who's gonna leak it?"
>> KHLOE: And my mom just whores"
1019;2645533;2647867;"us out to all the press,
so it gets picked up everywhere."
1020;2647867;2650033;"So, you know, you'll be so
excited."
1021;2650033;2651667;">> KRIS: You're twisted,
you're twisted."
1022;2651667;2653567;"(all laugh)"
1023;2662467;2665066;">> SCOTT: Come on in!
(Mason squeals)"
1024;2665066;2666767;">> KHLOE: Uh!
>> KIM: Whee-pee!"
1025;2666767;2668700;">> KHLOE: You've had too
much sugar!"
1026;2668700;2670633;"Never making a gingerbread
house with you."
1027;2670633;2673300;"(Mason yells, grunts)
>> KHLOE: Oh! Leave me alone."
1028;2673300;2676734;">> KIM: Is anyone else confused
about what our Christmas card"
1029;2676734;2678834;"theme is this year?
>> KHLOE: I am."
1030;2678834;2680900;">> KOURTNEY: I am.
>> KENDALL: What's the deal"
1031;2680900;2682834;"with it?
>> KHLOE: It's kind of no guys."
1032;2682834;2684734;"So it's just us girls.
>> KOURTNEY: Visually speaking,"
1033;2684734;2686800;"it would be better without
the guys."
1034;2686800;2689934;">> SCOTT: This bitch is
tripping, boo!"
1035;2689934;2693867;">> KHLOE: Rob is just not
feeling his best right now."
1036;2693867;2696333;"physically, so he doesn't want
to be in the Christmas card."
1037;2696333;2699300;"Kanye is gonna be on tour, so,
you know, we want to talk to"
1038;2699300;2701400;"Scott and see how Scott's
feeling about not being in the"
1039;2701400;2703200;"Christmas card.
>> KOURTNEY: Rob does not want"
1040;2703200;2705000;"to be in it.
>> SCOTT: Neither do I,"
1041;2705000;2706500;"frankly.
>> KENDALL: I do feel bad,"
1042;2706500;2708834;"though, 'cause I want Dad to be
a part of it."
1043;2708834;2710867;">> KHLOE: I do, too, and I think
he should be."
1044;2710867;2712900;">> KENDALL: Yeah.
>> KHLOE: And I think, like,"
1045;2712900;2714166;"there's too many changes
already."
1046;2714166;2715867;"We can't have that much
shock therapy."
1047;2715867;2717467;">> KENDALL: And Christmas cards
are about family."
1048;2717467;2719934;">> KHLOE: Exac-a-ta-ly.
The last one on our list to see"
1049;2719934;2722266;"if he wants to be in our
Christmas card is Bruce."
1050;2722266;2724734;"And you know, we haven't really
talked to him about this yet."
1051;2724734;2727166;"Does he want to be in it?
Does he not care?"
1052;2727166;2728900;"Should this be
an all-girl shoot?"
1053;2728900;2731033;">> KOURTNEY: No kids, too?
>> KENDALL: You want your kids"
1054;2731033;2733633;"in your card 'cause I look back
at our past Christmas cards"
1055;2733633;2736033;"to see me as, like, a kid.
>> KOURTNEY: The cards, and"
1056;2736033;2738266;"that's what stands out, too,
is the kids."
1057;2738266;2740800;">> KENDALL: Yeah.
>> KOURTNEY: I know David"
1058;2740800;2743367;"LaChapelle is an artist and he
has a strong vision of what"
1059;2743367;2746767;"he wants this photograph to be
like, but it's still our"
1060;2746767;2749867;"family Christmas card, and I
want my kids to be in it,"
1061;2749867;2752600;"so they will be in it.
I'm, like, excited about"
1062;2752600;2755633;"the high concept of it, so let's
just all be open-minded."
1063;2755633;2763500;">> SCOTT: Is anybody thinking
about a Hanukkah card?"
1064;2763500;2765667;"(dog barks)
>> BRUCE: Here you go!"
1065;2765667;2767567;">> KENDALL: Good girl.
>> BRUCE: She misses me."
1066;2767567;2769533;">> KENDALL: Why don't you take
her with you?"
1067;2769533;2771433;">> BRUCE: I'm not at the house
very much."
1068;2771433;2773133;"I'm always running around,
you know?"
1069;2773133;2778333;"All right! Ready? Go!
>> KENDALL: Have you heard"
1070;2778333;2780166;"about the Christmas card?
>> BRUCE: What about the"
1071;2780166;2781967;"Christmas card?
>> KENDALL: Since Lamar and"
1072;2781967;2785233;"Kanye can't do it and Scott
and Rob don't care, I think"
1073;2785233;2792433;"it's just gonna be the girls.
>> BRUCE: Well... first of all,"
1074;2792433;2795800;"I think that is a terrible
decision."
1075;2795800;2798233;"Whose idea is this?
>> KENDALL: I don't know."
1076;2798233;2800700;"I think the photographer.
>> BRUCE: Oh, it's not"
1077;2800700;2803500;"the photographer.
My God, he'll shoot anything."
1078;2803500;2806333;"It's not his decision on how
my Christmas card goes."
1079;2806333;2808433;"It's not the girls' Christmas
card."
1080;2808433;2810200;"It's our family Christmas card.
>> KENDALL: I agree."
1081;2810200;2812734;">> BRUCE: We've done it for
23 years."
1082;2812734;2816266;"And now, all of a sudden, they
want to change it?"
1083;2816266;2819533;"You know, maybe Mom and I, our
relationship is a little"
1084;2819533;2821867;"different, but we're still
married and we're still a family"
1085;2821867;2823734;"and all that kind
of stuff, so..."
1086;2823734;2828100;">> KENDALL: I agree.
>> BRUCE: You know, it's just,"
1087;2828100;2834900;"it's your mom's and my
Christmas card."
1088;2834900;2837433;">> KRIS: I heard that
your feelings were hurt."
1089;2837433;2840233;">> BRUCE: I've never in the past
had to be invited to our"
1090;2840233;2843433;"Christmas card.
>> KIM: My understanding was"
1091;2843433;2845900;"just the two kids were gonna
come at the end."
1092;2845900;2847633;">> MAN: Kourtney's kid.
>> DAVID: There can't be kids"
1093;2847633;2848734;"running around.
There's glass."
1094;2848734;2850633;"It's not gonna work."
1095;2858400;2861000;">> KHLOE: You know what pisses
me off?"
1096;2861000;2863400;"Is that those windows are not
tinted, and when we shower..."
1097;2863400;2865266;"Wasn't there a paparazzi
over there?"
1098;2865266;2867400;">> KRIS: Yeah.
>> KHLOE: They can take pictures"
1099;2867400;2869266;"right in there.
>> KOURTNEY: Guys, that's not"
1100;2869266;2871367;"the bathroom.
>> KHLOE: That is the bathroom."
1101;2871367;2873367;">> KRIS: That's the bedroom.
>> KOURTNEY: That's the bedroom."
1102;2873367;2875667;">> KHLOE: Oh, then it doesn't
bother me as much."
1103;2875667;2877767;"(all laugh)
>> KOURTNEY: So, Kendall told us"
1104;2877767;2880300;"that Bruce is upset.
>> KIM: "It's your mom and my"
1105;2880300;2882400;"Christmas card for over
20 years.""
1106;2882400;2884200;">> KOURTNEY: He goes, "Yeah,
of course."
1107;2884200;2886400;"Why would I not want
to be in it?""
1108;2886400;2889066;">> KHLOE: For Bruce to go and
tell Kendall that he wants to be"
1109;2889066;2892900;"in this, I think she's expecting
him to be in it."
1110;2892900;2897400;"Kendall called me saying that
she's really upset because Bruce"
1111;2897400;2900767;"is really upset that he wasn't
asked to be in the"
1112;2900767;2902834;"Christmas card.
I feel really bad because we"
1113;2902834;2905000;"just haven't had the chance
to ask him yet."
1114;2905000;2907500;"We were kind of making our
rounds with all the guys."
1115;2907500;2911233;"So now we kinda have to do
damage control."
1116;2911233;2917367;">> KRIS: I didn't realize that
he felt this way at all."
1117;2917367;2920467;"The last thing I want to do is
hurt anybody's feelings, and I"
1118;2920467;2922967;"don't want to make Kendall and
Kylie feel bad."
1119;2922967;2928200;"And the "No guys" theme is just
something that I felt like maybe"
1120;2928200;2933066;"it was something to go with when
the photographer suggested it,"
1121;2933066;2936567;"because it keeps it so clean.
There's so much drama going"
1122;2936567;2939767;"on in our family right now.
>> KHLOE: I know my mom is"
1123;2939767;2942400;"trying to protest everybody
else's feelings, but I feel like"
1124;2942400;2944367;"it's doing the complete
opposite."
1125;2944367;2947066;"It's turning into a stressful
train wreck that I don't want"
1126;2947066;2951734;"to happen.
>> KRIS: I just really want to"
1127;2951734;2954533;"explain my whole thought
process to Bruce so he doesn't"
1128;2954533;2957600;"have his feelings hurt.
This will always be our family."
1129;2957600;2959900;"And I want our family
to be happy."
1130;2959900;2962100;"Let's just fix it.
>> KHLOE: Can I ask you"
1131;2962100;2964000;"a question?
Who's this (bleep) guy"
1132;2964000;2966166;"in you backyard?
>> KRIS: It's called"
1133;2966166;2968400;"the pool man.
>> KHLOE: Who cleans at"
1134;2968400;2969967;"this hour?
>> KRIS (laughs): It's"
1135;2969967;2980467;"my new boyfriend.
>> KHLOE: Mom..."
1136;2980467;2982633;">> KRIS: Hi!
>> BRUCE: My God, what"
1137;2982633;2985200;"a shocker.
Now what brings you all"
1138;2985200;2987467;"the way up here?
>> KRIS: Well, I heard that your"
1139;2987467;2990000;"feelings were hurt because we
didn't invite you to be in"
1140;2990000;2991934;"the Christmas card shoot."
1141;2994900;2997133;">> BRUCE: Christmas is about
family."
1142;2997133;2999767;"With this Christmas card and
just the girls doing it, first"
1143;2999767;3002367;"of all, I think it's a stupid
idea; it's not just about"
1144;3002367;3004700;"the girls.
But somebody would have at least"
1145;3004700;3007600;"communicated with me.
And the person that should have"
1146;3007600;3010433;"done that was Kris.
I've never in the past had to be"
1147;3010433;3014700;"invited to our Christmas card.
>> KRIS: I think what you have"
1148;3014700;3017500;"to realize is we had the
opportunity to work with this"
1149;3017500;3021533;"really great photographer.
He said, "Why don't we just do"
1150;3021533;3024700;"no kids and all girls?"
>> BRUCE: But then it's not"
1151;3024700;3026767;"a Christmas card.
>> KRIS: It's just kind of the"
1152;3026767;3029433;"way that it was evolving.
It wasn't a diss on you or"
1153;3029433;3031900;"anybody else.
I just want you to know that"
1154;3031900;3034667;"I'm really sorry, and I want
you to be in the Christmas card"
1155;3034667;3036867;"if you want to be in
the Christmas card."
1156;3036867;3039100;">> BRUCE: I appreciate you
telling me that; kind of what"
1157;3039100;3042433;"went down.
I'm in."
1158;3042433;3044867;">> KRIS: I'm really glad that
Bruce and I are able to"
1159;3044867;3047333;"communicate, and that's why
we're gonna have an amazing"
1160;3047333;3049033;"relationship.
We're best friends."
1161;3049033;3051033;">> BRUCE: So what's our theme?
>> KRIS: It's nothing"
1162;3051033;3052734;"traditional.
It's wild, with wild clothes,"
1163;3052734;3054367;"crazy hair.
>> BRUCE: My hair's long"
1164;3054367;3056333;"enough now.
I can go crazy hair."
1165;3056333;3058066;">> KRIS: Awesome.
>> BRUCE: Out and everything."
1166;3058066;3060166;"It'd be great.
>> KRIS: All right, you do that."
1167;3060166;3061734;">> BRUCE: Yeah.
>> KRIS: Get your hairbrush out."
1168;3061734;3064266;">> BRUCE: Yeah.
>> KRIS: And come on over to the"
1169;3064266;3066367;"Christmas card shoot, okay?
>> BRUCE: Good. I'll be there."
1170;3066367;3068667;">> KRIS: The more the merrier.
>> BRUCE: Merry Christmas."
1171;3068667;3070600;"Ho-ho-ho."
1172;3078934;3081367;">> JOHNNY WUJEK: Hey, hot stuff.
>> KIM: How are you?"
1173;3081367;3084266;">> JOHNNY: We got some
bangin' looks."
1174;3084266;3087266;"It's kind of like this kind of
'60s glam."
1175;3087266;3090900;"Just super chic.
>> KIM: We're at our wardrobe"
1176;3090900;3094233;"fitting for our Christmas card
shoot with Johnny Wujek, who is"
1177;3094233;3096667;"Katy Perry's stylist.
I love that."
1178;3096667;3099033;">> JOHNNY: This is amazing.
>> KIM: He is super creative,"
1179;3099033;3105433;"and I am so excited to see
all of these clothes."
1180;3105433;3108233;">> JOHNNY: Hey, D.
>> DAVID: Hey, guy. Hey."
1181;3108233;3110800;">> KRIS: Hey!
>> DAVID: Hey. Good."
1182;3110800;3113633;"How you doing?
>> KIM: Good."
1183;3113633;3115934;">> JOHNNY: This is pretty sexy,
hot vixen."
1184;3115934;3117867;">> DAVID: I like it.
>> JOHNNY: Love it."
1185;3117867;3122467;"Everybody, look here.
>> KIM: The clothes are, like,"
1186;3122467;3126133;"outrageous.
The whole theme just is so"
1187;3126133;3129200;"perfect for what we want to do,
and kind of step outside"
1188;3129200;3130433;"the box.
Love it."
1189;3130433;3132867;">> DAVID: This is exactly
what I wanted."
1190;3132867;3135967;"Still, seeing you blonde, it's
really hard to get used to."
1191;3135967;3137800;">> KIM: I know.
It's weird for me."
1192;3137800;3140200;"I only look good when I have
makeup on with blonde hair."
1193;3140200;3142200;">> DAVID: Can we spray it black
for the shoot?"
1194;3142200;3145133;">> KIM: No, I kind of want
blonde hair."
1195;3145133;3147367;">> DAVID: I'm thinking we'll go
with the classic black-haired"
1196;3147367;3149667;"beauty 'cause you're gonna go
black eventually."
1197;3149667;3152867;"I know that 'cause I'm psychic.
>> KIM: But not for a while."
1198;3152867;3155533;"I'm gonna stick this one
through."
1199;3155533;3157967;"I'm gonna get a spray tan
the night before, and I'm gonna"
1200;3157967;3160033;"be a golden goddess.
>> JOHNNY: You're killing him"
1201;3160033;3161834;"right now.
>> KENDALL: Hey, Dad."
1202;3161834;3163567;">> DAVID: I'm so glad you're
doing this."
1203;3163567;3165667;">> BRUCE: Yeah. They finally
let me in."
1204;3165667;3168967;"It was a battle, but I got in.
>> DAVID: Bruce, I'm really"
1205;3168967;3171500;"good with that.
Can you put your arms out"
1206;3171500;3175467;"to the side?
>> BRUCE: You're still 17, guys."
1207;3175467;3177633;">> KENDALL: Only for three days,
Dad."
1208;3177633;3180233;">> KYLIE: I wish I had all these
dresses in my closet."
1209;3180233;3182467;">> DAVID: High heels are dope
with that shoe."
1210;3182467;3184867;">> JOHNNY: Yeah.
>> DAVID: That's the one."
1211;3184867;3187400;"Wait-- did your hair go
lighter, too?"
1212;3187400;3189767;">> KHLOE: My hair's been light.
Everyone just jumped on"
1213;3189767;3191700;"my bandwagon.
>> JOHNNY: Yeah."
1214;3191700;3193734;"(David laughs)
This is bangin', though"
1215;3193734;3197667;">> DAVID: Oh, my God.
Turn around."
1216;3197667;3200300;"Jesus.
>> KIM: Kourtney's sick right"
1217;3200300;3202500;"now, so she, we're pulling
for her, so we pulled,"
1218;3202500;3204633;"like, the lace
pieces, all the glam."
1219;3204633;3206233;"And she's the easiest,
clothes-wise."
1220;3206233;3208633;"Um, the kids.
My understanding was just the"
1221;3208633;3210500;"two kids were gonna come
at the end."
1222;3210500;3212133;">> JOHNNY: Yeah.
>> KIM: And get in a couple"
1223;3212133;3213800;"shots?
>> DAVID: I wasn't told..."
1224;3213800;3215367;"I don't know anything
about kids."
1225;3215367;3217066;">> JOHNNY: Yeah, the little, um,
Kourtney's kids."
1226;3217066;3218633;">> DAVID: Nobody told me.
>> KIM: Kourtney..."
1227;3218633;3220600;">> DAVID: But wait a minute.
But there's, like, fire and"
1228;3220600;3222233;"all kind...
We talked about that"
1229;3222233;3224400;"at the meeting,
Like, I mean, kids is just..."
1230;3224400;3226000;"There can't be kids
running around."
1231;3226000;3228567;"Like, seriously, there's glass.
>> KIM: I think she was gonna,"
1232;3228567;3231033;"like, just try at the end, have
them brought in."
1233;3231033;3233500;">> DAVID: In the group photo?
>> KIM: I think so."
1234;3233500;3235433;">> DAVID: It's not gonna work."
1235;3236967;3239400;">> KOURTNEY: Today is our
Christmas card shoot."
1236;3239400;3241667;">> DAVID: Beautiful!
Right there! Don't move!"
1237;3241667;3244166;">> KOURTNEY: Now I have
the perfect opportunity just"
1238;3244166;3247166;"to let David know that I am
gonna have my kids in"
1239;3247166;3249800;"the Christmas card.
>> DAVID: Oh, my God,"
1240;3249800;3262033;"there's children here!
I don't have a place to put 'em."
1241;3262033;3264133;">> MAN: Have you guys seen how
amazing the set looks?"
1242;3264133;3266133;">> KHLOE: They won't let us see
until..."
1243;3266133;3268166;">> MAN: Oh, you're gonna gag.
>> KHLOE: Really?"
1244;3268166;3271367;">> MAN: It's so unbelievable.
>> KHLOE: Today is the day of"
1245;3271367;3274834;"our Christmas card shoot, and
David is insisting that we can't"
1246;3274834;3277233;"see the set.
He wants it to be this big"
1247;3277233;3279233;"surprise.
Hi!"
1248;3279233;3282233;">> DAVID: How are you?
>> KHLOE: We heard the set is"
1249;3282233;3284900;"incredible.
>> KOURTNEY: I just cannot wait"
1250;3284900;3288667;"to see the set.
I am going to have the kids come"
1251;3288667;3292633;"in towards the end of the photo
shoot, so we can get rid of"
1252;3292633;3295800;"anything hazardous or dangerous.
>> KRIS: Kim?"
1253;3295800;3298667;">> KIM: Yes?
>> KRIS: I actually like this."
1254;3298667;3302066;"Somebody flew that headpiece all
the way from Paris."
1255;3302066;3304066;">> KIM: Yeah, you look like a
Christmas ornament."
1256;3304066;3306066;">> KRIS: This is... I am a
Christmas ornament."
1257;3306066;3308266;"You can hang me on the tree.
>> KHLOE: He's incredibly"
1258;3308266;3311166;"hands-on and has a very specific
vision for hair and makeup."
1259;3311166;3313867;"It's insane.
Only you could wear something"
1260;3313867;3316166;"like that, Kourt.
Because you have a small head."
1261;3316166;3318934;"My head is way too big.
That's why I wear wigs on wigs"
1262;3318934;3320834;"on wigs."
1263;3323700;3325967;"My butt is shoved in here so
tightly."
1264;3325967;3328967;"How do you look so normal, and I
have to look like this?"
1265;3328967;3330967;">> DAVID: I think you should
have a slit."
1266;3330967;3332967;">> KRIS: How high do you want
it?"
1267;3332967;3335000;">> DAVID: As high as-as you feel
comfortable."
1268;3335000;3337000;"I mean, I-I would like it...
>> KRIS: What?"
1269;3337000;3340800;">> DAVID: I am really into slit.
Where does it go-- here?"
1270;3340800;3343066;">> JOHNNY: Yeah.
>> DAVID: Here?"
1271;3343066;3345600;">> KRIS: I haven't had this much
action in months."
1272;3345600;3347600;">> KHLOE: Does anyone think that
it's odd?"
1273;3347600;3349600;">> MAKEUP ARTIST: What?
>> KHLOE: That he thinks my hair"
1274;3349600;3351600;"should be bigger?
>> MAKEUP ARTIST: No, it's..."
1275;3351600;3353667;"You got to be larger than life.
>> KOURTNEY: Khloe, look at my"
1276;3353667;3355667;"hair.
>> KHLOE: Kourtney, did you..."
1277;3355667;3357667;"do you see how big my hair is
right now?"
1278;3357667;3360900;">> MAKEUP ARTIST: Have you seen
David LaChapelle's pictures?"
1279;3360900;3363300;">> KHLOE: Oh, my God, you look
so cute!"
1280;3363300;3366900;"I can't move my arms.
>> BRUCE: Sorry."
1281;3366900;3368934;"We're not waiting on Kim, are
we?"
1282;3368934;3370934;">> DAVID: Kim's hair is like...
You're giving me nothing."
1283;3370934;3375834;"I want (bleep) sex machine!
It just looks so normal."
1284;3375834;3378967;">> KIM: Would you rather it out?
>> DAVID: I want to bring it up."
1285;3378967;3381600;">> KIM: David is really unhappy
with my hair, and I thought it"
1286;3381600;3384333;"looked great, but obviously
David knows what he's doing,"
1287;3384333;3386433;"and, you know, I just have to
trust his vision."
1288;3386433;3388433;">> DAVID: Everyone's got these
beautiful hairdos and Kim shows"
1289;3388433;3390433;"up with this kind of like...
>> HAIRDRESSER: Yeah, but you"
1290;3390433;3392433;"didn't see...
>> DAVID: It's pretty."
1291;3392433;3397400;"You got to do something major.
You got to really (bleep) it up."
1292;3397400;3399900;">> KHLOE: Where are these
people?"
1293;3399900;3408000;">> DAVID: It needs an edge.
Yeah, here we go."
1294;3408000;3411233;">> KHLOE: I really can't go down
there, though."
1295;3411233;3415033;"I mean, Gorgerella!
>> BRUCE: Kim, we have a first."
1296;3415033;3417033;">> KIM: What?
>> BRUCE: Your hair is bigger"
1297;3417033;3419233;"than your ass.
(Kim feigns laughter)"
1298;3419233;3421233;">> BRUCE: From the back.
>> MAN: So, we're gonna do the"
1299;3421233;3423233;"reveal now.
Is everybody good?"
1300;3423233;3425533;">> KRIS: This is so dramatic.
I love it."
1301;3425533;3428433;">> KHLOE: I cannot wait to see
what the set is gonna look like."
1302;3428433;3431467;"He is known for his elaborate,
crazy sets."
1303;3431467;3442767;">> MAN: You guys ready?
In three, two, one."
1304;3442767;3450333;">> KIM: Oh, my God.
>> KRIS: Oh, my God."
1305;3450333;3453700;"This is amazing!
>> KHLOE: Wow."
1306;3453700;3457033;"This set is insane.
Oh, geez!"
1307;3457033;3461000;">> KRIS: That is amazing!
David LaChapelle has created a"
1308;3461000;3465066;"post-apocalyptic, futuristic
world."
1309;3465066;3468667;"It's very pop culture-- the
Olympics, the tabloids."
1310;3468667;3471900;"I am just blown away."
1311;3474200;3477700;">> KIM: This is so insane.
I can't believe he hand-sketched"
1312;3477700;3480767;"and stenciled in all of these
images of us."
1313;3480767;3483600;"It is so intense, and I can't
wait to shoot."
1314;3483600;3486400;">> DAVID: So, we ready, guys?
Let's get everybody in their"
1315;3486400;3489600;"spots.
Kim, on the stairs."
1316;3489600;3492233;"Kris, you're here.
You're gonna be lounging here."
1317;3492233;3494233;">> KHLOE: Who?
>> DAVID: You, you're like..."
1318;3494233;3496233;">> KHLOE: I can't literally,
like, move in this."
1319;3496233;3498233;"(David laughs)
>> DAVID: Okay, can you lay?"
1320;3498233;3501033;">> KHLOE: How-how do you want me
to lay?"
1321;3501033;3503533;">> DAVID: Basically just like
this."
1322;3503533;3506300;">> KHLOE: Let me... I could try.
>> KRIS: Kind of like you're"
1323;3506300;3510333;"letting her freefall, but
catching her."
1324;3510333;3514166;"(fabric tears)
>> KHLOE: I just ripped."
1325;3514166;3516066;">> DAVID: That's okay."
1326;3521967;3525500;">> MASON: Mom!
Mommy?"
1327;3525500;3528567;">> KOURTNEY: Hey!
I am so happy to see my"
1328;3528567;3530567;"children.
>> MASON: Mom!"
1329;3530567;3533400;">> KOURTNEY: Hi!
I love looking at our past"
1330;3533400;3536433;"Christmas cards, and just seeing
how we grow every year and"
1331;3536433;3539500;"change.
It's really important to me to"
1332;3539500;3542000;"have my kids in the Christmas
card."
1333;3542000;3544066;">> DAVID: Look straight at me.
Straight at me."
1334;3544066;3546066;">> MASON: Mommy?
>> KOURTNEY: What?"
1335;3546066;3548066;">> MASON: I don't like your
hair."
1336;3548066;3550633;">> KOURTNEY: Thank you.
>> DAVID: They're mostly down"
1337;3550633;3552633;"like that, huh?
>> MASON: You're crazy."
1338;3552633;3554633;"(Kourtney laughs)
>> DAVID: Mm-hmm."
1339;3554633;3558600;"Oh, my God, there's children.
>> KOURTNEY: Mason?"
1340;3558600;3560834;">> MASON: Mom!
>> KOURTNEY: Mase, do you want"
1341;3560834;3562834;"to come with me to look at your
clothes?"
1342;3562834;3565266;"You guys are gonna get dressed.
>> MASON: Uh-huh."
1343;3565266;3567333;">> WOMAN: Where should I put the
kids?"
1344;3567333;3569333;">> DAVID: I'm not putting kids.
I don't... I don't have a place"
1345;3569333;3571233;"to put them."
1346;3578200;3580200;"Captioning sponsored by
 BUNIM-MURRAY PRODUCTIONS"
1347;3580200;3581967;"Captioned by
 Media Access Group at WGBH"
1348;3581967;3583967;">> MASON: Mom!
>> DAVID: Oh, my God, there's"
1349;3583967;3585967;"children.
>> KOURTNEY: You guys are gonna"
1350;3585967;3587967;"get dressed.
You want to look at your clothes"
1351;3587967;3589967;"that you're gonna wear?
>> WOMAN: Where should I put"
1352;3589967;3591967;"the kids?
>> DAVID: They're toddlers,"
1353;3591967;3593967;"like, they're babies.
I don't have a place"
1354;3593967;3595834;"to put them.
Kourtney, I guess there was,"
1355;3595834;3598500;"like, a lot of confusion about
the kids coming."
1356;3598500;3601467;"I don't know... like, I didn't
plan on the... the kids being"
1357;3601467;3603967;"shot, I didn't make it for the
set."
1358;3603967;3605967;"I'm really scared of toddlers
being here."
1359;3605967;3607967;">> KOURTNEY: Okay, it's a
Christmas card."
1360;3607967;3609967;"If we want this to be our
Christmas card, then I think we"
1361;3609967;3612734;"want them in the shoot, 'cause I
think that's what people care to"
1362;3612734;3615600;"look at is, like, the kids over
the years."
1363;3615600;3618000;">> DAVID: I get that, I just
didn't baby-proof the set."
1364;3618000;3620700;"Like, I'm a, I'm a safety freak.
>> KOURTNEY: David LaChapelle is"
1365;3620700;3624767;"still worried about the safety
issues but I feel, like,"
1366;3624767;3628166;"everything will be perfectly
safe for them, and so I feel"
1367;3628166;3630633;"really comfortable with having
them in the shoot."
1368;3630633;3632633;">> DAVID: There's glass.
>> KOURTNEY: The glass is"
1369;3632633;3634667;"nowhere around here.
>> DAVID: I'm just not"
1370;3634667;3636667;"comfortable...
>> KOURTNEY: Penelope I would be"
1371;3636667;3638667;"holding.
Mason could even be sitting next"
1372;3638667;3640667;"to Khloe.
I think we should do a--"
1373;3640667;3642367;"if you're okay with it-- 
couple shots with them in it."
1374;3642367;3644367;"I promise they'll be fine.
>> DAVID: Okay."
1375;3644367;3646367;">> KOURTNEY: They're not gonna
start running around."
1376;3646367;3648667;"Could we just not have the fire
on while they're in here?"
1377;3648667;3651600;">> DAVID: Okay, I don't want to,
like, ruin the Christmas card."
1378;3651600;3653600;"I don't want to be the Grinch
that stole Christmas."
1379;3653600;3656033;">> KOURTNEY: You are.
I'm just kidding."
1380;3656033;3658066;"Let's just do a couple shots,
and see how it goes."
1381;3658066;3660066;">> DAVID: You guys are really
used to getting your own way,"
1382;3660066;3662066;"aren't you?
>> KOURTNEY: No!"
1383;3662066;3663800;">> DAVID: One's a toddler,
right?"
1384;3663800;3665800;">> KOURTNEY: Mason, he's almost
four-- here he is."
1385;3665800;3667834;"He's the most handsome boy in
the world."
1386;3667834;3669834;">> KHLOE: Come here, you're
gonna have to be..."
1387;3669834;3671834;">> KOURTNEY: Hello!
>> KHLOE: Come here."
1388;3671834;3673967;">> DAVID: Oh, my God.
He's in a tux."
1389;3673967;3675967;">> KHLOE: Here, why don't you
sit right here?"
1390;3675967;3678734;">> MASON: Mousey, mousey.
>> KHLOE: That's not real."
1391;3678734;3681200;">> DAVID: Ready, guys?
Here we go."
1392;3681200;3683500;"Lights.
We'll start right here."
1393;3683500;3687000;"Energy! Here we go.
Beautiful, right here."
1394;3687000;3689100;"Good.
Just go for it."
1395;3689100;3691600;"Hold it, please.
A little more light on Kylie."
1396;3691600;3694633;"Good, beautiful.
Look for those lights."
1397;3694633;3697667;"Long neck!
Beautiful! Right there."
1398;3697667;3700000;"Don't move!
>> KIM: When David LaChapelle"
1399;3700000;3702834;"says that he wants this photo
shoot to be an experience,"
1400;3702834;3705333;"he was not lying.
>> DAVID: Face toward me, Bruce!"
1401;3705333;3707834;"Bruce! There, there, there, no,
no, there!"
1402;3707834;3710767;">> KIM: It is so crazy, there is
so much going on."
1403;3710767;3712900;">> DAVID: Look at the light.
Yes, good!"
1404;3712900;3714900;"Mason, look over here.
Look at your mom."
1405;3714900;3716900;"Beautiful.
Wow."
1406;3716900;3719400;">> KOURTNEY: This is truly a
once in a lifetime experience."
1407;3719400;3722233;"And to do this with my kids, I
really couldn't imagine it any"
1408;3722233;3724734;"other way.
(Penelope crying)"
1409;3724734;3727100;">> KOURTNEY: She doesn't like
the headband."
1410;3727100;3729667;">> DAVID: Right here.
Beautiful."
1411;3729667;3731667;">> KRIS: It's such an amazing
day today."
1412;3731667;3734734;"It's been the best experience
all the way around."
1413;3734734;3738400;"And the icing on the cake is
that Bruce is here, so I cannot"
1414;3738400;3743400;"wait to see the finished photo.
It's a wrap!"
1415;3743400;3746033;"(Kris whooping)
>> DAVID: Thank you."
1416;3746033;3749800;">> KOURTNEY: Thank you so much.
It's gonna be amazing."
1417;3749800;3752667;"The Christmas card grows two
sizes at the end."
1418;3752667;3755567;">> DAVID: I don't want to be...
>> KHLOE: Oh!"
1419;3755567;3757467;"Boop."
1420;3763266;3765834;"Oh! This is so heavy.
>> KOURTNEY: That doesn't go on"
1421;3765834;3768200;"this tree, actually.
>> KIM: That shoot was so much"
1422;3768200;3770367;"fun.
>> KHLOE: I had so much fun."
1423;3770367;3772500;"It was doing something out of
the box, Chapelle was"
1424;3772500;3773800;"phenomenal, just the whole,
like..."
1425;3773800;3776300;">> KIM: Amazing.
>> KOURTNEY: What an experience."
1426;3776300;3778767;">> KHLOE: Yes! I was
just searching for that word."
1427;3778767;3780867;">> KOURTNEY: You were searching
high and low."
1428;3780867;3783333;">> KHLOE: High and low.
>> KIM: You guys were the ones"
1429;3783333;3785333;"that were so crazy about the
Christmas card."
1430;3785333;3787333;"I knew it was gonna turn out
amazing."
1431;3787333;3789333;">> KHLOE: Shh! Kim!
>> KIM: Stop!"
1432;3789333;3791333;">> KHLOE: We're controlling, and
you are, too."
1433;3791333;3793834;"But, you know, being a little
controlling-- ooh-- never hurt"
1434;3793834;3796667;"anyone.
I feel really blessed that we"
1435;3796667;3799667;"all love and cherish traditions
like this."
1436;3799667;3802767;">> KOURTNEY: And we hope that
everyone has a merry Christmas"
1437;3802767;3805667;"and happy holidays.
>> KIM: Now, the moment"
1438;3805667;3809734;"everyone's been waiting for--
here's our Christmas card 2013."
1439;3809734;3822467;">> KHLOE: Merry Christmas!
Are you leaving me, too?"
1440;3822467;3824834;"Keeping Up with
the Kardashians..."
1441;3824834;3827400;"This is gonna be Kanye's music
studio."
1442;3827400;3829834;">> SCOTT: I got to learn to rap.
>> KHLOE: It won't be ready till"
1443;3829834;3832000;"they say about June.
That's a year!"
1444;3832000;3834667;">> KRIS: Kim has been doing her
makeup in my bathroom for about"
1445;3834667;3837467;"three hours.
>> KIM: Hi, it's Kim Kardashian."
1446;3837467;3839767;">> KRIS: Hi, it's Kris Jenner,
and I want to talk to somebody"
1447;3839767;3842433;"really loud because my
daughter's taking all of her"
1448;3842433;3845433;"calls here like this is her
office..."
1449;3845433;3848800;"We're better as friends
than we are the other way."
1450;3848800;3850800;">> KENDALL: So then why are you
still married?"
1451;3850800;3853400;">> KRIS: Our feelings are our
feelings."
1452;3853400;3855400;"(people yelling)
>> WOMAN: Khloe!"
1453;3855400;3857400;">> PAPARAZZO: Did you do this to
Lamar?"
1454;3857400;3859633;">> KHLOE: I've been in hiding
because I'm afraid of people."
1455;3859633;3862934;"I have major anxiety.
I have to move on with my life,"
1456;3862934;3865567;"and that means changing a lot."
1457;3867033;3870834;">> BRODY: How is Lamar?
Poor guy."
1458;3870834;3873934;"Poor you.
>> LAMAR: I would do anything to"
1459;3873934;3877734;"get accepted back by you guys.
You guys are all I got."
1460;3877734;3881767;">> KIM: We are a ride or die
family-- no matter what happens,"
1461;3881767;3884100;"we're always here to support
you."
1462;3884100;3886600;"(people yelling)
We can't control other people."
1463;3886600;3889367;"All we can control is ourselves.
>> KHLOE: Family united."
1464;3889367;3892333;"I agree.
Let it out, sister."
1465;3892333;3894400;">> SCOTT: She's bringing sexy
back."
1466;3894400;3896667;">> KRIS: Our family has never
been stronger."
1467;3896667;3898567;"And nothing will tear us apart."
1468;3902567;3907333;"(all gasping)
(all cheering, whooping)"
1469;3907333;3910467;">> KRIS: We're having a wedding,
everybody!"