﻿Number;Start time in milliseconds;End time in milliseconds;"Text"
1;5467;7867;"Keeping Up
with the Kardashians..."
2;7867;10600;">> KRIS: Ho, ho, ho, ho, ho, ho!
>> KIM: Okay, you got it?"
3;10600;13367;">> JONATHAN: Ho, ho, ho, ho, ho.
>> KIM: Who is this?"
4;13367;15133;">> KHLOE: Don't tell her.
>> JONATHAN: Ho, ho, ho!"
5;15133;16500;"Nobody wants presents?
(laughing)"
6;16500;18133;">> KHLOE: Did she just figure it
out?"
7;18133;20300;">> KIM: Don't make me run.
♪ ♪"
8;20300;21800;">> KHLOE: I'm having a bake-off.
Me and Kris Jenner."
9;21800;23433;">> JONATHAN: Stop.
>> KHLOE: You're going down."
10;23433;25834;">> KRIS: May the best chef win.
>> KIM: Does anyone want to hear"
11;25834;28700;"the story about last year, how
Kourtney copied me on my"
12;28700;30867;"Christmas lights?
>> KOURTNEY: It was a string"
13;30867;32834;"that hung down straight.
>> KIM: I want this for my"
14;32834;34400;"wrapping.
Last year, you copied my"
15;34400;35767;"wrapping.
>> KRIS: I just... No."
16;35767;37633;">> KIM: No, no, no, no, no.
>> KRIS: I've just asked him..."
17;37633;39500;">> KIM: Do you have the clear?
>> KRIS: I'm getting clear."
18;39500;41800;">> KIM: I will come for them if
they copy anything that I'm"
19;41800;43433;"doing.
>> MATTHEW: Kim's going to have"
20;43433;45300;"an ice-skating rink.
>> KRIS: It's a (bleep) great"
21;45300;47433;"idea.
She's taking this way too"
22;47433;49467;"seriously.
So I kind of want to"
23;49467;52400;"mess with her.
She's gonna die when she sees my"
24;52400;56233;"ice-skating rink.
(laughs)"
25;56233;59734;"♪ ♪
>> KOURTNEY: I think we can"
26;59734;61300;"start.
I want to make one."
27;61300;62700;">> LARSA: I do, too.
>> KOURTNEY: Okay, should we sit"
28;62700;64200;"down and make one?
>> LARSA: Yeah."
29;64200;65867;"Is Travis doing one?
>> KOURTNEY: Do you want to make"
30;65867;68100;"a house?
A gingerbread house?"
31;68100;73266;"Ever since I was little, my mom
and dad have been obsessed with"
32;73266;74734;"Christmas.
>> ROBERT: Merry Christmas,"
33;74734;76333;"Kourtney.
>> KOURTNEY: Merry Christmas,"
34;76333;78100;"Papa.
>> ROBERT: Look at these"
35;78100;81467;"presents Santa Claus brought.
>> KIM: The holidays are my"
36;81467;84567;"favorite time of year.
They just remind me of family."
37;84567;86500;">> ROBERT: Okay, Robert.
Go on."
38;86500;88400;"You open yours now.
>> KIM: I would like to say,"
39;88400;90133;"merry Christmas.
Having the same Santa Claus"
40;90133;94300;"every year, my mom's Christmas
Eve parties, the elves that have"
41;94300;97900;"been coming over to our house
for, like, ten years, it..."
42;97900;100900;"is just the best time ever.
>> KOURTNEY: I love it, guys."
43;100900;104700;"Now that we have our own kids,
one tradition that we started"
44;104700;109734;"on our own is we do a
gingerbread decorating party."
45;109734;112133;">> PENELOPE: It's gonna look so
pretty."
46;112133;116467;">> LARSA: Hey, look.
Look at what we're doing."
47;116467;118367;"♪ ♪"
48;123400;125100;">> KIM: Are you copying me,
Kourt?"
49;125100;127133;">> KOURTNEY: Yeah, of course.
>> KIM: Does anyone want to hear"
50;127133;129567;"the story about last year, how
Kourtney copied me on my"
51;129567;131100;"Christmas lights?
>> CHILD: Yeah."
52;131100;135266;">> KIM: So, I decided to invent
and patent my own lights."
53;135266;137133;">> KOURTNEY: Invent and patent?
>> LARSA: Einstein."
54;137133;139133;">> KOURTNEY: It was a string...
>> LARSA: She's like Einstein."
55;139133;140633;">> KOURTNEY: ...that hung down
straight."
56;140633;144800;"It's a strand of lights.
But actually, before Kim's"
57;144800;150467;"lights went up, Mom came over
and said, "You should do"
58;150467;152834;"some hanging lights all in your
courtyard.""
59;152834;154834;">> KIM: So they said, "Oh,
we'll just take the same lights"
60;154834;158300;"that Kim sketched out for us,
that we glued together,"
61;158300;160800;"that Kim invented."
>> KOURTNEY: In the 37 years"
62;160800;164900;"Kim's been alive, I've never
seen her sketch or be creative"
63;164900;169300;"on anything, except for your
makeup line."
64;169300;172133;"What is Christmas all about,
guys?"
65;172133;175133;">> LARSA: Sharing.
It's about sharing, Kim."
66;175133;178200;"Sharing your ideas.
>> KOURTNEY: It's about giving"
67;178200;179800;"back.
>> KIM: Should I not turn my"
68;179800;181834;"gingerbread house around, 'cause
then you're gonna see what this"
69;181834;184066;"side is, and then you're gonna
do it before I finish my whole"
70;184066;185467;"thing?
>> KOURTNEY: No. I have plenty"
71;185467;188233;"of ideas for gingerbread houses.
>> MASON: Mommy?"
72;188233;189700;">> KOURTNEY: Yes?
>> MASON: I'm gonna write"
73;189700;193500;"something on the back 'cause
it's too hard to see this."
74;193500;195066;">> KIM: Yeah, be original,
Mason."
75;195066;197000;"As long as you're original."
76;201734;203633;"♪ ♪"
77;209266;211300;">> KRIS: I would get that Santa
if I were you before Kim, 'cause"
78;211300;212834;"she's gonna take all the big
Santas."
79;212834;214667;">> WOMAN: Oh, my God.
>> KRIS: Can you put a "sold""
80;214667;216233;"sign on these?
>> CLERK: Yes, absolutely."
81;216233;219533;">> KRIS: And then, this is what
Kim can have."
82;219533;221767;"It's perfect for her,
Ms. Stinky."
83;221767;224834;"One of the things that we like
to do as a family, every single"
84;224834;228100;"year, religiously, is go to
Aldik."
85;228100;231767;"And Aldik is a store that
is famous for all of their"
86;231767;235300;"beautiful Christmas decorations.
Look, the pink elves."
87;235300;237300;">> KYLIE: Aw.
>> KRIS: Like, they're all"
88;237300;239700;"dressed in pink. Look...
>> KYLIE: Okay, take a picture."
89;239700;242166;">> KRIS: Look.
And as my kids have grown up,"
90;242166;244767;"they've seen how I've had
this love of Christmas and the"
91;244767;247433;"holidays and decorating.
So it's also become very"
92;247433;249667;"important to them.
Look."
93;249667;251533;"Look at the pink balls.
Look at how cute and look at"
94;251533;252734;"all these.
What do you think?"
95;252734;254400;">> KIM: I think the whole store
is listening to you."
96;254400;256266;">> KOURTNEY: Mom, the whole
(bleep) store can hear every"
97;256266;257633;"word you say.
>> KRIS: Okay, bye."
98;257633;260700;">> KIM: And why would you give
away our vibes before you call"
99;260700;262266;"all the other sisters?
>> KOURTNEY: Look."
100;262266;263667;">> KIM: Let us see.
We showed up here."
101;263667;265633;">> KRIS: That's what I'm getting
for her."
102;265633;267734;">> KOURTNEY: For who?
>> KRIS: Kylie."
103;267734;270233;"We're getting, like, a dozen of
them, two dozen."
104;270233;272233;">> KOURTNEY: Why do you lick
Kylie's ass?"
105;272233;276266;"Is it because she makes you
a lot of money?"
106;276266;278567;">> KRIS: What is wrong with you?
>> KOURTNEY: I was just asking."
107;278567;280600;">> KRIS: 'Cause she pays
attention to me, and she talks"
108;280600;282200;"to me.
And we are together every day."
109;282200;283834;">> KOURTNEY: That's amazing.
>> KRIS: If you spent some time"
110;283834;285533;"with your mom, you might have...
>> KOURTNEY: I'm not saying I"
111;285533;287734;"need that from you...
>> KRIS: ...a little love, too."
112;287734;289533;">> KIM: You two need to go to
therapy together."
113;289533;291667;">> KRIS: I was just helping my
daughter."
114;291667;294700;"Is that bad?
Look at these penguins."
115;294700;297266;"They're so cute.
(phone ringing)"
116;297266;299300;">> KHLOE: Ho, ho, ho.
>> KOURTNEY: Khloe."
117;299300;300800;">> KHLOE: How dope is it
in there?"
118;300800;302600;"I love that store.
>> KOURTNEY: Who turned you on"
119;302600;304333;"to this store?
>> KHLOE: You and Mom."
120;304333;307300;">> KOURTNEY: Not Mom.
It was just me."
121;307300;308800;"And guess what I do when I'm
here."
122;308800;310767;">> KHLOE: My God, you're just
leader of the pack."
123;310767;314133;">> KOURTNEY: I linger around and
take it all in, while all these"
124;314133;319233;"people fight over what's theirs.
>> KIM: (gasps) If anyone copies"
125;319233;321667;"me on this situation here...
>> KRIS: What?"
126;321667;324166;"I already tagged those.
>> KOURTNEY: I already bought"
127;324166;326133;"them all last week when I was
here."
128;326133;329667;">> KIM: One thing for you...
Last year, Kourtney and I"
129;329667;333233;"got into the most epic fight
because she fully copied my"
130;333233;335633;"lights.
The guy called me and said,"
131;335633;337266;""Kourtney showed me the video
that you sent.""
132;337266;339100;">> KOURTNEY: That's a lie.
>> KIM: Well, they told me that."
133;339100;341867;">> KOURTNEY: That's a thousand
percent lie."
134;341867;343867;">> KIM: This makes me not
want to have a big family 'cause"
135;343867;347567;"no one's (bleep) original.
I have warned everyone that I"
136;347567;352266;"will come for them if they even
dare try to copy anything that"
137;352266;355600;"I'm doing this holiday season.
Oh, I love this clear plastic."
138;355600;357834;"I want this for my wrapping.
Last year you copied my"
139;357834;359300;"wrapping.
>> KRIS: I just... No."
140;359300;360867;">> KIM: No, no, no, no, no.
>> KRIS: I just asked him for"
141;360867;363567;"the... and he's showing me the
colors so I can choose my color."
142;363567;365300;">> KIM: Do you have it in black
or clear?"
143;365300;367333;">> CLERK: It's in gray or clear.
>> KRIS: I'm getting clear."
144;367333;369100;"I'm getting clear.
>> CLERK: It's not real black."
145;369100;372500;"The kind of, uh... it's light.
>> KIM: Where is it in clear?"
146;372500;375100;">> KRIS: It's right here.
>> KIM: Ooh. I'm not... I want"
147;375100;377400;"it for my wrapping, for my
packages, not my trees."
148;377400;379133;">> KRIS: Yeah. Yeah.
>> KIM: So you do your trees,"
149;379133;380667;"I'll do my packages.
>> KRIS: No, I might do"
150;380667;382367;"packages.
>> KIM: No, no, no, no."
151;382367;384767;">> CLERK: So, that's what they
call black."
152;384767;387367;">> KIM: That's cool.
'Cause I need to switch it"
153;387367;389800;"up this year.
See, this is the kind of"
154;389800;393166;"Christmas tree I want.
I want, like, a real bark tree,"
155;393166;396600;"but I won't tell all my ideas
out loud, 'cause Mom"
156;396600;399467;"is somewhere lurking.
>> KRIS: What vibe are you going"
157;399467;401500;"after?
>> KOURTNEY: I'm going for my"
158;401500;403700;"same vibe as last year.
>> KRIS: Do you know what she's"
159;403700;405367;"doing?
>> KIM: Well, why don't we not"
160;405367;408100;"talk about our vibes?
That way no one can, like,"
161;408100;409867;"steal a vibe.
>> KRIS: Look at that gold"
162;409867;411834;"angel.
Oh, my goodness."
163;411834;413834;">> KIM: Well, I just took photos
of it."
164;413834;415467;">> KRIS: Uh-huh.
You just said that 'cause..."
165;415467;417166;">> KIM: Oh, no. I can show you
on my phone."
166;417166;418834;"Whose brown poodle is this?
>> KOURTNEY: I have all the info"
167;418834;420767;"on him.
Matches Kim's outfit."
168;420767;422300;">> KIM: Can they be outside?
Yes, they can."
169;422300;424166;"They're good for
the weather when it rains."
170;424166;425734;"It's fine.
>> KRIS: So, what else are you"
171;425734;429066;"doing?
>> KIM: I don't know."
172;429066;430467;">> KRIS: Hi!
Can you believe"
173;430467;432066;"we're gonna talk about
Christmas?"
174;432066;434066;">> JEFF: I know, we just had
this discussion."
175;434066;436133;">> KRIS: Okay, so...
What's Kim doing?"
176;436133;437734;">> JEFF: We haven't gone there
yet."
177;437734;439600;"We shall see.
>> KRIS: She's gonna come up"
178;439600;442133;"with something so cool, right?
>> JEFF: We just don't want any"
179;442133;444567;"light wars this year.
>> KRIS: Kardashian Christmas"
180;444567;446433;"Wars.
>> JEFF: Could you imagine?"
181;446433;449367;">> KRIS: That's actually my
reality."
182;449367;451734;">> MJ: Do you know I've never
been away from you on Christmas?"
183;451734;453367;">> JONATHAN: Ever?
>> MJ: Ever."
184;453367;455333;"Not since she was born.
>> KRIS: Thanks, Mom."
185;455333;456700;"I love you.
(MJ laughs)"
186;456700;461767;">> KIM: Okay, so, we are getting
shrewd and crude here."
187;461767;464467;"I am letting you know this
Christmas party--"
188;464467;468200;"it's such a beautiful night,
but it's turned into such"
189;468200;471800;"a (bleep) show, with so many
people, that we only see at this"
190;471800;473367;"one night a year.
>> KOURTNEY: Hear, hear."
191;473367;477133;">> KIM: Right?
My mom's Christmas Eve parties"
192;477133;481166;"are always so legendary.
(laughter)"
193;481166;484200;">> KHLOE: Whoa!
>> KIM: Look at KoKo."
194;484200;486300;">> KHLOE: You are a badass
(bleep)."
195;486300;488533;">> KIM: We've had this party
since I was born."
196;488533;492133;"So it's so much fun that we've
kept this tradition alive,"
197;492133;494767;"but it's gotten a little out of
hand the last couple of years."
198;494767;497767;"This Christmas party is no
longer yours."
199;497767;500700;"We are taking it over.
It's gonna be really hard for my"
200;500700;504433;"mom, but I think the kids should
redo the list and have it be"
201;504433;507233;"just the people that we talk to
on a regular basis."
202;507233;508667;"Does Malika and Khadijah really
bring 500 people?"
203;508667;510500;">> KOURTNEY: Tell them no.
>> KHLOE: I can't tell Khadijah,"
204;510500;512367;""You can't bring your husband."
>> KOURTNEY: Are we keeping"
205;512367;513800;"Mr. and Mrs. Tom Hanks?
>> KIM: A hundred percent."
206;513800;515633;">> KHLOE: Okay. Yeah.
>> KOURTNEY: Then are we keep..."
207;515633;517266;">> KIM: Who's Jess (bleep)?
>> KHLOE: No idea."
208;517266;519700;">> KOURTNEY: No clue.
>> KIM: Okay, no."
209;519700;523533;">> KRIS: Who's Jess (bleep)?
>> KIM: Did you not just hear me"
210;523533;525233;"say that?
>> KHLOE: MJ listens better than"
211;525233;527233;"you.
>> KIM: Travis Barker, yes."
212;527233;528734;"Cindy Crawford, yeah.
>> JONATHAN: Cindy. Hell yeah."
213;528734;530367;">> KIM: Just invite her.
>> KRIS: Who is (bleep)?"
214;530367;532100;">> KOURTNEY: That's Tyga's
friend."
215;532100;533633;">> KHLOE: Ew.
>> KIM: Absolutely not."
216;533633;534867;"(bleep) no.
>> KHLOE: No."
217;534867;536734;">> KOURTNEY: (bleep) that bitch.
What about Hailey Baldwin?"
218;536734;538200;">> KHLOE: Yes.
>> KRIS: Will and who?"
219;538200;539567;">> KIM: will.i.am.
>> KRIS: Oh, will.i.am. Yes."
220;539567;542300;">> KHLOE: I want my assistant
there; I think it's, like, our"
221;542300;544100;"holiday party, it's so nice.
>> KIM: Heather Sanders."
222;544100;545800;"That's Kylie's friend, so
you're gonna have to ask."
223;545800;547767;">> KRIS: Who's Heather Sanders?
>> KOURTNEY: Kylie's friend."
224;547767;549600;">> KIM: Kylie's friend.
>> KHLOE: I don't know why you"
225;549600;551266;"don't listen.
It sounds like you might have,"
226;551266;552800;"like, Alzheimer's.
>> KIM: Alex (bleep)."
227;552800;554533;"Kind of annoying.
>> KHLOE: I don't think she's"
228;554533;557266;"annoying.
You have (bleep) on here?"
229;557266;559200;"Remove him immediately.
>> KRIS: Okay."
230;559200;560700;">> KHLOE: It's bizarre that Mom
even knows him."
231;560700;562333;">> KOURTNEY: Are we keeping Toni
Braxton?"
232;562333;564133;">> KHLOE: Yes.
>> KOURTNEY: We are going"
233;564133;568600;"through with no (bleep) given.
Being savages, cutting people"
234;568600;570567;"off left and right.
The Hiltons?"
235;570567;572100;">> KIM: I say yes.
>> KHLOE: Mm-hmm."
236;572100;573600;">> KIM: It's just fun.
>> KRIS: Joan Collins..."
237;573600;575266;">> JONATHAN: Joan Collins makes
a party glamorous."
238;575266;576667;">> KHLOE: Popping.
>> JONATHAN: She's great."
239;576667;578533;">> MJ: Yeah, you're right.
>> KRIS: Good notes, guys."
240;578533;580667;">> KOURTNEY: I would have some
harsher cuts here."
241;580667;583233;">> JONATHAN: Start over.
>> KRIS: Purge."
242;583233;585066;">> KHLOE: Thank God I'm on the
list."
243;585066;587500;"(laughter)
>> KRIS: Oh, my God."
244;587500;589300;">> KIM: I want that, like,
little Charlie Brown one."
245;589300;590800;">> KOURTNEY: Do you want to saw
it yourself?"
246;590800;593767;"The saw is right behind you.
It says, "Please do not cut"
247;593767;598433;"trees under four feet."
(soft laughter)"
248;598433;601266;">> KIM: Kourtney, he is so cute.
You need to date him."
249;601266;603233;">> KOURTNEY: You are honestly
insane."
250;603233;605300;">> KRIS: Jonathan!
We're getting disguised"
251;605300;606567;"to go shopping.
>> JONATHAN: Oh. Okay."
252;606567;608333;">> KRIS: Ho, ho, ho, ho, ho, ho.
>> JONATHAN: Oh, my God."
253;608333;610266;"You're freaking me out.
Planet of the Apes."
254;610266;612100;">> KRIS: You look kind of...
>> JONATHAN: Someone's gonna"
255;612100;613667;"call the (bleep) cops on us.
>> KRIS: You look like a porn"
256;613667;615367;"star.
>> JONATHAN: Well, that's great."
257;615367;618266;">> MATTHEW: Hey!
>> WOMAN: You look hot."
258;618266;620233;">> KRIS: Nobody's ever gonna
recognize me."
259;620233;623533;"(Southern accent): Where
are the kids' trucks?"
260;623533;627867;"In recent years, it's become a
little more challenging to go"
261;627867;630433;"shopping, to say the least.
Because we start to get"
262;630433;632834;"recognized, and the minute you
take a selfie with someone,"
263;632834;636200;"everyone wants a selfie.
And then I get distracted,"
264;636200;638467;"and I can't get my shopping
done."
265;638467;641233;"So, leave it to Jonathan.
He thinks it would be a really"
266;641233;644400;"good idea for us to go in
a disguise."
267;644400;646133;">> JONATHAN: Now I'm a (bleep)
Chia Pet."
268;646133;649467;">> KRIS: It's the perfect
solution to not really being"
269;649467;652400;"able to concentrate and focus on
our Christmas list."
270;652400;654867;">> KIM: What are you doing?
>> KRIS: (laughs)"
271;654867;657433;"(Southern accent): Hi, y'all.
Well, how are you?"
272;657433;660133;"Have you met my friend?
>> JONATHAN (Spanish accent):"
273;660133;664200;"Hello.
50% off all carpets."
274;664200;667266;"I'm going out of business.
>> KIM: What are you guys doing?"
275;667266;670433;">> KRIS: We're going shopping
for some trucks for my"
276;670433;673100;"grandchildren.
>> KIM: Guys, I'm in the middle"
277;673100;676467;"of doing interviews.
>> KRIS: Well, you can go take"
278;676467;679867;"your interviews and screw
yourself!"
279;679867;683767;">> JONATHAN: (bleep) off. Adios.
(Kris laughs)"
280;683767;685767;">> MATTHEW: So, I just got an
e-mail from Jeff Leatham's new"
281;685767;688367;"assistant.
>> KRIS: I think I just got the"
282;688367;691867;"best news I've had all Christmas
season."
283;691867;694667;"Matthew kind of accidentally
read an e-mail that he doesn't"
284;694667;697800;"think was directed at my team,
with every single thing that Kim"
285;697800;701233;"is planning to do for decorating
her house for Christmas."
286;701233;703266;">> MATTHEW: She's going to have
your Santa."
287;703266;705333;">> KRIS: What? I booked that
Santa for 30 years."
288;705333;706834;"Who does that?
>> MATTHEW: And then she's going"
289;706834;708333;"to have an ice-skating rink at
her house."
290;708333;709834;">> KRIS: It's a (bleep) great
idea."
291;709834;711834;">> JONATHAN: Why don't you have
a roller-skating rink and outdo"
292;711834;713333;"her?
>> KRIS: No, we're doing"
293;713333;715834;"ice-skating.
She's taking this way too"
294;715834;718700;"seriously, so I kind of want to
mess with her."
295;718700;722166;"She's gonna die when she sees my
ice-skating rink."
296;722166;725800;"Ha-ha-ha-ha-ha!
>> KHLOE: Do you know her lemon"
297;725800;727300;"cake recipe?
You know it's like Duncan Hines?"
298;727300;728967;">> MJ: A box.
>> KRIS: I never said I was"
299;728967;730633;"Martha Stewart.
>> MJ: Why don't we have a"
300;730633;732667;"contest?
>> KHLOE: I will make scratch"
301;732667;734767;"items and you make the boxed
item."
302;734767;737100;">> JONATHAN: Oh, Loretta.
All these kids' things making me"
303;737100;739100;"want to have kids again with
you."
304;739100;741533;">> KRIS: You said you had a
vasectomy."
305;741533;743166;"Aah!
>> JONATHAN: Oh, Loretta, you"
306;743166;744667;"sneaky bitch.
>> KRIS: What?"
307;744667;747166;"We have a big surprise.
>> JONATHAN: A big surprise!"
308;747166;749867;"Come on!
Look! It's Nancy Kerrigan!"
309;749867;751767;">> KIM: Oh, my gosh!"
310;756100;759100;">> KYLIE: Went to Target and
filled up the whole car."
311;759100;761533;"♪ ♪"
312;768500;771667;">> KRIS: Ooh. Reign would love
this car."
313;771667;774934;"Look at this Porsche.
One of my favorite traditions"
314;774934;779033;"during the holidays is to shop
for all the kids for Christmas."
315;779033;781734;"This is for P.
We just need one for North."
316;781734;784967;"And now it's extra special,
because I get to shop for all"
317;784967;787900;"the grandkids.
It never seems to end, which is"
318;787900;790600;"exciting.
Okay, now I can't get up."
319;790600;792233;">> JONATHAN: Get up, Loretta.
>> KRIS: (bleep)"
320;792233;794600;">> JONATHAN: Come on, Grandma.
a grandma."
321;794600;797300;">> JONATHAN: I know, that's...
>> KRIS: I'm a grandma."
322;797300;799367;"Okay.
>> JONATHAN: You look good."
323;799367;802066;"Oh, Loretta. All these kids'
things making me want to have"
324;802066;804767;"kids again with you.
>> KRIS: No, you said you had a"
325;804767;806767;"vasectomy.
>> JONATHAN: That was not a"
326;806767;809066;"vasectomy-- I just couldn't
stand ya."
327;809066;811066;"Come on, let's go, Loretta.
>> KRIS: This is so cute."
328;811066;813600;"Oh!
You have a flat tire."
329;813600;815934;">> JONATHAN: Loretta! Let's go!
>> KRIS: Whoo!"
330;815934;817433;"Do you know how we do it in
Texas?"
331;817433;819433;">> JONATHAN: No, but
everything's bigger in Texas."
332;819433;820934;">> KRIS: Not where you're
concerned."
333;820934;823533;">> JONATHAN: Oh! Loretta!
>> KRIS: Aah!"
334;823533;825734;">> JONATHAN: I'll pop that ass.
You got to ring all this up?"
335;825734;829500;">> KRIS: Baby.
>> JONATHAN: Come on."
336;829500;832533;">> KRIS: This is, like... Aah!
>> JONATHAN: Oh, Loretta, you"
337;832533;834533;"sneaky bitch.
>> KRIS: What?"
338;834533;836533;">> JONATHAN: Oh, Loretta, you're
gonna get it good, you sneaky"
339;836533;838533;"(bleep) bitch.
>> KRIS: Jethro! Jethro!"
340;838533;840734;">> JONATHAN: Oh, Loretta, you're
gonna get it good."
341;840734;844200;">> KRIS: Really?
>> JONATHAN: I hate her."
342;844200;846300;">> MAN: Have a good one.
>> KRIS: Thank you."
343;846300;848300;"So, this is exciting, because
these are all the cocktails"
344;848300;849800;"we're gonna have for Christmas
Eve."
345;849800;851834;"Ooh, this is good.
>> WOMAN: Yeah, it's pretty"
346;851834;854300;"gorgeous, right?
You take a ball of cotton candy."
347;854300;857000;">> KRIS: That's really good.
>> WOMAN: Two ounces of vodka."
348;857000;861533;">> KRIS: Cheers.
>> KOURTNEY: Cheers to you."
349;861533;863533;">> KHLOE: MJ!
>> KRIS: Hi, Mom."
350;863533;865567;">> MJ: How are you?
>> KHLOE: When you have red"
351;865567;869133;"lips, we got to... air kiss.
>> MJ: Okay. Mwah!"
352;869133;871166;"And you do have red lips.
>> KHLOE: I know-- I wanted to"
353;871166;873967;"be like you today.
>> MJ: Aw. What's going on here?"
354;873967;877100;">> KHLOE: Um, I am so stressed
out about the holidays."
355;877100;878600;">> KRIS: You know what you do to
yourself?"
356;878600;882066;"Last year, she made Thanksgiving
dinner for Tristan and the boys"
357;882066;884533;"and everyone, and so she made
every single thing from scratch."
358;884533;885934;"You put so much pressure on
yourself."
359;885934;888233;">> KHLOE: Don't you think things
are better from scratch rather"
360;888233;890433;"than, like, out of a package?
>> MJ: Oh, of course. Yeah."
361;890433;892633;">> KHLOE: You do it your way,
you make things out of boxes,"
362;892633;894633;"and I do it my way.
>> KRIS: I don't make everything"
363;894633;896133;"out of a box.
>> KHLOE: So, you know her lemon"
364;896133;897633;"cake recipe.
>> MJ: Love it, yeah."
365;897633;899266;">> KHLOE: Love it.
The best, right?"
366;899266;900900;"It's, like, epic.
>> KRIS: God, here we go."
367;900900;902667;">> KHLOE: Sends me the recipe.
You know, it's, like, Duncan"
368;902667;904100;"Hines.
>> MJ: A box. Mm-hmm."
369;904100;905400;">> KHLOE: Yes, and then another
box."
370;905400;907066;">> MJ: Then you add pudding.
>> KHLOE: But a box of pud..."
371;907066;909066;"Like, nothing is... So, I was
like, "Mom, you made me"
372;909066;910567;"believe."
>> KRIS: I never said I was"
373;910567;913667;"Martha Stewart.
>> KHLOE: I just wonder, if you"
374;913667;916400;"made the whole thing from
scratch, would it taste even"
375;916400;918800;"that much better?
>> MJ: Why don't we have a"
376;918800;922233;"contest and find out?
♪ ♪"
377;922233;924700;">> KHLOE: I'm down.
I actually love the idea of"
378;924700;927367;"having a bake-off, 'cause I want
to kill my mom, yeah."
379;927367;929367;"(whispers): Crush her.
>> MJ: And, then, I'll be the"
380;929367;931400;"judge.
And I'm very fair."
381;931400;933734;">> KHLOE: I know you are.
You're very cute, too."
382;933734;935867;">> KRIS: You're very fair?
>> MJ: I don't take bribes."
383;935867;938066;">> KHLOE: Okay, well, if I talk
to you later..."
384;938066;940066;">> MJ: What do you got?
>> KHLOE: I was gonna say..."
385;940066;942700;">> MJ: What do you got, babe?
>> KRIS: This is like"
386;942700;946000;"Rockefeller Center in Calabasas.
>> KHLOE: I think this year my"
387;946000;949400;"mom is going way over the top.
>> KRIS: If this is battle of"
388;949400;952600;"the Christmas decorations, bring
it on."
389;952600;955200;">> KHLOE: This is strawberry
blackberry crumble."
390;955200;958300;">> KRIS: My famous lemon cake.
>> JONATHAN: Here we go."
391;958300;960467;">> KOURTNEY: This isn't making
me super horny."
392;960467;968066;">> JONATHAN: Let's just say your
Mrs. Fields."
393;968066;969967;"♪ ♪"
394;972266;974800;">> KIM: Hi. This is Kim
Kardashian West."
395;974800;977533;">> JENNIFER: Kim Kardashian's
here waiting to hear from you!"
396;977533;979533;"Right, ladies?
(whooping)"
397;979533;982300;">> KIM: Hi.
I am doing this telethon for"
398;982300;986667;"Puerto Rico to help raise money
for disaster relief."
399;986667;992567;"Text "SOMOS" to 5-0-5-5-5 to
make a $25 donation."
400;992567;996266;"Please call and help out.
The holidays is always a time to"
401;996266;999233;"give back, but this year,
especially with all of the"
402;999233;1002200;"hurricanes and earthquakes and
everything that's been going on,"
403;1002200;1005700;"I think everyone can use the
love ten times more."
404;1005700;1007200;">> ALEX: Jennifer has an awesome
performance."
405;1007200;1008700;"We won't tell them what it is.
>> KIM: Okay."
406;1008700;1010700;">> ALEX: But it's a big
surprise-- we're all looking"
407;1010700;1012700;"forward to that.
And, uh, thank you for being"
408;1012700;1014200;"here.
>> KIM: Of course."
409;1014200;1024433;"Thank you guys for having me.
♪ ♪"
410;1024433;1028133;">> KRIS: So pretty.
Hey!"
411;1028133;1030333;">> KHLOE: Jeff Leatham at his
finest, huh?"
412;1030333;1033333;">> KRIS: Yes. I'm trying to get
him first before you guys all"
413;1033333;1035800;"steal him from me again.
>> KHLOE: Well, no, his team's"
414;1035800;1038200;"coming to Cleveland with me.
Not all of them, but he sends a"
415;1038200;1039867;"few elves.
>> JEFF: Hey, you."
416;1039867;1041967;">> KHLOE: Hi. I'm mad at you
already-- I said I don't steal"
417;1041967;1043967;"I steal some of your
elves."
418;1043967;1045934;">> KRIS: I'm like, "Stay away
from Jeff.""
419;1045934;1047934;">> JEFF: Marry Christmas.
>> KRIS: Marry Christmas."
420;1047934;1049934;">> KHLOE: I don't dare.
I don't get involved."
421;1049934;1051934;">> JEFF: It's all good.
>> KRIS (whispers): We can't"
422;1051934;1053433;"talk around him.
>> KHLOE: Okay."
423;1053433;1056200;">> KRIS: Because I think that he
leaked something by accident."
424;1056200;1058200;">> KHLOE: For what?
>> KRIS: But you're gonna die."
425;1058200;1061834;"You're going to die.
>> KHLOE: I don't want to die."
426;1061834;1065367;"I think this year my mom is
going way over the top."
427;1065367;1068300;">> KRIS: Jeff's team sent an
e-mail to my team... explaining"
428;1068300;1071000;"what Kim is doing.
You cannot say a word to"
429;1071000;1072967;"anybody.
>> KHLOE: Okay, okay, okay."
430;1072967;1074967;">> KRIS: Because if Kim finds
out..."
431;1074967;1077767;">> KHLOE: She'll definitely
one-up Kim, but I love this,"
432;1077767;1080300;"'cause that means I could enjoy
all this stuff."
433;1080300;1082467;">> KRIS: You guys are really
making headway."
434;1082467;1084767;">> KHLOE: Wow.
>> KRIS: Look at this. Look."
435;1084767;1088100;">> KHLOE: You're so spoiled.
>> KRIS: Yay! I'm so excited!"
436;1088100;1089600;"I'm so excited.
>> KHLOE: Oh, wow."
437;1089600;1091633;">> MAN: You're gonna have snow
falling."
438;1091633;1093867;"It will look so beautiful.
>> KHLOE: That's so cute."
439;1093867;1095867;">> KRIS: This is like
Rockefeller Center in"
440;1095867;1098934;"Calabasas. Right?
>> KHLOE: Totally."
441;1098934;1101367;"It's, like, 85 degrees, and
you're doing this."
442;1101367;1105500;">> KRIS: Kim is so crazy about,
like, competition when it comes"
443;1105500;1108767;"to Christmas that I thought, if
this is battle of the Christmas"
444;1108767;1111734;"decorations, bring it on.
>> KHLOE: Okay."
445;1111734;1114400;">> KRIS: I'm gonna have a big
basket of Burberry scarves."
446;1114400;1116533;">> KHLOE: No. Okay, just relax.
>> KRIS: Little mittens for"
447;1116533;1118533;"their little cold fingers.
>> KHLOE: Mittens?"
448;1118533;1120967;">> KRIS: Hot chocolate with
little candy canes."
449;1120967;1123000;">> KHLOE: Ooh, yay.
>> KRIS: I know."
450;1123000;1125767;">> KHLOE: Oh, my God, of course
my mom took the bait and copied"
451;1125767;1128066;"Kim's ice rink.
She is nuts."
452;1128066;1130233;"I'm actually proud of her.
She didn't let me down this"
453;1130233;1132266;"year.
I love this woman."
454;1132266;1135233;"She gives you 100% of all of her
energy at all times."
455;1135233;1138133;">> KRIS: I might even make my
homemade brownies, pass out a"
456;1138133;1141066;"little lemon cake.
homemade"
457;1141066;1143066;"lemon cake, but...
>> KRIS: I taught you how to"
458;1143066;1144700;"make lemon cake.
>> KHLOE: Yeah, but..."
459;1144700;1146200;">> KRIS: I am the foundation of
lemon cake."
460;1146200;1148200;">> KHLOE: No, no, you are, and
then I found out you made it"
461;1148200;1149700;"from a box.
>> KRIS: The only part that's"
462;1149700;1153333;"from the box is the powder.
>> KHLOE: I thought my whole"
463;1153333;1156100;"life it was literally from
scratch."
464;1156100;1157600;">> KRIS: What are you,
traumatized?"
465;1157600;1159600;">> KHLOE: There are just some
things that kind of break your"
466;1159600;1161600;"heart when someone's like, "Oh,
I make you waffles every"
467;1161600;1163100;"morning," and they're, like,
Eggo."
468;1163100;1165433;"I'm like, you "make" me?
You put them in the toaster."
469;1165433;1167433;"(laughs)
♪ ♪"
470;1167433;1169333;"(screaming)"
471;1188400;1192633;">> KIM: Okay, so...
these are pretty cute."
472;1192633;1194734;"Don't you think for our holiday
pajamas, these snowflakes, like,"
473;1194734;1196233;"black and white?
>> JONATHAN: Oh, these are"
474;1196233;1198133;"awesome.
>> KIM: Kourtney was like,"
475;1198133;1201400;""These are so boring."
Khlo, don't you like these?"
476;1201400;1203567;">> KHLOE: What does she want us
to wear?"
477;1203567;1205567;">> KIM: She wants us to wear,
like, green."
478;1205567;1209200;">> KHLOE: I like them.
So, Mom completely copied you."
479;1209200;1212066;">> KIM: With what?
>> KHLOE: She's installing the"
480;1212066;1213567;"ice-skating rink that's...
>> KIM: No!"
481;1213567;1215233;">> KHLOE: It wasn't done.
>> KIM: No!"
482;1215233;1217233;">> JONATHAN: You saw it?
>> KHLOE: Yes. It wasn't done."
483;1217233;1219233;">> KIM: That is crazy.
>> KHLOE: They were setting it"
484;1219233;1221900;"up with a green hedge.
Like, it has, like, a big, like,"
485;1221900;1223900;"green hedges.
Like, she's, like, full"
486;1223900;1226600;"throttle-- it's, like, there.
>> JONATHAN: Wow."
487;1226600;1229333;">> KIM: Of course, she hears an
idea of what I'm gonna do and"
488;1229333;1231367;"then copies it two seconds
later."
489;1231367;1234300;"Is she that easy?
I never was planning on doing it"
490;1234300;1236266;"in the first place.
She's the fool."
491;1236266;1239000;"I mean, now I know how to get
cool things."
492;1239000;1241266;"Just plant a seed with Kris
Jenner, and she'll make it"
493;1241266;1243266;"happen.
>> KHLOE: She'd said she's gonna"
494;1243266;1246734;"have churros, corn dogs, hot
chocolate, carolers."
495;1246734;1249333;"She's nuts. She's nuts.
>> JONATHAN: Wow. This is a..."
496;1249333;1250834;"this is going, like, full
competition."
497;1250834;1252834;"This is unbelievable.
>> KIM: This is crazy."
498;1252834;1254533;">> KHLOE: I'm all for it.
>> JONATHAN: What are you"
499;1254533;1256066;"making, by the way?
>> KHLOE: I'm having a bake-off."
500;1256066;1258066;"Me and Kris Jenner.
>> JONATHAN: A bake-off? Stop."
501;1258066;1259633;">> KHLOE: Kris Jenner is doing
her lemon cake and..."
502;1259633;1261266;">> JONATHAN: She cooks, too,
now?"
503;1261266;1264100;"Oh, that lemon cake is amazing.
>> KHLOE: But it's out of a box!"
504;1264100;1266133;">> JONATHAN: Are you kidding?
That's not, like, real."
505;1266133;1268133;">> KHLOE: She was like, "But I
get the real eggs and the...""
506;1268133;1269633;">> JONATHAN: Who's judging this
contest?"
507;1269633;1271633;">> KHLOE: MJ.
>> JONATHAN: Your grandmother is"
508;1271633;1273133;"the judge?
>> KHLOE: Yeah, why is that a"
509;1273133;1274633;"problem?
>> JONATHAN: You're seriously"
510;1274633;1276800;"not gonna... have the Food God?
>> KHLOE: MJ's from the South."
511;1276800;1278400;"Oh, sorry.
>> JONATHAN: I taste more cakes."
512;1278400;1279900;">> KHLOE: I didn't know you were
even in town."
513;1279900;1281266;">> JONATHAN: I want to be a part
of this."
514;1281266;1282500;">> KHLOE: Be a part of it.
The Food God."
515;1282500;1283633;">> JONATHAN: This is like a
real thing now."
516;1283633;1285467;">> KIM: This is gonna be so much
fun."
517;1285467;1288066;"I'm so glad Jonathan is here,
'cause he's the Food God."
518;1288066;1290433;">> JONATHAN: Ooh-la!
>> KIM: And people really, like,"
519;1290433;1294467;"look to him for the most amazing
foods and everywhere he's going."
520;1294467;1296967;"So it just makes sense that he's
the judge."
521;1296967;1299800;">> KHLOE: So, I'm making peach
cobbler and cinnamon rolls."
522;1299800;1302266;">> JONATHAN: Okay. You would
definitely win if you did a"
523;1302266;1305300;"strawberry cobbler.
I just want to tell... I just"
524;1305300;1307266;"want to... You don't have to.
>> KHLOE: Can I do peaches and"
525;1307266;1309266;"strawberries?
Or no one likes that?"
526;1309266;1310767;">> JONATHAN: No one likes that.
>> KHLOE: Okay."
527;1310767;1313166;">> JONATHAN: And by no one--
the judge."
528;1313166;1317967;"All right, so it's on.
Unbiased, fair competition."
529;1317967;1320300;">> KHLOE: That's so weird.
My thing didn't rise"
530;1320300;1322767;"appropriately.
>> KRIS: ♪ La...! ♪"
531;1322767;1325934;"Who's singin' now?
>> JONATHAN: Ho, ho, ho, ho."
532;1325934;1327767;">> KHLOE: Hi, Santa.
>> KOURTNEY: Who is it?"
533;1327767;1330700;">> KIM: Santa's looking at me
weird. Who is this?"
534;1330700;1333633;"Don't make me run."
535;1337100;1341767;">> KYLIE: Merry Christmas, MJ.
Two Thunderbirds for my mom and"
536;1341767;1346166;"MJ. MJ, you love it?
Look at us going."
537;1346166;1348400;"Slow down.
>> REIGN: I'm Mr. Doggy."
538;1348400;1351133;">> KIM: Whoa, these are heavy.
I don't think you guys can carry"
539;1351133;1353967;"these; I can't even carry it.
>> MASON: That one's easy."
540;1353967;1356967;">> KOURTNEY: Yeah, Mase.
>> ROGER: Hey, how you doing?"
541;1356967;1358900;"Thanks, I'm Roger.
Nice to meet you, thanks for"
542;1358900;1360700;"coming.
>> KIM: Hi, how are you?"
543;1360700;1362200;"That's North.
>> ROGER: Hey, North."
544;1362200;1364333;"How you doing? I'm Roger.
>> MASON: Good to meet you."
545;1364333;1365700;">> ROGER: Nice to meet you.
Why did you bring"
546;1365700;1368233;"these cans here?
Do you know, North?"
547;1368233;1372867;">> NORTH: 'Cause we need to feed
the homeless people."
548;1372867;1375900;">> ROGER: Yeah, feed people that
don't know where their next meal"
549;1375900;1377667;"is coming from.
So we're happy you're here"
550;1377667;1379033;"today.
Do you want to take a tour real"
551;1379033;1380133;"quick?
>> KIM: Yeah."
552;1380133;1381467;">> ROGER: You can ask these
questions as we go..."
553;1381467;1383133;">> KIM: Yeah, do you want to go
take a tour with us?"
554;1383133;1385967;">> KOURTNEY: You want to go see?
>> ROGER: The food bank started"
555;1385967;1389900;"here in 1973, and then since
then, we've grown-- we have two"
556;1389900;1393266;"buildings now.
Last year we did 55 million"
557;1393266;1395767;"meals for people in L.A. County.
>> KIM: Wow."
558;1395767;1399166;">> KOURTNEY: Every year, I've
been saying that I really want"
559;1399166;1403400;"to get my kids involved in
helping other people."
560;1403400;1406700;">> WOMAN: All right, you guys.
You can't leave until you finish"
561;1406700;1408567;"all this work.
>> MASON: Oh, my God."
562;1408567;1410600;">> WOMAN: I know.
(all laughing)"
563;1410600;1414133;">> KOURTNEY: Giving is so
rewarding."
564;1414133;1417266;">> KIM: Hi.
Okay, you got it?"
565;1417266;1419900;">> WOMAN: He's got this part.
>> KIM: Okay, get a new bag of"
566;1419900;1426000;"carrots.
♪ ♪"
567;1426000;1429500;">> KOURTNEY: I really want my
kids to realize that the true"
568;1429500;1433400;"meaning of the holidays is
giving back and not just"
569;1433400;1436300;"receiving presents from Santa.
>> ROGER: So, thanks for coming."
570;1436300;1441200;">> KOURTNEY: Thank you.
Okay, come this way."
571;1441200;1445367;"We did it, guys.
Thank you."
572;1445367;1447266;"♪ ♪"
573;1455133;1460533;">> KHLOE: Beautiful.
Chefing it up right now."
574;1460533;1463567;">> KRIS: Okay, nobody touch
that, please."
575;1463567;1468834;">> KHLOE: ♪ Fa, lala, lala
Fa, lala, lala, lala-la. ♪"
576;1468834;1471433;">> KRIS: Do you always sing like
Cinderella and wear diamonds"
577;1471433;1474867;"while you cook?
>> KHLOE: (vocalizing)"
578;1474867;1478500;"I'm big on giving my food love,
and it just makes you happy."
579;1478500;1483033;"♪ Smelling the food
In the kitchen"
580;1483033;1485700;"Smelling the food. ♪
>> KRIS: Help us all."
581;1485700;1487734;">> KHLOE: You should try it one
day."
582;1487734;1493033;"It lowers your blood pressure.
I am very confident in my baking"
583;1493033;1495467;"skills.
I am gonna bake my rolls."
584;1495467;1497734;">> KRIS: You're so smart to do
'em in advance."
585;1497734;1500200;">> KHLOE: Everything's thought
out and made with love."
586;1500200;1503533;"My mom will regret the day that
she challenged me to a bake-off."
587;1503533;1506767;"Ooh, mine are baking.
>> KRIS: Do we have Wesson"
588;1506767;1509100;"canola oil?
>> KHLOE: Has to be Wesson?"
589;1509100;1512200;">> KRIS: Yeah, 'cause it just
settles in the cake the perfect"
590;1512200;1514700;"way.
I've been making the same lemon"
591;1514700;1519333;"cake since I was 22 years old.
It's the most divine cake I"
592;1519333;1522233;"could possibly describe, and
every one of my family members"
593;1522233;1526934;"loves it.
(whispers): I'm gonna crush her."
594;1526934;1529367;"Oh, you used my three-fit--
well, we can both use it."
595;1529367;1531633;">> KHLOE: Mom, we have two
ovens."
596;1531633;1535500;">> KRIS: We have four.
>> KHLOE: Wow, you are a"
597;1535500;1538200;"stickler today, aren't you?
>> KRIS: Can I get somebody to"
598;1538200;1541867;"rinse this out?
>> CHEF K: Yes, ma'am."
599;1541867;1545233;">> KRIS: Thank you.
>> CHEF K: You're welcome."
600;1545233;1548100;">> KHLOE: Oh, Mother.
I think we're supposed to have"
601;1548100;1550033;"no helping.
>> KRIS: So, I need powdered"
602;1550033;1551266;"sugar.
>> KHLOE: It's right there."
603;1551266;1552567;">> KRIS: Yay.
>> KHLOE: Your little helper"
604;1552567;1555266;"helped you.
>> KRIS: Okay, is this one bar?"
605;1555266;1556633;">> CHEF K: Yes, ma'am.
>> KRIS: Did you measure this?"
606;1556633;1557867;">> CHEF K: That's two cups.
>> KRIS: Two cups?"
607;1557867;1559900;">> CHEF K: Mm-hmm.
>> KRIS: I need another egg."
608;1559900;1560934;">> KHLOE: Wow.
>> CHEF K: Yes, ma'am."
609;1560934;1563533;">> KRIS: Where's my funnel?
Can somebody help me find a"
610;1563533;1565000;"funnel?
>> KHLOE: Remember the good old"
611;1565000;1567800;"days, when bake-offs were really
true?"
612;1567800;1571033;">> KRIS: For God's sake.
You're ruining my mojo."
613;1571033;1573467;">> KHLOE: That's so weird.
My thing didn't rise"
614;1573467;1575200;"appropriately.
>> CHEF K: And it was overnight?"
615;1575200;1576967;">> KHLOE: Yeah, I left it for
four hours."
616;1576967;1578367;"Do you think it will taste
differently?"
617;1578367;1579734;">> CHEF K: It's going to be
dense."
618;1579734;1583100;">> KHLOE: That sucks.
>> KRIS: Okay."
619;1583100;1587400;"♪ Ah!
La...! ♪"
620;1587400;1590900;">> KHLOE: ♪ La. ♪
>> KRIS: Who's singing now,"
621;1590900;1593233;"Khloe, who's singing now?
>> KHLOE: I'm still gonna win"
622;1593233;1595333;"this thing.
>> KRIS: Have you looked at my"
623;1595333;1597233;"lemon cake?
>> KHLOE: You're going down."
624;1597233;1601000;">> KRIS: Well, may the best chef
win."
625;1601000;1603834;">> KHLOE: Yep.
>> KIM: We all went around to"
626;1603834;1605767;"say who their favorite dessert
was."
627;1605767;1607667;">> KHLOE: And what was that?
>> MJ: Oh, it's so hard."
628;1607667;1614100;">> JONATHAN: This was so
difficult."
629;1614100;1616000;"♪ ♪"
630;1619033;1620533;">> KHLOE: Hi, MJ.
>> MJ: You look gorgeous."
631;1620533;1623834;">> KHLOE: You look gorgeous.
Ooh, I think we have about two"
632;1623834;1625533;"more minutes.
>> MJ: What's cooking?"
633;1625533;1629767;">> KHLOE: Cobbler, madam.
>> KRIS: Ta-da."
634;1629767;1633800;">> KOURTNEY: KoKo, I just said,
"Who are your favorite aunties?""
635;1633800;1638633;"He said, "KoKo and Kylie."
>> KHLOE: What?! You said that?"
636;1638633;1640533;">> JONATHAN: Hello!
>> KRIS: Hi!"
637;1640533;1642433;">> JONATHAN: One of the judges
is here, hello."
638;1642433;1644800;">> KRIS: Oh, very fancy.
>> JONATHAN: I came dressed"
639;1644800;1647467;"appropriate.
>> KRIS: Oh, my God, Food God."
640;1647467;1649233;">> JONATHAN: Wow, there's a lot
of prettiness."
641;1649233;1650700;">> KIM: Who made that lemon
cake?"
642;1650700;1652600;">> KRIS: I did.
>> KIM: It's not as lemon-y on"
643;1652600;1654934;"top as it usually is.
>> KRIS: Yeah, it is."
644;1654934;1657533;">> KIM: The holidays are my
favorite time of year,"
645;1657533;1661567;"especially Christmas.
Everything about holiday food"
646;1661567;1663467;"just puts me in such a good
mood."
647;1663467;1665934;">> KRIS: So, thanks for coming
to our bake-off."
648;1665934;1668834;"We will really appreciate your
taste buds today, and Khloe is"
649;1668834;1670333;"going to be the...
>> KIM: Wait, we're in the"
650;1670333;1671667;"middle of judging the bake-off.
>> JONATHAN: Who's that?"
651;1671667;1673533;">> KOURTNEY: Shut the (bleep)
up or get out of here!"
652;1673533;1675367;">> KIM: She's talking to us.
>> KOURTNEY: You're so annoying."
653;1675367;1676967;"Kylie can talk, this is a
household."
654;1676967;1678300;">> KIM: Yeah, she's in the
middle of giving her"
655;1678300;1680433;"announcements, so wait.
>> KOURTNEY: Who cares?"
656;1680433;1682400;">> KHLOE: You guys, we're doing
a bake-off."
657;1682400;1683767;"Kourtney, be quiet.
>> KOURTNEY: Shoved up their"
658;1683767;1686633;"ass(bleep).
>> KHLOE: Shh, be quiet."
659;1686633;1689033;"This is strawberry blackberry
crumble."
660;1689033;1691834;">> JONATHAN: Did you say
strawberry? Wow."
661;1691834;1694300;"Most people don't do strawberry,
they do rhubarb."
662;1694300;1696133;">> KHLOE: Because they're cheap.
>> JONATHAN: My first question,"
663;1696133;1698100;"is it all from scratch?
'Cause that's..."
664;1698100;1699667;">> KHLOE: Everything besides the
ice cream."
665;1699667;1701600;">> MJ: Mmm, very good.
>> JONATHAN: Wow."
666;1701600;1704300;">> KHLOE: Stop, Food God, stop.
>> KIM: This is one of the best"
667;1704300;1706133;"desserts I've ever had in my
life."
668;1706133;1708467;">> KHLOE: What?!
>> KOURTNEY: This is superb,"
669;1708467;1711200;"but I would have a critique.
>> KHLOE: Okay, tell me."
670;1711200;1713300;"We need one of you in every
group."
671;1713300;1717300;">> KOURTNEY: I feel like this
crust isn't, like, making me"
672;1717300;1721533;"super horny.
>> KHLOE: I think we just have"
673;1721533;1723667;"two different taste palates.
Kim and I actually share the"
674;1723667;1725500;"same taste palate.
>> KOURTNEY: No way."
675;1725500;1729867;"Good for you.
'Cause I actually don't care."
676;1729867;1733233;"Wait, is this lemon cake from
the box?"
677;1733233;1736033;">> KRIS: Let's not judge until
we've had it."
678;1736033;1737900;">> JONATHAN: I've been waiting
ten years for a cake from the"
679;1737900;1740100;"box.
>> KRIS: Okay, judges, this is"
680;1740100;1742500;"my famous lemon cake.
>> JONATHAN: The color is"
681;1742500;1743767;"beautiful on that lemon cake, by
the way."
682;1743767;1746233;">> KRIS: I hope you like it.
>> MJ: It's so fluffy."
683;1746233;1749133;">> JONATHAN: Here we go.
>> KRIS: It starts with a box,"
684;1749133;1751333;"and then it's fresh eggs, fresh
oil, water."
685;1751333;1752900;">> KHLOE: Of course it's fresh
eggs."
686;1752900;1755200;"(laughs) Fresh oil.
>> JONATHAN: Fresh oil."
687;1755200;1757800;">> KRIS: Seriously, who cares
where it comes from?"
688;1757800;1761867;"I make it with love and they
eat it; no one's complaining."
689;1761867;1763500;">> KHLOE: How is the cake, you
guys?"
690;1763500;1764900;">> MJ: Very good.
>> JONATHAN: I mean, the cake is"
691;1764900;1766467;"delicious.
>> KIM: Moist."
692;1766467;1768033;">> MJ: Moist and fluffy.
>> KOURTNEY: It's very moist."
693;1768033;1769767;">> MJ: Uh, these are like a tie
almost."
694;1769767;1772033;">> JONATHAN: What this comes
down to, at the end, is"
695;1772033;1775934;"basically the second two.
>> KHLOE: This is a cinnamon bun"
696;1775934;1778667;"with homemade frosting, homemade
dough."
697;1778667;1781100;">> JONATHAN: Delicious.
The layers, see how it goes"
698;1781100;1782867;"around?
It would just be nice if there"
699;1782867;1786000;"was more of them, but thinner.
>> KHLOE: Okay, I like that."
700;1786000;1789800;">> KRIS: Are you ready for the
next one?"
701;1789800;1792200;">> KHLOE: That's a good one,
Kris."
702;1792200;1797367;">> KRIS: Here's yours.
>> KOURTNEY: Oh, I got $50?"
703;1797367;1800934;">> JONATHAN: Oh, a $20, okay.
Greased the wrong judge at the"
704;1800934;1803033;"wrong time.
>> KIM: These aren't warm."
705;1803033;1806400;">> JONATHAN: Let's just say your
middle name is not Mrs. Fields."
706;1806400;1809266;"Well, guys, we're gonna send you
out so we can decide, and then"
707;1809266;1811266;"we can all taste together.
>> KRIS: All right."
708;1811266;1813433;">> MJ: What do you think, guys?
>> JONATHAN: Well, let me tell"
709;1813433;1816433;"you something, the second two
things sucked."
710;1816433;1818233;">> KIM: I love these brownies.
These brownies are, like, the"
711;1818233;1819333;"best.
>> KOURTNEY: They weren't good"
712;1819333;1820300;"today.
>> KIM: These weren't good"
713;1820300;1821500;"today.
>> JONATHAN: It's my first time"
714;1821500;1823233;"and these are not good.
>> MJ: The first thing we had"
715;1823233;1827700;"was absolutely divine.
The second thing, I would never"
716;1827700;1830533;"give up because every year I
look forward to that cake so"
717;1830533;1831700;"much.
>> KOURTNEY: Same."
718;1831700;1833400;">> JONATHAN: I think the
strawberry was one of the best"
719;1833400;1836600;"things I've had in a long time.
>> KOURTNEY: Wait, I-I actually"
720;1836600;1838800;"think the lemon.
>> JONATHAN: Oh, do you?"
721;1838800;1840300;">> KIM: What's your favorite?
>> MJ: Strawberry."
722;1840300;1842100;">> JONATHAN: Uh-oh, here they
come and they're really"
723;1842100;1844867;"aggressive.
>> KOURTNEY: Come in."
724;1844867;1849667;">> KHLOE: Hello!
>> JONATHAN: Hi, guys."
725;1849667;1852767;"Look, it's an ice-skating rink.
>> KIM: Oh, my gosh!"
726;1852767;1855367;">> KRIS: We have Nancy Kerrigan
on the ice."
727;1855367;1856734;">> NORTH: I'm the best ice-
skater."
728;1856734;1863133;">> NANCY: You are the best ice-
skater here."
729;1863133;1866133;">> KOURTNEY: I'm looking for
Mrs. Claus-- where is she?"
730;1866133;1868400;"Mrs. Claus, are you there?
>> KENDALL: Oh, my God."
731;1868400;1871667;">> KHLOE: Hello!
>> JONATHAN: Hi, guys."
732;1871667;1876700;"This was so difficult.
>> MJ: Oh, it's so hard."
733;1876700;1879667;">> KIM: We think that Khloe put
in a little bit more effort."
734;1879667;1881433;">> KHLOE: A lot.
>> KIM: A lot more effort."
735;1881433;1882934;">> JONATHAN: 'Cause this is
double the work than just a"
736;1882934;1885200;"brownie and pan.
>> KIM: So we all went around to"
737;1885200;1887300;"say who their favorite desert
was."
738;1887300;1890934;">> KHLOE: And what was that?
>> KIM: Three of us, the"
739;1890934;1893800;"strawberry one.
>> KHLOE: Who didn't like it?"
740;1893800;1896467;">> KOURTNEY: I voted for the
lemon cake for my favorite"
741;1896467;1897967;"dessert.
>> KRIS: Aw, thank you,"
742;1897967;1899867;"Kourtney.
>> KOURTNEY: From the box."
743;1899867;1903133;">> KIM: We think that Khloe won
this one."
744;1903133;1905400;">> KRIS: Yay!
>> KHLOE: Uh, what?"
745;1905400;1908567;"Are you drunk? Wrong person.
I knew I was gonna be the"
746;1908567;1911567;"winner.
I am the queen-- I'm, like, the"
747;1911567;1915166;"new Betty Crocker.
>> KIM: But we would rather have"
748;1915166;1918633;"your desserts on Christmas Eve.
>> KHLOE: Oh, my God, why?"
749;1918633;1922700;">> MJ: Everyone agreed that for
Christmas Eve, we have to have"
750;1922700;1924934;"your lemon cake.
>> KHLOE: I agree with that."
751;1924934;1926967;">> KIM: 'Cause it's nostalgic.
>> KRIS: I love to bake on"
752;1926967;1928533;"Christmas Eve.
>> MJ: She always gets up that"
753;1928533;1930867;"morning and starts baking.
>> KRIS: I do, I get up at 4:00"
754;1930867;1934033;"and I have my coffee while it's
still dark outside."
755;1934033;1937767;"Tradition is really important to
me, so I'm really happy that"
756;1937767;1940200;"they choose my cake for
Christmas Eve."
757;1940200;1943767;">> KHLOE: So, what do we win?
>> KRIS: You win this, Khloe."
758;1943767;1945667;"♪ ♪"
759;1954667;1962400;"(laughing): Oh, my God.
My lovely daughter, Kim, decides"
760;1962400;1968066;"to book the real Santa that I
have been using for decades to"
761;1968066;1971500;"be her Santa.
So, there's only one way to skin"
762;1971500;1978400;"this cat, and that is to dress
Jonathan up in disguise to be"
763;1978400;1981433;"the new Santa.
>> JONATHAN: Ho, ho, ho, ho."
764;1981433;1983300;">> KRIS: Oh, my God, this is
epic."
765;1983300;1987033;"You guys do such a good job.
I'll show you, Kim."
766;1987033;1992100;"You won't even recognize Santa.
(laughs) You don't look like"
767;1992100;1994300;"Jonathan.
You're freaking me out."
768;1994300;1996200;"♪ ♪"
769;2000567;2003000;">> KIM: Wow.
>> KHLOE: Oh, I decorated it all"
770;2003000;2004967;"last night.
>> KIM: This is so gorgeous."
771;2004967;2007066;"Like, do you think this is real
candy?"
772;2007066;2009467;"No? Yes, it is.
They're huge."
773;2009467;2012834;"Lovey goes big or she goes home.
Come here, Boo."
774;2012834;2014600;"Let's look in the kitchen and
see what they've got for us."
775;2014600;2018433;"(gasps) Look at these beautiful
roses."
776;2018433;2021867;"Look at-- MJ's here!
>> MJ: Hi!"
777;2021867;2024300;">> KIM: This year is extra
special 'cause we have my"
778;2024300;2029467;"grandma MJ in Calabasas now and
we have Cici here in Calabasas."
779;2029467;2032166;">> CICI: Ah!
>> KIM: We are so happy she"
780;2032166;2035033;"moved here a week ago.
So, we're having our Christmas"
781;2035033;2037500;"meal early this year.
>> MJ: Oh, it's beautiful."
782;2037500;2039867;">> KIM: You know, to try to
welcome them, just so that they"
783;2039867;2043600;"can feel more at home.
>> CICI: Kris, this is amazing."
784;2043600;2045700;"She really cooks her turkey
great."
785;2045700;2048900;">> KHLOE: Superb.
>> KIM: I must say-- and this is"
786;2048900;2052667;"not a dis 'cause I'm sure this
food is amazing-- I cannot stand"
787;2052667;2055600;"Thanksgiving food.
Like, it's just... This is"
788;2055600;2059433;"not... I-I love the canned
things, the rest of this makes"
789;2059433;2062033;"me so nauseous.
>> KHLOE: Why don't we tell that"
790;2062033;2064133;"story later?
>> KIM: No, I'm just saying."
791;2064133;2065867;"That's a great thing.
>> KRIS: Those stories you can"
792;2065867;2067166;"keep to yourself.
>> KIM: I don't have to waste"
793;2067166;2068834;"myself on the calories.
No, it's a, it's a fact."
794;2068834;2070400;">> KRIS: We're gonna start with
Kim."
795;2070400;2072934;"I want everybody to go around
the table and say what they're"
796;2072934;2075600;"thankful for during this
holiday season."
797;2075600;2078367;">> KIM: I don't know if I'm
thankful for the calm before the"
798;2078367;2081300;"storm next year with the new
baby and I'm thankful that we"
799;2081300;2084100;"have family here.
>> MJ: Amen. I'm so thankful to"
800;2084100;2086200;"be here.
This is a new thing for me"
801;2086200;2089867;"because I'm a San Diego girl,
and now I'm becoming a"
802;2089867;2091867;"Calabasas lady.
>> KHLOE: Say it loud and say it"
803;2091867;2094867;"proud.
>> MJ: So, I'm very thankful for"
804;2094867;2097967;"all that my family means to me
and does for me."
805;2097967;2101233;"Don't get me started. (laughs)
I'm like Kris, I'll start"
806;2101233;2104100;"bawling.
>> KHLOE: We love you."
807;2104100;2107100;"I think I'm thankful for having
so many different generations"
808;2107100;2109934;"here.
I think it's so cool."
809;2109934;2114033;">> KYLIE: I'm thankful for... my
mom."
810;2114033;2115667;">> KHLOE: Oh, I should have said
that."
811;2115667;2118867;">> KYLIE: Because I don't know
what I would do without you."
812;2118867;2121033;"You're, like, my favorite person
on the planet."
813;2121033;2124767;"You really are.
I hold you in high regards."
814;2124767;2130600;"Oh, I love you.
My mom did the most amazing job"
815;2130600;2135333;"our whole lives making the
holidays so special for us, so I"
816;2135333;2138767;"just can't wait to keep doing
our traditions and stay as close"
817;2138767;2140734;"as we are.
>> KHLOE: Oh, my God."
818;2140734;2142734;"Mom, are you okay?
>> KRIS: No, I just that... I"
819;2142734;2144834;"didn't expect that.
>> KHLOE: Wow."
820;2144834;2147467;">> KRIS: I used to pray that one
of you guys would have a baby,"
821;2147467;2151700;"and now it's like a faucet that
we turned on and that won't"
822;2151700;2155700;"turn off.
So, the fact that I have all"
823;2155700;2159800;"these grandchildren, it's been
the most amazing journey to"
824;2159800;2164266;"watch your kids because it's
truly the meaning of-of just"
825;2164266;2166300;"life and love, so...
>> KHLOE: And a little bit of"
826;2166300;2168367;"alcohol.
>> KRIS: Just a... Well, maybe a"
827;2168367;2169700;"lot.
>> KHLOE: Yeah."
828;2169700;2173467;">> KRIS: And the fact that now
Cici and Bill are here from"
829;2173467;2174800;"Houston.
>> KYLIE: Welcome to the"
830;2174800;2177133;"Calabasas fam.
>> BILL: Well, I'm really"
831;2177133;2181500;"thankful for Cynthia's health.
>> KHLOE: Amen."
832;2181500;2184900;">> KRIS: Amen.
>> BILL: Everybody went to great"
833;2184900;2190166;"efforts to help move that along.
Kris, we appreciate it, in"
834;2190166;2197266;"helping us coalesce after all
the, uh, difficulties."
835;2197266;2199133;"Thank you.
>> KHLOE: Yay."
836;2199133;2200567;">> BILL: And it's good to have a
bigger family."
837;2200567;2203066;">> KRIS: Yes.
>> KIM: Cici is my dad's first"
838;2203066;2205500;"cousin.
And when my mom and dad got a"
839;2205500;2209433;"divorce, Cici was the only one
on my dad's side that said,"
840;2209433;2211867;""You know what? I'm still gonna
be really close with Kris,""
841;2211867;2214333;"'cause she wanted to be close
with the four kids."
842;2214333;2216834;"And that outraged my dad's side
of the family and they didn't"
843;2216834;2221133;"speak to her for years.
But I'm sure my dad, looking"
844;2221133;2224900;"over now, is, like, so grateful
that Cici is so close to us"
845;2224900;2228066;"'cause she's, like, our main
link to our Kardashian side of"
846;2228066;2232000;"the family.
But she's had cancer for years"
847;2232000;2234100;"and years.
And this year especially was"
848;2234100;2236266;"really tough for her.
She's so strong."
849;2236266;2239200;"She fought through everything
and then a week later, the"
850;2239200;2242800;"heavy rains and floods in
Houston damaged her home."
851;2242800;2246633;"So we thought, we have to move
her out to Calabasas where we"
852;2246633;2249633;"are and have her close with us.
>> KRIS: Hi!"
853;2249633;2253233;"(Cici screams and laughs)
What do you think?"
854;2253233;2258133;">> CICI: Oh, my God!
I mean, this is crazy."
855;2258133;2261800;">> BILL: Yeah, it's beautiful.
(Cici cries)"
856;2261800;2264934;">> KRIS: You've brought me so
much joy my whole life."
857;2264934;2266967;">> KIM: I mean, I just feel so
lucky that we're in the position"
858;2266967;2271066;"to where we can do this for her.
Just to have her around, like,"
859;2271066;2272900;"that just means everything to
us."
860;2272900;2275667;">> CICI: You each have a special
place in my heart."
861;2275667;2279800;"Bill and I are so grateful to be
here and be a part of Calabasas,"
862;2279800;2283433;"91302.
(laughter)"
863;2283433;2287567;"And I-I always said, "Kris
Jenner put Calabasas on the"
864;2287567;2290100;"map."
>> KHLOE: Oh, my goodness."
865;2290100;2294200;"The model is here.
(whooping)"
866;2294200;2298467;">> KENDALL: Hi. Sorry I'm late.
>> KHLOE: Kendall, we just went"
867;2298467;2300867;"around the table to say what
we're grateful for."
868;2300867;2302934;"It was very emotional, a few
people cried."
869;2302934;2304934;">> KENDALL: Cute.
>> KHLOE: So, you have to say"
870;2304934;2306934;"what you're grateful for.
>> KENDALL: I mean, I'm grateful"
871;2306934;2309266;"for my family.
I think we're super rare."
872;2309266;2311600;"And we're really blessed and I
think we take that for granted."
873;2311600;2314700;"Having a big family for the
holidays is, like, the best"
874;2314700;2317133;"thing ever.
I kind of like how seriously"
875;2317133;2320467;"everyone takes it.
It makes it more special."
876;2320467;2324533;"For the holiday season, I wish
for peace in the world, peace in"
877;2324533;2329567;"my family, peace in everyone's
families and just happiness and"
878;2329567;2332500;"love.
>> KOURTNEY: Merry Christmas."
879;2332500;2335767;"Kendall, you made it here before
me? Hi!"
880;2335767;2339033;">> CICI: Hi!
>> KOURTNEY: Hi!"
881;2339033;2341533;"Do you want to sit out there
with North?"
882;2341533;2344200;">> KHLOE: I want to add that I'm
grateful for my mom, too."
883;2344200;2348033;">> KYLIE: Uh, copycat.
(laughter)"
884;2348033;2349967;">> KRIS: Never get tired of
hearing it."
885;2349967;2352433;">> KOURTNEY: Okay, I'm gonna sit
next to Kendall."
886;2352433;2354033;">> KHLOE: Okay, Kourt. It's
your turn."
887;2354033;2355867;"What are you grateful for?
>> KRIS: Besides the sweet"
888;2355867;2358100;"potato soufflé.
>> KOURTNEY: That I haven't"
889;2358100;2361033;"gotten yet 'cause I was an hour
late. Um..."
890;2361033;2363333;">> KHLOE: No one was surprised
by your tardiness, by the way."
891;2363333;2365533;">> KOURTNEY: Guess what.
Mason would not get dressed."
892;2365533;2367700;">> KHLOE: Sounds about right.
>> CICI: Oh, blame it on Mason."
893;2367700;2369266;">> KHLOE: Yeah, me and Kim are
used to it."
894;2369266;2370934;">> KOURTNEY: No, it really was.
And then I finally had to go,"
895;2370934;2374000;""Get dressed. I'm not playing.
Two minutes.""
896;2374000;2376533;"Which reminded me of Mom.
>> KRIS: Oh. Why don't you"
897;2376533;2378734;"concentrate on what you're
thankful for and not bashing me."
898;2378734;2380133;">> KHLOE: Yeah, Kourtney, just
say it..."
899;2380133;2381300;"(doorbell rings)
>> CICI: Wait, somebody's here."
900;2381300;2383800;">> KHLOE: Oh.
>> KOURTNEY: Is this a new"
901;2383800;2387467;"doorbell?
>> KRIS: Coming."
902;2387467;2391800;"(doorbell ringing)
Santa!"
903;2391800;2395967;">> JONATHAN: Ho, ho, ho, ho.
>> KRIS: I'm so happy you're"
904;2395967;2398400;"here, Santa.
>> JONATHAN: Where are they?"
905;2398400;2400533;">> KRIS: Wow, they're in here.
They've all been bad."
906;2400533;2403400;">> KIM: Uh, Kourt, what kind
of Santa is this?"
907;2403400;2406567;">> JONATHAN: Ho, ho, ho, ho, ho,
ho."
908;2406567;2414100;">> KHLOE: Who is it?
>> JONATHAN: Ho, ho."
909;2414100;2418000;"♪ ♪
>> JONATHAN: Ho, ho, ho, ho, ho."
910;2418000;2421033;">> KHLOE: Who is it?
>> JONATHAN: Ho, ho."
911;2421033;2423533;">> KHLOE: I'd know that Santa
anywhere."
912;2423533;2426133;">> KIM: Let me go get my kids.
>> KHLOE: Hi, Santa."
913;2426133;2427734;">> JONATHAN: Ho, ho. Where are
the kids?"
914;2427734;2429033;">> KOURTNEY: Who is it?
>> KHLOE: You haven't figured it"
915;2429033;2430166;"out?
>> KIM: Hey, guys. There's"
916;2430166;2431533;"someone here to see you.
>> KHLOE: You guys are morons."
917;2431533;2432834;">> KYLIE: That's so funny.
>> KENDALL: Wait, I really can't"
918;2432834;2434000;"tell.
>> KOURTNEY: Do you know who it"
919;2434000;2435567;"is?
>> KIM: Have you been naughty or"
920;2435567;2438300;"nice?
>> JONATHAN: What a pretty girl."
921;2438300;2440333;">> KIM: Okay, Santa's looking at
me weird."
922;2440333;2443266;"I don't know what's going on.
Who is this?"
923;2443266;2445567;"This Santa is a freak.
>> KOURTNEY: Oh, I know who it"
924;2445567;2448934;"is. Santa.
>> KHLOE: How do you not know"
925;2448934;2450667;"who it is?
>> KRIS (laughing): You don't"
926;2450667;2453200;"know who it is.
>> KHLOE: Don't tell her."
927;2453200;2455700;">> JONATHAN: Ho, ho, ho.
>> KHLOE: Say hi."
928;2455700;2457467;">> KIM (laughing): I don't
really know."
929;2457467;2459400;">> KHLOE: I cannot believe it.
Kim does not know this is"
930;2459400;2461500;"Jonathan.
Like, it's her best friend of"
931;2461500;2464734;"how many years?
And she, like... even the"
932;2464734;2468567;"Jersey "Ho, ho, ho."
(Kim laughing)"
933;2468567;2470800;">> JONATHAN: Nobody wants
presents?"
934;2470800;2473333;">> KIM: Don't make me run.
(laughter)"
935;2473333;2474934;">> KHLOE: Did she just figure it
out?"
936;2474934;2476700;">> KIM (laughing): Yes.
>> KOURTNEY: Oh, my gosh."
937;2476700;2479834;">> KIM: I was literally dying.
I'm like, "Why does...""
938;2479834;2481734;">> KENDALL: I knew the eyes.
I knew the eyes."
939;2481734;2483233;">> KIM: Well, I knew it was,
like, prosthetics."
940;2483233;2484500;">> KHLOE: Kim's like, "This guy
or this girl just looked at me"
941;2484500;2485834;"weird."
I go, "You don't know who this"
942;2485834;2488133;"is?"
>> KIM: I go, "It's freaking"
943;2488133;2490600;"me out."
>> KRIS: So, everybody, we have"
944;2490600;2492433;"a big surprise.
>> JONATHAN: A big surprise."
945;2492433;2496600;"Come on, guys. Let's go.
Come on."
946;2496600;2501000;"♪ ♪
Look, it's an ice-skating rink."
947;2501000;2504233;">> KIM: Oh, my God.
>> JONATHAN: And Nancy Kerrigan."
948;2504233;2508367;">> KIM: Look at, Northie.
>> KRIS: What an amazing"
949;2508367;2511000;"surprise for the kids.
They're so excited."
950;2511000;2513367;">> KHLOE: Yeah, let's go in the
snow. Come here."
951;2513367;2516367;">> KRIS: Come on, guys.
We're taking a picture. Kylie!"
952;2516367;2521133;"How can Kim be mad now?
We have Nancy Kerrigan."
953;2521133;2525867;"Nancy (bleep) Kerrigan is on the
ice, ladies and gentlemen."
954;2525867;2528233;"So, Kim.
>> KIM: Yeah?"
955;2528233;2530567;">> KRIS: The reason Nancy
Kerrigan is here..."
956;2530567;2532133;">> KIM: Yes?
>> KRIS: ...is because you said"
957;2532133;2535266;"you were having a 24-hour
skating..."
958;2535266;2537367;">> KIM: Oh, ice-skating rink.
And by the way, I lied about"
959;2537367;2540000;"getting the ice-skating rink.
>> KRIS: Come on!"
960;2540000;2543066;"But we still got Nancy Kerrigan.
>> KIM: She won. You won."
961;2543066;2544467;">> JONATHAN: I-I'm with Nancy
Kerrigan."
962;2544467;2546900;">> KIM: You won.
>> SILLY: (laughs) You scared"
963;2546900;2550400;"me.
>> KOURTNEY: Reignoosh."
964;2550400;2553900;"♪ ♪
(Kim whoops)"
965;2553900;2556633;">> KIM: You did a twirl.
So cool."
966;2556633;2558800;">> KOURTNEY: P, should we try to
ice-skate?"
967;2558800;2562367;"My mom always wins when it comes
to parties."
968;2562367;2566700;"It's just these magical elements
that she always amazes us with."
969;2566700;2569967;"(whoops)
Aw."
970;2569967;2573633;">> KRIS: I look forward to this
time of the year all year long."
971;2573633;2577800;"So I feel so blessed that my
kids love it as much as I do,"
972;2577800;2580834;"and it means as much to them as
it does to me."
973;2580834;2582533;">> NORTH: I'm the best ice-
skater."
974;2582533;2584433;">> NANCY: You are the best ice-
skater here, I think."
975;2584433;2586767;">> KHLOE: I wonder who her
parents are."
976;2586767;2591300;"My mom is a lot, but I would not
change my mom for any other"
977;2591300;2593066;"human being in the entire
world."
978;2593066;2596367;"I think my mom is perfect and
amazing and over the top and I"
979;2596367;2598967;"love all of that about her.
It's what makes her her."
980;2598967;2602300;"Like, my holidays are what they
are because of Kris Jenner and"
981;2602300;2616633;"nobody else.
♪ ♪"
982;2616633;2620100;"Captioning sponsored by
BUNIM-MURRAY PRODUCTIONS"
983;2620100;2622100;"Captioned by
Media Access Group at WGBH"
984;2622100;2623633;"access.wgbh.org"