﻿Number;Start time in milliseconds;End time in milliseconds;"Text"
1;5133;7033;"♪ ♪"
2;9533;12033;">> JOSH: Hey!
>> KIM: How are you?"
3;12033;14066;">> JOSH: Good to see you.
>> KIM: So long."
4;14066;16066;">> JOSH: I know.
>> KHLOE: Tristan and I were"
5;16066;18400;"just, like, on Zillow.
We found this. I told Kim."
6;18400;20200;"That's why she wants to see it.
>> JOSH: Well, come on in."
7;20200;22066;"I don't really have to give you
the tour."
8;22066;23834;">> KIM: What a good house.
>> JOSH: Cool, huh?"
9;23834;25834;">> KHLOE: Gonna buy it?
>> KIM: No."
10;25834;30834;"Khloe saw that my house that I
owned years ago is up for sale,"
11;30834;34834;"and I would love to see it.
There are so many memories in"
12;34834;36967;"this house.
My mirror!"
13;36967;39333;">> KHLOE: Oh, my God.
They really did keep everything."
14;39333;41467;">> KIM: They kept everything.
>> JOSH: We sold it fully"
15;41467;43600;"furnished, remember?
>> KIM: That bowl wasn't mine."
16;43600;47200;"(Khloe laughs)
It's just a fun opportunity to"
17;47200;50100;"relive all those memories and
see the house before someone"
18;50100;52567;"else bought it.
So, this is where Mom and I got"
19;52567;55133;"into the food fight with the
cupcakes."
20;55133;58266;">> KRIS: I am so proud of you.
You're showing off your little"
21;58266;63066;"cupcake, and I think...
(laughter)"
22;63066;67033;"Really? Really?
You don't want to mess with me,"
23;67033;69033;"bitch!
>> KIM: The memories, Kokes."
24;69033;71066;">> KHLOE: As long as you got
your tits in there, it's a good"
25;71066;74133;"video.
>> KIM: This is my same exact"
26;74133;77433;"bedding, you guys.
Oh, my God, this is where I"
27;77433;80433;"dropped Mason once.
>> KHLOE: What? Don't Snapchat"
28;80433;82467;"that you dropped Mason.
(Josh chuckles)"
29;82467;84834;">> KIM: It was no big deal.
I caught him."
30;84834;87200;">> KHLOE: Kim, you've got to go
see your glam room."
31;87200;89734;">> KIM: Oh, my God, my logos are
still on it."
32;89734;91900;">> KHLOE: Tell me that's not
amazing."
33;91900;94200;">> KIM: This is where they TP'd
my house."
34;94200;95934;"Do you remember?
>> KHLOE: Oh, (bleep)."
35;95934;99367;"When you got so mad.
>> KIM: TP'd the whole front."
36;99367;102000;">> KRIS: This is like an art
form."
37;102000;104133;"(Jonathan gasps)
>> KIM: I am so pissed."
38;104133;105700;">> JONATHAN: Now you're gonna be
even more pissed."
39;105700;107600;"This is, like...
>> KIM: I don't find this funny."
40;107600;110967;"On my roses?
>> KHLOE: I've never seen"
41;110967;112967;"someone get so mad off of a...
Like, that's, like, you're not"
42;112967;114433;"being...
>> KIM: Was I pregnant or"
43;114433;115934;"something?
>> KHLOE: No, you were just a"
44;115934;117633;"bitch.
(Josh laughs)"
45;117633;119533;"♪ ♪"
46;140867;143367;">> KHLOE: Kourtney, you're so
tiny, it makes no sense."
47;143367;145567;">> KOURTNEY: I need to just...
>> KHLOE: And that's your skin"
48;145567;147467;"color from Egypt.
>> MAN: Someone came in and..."
49;147467;148834;">> KHLOE: Would you lay out
less?"
50;148834;150200;"(Kourtney blows air)
What are you doing?"
51;150200;151800;">> KOURTNEY: You have a little
black dot."
52;151800;153800;">> KHLOE: Well, she's not done.
Freak."
53;153800;157867;">> KOURTNEY: So. Um...
>> KHLOE: What the (bleep) are"
54;157867;159600;"you trying to say?
Spit it out."
55;159600;161400;">> KOURTNEY: I was just gonna
tell you about my conversation"
56;161400;163133;"with Corey.
>> KHLOE: Oh, when he said"
57;163133;164633;"something to you?
>> LARSA: But wait, why?"
58;164633;166100;"What happened with you, Khlo?
What happened?"
59;166100;167767;"Like, you guys have...
>> KHLOE: Nothing happened to"
60;167767;169600;"me, and I haven't talked
(bleep)."
61;169600;171100;"Like, I've never been rude to
him."
62;171100;172667;"Like, we were, like, cool.
>> LARSA: Yeah. Yeah."
63;172667;174667;">> KHLOE: And then he said
something to Malika at this"
64;174667;177967;"concert, and he was like, "You
know, there's that one sister"
65;177967;182934;"who hates me."
Lik was like, "This guys is...""
66;182934;184633;">> LARSA: Where's this coming
from? Yeah."
67;184633;186734;">> KHLOE: Right. But he's such a
baby; like, you're making this a"
68;186734;188900;"bigger scene.
It's like, you talk (bleep)"
69;188900;190967;"about me to Malika, who's gonna
tell me."
70;190967;193467;"You talk (bleep) about me to
Kourtney, who's gonna tell me."
71;193467;197133;"He makes me very uncomfortable.
When Corey and my mom started"
72;197133;201600;"dating, I was definitely
skeptical just because my mom"
73;201600;204333;"just got out of a 24-year
marriage, and I was just being"
74;204333;206400;"protective.
But I thought Corey and I have"
75;206400;209033;"been fine.
And now I'm hearing that Corey's"
76;209033;211433;"been talking (bleep) about me?
>> KOURTNEY: Why would you not"
77;211433;213867;"want to get along with your...
with your girlfriend's daughter?"
78;213867;216433;">> KHLOE: Whatever we are. Yeah.
It's so weird."
79;216433;219333;">> KOURTNEY: Like, that attitude
is so (bleep) lame."
80;219333;221333;">> KHLOE: Yeah.
>> KOURTNEY: It's like, well,"
81;221333;223333;"you should care.
If you're dating my mom, you"
82;223333;228266;"should care if her kids like you
or not."
83;228266;230166;"♪ ♪"
84;232633;234734;">> KHLOE: Who wears a
short-sleeve fur jacket?"
85;234734;236834;">> KIM: Sell that. Mom, sell
that right away."
86;236834;239033;">> KOURTNEY: Get rid of that.
>> KIM: And, Mom, do you like"
87;239033;240934;"bag?
>> KRIS: This?"
88;240934;242867;">> KHLOE: Yeah, that is
cheeseball."
89;242867;244867;">> KRIS: It is the coolest beach
bag."
90;244867;246867;"It's so cute with my black
bathing suit and my little black"
91;246867;249433;"cover-up and my black Chanel
sandals."
92;249433;251266;">> KIM: Okay.
>> KHLOE: I get it; I have"
93;251266;252700;"things none of you guys like,
either."
94;252700;254633;">> KOURTNEY: Oh, ain't that the
truth."
95;254633;256633;"(Khloe laughs)
>> KRIS: All right, you guys."
96;256633;259633;"So, I need to find something to
wear to this thing Saturday"
97;259633;263166;"night where I could wear this.
>> KHLOE: Why?"
98;263166;265700;">> KRIS: Because I have the
biggest earlobes in the"
99;265700;267600;"universe."
100;269700;271367;">> KHLOE: Mom, you're just being
dramatic."
101;271367;273100;"First of all, you don't have
big earlobes, and now you're"
102;273100;274900;"nitpicking.
>> KRIS: I am not nitpicking."
103;274900;276700;">> KHLOE: So wear, like, a
headband or something."
104;276700;278700;">> KIM: Maybe you can add some
hair extensions to cover your"
105;278700;280700;"ears.
>> KRIS: Love."
106;280700;283533;">> KHLOE: Mom, are you for real?
>> KRIS: I am for real."
107;283533;286333;"(laughs)
I got to cover my ears."
108;286333;288400;">> KHLOE: No, you don't.
>> KRIS: I could do this."
109;288400;290600;">> KIM: You're just not a beanie
kind of girl."
110;290600;292600;">> KHLOE: You need to be more
glam, which is, like, a turban-y"
111;292600;294600;"type of thing.
>> KRIS: Okay, who knows how to"
112;294600;296100;"do a turban?
>> KHLOE: Didn't you learn"
113;296100;297700;"anything from the prince of
India?"
114;297700;299700;">> KRIS: No, I can't figure it
out."
115;299700;302266;"When I used to sit and watch
Grandma Lou do her makeup, she"
116;302266;305200;"had these big earlobes, and I
learned that your nose and your"
117;305200;307500;"ears keep growing your whole
life."
118;307500;309500;">> KHLOE: I don't think your
ears are that bad at all,"
119;309500;311500;"especially with those big
diamond studs you wear."
120;311500;313567;"Is that why you wear diamonds
that big, to hide your ears?"
121;313567;315967;">> KRIS: I can't afford for my
diamonds to get any bigger."
122;315967;318967;"Okay? I bought these earrings.
When I put them on, I couldn't"
123;318967;321633;"wear them.
They hung like two cow udders."
124;321633;323300;"They were horrible.
>> KOURTNEY: ♪ Do your ears hang"
125;323300;325133;"low?
Do they wobble to and fro? ♪"
126;325133;328367;">> KRIS: ♪ To and fro? ♪
All I want is just cute ears."
127;328367;332000;"I really like to look my best at
all times, and ever since Kim"
128;332000;335467;"made a comment about my ears,
I've always wondered."
129;335467;337867;"And now I'm looking in the
mirror obsessively."
130;337867;340667;"Like, are they, are they too
big?"
131;340667;344800;"And what was she talking about?
But I think that the decision to"
132;344800;350100;"do something about my
ever-changing ears (laughs)"
133;350100;353000;"is suddenly a priority.
I play with them all day,"
134;353000;355467;"they're so big.
They're, like, flapping."
135;355467;357567;">> KOURTNEY: Oh, my God.
>> KHLOE: Ew."
136;357567;359700;">> KOURTNEY: I'm so worried
about your ears."
137;359700;362734;">> KRIS: (chuckles) My ears.
>> KOURTNEY: Oh, my God."
138;362734;365200;"(Kris laughs)
If you just did this."
139;365200;367300;">> KIM: I get it.
>> KOURTNEY: Is this like a"
140;367300;370700;"whole new woman?
Khloe, what do you..."
141;370700;378734;"(Kris laughs)
♪ ♪"
142;378734;382400;">> KIM: It is lit with this
choker."
143;382400;384500;">> KOURTNEY: My lower back hurts
so much."
144;384500;387600;">> KHLOE: My knee kills from
(bleep) SoulCycle, but my left"
145;387600;390266;"knee, the knee that's never had
surgery."
146;390266;393800;"(sighs)
I'm so tired."
147;393800;396266;"This is gonna be a fun workout.
>> KOURTNEY: Why?"
148;396266;399567;">> KHLOE: Just feel sluggish.
>> KOURTNEY: Did you go out last"
149;399567;402233;"night?
>> KHLOE: No. Did not go out."
150;402233;404300;">> KOURTNEY: Did you drink?
>> KHLOE: Nope."
151;404300;406333;">> KOURTNEY: Did you eat
breakfast?"
152;406333;408333;">> KHLOE: I don't really eat
breakfast."
153;408333;409834;"Hi, Joe.
>> JOE: Good morning, girls."
154;409834;411233;">> KOURTNEY: Hi.
>> JOE: How you doing?"
155;411233;414100;">> KHLOE: I did the stairs.
Kourtney just sat here and did"
156;414100;415934;"lazy stretching.
>> KOURTNEY: Stretching."
157;415934;417934;">> KHLOE: But, anyway, on to the
next."
158;417934;420600;">> JOE: On to the next.
>> KOURTNEY: What are we doing?"
159;420600;424266;">> JOE: Crunches. Stay on the
floor, grab your arm, and lift"
160;424266;426433;"me everything by keeping your
arm..."
161;426433;429033;"That's it. Breathe out.
>> KHLOE: Is this supposed to"
162;429033;431233;"hurt my lower stomach?
>> JOE: Nope."
163;431233;433066;">> KHLOE: No?
>> JOE: No. You feel it, like,"
164;433066;434500;"the...
>> KOURTNEY: Like, pulling."
165;434500;436000;">> JOE: You feel the tension?
>> KHLOE: Yeah. Like, I've never"
166;436000;437700;"felt that before.
>> JOE: This one is more."
167;437700;439600;">> KOURTNEY: Well, if you
never felt it before, then it's"
168;439600;442100;"safe to say you're not supposed
to feel it."
169;442100;443633;">> KHLOE: Should I just do
regular?"
170;443633;445633;">> JOE: Like, small crunches.
>> KOURTNEY: What should I do?"
171;445633;447834;">> JOE: Five more.
>> KHLOE: Do the thing you were"
172;447834;450467;"supposed to be doing."
173;457900;461600;">> KHLOE: Lately, I have been so
sluggish and bloated, and"
174;461600;464133;"Tristan keeps teasing me 'cause
he keeps saying, "Oh, I think"
175;464133;465934;"you're pregnant."
He keeps putting his hand on my"
176;465934;468400;"tummy.
And it's not far-fetched, it's"
177;468400;478467;"just... I'm not pregnant.
There's no way."
178;478467;480467;">> KOURTNEY: I was like, "Is
that Corey?""
179;480467;482867;"And he was like, "Everyone,
like, they don't like me" or"
180;482867;484834;"whatever.
>> KHLOE: Who doesn't like him?"
181;484834;487066;"Tell him to answer the que...
Spit it out, Corey!"
182;487066;489066;">> KOURTNEY: He's like, "I just
know what people, like, think"
183;489066;491066;"about me" or whatever.
>> KHLOE: I've never given a"
184;491066;495834;"sprinkle of that.
It's so crazy."
185;495834;497800;">> ALEXA: Oh, my God."
186;502100;504000;"♪ ♪"
187;506767;510133;">> KHLOE: Alexa!
>> ALEXA: Yeah."
188;510133;512033;">> KHLOE: Um..."
189;514667;518600;">> ALEXA: Oh, my God.
Like, there are two lines."
190;518600;521633;">> KHLOE: Yeah.
Clear as day."
191;521633;525533;"I am pregnant.
>> ALEXA: No."
192;525533;527633;">> KHLOE: Yeah. (chuckles)
>> ALEXA: No, you're not."
193;527633;530400;">> KHLOE: No, I am.
And I felt that I was."
194;530400;532433;">> ALEXA: You've been saying it.
>> KHLOE: I know."
195;532433;534433;">> ALEXA: And you said you were
in the shower and you had to sit"
196;534433;536500;"down.
>> KHLOE: Oh, my God, yes."
197;536500;539433;"After my workout was the
first-- I've never felt that"
198;539433;541600;"tired in my life.
>> ALEXA: That's so weird."
199;541600;546667;">> KHLOE: It's so crazy.
I'm pregnant. (laughs)"
200;546667;549200;"I'm super nervous, but really
excited."
201;549200;551433;"There's a million different
emotions that are going on in my"
202;551433;554066;"brain, but I think I'm in a
state of shock."
203;554066;556433;"I almost can't believe it,
but in good shock."
204;556433;559433;"Tristan and I have always
discussed that in August we"
205;559433;562333;"would start trying having kids
and I would get off birth"
206;562333;564500;"control.
I ended up getting off birth"
207;564500;567633;"control a few months before
because I met Dr. Huang."
208;567633;569467;">> DR. HUANG: There is a
possibility that you being on"
209;569467;571233;"the pills as long as you have
has kind of suppressed your"
210;571233;573100;"ovaries and not let me see
all the other follicles."
211;573100;574967;">> KHLOE: Mm-hmm.
>> DR. HUANG: So get off the"
212;574967;577266;"pills.
And if we do that, and, uh,"
213;577266;579767;"things look great, awesome.
If things don't look good,"
214;579767;582367;"definitely consider getting some
of these maybe in the freezer."
215;582367;584867;">> KHLOE: Okay.
It's the weirdest, best,"
216;584867;588667;"craziest just... (bleep)."
217;590767;592767;">> ALEXA: Did you call Tristan?
>> KHLOE: Yeah, when he answered"
218;592767;595600;"the phone, I was, like, holding
this, like, just that."
219;595600;598166;"I'm, like, shaking, and he was
like, "What? I can't see"
220;598166;600433;"anything."
I was like, "(bleep) look at"
221;600433;602367;"the thing!" He's like, "It says
'poor connection.'""
222;602367;604767;"I was like, "(bleep)," 'cause
he's in Toronto."
223;604767;606767;">> ALEXA: Oh, my God.
>> KHLOE: So he has no service."
224;606767;608767;"And I was like, "I'm pregnant."
He was like, "Oh, my God.""
225;608767;610834;"He's like, "Wait, are you
kidding or serious?""
226;610834;613133;"I was like, "No, I'm serious."
And then I started crying."
227;613133;615066;"He's like, "Are you crying?"
And I was like "I'm crying.""
228;615066;617066;"I was like, "I don't know what's
happening.""
229;617066;619066;">> ALEXA: Oh, my God.
>> KHLOE: Because we've said..."
230;619066;621200;">> ALEXA: He's been wanting
this."
231;621200;623633;">> KHLOE: I know. Like, we put
it in the universe."
232;623633;625834;">> ALEXA: So, like, this is like
a blessing."
233;625834;627734;">> KHLOE: It's crazy.
It's totally a blessing."
234;627734;629667;"It's just really real.
>> ALEXA: I can't believe you're"
235;629667;632734;"pregnant.
>> KHLOE: I know. It's so real."
236;632734;634967;">> ALEXA: Can you call your
sisters?"
237;634967;637367;">> KHLOE: No. I don't want
anyone to know, because I want"
238;637367;639400;"to tell them, like, with
Tristan."
239;639400;641567;">> ALEXA: Yeah.
>> KHLOE: And then, weirdly,"
240;641567;643900;"Tristan's whole family is coming
here."
241;643900;647967;"So my mom was already planning
on having a barbecue at her"
242;647967;650033;"house, so that's...
>> ALEXA: So that's perfect."
243;650033;652433;">> KHLOE: Yeah, she was already
doing that, so I just figure,"
244;652433;654767;"let's piggyback onto that.
>> ALEXA: Yeah."
245;654767;656667;">> KHLOE: I would love to tell
everyone at one time so no one"
246;656667;658600;"feels, like...
>> ALEXA: Yeah."
247;658600;660433;">> KHLOE: ...we told one before
the other."
248;660433;663734;"I think it's just gonna be so
hard not to tell, like, anyone."
249;663734;665767;">> ALEXA: I actually can't
believe you're pregnant."
250;665767;670333;">> KHLOE (laughs): I can't
believe I'm pregnant, either."
251;670333;676767;"(both laugh)
♪ ♪"
252;676767;680166;"Do we look like real sisters
right now?"
253;680166;682100;">> KIM: Hi.
>> JASON: Hi, guys."
254;682100;683934;"Great to see you again.
How are you?"
255;683934;685667;">> KIM: Good. How are you?
>> JASON: Good to see you."
256;685667;687333;">> KRIS: I'm Kris.
>> JASON: Hi, Kris, it's so nice"
257;687333;689066;"to meet you.
>> KRIS: Nice to meet you."
258;689066;690567;">> JASON: How are you?
>> KRIS: Good. Really good."
259;690567;692400;">> JASON: I'm so glad you guys
are here."
260;692400;696166;"So, I have a practice in Moscow
and Dubai and New York, so I see"
261;696166;699500;"everybody from all over the
world, and it's, you know, I get"
262;699500;702400;"the requests to look, you know,
people bring pictures."
263;702400;705767;"I mean, I get Angelina and I get
Megan Fox, but you are the"
264;705767;707567;"number one person that people...
>> KIM: No way."
265;707567;709500;">> JASON: Number one.
>> KIM: Is she gonna do the"
266;709500;711333;"picture thing?
>> JASON: You want to put your"
267;711333;713400;"face in the camera?
We can put you on the computer"
268;713400;716934;"and show you what I see.
>> KRIS: Yeah."
269;716934;720667;"Dr. Jason Diamond is a
world-renowned surgeon who"
270;720667;724567;"specializes in plastic surgery
of the face."
271;724567;727667;"So I know he'll be able to help
me with my earlobes and get"
272;727667;731333;"everything kind of moved up to
the right place."
273;731333;734266;">> JASON: So, there's some very
straightforward things that can"
274;734266;737066;"make a big difference.
>> KRIS: Thank you, God."
275;737066;741166;">> JASON: So, what we do is cut
out a wedge of tissue that looks"
276;741166;743166;"something like this.
>> KRIS (shudders): Oh."
277;743166;746266;">> JASON: So, all that is gone.
And it just brings this up like"
278;746266;749934;"this.
The procedure takes about 30"
279;749934;752400;"minutes.
It looks good in three days."
280;752400;754500;"You would love it.
It'd be great."
281;754500;756400;">> KRIS: Yeah. Who even knew you
could do that?"
282;756400;759433;">> JASON: Yeah, that alone will
take five, ten years off of you."
283;759433;761767;"Just the earlobe reduction.
>> KRIS: Like, my earlobes are"
284;761767;763700;"out of control.
>> JASON: Yeah, and, you know,"
285;763700;765734;"it's a common saying, as we get
older, our nose and our earlobes"
286;765734;770133;"grow, so...
>> KRIS: It's so annoying."
287;770133;772033;"♪ ♪"
288;778600;781133;">> KIM: I love it out here.
>> KHLOE: It's very nice and"
289;781133;783767;"relaxing.
Hi, Goober."
290;783767;786900;">> KIM: Goober. Goober.
>> KHLOE: Then she's gonna go"
291;786900;790000;"over there and then you're gonna
say, "Why is the dog over here?""
292;790000;792633;"But you called her name.
>> KIM: Oh, hi, Goober."
293;792633;794600;"(chuckles)
Gabbana Goober."
294;794600;796467;"Let's see your teeth.
>> KHLOE: Why is that so funny"
295;796467;798767;"for-- to you?
>> KIM: I don't know."
296;798767;802934;">> KHLOE: Stay. Good girl.
(gasps) Oh, my goodness!"
297;802934;804734;">> TRISTAN: What's up, what's
up, what's up?"
298;804734;806333;">> KIM: I thought North was
here."
299;806333;807700;">> TRISTAN: Hello, everybody.
Hello, everybody."
300;807700;812233;">> KIM: Let's cue the cute
music."
301;812233;814133;">> KHLOE: I love you."
302;815633;817767;">> KIM: Let's cue the romantic
music."
303;817767;819700;">> KHLOE: It's been two weeks!
>> KIM: Really? Two weeks?"
304;819700;821600;">> KHLOE: He's been gone for two
weeks!"
305;821600;823600;">> TRISTAN: A week and a half.
Nine days."
306;823600;825867;">> KIM: That's so cute that you
still get so excited."
307;825867;827800;">> KHLOE: "Still." We've only
known each other for a year."
308;827800;829533;">> TRISTAN: That's true, isn't
it?"
309;829533;831767;">> KIM: I know.
I'm like, "Oh, hey.""
310;831767;834033;">> KHLOE: You know, Kim doesn't
know that this is the first"
311;834033;838567;"time I'm seeing Tristan since we
confirmed that I am pregnant,"
312;838567;841867;"and we're both so excited and
happy about it."
313;841867;845433;"Also, Tristan and Alexa are
really the only two people that"
314;845433;848633;"know that I'm pregnant, so
having Tristan back in town,"
315;848633;852133;"and I could share just how I'm
feeling or, like, my nerves"
316;852133;854800;"or my excitement, it makes me
feel really good."
317;854800;857467;"So it's good to have my support
system back here."
318;857467;859400;">> TRISTAN: She's asking you to
rub her stomach."
319;859400;862233;">> KIM: I know.
>> KHLOE: She's persistent."
320;862233;864367;">> TRISTAN: Wow. I'm-a be
honest..."
321;864367;866700;"(Kim high-pitched squeaking)
(Tristan laughs)"
322;866700;869233;">> TRISTAN: Well, I'm gonna go,
uh, use the bathroom."
323;869233;871300;">> KHLOE: When you're done, I
want to come and bother you."
324;871300;873200;">> TRISTAN: That's fine.
I'm waiting for that."
325;873200;874967;">> KIM: She loves it.
>> TRISTAN: I'm waiting for"
326;874967;877200;"that.
>> KIM: Gabbana, I was very"
327;877200;880500;"generous.
You have great teeth, Gabbana."
328;880500;883133;"She does.
>> KHLOE: She has great teeth?"
329;883133;885333;">> KIM: Very, like, straight
teeth."
330;885333;887300;">> KHLOE: Thank God, or you
would probably make me give her"
331;887300;893066;"dental surgery.
♪ ♪"
332;893066;894967;"(vocalizing)"
333;900667;903800;"Okay, your breathing, you've
got to chill."
334;903800;907100;"Like, you're breathing so hard.
>> KOURTNEY: Khlo."
335;907100;911166;"What is the stick that is shoved
so far up your ass and your"
336;911166;915166;"vagina at the same time?
You need to lighten up."
337;915166;917900;"You have a permanent attitude
every day."
338;917900;919633;">> KHLOE: I don't think so to
other people, 'cause no one else"
339;919633;921266;"says it.
>> KOURTNEY: Not to anyone else."
340;921266;922800;">> KHLOE: Oh, to you.
>> KOURTNEY: It's the way you"
341;922800;924367;"even look at me...
>> KHLOE: I know."
342;924367;926166;">> KOURTNEY: ...is, like,
atrocious."
343;926166;927800;">> KHLOE: It's not atrocious.
I just feel like you and I are"
344;927800;929533;"not vibing.
>> KOURTNEY: But guess what?"
345;929533;931333;">> KHLOE: You don't care.
>> KOURTNEY: We're soul sisters."
346;931333;933166;">> KHLOE: Oh.
>> KOURTNEY: No, I don't not"
347;933166;935900;"care.
You little (bleep) whore."
348;935900;938834;"Every time I see you, you just
stare me down in, like, an"
349;938834;941000;"evil way.
>> KIM: How was Poppy?"
350;941000;943467;">> KOURTNEY: Kendall was there,
and, uh, the basketball player"
351;943467;946734;"was there.
But I look over and I see, like,"
352;946734;950867;"a black guy sitting there with
a bottle of 1942, like, holding"
353;950867;953000;"it, just sitting like this.
>> KIM: For dear life?"
354;953000;955667;">> KOURTNEY: No, but I was like,
"Is that Corey?""
355;955667;958133;"He shaved his beard so he looks
totally different."
356;958133;960100;"Then I talked to him.
I'm like, "Are you coming to the"
357;960100;963867;"barbecue?" and he was like,
"Uh, I don't think so.""
358;963867;965834;">> KHLOE: Why?
We're planning on this."
359;965834;967533;">> KOURTNEY: Like, "Seeing
everyone, it's, like, hard.""
360;967533;969066;"And then I was like...
>> KIM: Who?"
361;969066;970800;">> KHLOE: Seeing everyone is
hard?"
362;970800;972567;">> KOURTNEY: Like, "Everyone,
like, they don't like me," or"
363;972567;974633;"whatever, and I'm like...
>> KHLOE: Tell him to answer the"
364;974633;977066;"que... spit it out, Corey, and
be direct."
365;977066;979500;">> KOURTNEY: I know, so I said,
"Khloe was just telling me how"
366;979500;982533;"she feels like you hate her."
He's like, "I just know what"
367;982533;984567;"people, like, think about me,"
or whatever."
368;984567;986734;">> KHLOE: I've never given a
sprinkle of that energy."
369;986734;988533;">> KIM: Same.
>> KHLOE: You should say,"
370;988533;990433;""Khloe would like to talk to
you.""
371;990433;992066;">> KOURTNEY: Do you want me to
text him that?"
372;992066;994166;">> KHLOE: Yeah.
Tristan and I have this really"
373;994166;997734;"huge barbecue coming up, and I
know Corey will probably be"
374;997734;1001133;"there, and I don't want there
to be any weird tension."
375;1001133;1005567;"I want everything to be
peaceful and enjoyable."
376;1005567;1008800;"And, plus, I really don't want
my mom to be stressed about any"
377;1008800;1012000;"potential drama between her
boyfriend and her daughter."
378;1012000;1014066;"(line ringing)
Oh."
379;1014066;1015834;">> KIM: Are you FaceTiming him?
>> KHLOE: No, don't FaceTime."
380;1015834;1017400;">> KOURTNEY: Why?
>> KIM: We said text him."
381;1017400;1019300;">> KHLOE: Shh. Just say-- okay.
(whispering): Just say, "Khloe"
382;1019300;1021333;"would love to see..."
Oh, my God, you're making this"
383;1021333;1023767;"so awkward now.
Oh, my God, why would you do"
384;1023767;1027934;"that?
>> COREY (over phone): Yo."
385;1027934;1029867;">> KIM: Oh, my God, can you
believe you're cutting your"
386;1029867;1034066;"(bleep) ears off? (laughs)
>> KRIS: You piece of (bleep)."
387;1034066;1036233;">> KHLOE: So what do you want to
do, exactly?"
388;1036233;1038133;"I'm getting anxiety, like, a
lot."
389;1038133;1039934;"Can we get everyone to the
table?"
390;1039934;1046066;">> KRIS: Come on.
>> KHLOE: Oh, my God."
391;1046066;1047800;"(line ringing)
>> KHLOE: Oh."
392;1047800;1049367;">> KIM: You're FaceTiming him?
>> KHLOE: No, no, don't"
393;1049367;1051000;"FaceTime.
>> KIM: We said text him."
394;1051000;1053033;">> KHLOE: Shh! Just say-- okay.
(whispering): Just say, "Khloe"
395;1053033;1054934;"would love to see..."
Oh, my God, you're making this"
396;1054934;1057700;"so awkward now.
Oh, my God, why would you do"
397;1057700;1060100;"that?
>> COREY (over phone): Yo."
398;1060100;1063333;">> KOURTNEY: Hi. Come to the
barbecue 'cause Khloe wants to"
399;1063333;1066166;"talk to you.
>> KHLOE (whispering): Nicely."
400;1066166;1068867;"Nice, like in a nice way.
>> KOURTNEY: Nicely."
401;1068867;1070867;"Khloe wants to talk to you
nicely."
402;1070867;1073100;"She would love for you to be
there."
403;1073100;1075133;"Did you hear me?
>> COREY: You're not even"
404;1075133;1077033;"saying...
>> KOURTNEY: Here, I'll text"
405;1077033;1079033;"you; the connection is bad.
>> COREY: All right."
406;1079033;1082300;">> KOURTNEY: Okay, bye.
>> KHLOE: I am so nervous to"
407;1082300;1086266;"talk to Corey about any of our
weird problems that we have"
408;1086266;1088533;"together.
I mean, Tristan and I are going"
409;1088533;1090834;"through a lot of changes right
now."
410;1090834;1094300;"I want him at the barbecue to
hear our announcement."
411;1094300;1096734;"But we just don't need any extra
drama."
412;1096734;1098767;"I don't even know what the drama
is anymore."
413;1098767;1101967;"I'm... It's, like, crazy.
Cool."
414;1101967;1104266;">> KOURTNEY: I'm going to
Kendall and Kylie's"
415;1104266;1106967;"gynecologist.
I just wanted you guys all to"
416;1106967;1108967;"know that.
>> KHLOE: Good."
417;1108967;1114667;">> KIM: That's exciting.
>> KOURTNEY: Spicing up my life."
418;1114667;1116567;"♪ ♪"
419;1119567;1124900;"You have a red dot of lipstick
randomly up here."
420;1124900;1129900;"It might be necessary to look in
the mirror."
421;1129900;1132900;">> KHLOE: Have you ever been
this hot in your life?"
422;1132900;1135867;"Ugh, I'm literally sweating.
>> KOURTNEY: I'd like to try one"
423;1135867;1140333;"of these.
>> KHLOE: They're a little sour."
424;1140333;1144734;">> KOURTNEY: Golden berries.
That's so much sugar."
425;1144734;1149066;"Last night, I had rice, chicken,
brussels sprouts, carrots."
426;1149066;1151500;"What do you eat for dinner?
>> KHLOE: Last night, I had an"
427;1151500;1153500;"artichoke.
>> KOURTNEY: And you think"
428;1153500;1155500;"that's good?
>> KHLOE: What?"
429;1155500;1157500;">> KOURTNEY: Where's your
protein?"
430;1157500;1159700;">> KHLOE: It's some in an
artichoke."
431;1159700;1161734;">> KOURTNEY: Is there?
>> KHLOE: Yeah, I Googled the"
432;1161734;1165200;"nutritional value.
Get off my dick for two seconds."
433;1165200;1167200;">> KOURTNEY: So, where does it
all go wrong?"
434;1167200;1170066;"(chuckles) What are you eating?
Are you snacking?"
435;1170066;1172400;">> KHLOE: So, you think I'm fat.
>> KOURTNEY: No, but I think"
436;1172400;1174667;"you've gained a few pounds.
>> KHLOE: You think that?"
437;1174667;1176667;">> KOURTNEY: Yeah.
>> KHLOE: Since when?"
438;1176667;1179200;">> KOURTNEY: I don't know.
Since Tristan's been back."
439;1179200;1182467;"Haven't you guys amped up the
eating since he's been back?"
440;1182467;1184700;">> KHLOE: Probably.
>> KOURTNEY: That's not a bad"
441;1184700;1186900;"thing.
>> KHLOE: Well..."
442;1186900;1189567;">> KOURTNEY: Got to live life.
>> KHLOE: I know I'm bigger."
443;1189567;1194400;"What do you want me to do?
>> KOURTNEY: I could tell you a"
444;1194400;1197200;"few small tips that would just
help you instantly."
445;1197200;1201233;"(Khloe coughing)
Just a healthier way to, like,"
446;1201233;1204133;"be is to just... Are you okay?"
447;1206233;1210033;">> KHLOE: No, don't.
(coughing)"
448;1210033;1212767;">> KOURTNEY: You have...
>> KHLOE: Stop! There are too"
449;1212767;1214900;"many things happening.
>> KOURTNEY: You have stuff all"
450;1214900;1216900;"on your teeth.
>> KHLOE: Stop."
451;1216900;1218900;"(both laughing)
No."
452;1218900;1221367;"(coughs)
Just stop hitting me just one"
453;1221367;1225567;"minute.
I'm sweating to death, I'm"
454;1225567;1232400;"choking, and I'm being attacked
by red lipstick."
455;1232400;1234300;"♪ ♪"
456;1237800;1241567;"Let's get up for the day.
>> KRIS: Hi!"
457;1241567;1243567;">> NURSE: How are you?
>> KRIS: You guys, was I"
458;1243567;1245767;"supposed to not eat?
>> JASON: No, it's okay, 'cause"
459;1245767;1247767;"you're just doing local.
>> KRIS: I had a shake, a little"
460;1247767;1249166;"bit of a shake.
How are you? Mwah. Good morning."
461;1249166;1251166;">> JASON: Mwah. Good morning.
No, it's okay, 'cause it's just"
462;1251166;1252500;"local.
>> KRIS: Yeah."
463;1252500;1254500;">> JASON: So it's no problem.
>> KRIS: Yeah, Kim just wrote me"
464;1254500;1256166;"and said, "Mom, I can't get
you an...""
465;1256166;1259066;"She's coming here in a minute.
She's on her way, and she goes,"
466;1259066;1261133;""I would get you something, but
you can't eat.""
467;1261133;1262600;"I'm like...
>> JASON: Well, let's not eat"
468;1262600;1264266;"anything else.
>> KRIS: "Is it 'cause I'm fat"
469;1264266;1267467;"or because I'm doing this
procedure?""
470;1267467;1270600;"(Jason laughs)
>> NURSE: Hello! How are you?"
471;1270600;1272600;">> JASON: ...wide awake, so if
anything bothers you at all,"
472;1272600;1274066;"you'll just say, "Hey..."
>> KIM: Hello."
473;1274066;1275533;">> JASON: You won't feel a
thing."
474;1275533;1277600;">> KIM: Oh, you're wide awake?
>> JASON: Oh, yeah, just a"
475;1277600;1279600;"little Valium.
>> KRIS: Look at her face."
476;1279600;1281600;">> JASON: It's nothing.
>> KIM: Okay, well, I'll be in"
477;1281600;1283667;"the other room eating my
breakfast while you're wide"
478;1283667;1285667;"awake.
>> KRIS: Wide awake."
479;1285667;1287066;">> JASON: Yeah, just a little
local."
480;1287066;1288667;">> KIM: I canceled my other
appointments, so I'll stay here."
481;1288667;1291133;">> KRIS: Thank you. Thank you!
>> KIM: You're welcome."
482;1291133;1293133;">> KRIS: I'm a little nervous.
They're gonna give me a Valium."
483;1293133;1295133;">> KIM: You're nervous?
>> KRIS: Mm-hmm."
484;1295133;1297133;">> JASON: Let's see if we can
make some marks first."
485;1297133;1299166;"And if this hurts at all, tell
me."
486;1299166;1301166;">> KIM: Oh, my God, can you
believe you're cutting your"
487;1301166;1305367;"(bleep) ears off?
>> KRIS: You piece of (bleep)."
488;1305367;1308233;"You are really mean.
That's so mean."
489;1308233;1311100;">> KIM: No, I just... It hit me.
I was, like, staring at your"
490;1311100;1313433;"ear, and I'm like, "Holy
(bleep).""
491;1313433;1316000;">> KRIS: My whole goal this
morning was to try not to focus"
492;1316000;1318000;"on what the actual procedure
was..."
493;1318000;1320000;">> KIM: Okay.
>> KRIS: ...and just chill into"
494;1320000;1322000;"the Valium.
>> KIM: It's chill."
495;1322000;1324433;"I am gonna go in the other room.
This is my cue."
496;1324433;1326467;"But I'll be right out there.
>> KRIS: Mm-hmm."
497;1326467;1329266;">> KIM: Chilling.
Okay?"
498;1329266;1331333;">> KRIS: Mm-hmm.
>> KIM: Good luck."
499;1331333;1333767;">> KRIS: Thank you.
>> JASON: After this, you're not"
500;1333767;1336133;"gonna feel anything.
>> KRIS: Mm."
501;1336133;1339066;">> JASON: This is, like, the
worst one right here."
502;1339066;1343367;"Good.
And right here, too."
503;1343367;1346400;">> KIM: Watching this is crazy
and very uncomfortable, but, you"
504;1346400;1348734;"know what, do what you got to
do."
505;1348734;1352166;"If you have to cut half your ear
off, all good."
506;1352166;1355467;"I'm here to support you.
>> JASON: Kris, you're done."
507;1355467;1358667;">> KRIS: Oh, my gosh.
>> JASON: It was easy, right?"
508;1358667;1361166;">> KRIS: You know, it's wild.
I never felt a thing."
509;1361166;1364600;"I'm excited. Thank you so much.
>> JASON: You're welcome."
510;1364600;1366767;">> KRIS: I really appreciate it.
>> KIM: Your ear looks like a"
511;1366767;1368767;"normal ear now.
Do you want a comb?"
512;1368767;1370934;">> KRIS: No.
>> KIM: I put it in my will that"
513;1370934;1373500;"I have to always have my hair
done if I'm, like... cannot..."
514;1373500;1376367;"(Jason chuckles)
...talk to myself or, like,"
515;1376367;1378867;"communicate.
>> KRIS: Yeah."
516;1378867;1381100;">> KIM: Mom, I'll make sure that
your hair's always done."
517;1381100;1383300;">> KRIS: Thank you.
>> KIM: If you don't know your"
518;1383300;1387500;"name, you'll have great hair.
Oh."
519;1387500;1389400;"♪ ♪"
520;1393700;1396166;"Hey, you look cute.
>> KRIS: Thank you."
521;1396166;1399333;"Hi!
How's my little girl?"
522;1399333;1402533;">> KIM: How are your ears?
>> KRIS: I don't know."
523;1402533;1404800;">> KIM: They look great, and
they look way better."
524;1404800;1408800;">> KRIS: You're so cute.
>> KOURTNEY: You did it, Mase."
525;1408800;1410800;">> REIGN: Mom...
>> KOURTNEY: Want to come up?"
526;1410800;1413834;">> REIGN: Yes. Hi, Mama.
>> KOURTNEY: Hi, baby."
527;1413834;1417333;">> REIGN: Dada.
♪ ♪"
528;1417333;1421066;">> KRIS: Hey, Mom, how are you?
>> MJ: I'm good, sweetheart."
529;1421066;1423800;">> KRIS: Good. Mwah.
You look pretty."
530;1423800;1426767;"Hi!
My bloody Valentine."
531;1426767;1429700;"I love you! I miss you so much.
>> KANYE: I love you, too."
532;1429700;1432567;">> KRIS: Oh, my God, I love you.
>> KANYE: I love you, too."
533;1432567;1435200;">> KRIS: Mm!
>> KHLOE: Hey, guys."
534;1435200;1438967;"Sorry we're late.
>> KRIS: Hi!"
535;1438967;1442166;"I'm so happy you're here!
Good to see you!"
536;1442166;1445934;"So good to see you!
Oh, my God, you look so"
537;1445934;1449333;"beautiful!
>> KHLOE: Hi!"
538;1449333;1452300;">> KIM: You dressed up.
>> KHLOE: So did you."
539;1452300;1454900;">> KIM: Will you introduce me...
>> KHLOE: Oh, Yeezus is here?"
540;1454900;1456900;">> KIM: ...to Tristan's mom?
>> KHLOE: Kim said you weren't"
541;1456900;1459066;"gonna be here.
So, guess what, this is a big"
542;1459066;1462333;"day.
>> KIM: I wasn't sure, so..."
543;1462333;1465066;">> KHLOE: Hi. You look cute.
Hi, Corey. You look nice."
544;1465066;1469800;"Oh, the Lord got a haircut!
And he brought the big dog."
545;1469800;1471900;">> SCOTT: This thing's a puppy.
>> KHADIJAH: That thing is not a"
546;1471900;1474100;"puppy.
Krissy, you have so many"
547;1474100;1475834;"grandkids now-- it's crazy.
>> KRIS: They're everywhere."
548;1475834;1477367;">> KHADIJAH: It's like we
blinked and you have more"
549;1477367;1478867;"grandkids than you almost have
children."
550;1478867;1482567;">> KRIS: ♪ They are everywhere!
What am I gonna do? ♪"
551;1482567;1486533;">> KHLOE: Babe.
>> KRIS: Do you want something"
552;1486533;1488533;"to drink, Khlo?
>> KHLOE: No, I'm okay, Mom."
553;1488533;1490533;">> KRIS: Are you sure?
>> KHLOE: Yeah."
554;1490533;1492533;"So what do you want to do,
exactly?"
555;1492533;1494533;"Like, do we bring out the cake?
Are you just, are we just"
556;1494533;1496734;"gonna say, "We have an
announcement"?"
557;1496734;1498734;">> TRISTAN: (clears throat)
"We are gathered here to-to"
558;1498734;1500834;"ascertain..."
>> KHLOE: You're gonna lead it."
559;1500834;1502166;">> TRISTAN: Huh?
>> KHLOE: You lead it."
560;1502166;1504166;">> TRISTAN: I'm gonna lead it,
then you'll finish."
561;1504166;1506767;"I'll lead, be like, "Thank you,
guys, you know, for coming...""
562;1506767;1508500;">> KHLOE: Okay.
>> TRISTAN: "...taking time out"
563;1508500;1510300;"of your guys' busy schedule."
>> KHLOE: "Thank you, guys, for"
564;1510300;1512033;"coming." Okay.
>> TRISTAN: "It's perfect"
565;1512033;1514133;"timing."
>> KHLOE: Okay, I'm getting"
566;1514133;1516700;"anxiety-- like, a lot.
>> TRISTAN: I mean..."
567;1516700;1518433;">> KHLOE: Oh, my God.
>> TRISTAN: Then we throw the"
568;1518433;1520100;"hammer down.
>> KHLOE: 'Kay."
569;1520100;1523633;"Tristan and I are so nervous to
tell everyone."
570;1523633;1526333;"I mean, we both don't know what
the hell we're doing, but we're"
571;1526333;1529333;"super excited and we're so lucky
and blessed to have everybody"
572;1529333;1531600;"here.
Can we get everyone from the"
573;1531600;1535667;"cabana to the table?
>> KRIS: Oh, okay. Come on."
574;1535667;1537667;"Come on, Scott.
>> TRISTAN: Well, first and"
575;1537667;1539667;"foremost, thank you, guys, for
all coming."
576;1539667;1541667;"Apologize for being 30 minutes
late."
577;1541667;1543667;"It was definitely my fault.
>> KHLOE: Thank you for being"
578;1543667;1546734;"honest.
>> TRISTAN: Um, Mama Kris, thank"
579;1546734;1548734;"you for allowing us to come.
I think it's perfect timing that"
580;1548734;1552400;"my family's here and all your
family's here to unite as one."
581;1552400;1555934;"And, um, we have an
announcement."
582;1555934;1562700;"KoKo, want to throw the hammer
down?"
583;1562700;1565367;">> KHLOE: Corey was doing
anything in his power to avoid"
584;1565367;1568133;"me.
>> KRIS: It's not okay with me."
585;1568133;1571934;"I want one big happy family.
Anything else is never gonna"
586;1571934;1573934;"work for me."
587;1578066;1581633;">> TRISTAN: We have an
announcement."
588;1581633;1584834;">> KHLOE: We're so bad at this.
We're just, like, excited but"
589;1584834;1587500;"nervous.
We are so awkward, both of us."
590;1587500;1589633;">> TRISTAN: KoKo, want to throw
the hammer down?"
591;1589633;1593967;">> KIM: Wait, what?
>> KHLOE: We're having a baby!"
592;1593967;1598066;"(all gasping, cheering)
>> KRIS: No way!"
593;1598066;1600800;"(applause)
>> KHLOE: Yes, we are!"
594;1600800;1603934;">> KRIS: Khloe!
Oh, my God!"
595;1603934;1605934;"Oh, Khloe!
I am so happy for you!"
596;1605934;1607934;">> KOURTNEY: No wonder you
gained a few pounds!"
597;1607934;1609934;">> KHLOE: Kourtney called me
fat."
598;1609934;1613734;">> KRIS: Hearing this news is
the most special thing that I"
599;1613734;1618533;"think anyone could ever tell me.
I'm ecstatically surprised."
600;1618533;1622100;"I always thought that maybe
Khloe would be one of those"
601;1622100;1626700;"women who didn't have kids.
And I struggled with that."
602;1626700;1630533;"It made me really sad.
Because no one that was born to"
603;1630533;1634066;"do this more than Khloe.
>> KIM: How far along are you?"
604;1634066;1636100;">> KHADIJAH: I'm so happy for
you."
605;1636100;1638500;">> MALIKA: Congratulations.
>> MASON: Congratulations."
606;1638500;1640667;">> KHLOE: Oh!
>> KOURTNEY: You're gonna have"
607;1640667;1644700;"a cousin right down the street!
>> ANDREA: Everybody have a"
608;1644700;1646567;"glass?
>> KIM: I have two glasses."
609;1646567;1648400;">> KRIS: Yes, we do.
>> ANDREA: It's a blessing"
610;1648400;1652700;"because there's so much woman
looking and cannot find it, but"
611;1652700;1656567;"you are chosen by the most high,
so let's give God thanks."
612;1656567;1661934;"Father, we thank you for this
day that you have made for us"
613;1661934;1665200;"when you choose a mother to have
your fruits."
614;1665200;1668266;">> KRIS: Amen.
>> ALL: Amen."
615;1668266;1670767;">> KRIS: Oh. Thank you.
>> MALIKA: Oh, I knew it was"
616;1670767;1674600;"gonna come eventually.
>> ANDREA: Just in time."
617;1674600;1679000;">> KHLOE: I...
was... freaking out."
618;1679000;1681000;"I was not...
>> MALIKA: But are you okay now?"
619;1681000;1682834;">> KHLOE: Of course I'm okay
now."
620;1682834;1684667;">> MALIKA: Meaning, like, you're
not scared."
621;1684667;1686667;">> KHLOE: I'm not dying.
Yes, I'm scared."
622;1686667;1688667;">> MALIKA: You were just
initially shocked."
623;1688667;1690867;">> KHLOE: Do I get to, like...?
I want to still go out and,"
624;1690867;1692867;"like, have fun.
>> KIM: One kid doesn't do"
625;1692867;1695233;"anything.
Especially at the beginning,"
626;1695233;1699934;"you'll just, like, lay there.
>> KHLOE (laughs): Okay, good."
627;1699934;1703300;"It feels so good to tell
everyone, and everyone's so"
628;1703300;1706066;"excited.
I'm happy that I get to talk"
629;1706066;1708066;"about it now with my sisters,
and my mom was just so"
630;1708066;1710734;"emotional.
This is literally her dream,"
631;1710734;1714400;"'cause she nudges me every day
about freezing my (bleep) eggs."
632;1714400;1718967;"So, feel really blessed.
>> KIM: Hey."
633;1718967;1721967;">> KENDALL: Hi.
>> KHLOE: I'm having a baby."
634;1721967;1723967;">> KENDALL: No, you're not.
>> KHLOE: No, I am."
635;1723967;1725967;">> KENDALL: What?
>> KHLOE: Yeah, it's so weird,"
636;1725967;1727967;"trust me.
(Kris laughs, phone beeping)"
637;1727967;1729967;">> KIM: Oh, wait.
This is Kylie calling."
638;1729967;1731800;"We'll call you right back.
>> KHLOE: I'm like, "Babe...""
639;1731800;1734333;">> KENDALL: Okay, love you. Bye.
>> KIM: Love you."
640;1734333;1735934;">> KHLOE: Well, you missed the
barbecue, and I really wanted to"
641;1735934;1737767;"tell you something.
That's why I said it would be"
642;1737767;1740400;"important for you to be here.
>> KYLIE: Are you pregnant?"
643;1740400;1742400;">> KHLOE: I'm pregnant.
(Kylie squeals)"
644;1742400;1744400;"Yes.
(laughter)"
645;1744400;1746200;">> KYLIE: ...'cause I'm gonna
cry."
646;1746200;1748033;">> KHLOE: Don't cry, because
it's..."
647;1748033;1749867;">> KRIS: Aw.
>> KYLIE No, like, seriously."
648;1749867;1751867;"(laughter)
I'm so happy for you!"
649;1751867;1755300;">> KHLOE: Oh, thank you.
>> KYLIE: And Tristan."
650;1755300;1759033;"Love you.
>> KHLOE: I'm pregnant. (laughs)"
651;1759033;1761033;">> KIM: That is so crazy.
>> KHLOE: It's different that"
652;1761033;1763367;"we're doing it together.
>> KIM: I wish that, like, I was"
653;1763367;1765367;"actually pregnant, but...
(Khloe chuckles)"
654;1765367;1768100;">> KIM: You know.
>> KRIS: I just never thought"
655;1768100;1770266;"that this one was gonna be
able to have a baby."
656;1770266;1772266;">> ANDREA: Aw.
Mama."
657;1772266;1775400;">> KRIS: I just want you to be
happy."
658;1775400;1777300;"♪ ♪"
659;1785967;1788834;"Hey.
>> KHLOE: Hey, Mom."
660;1788834;1791433;">> KRIS: Are these Tristan's?
>> KHLOE: They're not mine."
661;1791433;1793700;"Look how big the foot is.
>> KRIS: What size shoe does he"
662;1793700;1795734;"wear?
>> KHLOE: 15."
663;1795734;1800033;">> KRIS: Wow.
>> KHLOE: Um, I really want to"
664;1800033;1803867;"talk to you about something
that's serious."
665;1803867;1808500;"When we were all at your house,
I felt like Corey was doing"
666;1808500;1811266;"anything in his power to avoid
me."
667;1811266;1814100;"Some of my friends noticed.
They were like, "Is something"
668;1814100;1816200;"going on with you and Corey?
Like, why does every time you"
669;1816200;1818200;"walk in the room, he walks out
of the room?""
670;1818200;1820567;">> KRIS: Oh. Okay.
>> KHLOE: Like, I was announcing"
671;1820567;1822767;"I was having a baby, so I'm
sorry."
672;1822767;1825600;"The fact that he could barely
say congratulations to me blew"
673;1825600;1827600;"my mind.
>> KRIS: Yeah."
674;1827600;1829433;">> KHLOE: Don't be so (bleep)
dramatic."
675;1829433;1831633;"I want to know, like, what's
going on, and, like, why can't"
676;1831633;1834734;"we both just coexist, but more
so for you."
677;1834734;1837433;"Like, I don't want you to feel
ever uncomfortable, especially"
678;1837433;1840600;"in your own home and in your own
relationship, I think, as a mom."
679;1840600;1843367;">> KRIS: Yeah.
>> KHLOE: So, I was thinking,"
680;1843367;1846667;"and if it's okay with you, I
just want to take him to dinner"
681;1846667;1848967;"or something.
>> KRIS: A hundred percent."
682;1848967;1853333;"I think that needs to happen.
If that energy is out there,"
683;1853333;1858033;"it's not okay with me, because
my kids come first over anybody"
684;1858033;1863734;"ever for the rest of time.
So, I want one big, cuddly,"
685;1863734;1866533;"happy family.
Anything else is never gonna"
686;1866533;1870600;"work for me.
>> COREY: I haven't really"
687;1870600;1872600;"understood it enough to really
ask you, do you like me?"
688;1872600;1874734;"Because it's like, that's asking
for acceptance."
689;1874734;1876734;"I'm-a always be myself.
>> KOURTNEY: But wouldn't you"
690;1876734;1878734;"want acceptance?
>> COREY: Like, y'all are not"
691;1878734;1889567;"really my (bleep) kids.
>> KHLOE: Okay."
692;1889567;1892000;">> KHLOE: Mom?
>> KRIS: Hey."
693;1892000;1895033;">> KHLOE: Hey.
What are these?"
694;1895033;1897033;"Veins?
>> KRIS: Varicose veins."
695;1897033;1899066;">> KHLOE: So what do I do with
them?"
696;1899066;1901500;">> KRIS: You go to Dr. Shamban,
and that's her favorite thing."
697;1901500;1904133;"She injects them with saline,
and they go away."
698;1904133;1906166;">> KHLOE: Ew.
>> KRIS: It really hurts."
699;1906166;1908166;">> KHLOE: So why would I want
to do it?"
700;1908166;1910166;">> KRIS: 'Cause that's the only
solution."
701;1910166;1914934;"No pun intended.
>> KHLOE: So, what's going on?"
702;1914934;1917734;">> KRIS: I'm just obsessing with
my ears."
703;1917734;1920333;"I just had my hair and makeup
done, and every time, I keep"
704;1920333;1922600;"going, "Is the swelling
down yet?""
705;1922600;1924600;">> KHLOE: What are all those
dots in your ears?"
706;1924600;1926533;">> KRIS: Stitches.
>> KHLOE: Oh, you still have"
707;1926533;1928533;"stitches in?
>> KRIS: That's what I mean."
708;1928533;1931400;"This healing process is wild.
>> KHLOE: So these are stitch..."
709;1931400;1933433;"Yeah, you have stitches.
>> KRIS: Yeah. Right?"
710;1933433;1935100;"What does the back look like?
>> KHLOE: I don't want to look."
711;1935100;1936934;">> KRIS: Like, look at the
back. Look!"
712;1936934;1938867;"I can't look.
>> KHLOE: Ew. It's, like,"
713;1938867;1942500;"crusty.
>> KRIS: Crusty?"
714;1942500;1944500;">> KHLOE: It's like...
>> KRIS: That's a horrible word."
715;1944500;1949533;">> KHLOE: Peel... Well, that's
what it looks like-- crust."
716;1949533;1952266;"My mom is so ridiculous with
this ear thing."
717;1952266;1955066;"She's been obsessed.
I don't know whether to laugh or"
718;1955066;1957633;"be concerned.
I'm just praying for a speedy"
719;1957633;1959633;"recovery 'cause I need to stop
hearing about these damn"
720;1959633;1962500;"earlobes.
>> KRIS: I've got all these"
721;1962500;1965200;"fabulous diamonds that I've been
waiting to wear."
722;1965200;1967233;"I mean, I have a collection
now."
723;1967233;1969233;">> KHLOE: But why are you
rushing it?"
724;1969233;1971700;">> KRIS: They're really swollen.
They're like two little bulbs."
725;1971700;1975533;"If you had short hair like me,
you would understand the"
726;1975533;1979500;"journey.
You would understand the battle."
727;1979500;1983600;"It's a struggle.
(Khloe scoffs)"
728;1983600;1985500;"♪ ♪"
729;1990400;1994500;">> KOURTNEY: When I was in
college, we would do this thing"
730;1994500;1997600;"where you look up the difference
between love versus infatuation."
731;1997600;1999500;"It was this article.
>> KHLOE: Oh, my God, you used"
732;1999500;2001500;"to tell me this all the time.
>> KOURTNEY: Yes."
733;2001500;2005100;""Infatuation makes you act
crazy, love calms you down.""
734;2005100;2007633;">> KHLOE: Nope. No.
>> KOURTNEY: "Infatuation is"
735;2007633;2010700;"intense but short-lived.
Love is comfortable, but lasts"
736;2010700;2012700;"longer."
That just sounds boring."
737;2012700;2014767;">> KHLOE: Boring.
>> KOURTNEY: (bleep) this"
738;2014767;2017967;"article.
>> KHLOE: Okay, so, is it"
739;2017967;2020734;"strange that I'm actually
nervous to go to this lunch?"
740;2020734;2022834;">> KOURTNEY: No. I'm nervous to
go to this lunch."
741;2022834;2032633;">> KHLOE: Okay. I'm, like,
really, like, oh, my God."
742;2032633;2034667;"Hello.
>> MAN: How are you?"
743;2034667;2036667;">> KHLOE: Hello.
>> MAN: Beautiful as usual."
744;2036667;2038500;">> KHLOE: Nice to see you.
>> MAN: Good to see you."
745;2038500;2041433;">> KHLOE: Thank you.
Prego. Prego."
746;2041433;2044467;"Prego!
Hi, Corey."
747;2044467;2046033;">> COREY: Hi. What's up?
>> KOURTNEY: Hey, Corey."
748;2046033;2047633;">> KHLOE: How are you?
>> COREY: Chilling."
749;2047633;2053200;"Y'all are good?
>> KHLOE: How are you, Corey?"
750;2053200;2056900;">> COREY: I'm as good as I can
be."
751;2056900;2060333;">> KHLOE: Good.
>> COREY: So, what's up, you"
752;2060333;2062233;"guys?"
753;2064333;2067400;">> KHLOE: I just feel like
lately things have been weird"
754;2067400;2071166;"between us, so I just wanted to
make sure."
755;2071166;2075200;"Like, if there's anything, we
can talk about it."
756;2075200;2078834;">> COREY: Right.
>> KHLOE: I try."
757;2078834;2080567;"Like, when I see you, I'm like,
"Hey, Corey.""
758;2080567;2082734;"Like, I try to give you a hug,
but I'm always like, I don't"
759;2082734;2085934;"even know if you want to hug me.
I don't even know what this is."
760;2085934;2090800;"It's just standoffish.
>> COREY: Well, it's not like"
761;2090800;2093233;"it's a problem.
I guess it just is what it is,"
762;2093233;2095633;"but it's not... me."
763;2097834;2101300;">> KRIS: Hello, lovelies.
>> KENDALL: I'm so confused."
764;2101300;2103333;">> KHLOE: You didn't know she
got her earlobes cut off?"
765;2103333;2105333;"(Kendall groans)
>> KRIS: See? See? Look."
766;2105333;2107333;">> KENDALL: It's black and blue.
>> KHLOE: How old are you?"
767;2107333;2109233;">> KRIS: 12."
768;2113066;2115967;">> KHLOE: It's just standoffish."
769;2118500;2120500;">> COREY: It-it's not like it's
a problem."
770;2120500;2124400;"I guess it just is what it is,
but it's not... me."
771;2124400;2127066;"I don't dislike nobody.
I've-I've..."
772;2127066;2129066;"What you just said to me is what
I feel."
773;2129066;2132367;"Like, I wanted to figure out
what was the situation with how"
774;2132367;2136133;"you are towards me.
I always treat others as I'm"
775;2136133;2138133;"treated.
>> KHLOE: Mm-hmm."
776;2138133;2140133;">> COREY: And I get treated
standoffish."
777;2140133;2142633;">> KHLOE: I like to give what I
get as well, but I think for my"
778;2142633;2145567;"mom's sake, I want to get to a
place with you and I, like,"
779;2145567;2148367;"just where, like, I want you to
feel comfortable."
780;2148367;2150867;"I want us to be like...
Like, we were cool for a minute,"
781;2150867;2154467;"then I don't know what happened.
>> COREY: I-I like all y'all,"
782;2154467;2159867;"but y'all are girls.
I'm a dude, and I know how"
783;2159867;2162467;"that (bleep) can go.
>> KOURTNEY: Why?"
784;2162467;2165667;"What's the difference?
>> COREY: It-it just..."
785;2165667;2167467;"We don't have a lot of
conversation."
786;2167467;2169533;"We don't talk.
I ain't talk to you in a long"
787;2169533;2172200;"time, but I haven't really
understood it enough to really"
788;2172200;2174400;"come to you and ask you, "Do you
like me?""
789;2174400;2176900;"Because it's like, that's asking
for acceptance."
790;2176900;2178500;"I'm-a always be myself.
>> KOURTNEY: But wouldn't you"
791;2178500;2180300;"want acceptance from your
girlfriend's...?"
792;2180300;2182066;">> COREY: You would want it...
You would want it genuinely."
793;2182066;2183667;"I'm not gonna come campaign
for it."
794;2183667;2185967;">> KOURTNEY: No, you don't want
to force it."
795;2185967;2189734;">> COREY: So, I'm a young dude
dating y'all mom."
796;2189734;2192934;"Like, y'all are not really my
(bleep) kids."
797;2192934;2196133;"We are technically peers.
What I feel like..."
798;2196133;2200500;"I mean, Khloe, look, as you get
to know me better or get to know"
799;2200500;2203367;"my personality, then I think
we'll probably be cooler."
800;2203367;2210700;">> KHLOE: Mm-hmm.
Okay."
801;2210700;2213133;"I definitely feel like we're
going in circles."
802;2213133;2215500;"There's a lot of riddles, a lot
of deflecting."
803;2215500;2219033;"And I feel a lot of, like,
defensiveness."
804;2219033;2225333;"The fact that I am now the one
to blame here, like, what?"
805;2225333;2228300;"But okay.
I thought I did reach out."
806;2228300;2231834;"I thought I set up this lunch.
I'm so nice."
807;2231834;2234200;">> COREY: Thank you, man.
>> MAN: Thanks so much."
808;2234200;2241900;"Have a good day.
>> COREY: You, too. Yeah."
809;2241900;2244734;">> KHLOE (high-pitched): How
come my ass got so fat?"
810;2244734;2248133;"♪ Why? ♪
(laughing)"
811;2248133;2250133;">> TRISTAN: Oh, can I share?
>> KHLOE: Why?"
812;2250133;2252000;">> TRISTAN: You got cooties.
I'm joking. I'm joking."
813;2252000;2253800;">> KHLOE: No, you have cooties
that you gave to me."
814;2253800;2255467;"Just 'cause you're over it
now..."
815;2255467;2257100;">> TRISTAN: Well, you wanted to
cuddle, so..."
816;2257100;2259133;">> KHLOE: No, you lay your head
on me like this, rubbing your"
817;2259133;2261133;"eye on me.
>> TRISTAN: Hey, that's how I"
818;2261133;2262934;"fall asleep. Sorry.
>> KHLOE: Yeah, but then look"
819;2262934;2264934;"at me.
I now have a pink eye."
820;2264934;2267333;"(ringtone playing)
>> TRISTAN: Uh-uh."
821;2267333;2270066;">> KHLOE: Hey.
>> KIM: Tell me everything about"
822;2270066;2273533;"your lunch with Corey.
I am salivating."
823;2273533;2275533;">> KHLOE: So, he comes in with,
like, this look on his face."
824;2275533;2277533;">> TRISTAN: He just come
guarded."
825;2277533;2279367;">> KHLOE: And I was like, "Well,
I just, you know, I feel like"
826;2279367;2281200;"things have been awkward between
us.""
827;2281200;2283200;"And he was like, "Oh, that's
funny you said that 'cause I..."
828;2283200;2285133;"You know, I was gonna think the
same thing about you.""
829;2285133;2287133;"I don't even know.
Like, it's like, I..."
830;2287133;2289133;"He talks, literally, he's in
riddles."
831;2289133;2292400;"I feel like I get, like, a treat
at the end of figuring every"
832;2292400;2294700;"sentence out.
>> KIM: Okay, guys, I got the"
833;2294700;2297200;"Cliff Notes.
>> KHLOE: I love you. Okay, bye."
834;2297200;2299333;">> KIM: Love you.
>> TRISTAN: To make it right, I"
835;2299333;2301166;"think you should text him, be
like, "I'm glad we had this"
836;2301166;2303166;"lunch."
>> KHLOE: Babe."
837;2303166;2305166;">> TRISTAN: "Hopefully, we can
build on it.""
838;2305166;2308834;"Come on now.
>> KHLOE: (chuckles) Babe."
839;2308834;2310667;">> TRISTAN: I'm just saying.
>> KOURTNEY: No, I was thinking"
840;2310667;2312400;"that...
>> KHLOE: We're not verse him!"
841;2312400;2314300;">> TRISTAN: And you're the
pit bull in the family."
842;2314300;2316033;"Nobody likes to ruffle your
feathers."
843;2316033;2317800;">> KOURTNEY: Tristan knows what
it's like to be..."
844;2317800;2319333;">> TRISTAN: Yeah, to be the guy
in the..."
845;2319333;2321600;">> KOURTNEY: A guy coming in to
all... to this big family."
846;2321600;2323367;">> TRISTAN: Yeah, so it's...
>> KHLOE: Yeah, but he made a"
847;2323367;2325000;"good point.
He was like, he gives what he"
848;2325000;2327967;"gets; I do the same thing.
But at some point, someone has"
849;2327967;2329967;"to break the cycle.
So, and I think that's what he"
850;2329967;2331967;"was just asking for.
Like, I'm cool being the bigger"
851;2331967;2333834;"person.
>> TRISTAN: You should really"
852;2333834;2335667;"text him, though.
>> KHLOE: Text him and say"
853;2335667;2337500;"thanks for the...
>> TRISTAN: "I'm glad we had"
854;2337500;2339333;"this talk.
Let's move forward from this.""
855;2339333;2344400;"And then, something so, so small
goes a long way."
856;2344400;2346533;"(Khloe sighs)"
857;2350033;2351934;"♪ ♪"
858;2354033;2358033;">> KENDALL: Oh, my gosh, I just
had something spicy."
859;2358033;2360333;"Oh, my God. I'm dying.
What's in here that's spicy?"
860;2360333;2362333;"I literally just ate it,
whatever it is."
861;2362333;2364600;">> KHLOE: Nothing was spicy.
>> KENDALL: Oh, my gosh."
862;2364600;2366700;"(clears throat)
There's... I don't know what it"
863;2366700;2368700;"was, but I ate it.
>> CHEF: I swear on my life, I"
864;2368700;2371333;"didn't put it in.
(Khloe laughs)"
865;2371333;2375200;">> KRIS: Hello, lovelies.
How is everybody today?"
866;2375200;2382734;">> KHLOE: Hey, Mom.
>> KRIS: Hi."
867;2382734;2388166;"I love my ears, and not one of
my kids can ever sing that song."
868;2388166;2394066;"♪ Do your ears hang low?
Do they wobble to and fro? ♪"
869;2394066;2395900;">> KHLOE: What are you doing
that for?"
870;2395900;2398800;">> KRIS: This is, like, the new
me."
871;2398800;2402500;">> KHLOE: That's cool.
>> KRIS: Hi, Kenny."
872;2402500;2404400;">> KENDALL: Hey."
873;2407633;2410333;"I'm so confused.
Why is she being weird?"
874;2410333;2412333;">> KRIS: Come on, let's do a
selfie."
875;2412333;2415100;"Where's my phone?
>> KENDALL: Yeah, I'm really"
876;2415100;2417600;"just so lost.
>> KHLOE: Oh, your ears."
877;2417600;2421100;">> KRIS: Okay. Smile.
>> KHLOE: You know about Mom's"
878;2421100;2422867;"ear surgery, right?
>> KRIS: I'm feeling this."
879;2422867;2425066;">> KENDALL: Oh, you had ear
surgery?"
880;2425066;2427533;">> KHLOE: You didn't know she
got her earlobes cut off?"
881;2427533;2429000;">> KRIS: Smile.
>> KHLOE: She's..."
882;2429000;2431066;"Look at Kendall, so scared.
>> KENDALL: Wait, what?"
883;2431066;2432667;">> KHLOE: Mom, tell her about
your ears."
884;2432667;2434400;">> KENDALL: Did you really have
ear surgery?"
885;2434400;2436000;">> KHLOE: Dr. Diamond cut off
half her earlobes."
886;2436000;2438066;">> KRIS: They made 'em smaller.
>> KENDALL: Is that why you're"
887;2438066;2439567;"showing me?
>> KRIS: They're still really"
888;2439567;2441934;"swollen, see? See?
(Kendall groans)"
889;2441934;2443834;">> KENDALL: It's black and blue.
Stop."
890;2443834;2446033;">> KHLOE: How old are you?
>> KRIS: 12."
891;2446033;2449567;"God, this is a tough crowd.
>> KHLOE: She's been super,"
892;2449567;2452300;"like, insecure about her stupid
ears."
893;2452300;2454967;"Just go with it.
Mom, your earrings are amazing."
894;2454967;2456967;"I love, love, love them.
>> KENDALL: Your lobes look"
895;2456967;2458800;"beautiful.
>> KHLOE: They do."
896;2458800;2460633;">> KRIS: Thank you.
>> KENDALL: I've never seen more"
897;2460633;2462400;"beautiful lobes.
>> KRIS: I just needed a little"
898;2462400;2463900;"lobe love.
>> KHLOE: I thought you were"
899;2463900;2465867;"gonna go hug her.
>> KRIS: Me, too. I was like..."
900;2465867;2468834;">> KHLOE: I was like, "Oh, my
God, that's so nice of you.""
901;2468834;2470500;">> KENDALL: I'm not that nice.
>> KHLOE: I thought you were"
902;2470500;2472000;"going to hug her, too.
>> KRIS: I thought, "What a"
903;2472000;2477734;"sweet child."
♪ ♪"
904;2477734;2480734;">> KHLOE: After I reached out to
Corey to set up the lunch, you"
905;2480734;2484100;"know, things were a little weird
at the lunch, but now we are,"
906;2484100;2486333;"you know, we're texting back and
forth, and we're trying to mend"
907;2486333;2488500;"things a little bit.
>> SCOTT: What is that? Tuna?"
908;2488500;2490166;">> WOMAN: Uh, there's some
chicken salad, egg salad..."
909;2490166;2491934;">> SCOTT: Ah.
>> COREY: Khloe, you want"
910;2491934;2493567;"something?
>> KHLOE: No, I'm so good."
911;2493567;2495100;">> WOMAN: You're good?
Okay, awesome."
912;2495100;2497233;">> KHLOE: So I invited him to
to be"
913;2497233;2499467;"with Scott and I.
I know he's friends with Steve,"
914;2499467;2503367;"and I'm so happy that Corey
decided to come, and we're just"
915;2503367;2505800;"gonna have a good afternoon
together."
916;2505800;2507700;"Do I look big?"
917;2509700;2511700;"Do I look fat?
>> COREY: No."
918;2511700;2513700;"Why would you look fat?
>> KHLOE: 'Cause Scott's"
919;2513700;2515367;"reaction when I asked that.
>> SCOTT: I think everybody"
920;2515367;2517367;"looks awesome.
>> COREY: He's playing with you."
921;2517367;2519233;">> KHLOE: No, don't do that
right now!"
922;2519233;2521266;">> COREY: You look perfect.
>> KHLOE: (sighs) Thank you,"
923;2521266;2523266;"but Scott just said I'm fat.
>> SCOTT: Where'd your butt go?"
924;2523266;2526000;">> KHLOE: Shut up.
(Scott chuckles)"
925;2526000;2529533;"Oh, Mr. Steve Harvey.
Hello, sir."
926;2529533;2531200;">> STEVE: I'm a really big fan
of yours."
927;2531200;2533066;">> KHLOE: I'm a huge fan of
yours."
928;2533066;2534667;">> STEVE: I'm telling you, for
real."
929;2534667;2536667;"Scott, how you feeling, man?
>> SCOTT: How are you doing?"
930;2536667;2538433;">> STEVE: Welcome to the show,
man."
931;2538433;2540767;">> KHLOE: I am here with the
king."
932;2540767;2542600;"Steve Harvey!
>> STEVE: Yeah, about to do a"
933;2542600;2544600;"guest spot.
I finally got Khloe."
934;2544600;2547033;">> KHLOE: I'm a huge fan.
>> STEVE: We gonna do it."
935;2547033;2551900;"(audience cheering)
>> KHLOE: Corey's like the jack"
936;2551900;2554967;"of all trades.
>> WOMAN: HD, high-def cameras"
937;2554967;2557667;"pick up everything.
That's right."
938;2557667;2559900;">> COREY: Scott, let's go, baby.
It's time to get in the game."
939;2559900;2561767;"Watch the master, watch the
master."
940;2561767;2564934;">> STEVE: Please welcome Khloe
Kardashian and Scott Disick."
941;2564934;2572900;">> WOMAN: Go!
(audience cheering)"
942;2572900;2574667;"The Steve
together is giving"
943;2574667;2577900;"me hope because I feel like
Corey and I, you know, it's"
944;2577900;2581400;"this mutual relationship right
here, we're doing good, so this"
945;2581400;2586033;"is the beginning, hopefully, of
a beautiful friendship."
946;2586033;2588033;"Just saying bye.
>> COREY: Where's your stuff?"
947;2588033;2590800;">> KHLOE: They have it. Yeah.
>> COREY: Oh, yeah."
948;2590800;2592700;">> KHLOE: Thanks, Corey."
949;2594100;2596834;">> KIM: On the next episode...
>> KRIS: One thing that most"
950;2596834;2599533;"families aren't prepared for is
death."
951;2599533;2602433;"Just imagine me on that little
black velvet pedestal."
952;2602433;2604433;">> KOURTNEY: I have to do a home
decor line."
953;2604433;2606133;">> KHLOE: This already sounds
like too much of a commitment"
954;2606133;2607934;"for you.
>> KRIS: You have a different"
955;2607934;2610200;"work ethic than the rest of us.
>> KOURTNEY: I'm not sitting"
956;2610200;2612600;"here dillydallying.
Scott called me up 2:00 in the"
957;2612600;2614600;"morning.
"He's your boyfriend?""
958;2614600;2616600;">> KRIS: He just seemed a little
bit off."
959;2616600;2618433;">> KHLOE: Scott's having another
episode."
960;2618433;2620233;">> KOURTNEY: When is it gonna be
enough?"
961;2620233;2623433;"Captioning sponsored by
BUNIM-MURRAY PRODUCTIONS"