﻿Number;Start time in milliseconds;End time in milliseconds;"Text"
1;5033;6934;"♪ ♪"
2;10333;13200;">> KIM: I've never been here.
This is so gorgeous."
3;13200;16834;">> JONATHAN: What a beauty.
>> KIM: Oh, no big deal."
4;16834;18667;">> JOHN: How are you?
>> KIM: Good. How are you?"
5;18667;20400;"Thank you for letting us come.
>> JOHN: Of course."
6;20400;22667;">> CHRISSY: Hello.
>> JONATHAN: What's up? Hi."
7;22667;25667;">> CHRISSY: How are you?
Da-Da. Go see Da-Da."
8;25667;27700;"Do you guys want a drink?
Do you want anything?"
9;27700;29500;">> KIM: No, thank you. I'm good.
>> CHRISSY: Do you want some"
10;29500;31400;"pork stew?
>> JEN: It's so good."
11;31400;33200;">> CHRISSY: Kim's like, "I don't
want a drink, but I'll have a"
12;33200;35166;"pork stew."
>> KIM: Beautiful."
13;35166;37834;">> JEN: She's a butt head.
>> CHRISSY: She likes the sugar."
14;37834;39533;">> JEN: Did you see Rihanna at
the Met Ball?"
15;39533;41600;">> KIM: I thought she looked so
good."
16;41600;43567;">> JEN: Did you have fun?
>> KIM: Mm-hmm."
17;43567;45734;">> CHRISSY: I get, like,
super high anxiety there."
18;45734;47967;"I don't want to bother, like,
the big celebrities."
19;47967;50633;">> KIM: Everyone thinks that.
Like, Kylie was so nervous, she"
20;50633;53233;"make me walk her to her table
and introduce her to Donatella"
21;53233;55033;"and everyone else.
>> JONATHAN: A big faux-pas."
22;55033;57066;">> CHRISSY: I get really
socially awkward."
23;57066;59066;">> KIM: It's fine; we all do it.
>> CHRISSY: Hi, Dad."
24;59066;62000;"My dad's designing vests, if you
want to start promoting them on"
25;62000;64500;"your Instagram.
>> RON: Nice to meet you."
26;64500;66467;"JONATHAN: Nice to meet you.
Thank you."
27;66467;68867;">> CHRISSY: My dad is a big fan.
He's been watching everybody"
28;68867;74000;"here.
Who's your favorite Kardashian?"
29;74000;76700;">> RON: Actually, you're my
favorite."
30;76700;78934;">> KIM: Oh, thank you.
>> RON: I thought Khloe was for"
31;78934;81834;"a while, but then she kind of
went off."
32;81834;83834;">> KIM: Yeah.
>> CHRISSY: Dad! Okay."
33;83834;85600;">> RON: You don't ask me
questions unless you want"
34;85600;87533;"answers.
>> KIM: That's amazing."
35;87533;90033;"I love it.
(laughter)"
36;90033;91934;"♪ ♪"
37;112133;114934;"(phone rings)
>> KENDALL: Hi."
38;114934;116700;">> KOURTNEY: Hi.
>> KENDALL: What's up?"
39;116700;120533;">> KOURTNEY: Um... we are having
dinner tonight, if you feel like"
40;120533;122600;"coming.
(car horn honking)"
41;122600;124633;"Ooh.
>> KENDALL: Um, all right."
42;124633;126834;"I'll let you know.
That's just, like, a mission for"
43;126834;130700;"me.
>> KOURTNEY: Okay."
44;130700;135300;"I think because Kendall travels
so much and I have three kids,"
45;135300;138433;"we just really don't spend time
together."
46;138433;141200;"We used to be really connected.
I remember always saying,"
47;141200;143200;""Kendall, you're my favorite
sister.""
48;143200;145934;"Like, all the time.
And I just think that we've kind"
49;145934;150133;"of lost that and I don't like
that her and I are not close."
50;150133;152567;"No worries; just letting you
know."
51;152567;155333;"Keeping you in the loop.
>> KENDALL: All right, then."
52;155333;165767;">> KOURTNEY: Bye.
♪ ♪"
53;165767;168600;">> KOURTNEY: Hello.
>> KHLOE: Ooh."
54;168600;171300;"Oh, my God.
>> KOURTNEY: Don't."
55;171300;175767;"I never-- I-I'm so over TLC
from... vibes."
56;175767;177834;"I just can't.
I hate my whole closet."
57;177834;179600;">> KHLOE: Are you on crack?
Can I have that when you're"
58;179600;181600;"done, then?
>> KOURTNEY: Yes."
59;181600;184333;"I just invited Kenny to dinner.
>> KHLOE: Oh, that's nice."
60;184333;187166;">> KOURTNEY: She said it's too
much of a mission for her."
61;187166;190133;">> KHLOE: Yeah, I mean, she does
live in the city."
62;190133;192834;">> KOURTNEY: Well, Kendall hates
me, anyways."
63;192834;195734;">> KHLOE: Kourtney, don't say
that."
64;195734;197834;">> KOURTNEY: Khloe.
>> KHLOE: Kourt thinks Kendall"
65;197834;199667;"doesn't like her.
>> KIM: Yeah."
66;199667;201433;">> KHLOE: They really just don't
have any connection."
67;201433;203166;">> KIM: They don't connect.
>> KHLOE: And they've never hung"
68;203166;205867;"out one-on-one.
I think Kendall, she's 21."
69;205867;208266;"Like, hanging out, she's a
little more distant and you have"
70;208266;210467;"to come to her a little more,
which is fine."
71;210467;212400;">> KIM: Yeah.
>> KHLOE: You should say"
72;212400;214433;"something to her.
>> KOURTNEY: I don't know."
73;214433;217367;"Maybe we just need to, like, do
something fun together."
74;217367;219266;">> KHLOE: Yes."
75;221033;227000;">> KOURTNEY: Amelia, Amelia.
(overlapping chatter)"
76;227000;229900;">> JEN: It's not a ball, but I
think she likes big balls."
77;229900;234000;">> KIM: Leave me alone, kiddo.
Wait. Can you get me a snack?"
78;234000;236767;">> MASON: ♪ Dum-dum-dum-dum
da-da. ♪"
79;236767;238800;">> KIM: Mmm.
How do you like this"
80;238800;244934;"gluten-free, dairy-free life?
>> MASON: Can't have M&M'S."
81;244934;248066;">> KIM: What do I look like?
>> MASON: You look like a"
82;248066;251066;"pepperoni person.
(Kim giggles)"
83;251066;254033;">> KOURTNEY: Ooh, that's cute,
P."
84;254033;256266;">> KIM: Wait. Did you see this
outfit Khloe wore to, like, a"
85;256266;258367;"basketball game?
>> KOURTNEY: Yeah."
86;258367;261533;">> KIM: It's, like, so many
things going on."
87;261533;265967;"She could dress way cooler.
No. I, like, can't."
88;265967;269367;"I always cringe when I look at
Khloe in outfits."
89;269367;272633;"You know what it is?
She's so trendy and I used to be"
90;272633;275967;"that way, but she's like that on
steroids."
91;275967;278533;"And then she wore this huge fur
bag with it that ruins the whole"
92;278533;280467;"outfit.
I couldn't even."
93;280467;282934;">> KOURTNEY: Mm-hmm.
>> KIM: Or, like, this outfit"
94;282934;285734;"with the wet hair to the side.
>> KOURTNEY: I liked it."
95;285734;289266;">> KIM: Oh, no. That's the exact
outfit I wore in Miami."
96;289266;292233;"I would give her such better
advice on this outfit."
97;292233;294967;"Like, that bodysuit.
It was a vintage Saint Laurent"
98;294967;298100;"from a dealer in Dubai.
It was, like, seven stylists."
99;298100;300100;">> KOURTNEY: Yeah.
>> KIM: So it's like, if I've"
100;300100;303467;"already learned all the tricks
of the trade, there's no reason"
101;303467;308600;"I shouldn't help her.
>> KOURTNEY: I would just ask"
102;308600;311967;"her if she even wants you to.
>> KIM: Yeah. I mean, I doubt"
103;311967;313867;"she does."
104;316800;318700;"♪ ♪"
105;327300;329800;">> KOURTNEY: Hey, Kenny.
>> KENDALL: I didn't know you"
106;329800;331800;"were gonna be here.
I thought it was me-- just me"
107;331800;333834;"and Mom.
>> KOURTNEY: I couldn't resist."
108;333834;336800;">> KENDALL: Oh, of course.
>> KOURTNEY: My mom said that"
109;336800;340400;"she was having lunch with
Kendall, so I just took it upon"
110;340400;345200;"myself to tag along.
Hopefully, it's not, like, gonna"
111;345200;348800;"be awkward.
How was Fashion Week?"
112;348800;350700;">> KENDALL: It was cool."
113;356500;359433;">> KRIS: Nice to see you.
Okay. Bye, guys."
114;359433;363133;">> KOURTNEY: Wait, so I was
thinking, now that you're 21"
115;363133;366066;"years old, I think we should do
a trip to Santa Barbara."
116;366066;368033;">> KRIS: You could have a road
trip."
117;368033;369934;">> KOURTNEY: I would love a road
trip."
118;369934;371967;">> KRIS: Why don't you take my
T-Bird?"
119;371967;374633;">> KOURTNEY: We'll go for two
nights, the place where me, Mom"
120;374633;376600;"and Khloe went.
>> KRIS: So fun."
121;376600;378533;">> KOURTNEY: We laughed the
whole time."
122;378533;381834;"Like, I'm shocked that I didn't
pee on someone."
123;381834;384734;">> KENDALL: Let's go.
>> KOURTNEY: I'm totally"
124;384734;387834;"surprised that Kendall is
interested in going and hanging"
125;387834;391066;"out with me.
I just hope that we really do"
126;391066;396433;"get, like, our connection back.
I'm down for sure."
127;396433;398433;">> KENDALL: Mom, what was that?
>> KRIS: This girl I know."
128;398433;402767;"Don't look.
There she is."
129;402767;404667;">> KENDALL: Mom."
130;407900;409800;"♪ ♪"
131;416300;418233;">> KIM: Are these from that
store in Aspen?"
132;418233;420100;">> KHLOE: No.
>> KIM: I like that Missoni-ish"
133;420100;421967;"one.
>> KHLOE: I'm really into, like,"
134;421967;423734;"baby pinks and stuff.
I don't know why."
135;423734;425767;">> KIM: You've got to start
thinking, "Is this manly?"
136;425767;428500;"Would Tristan like this or is
this for a girl's dinner?""
137;428500;432133;">> KHLOE: No. He's very into it.
>> KIM: Okay, so I came over"
138;432133;436500;"here because I have a
proposition."
139;436500;440667;"I think I can make your life so
much easier and so much cooler"
140;440667;442867;"if I gave you a makeover."
141;446100;451166;"It's time.
It's time to just step it up."
142;451166;455333;"And it's, like...
Ah, the things I could do to"
143;455333;463867;"give you a makeover.
Not that you need one."
144;463867;466033;">> KHLOE: Okay, um...
>> KIM: No. Just, like..."
145;466033;467800;">> KHLOE: No, but what do you
want to do?"
146;467800;470567;">> KIM: ...get rid of some of
your sparkly boots and gold"
147;470567;473166;"vibe.
>> KHLOE: I actually get told I"
148;473166;476233;"have really good style from a
lot of people."
149;476233;482200;">> KIM: Really?
What people?"
150;482200;485300;">> KHLOE: All right, anyway.
So who do you want me to be?"
151;485300;487467;"What sister are you trying to
morph me into?"
152;487467;490066;">> KIM: It's, like, you're not
like how Kendall dresses."
153;490066;493333;">> KHLOE: No.
Kendall's a (bleep) gazelle."
154;493333;496767;"And then you and Kylie are,
like, the sexpots of the world."
155;496767;500233;"I don't dress like that either.
>> KIM: Yeah, that's why it's"
156;500233;503533;"gonna be a challenge.
>> KHLOE: You think you're so"
157;503533;505533;"hot.
>> KIM: No, I don't."
158;505533;507967;">> KHLOE: I'm not saying yes.
>> KIM: I just got to get rid of"
159;507967;512367;"some things.
Archive it, put it away."
160;512367;515433;"You know?
>> KHLOE: Oh, my God."
161;515433;518667;"Oh, my God.
Red lip. What's it called?"
162;518667;520700;"Flame? On my lips?
>> WOMAN: Flame."
163;520700;526266;">> KIM: I love my look tonight.
My body."
164;526266;528667;">> KOURTNEY: Are you sure you
don't want that leftover"
165;528667;532100;"lettuce?
>> KHLOE: Lettuce?"
166;532100;534633;"Lechuga.
(Khloe chuckles)"
167;534633;537800;"En español.
>> KHLOE: How was your night?"
168;537800;540266;"Good?
>> KOURTNEY: I actually woke up"
169;540266;542967;"to a text with, like, this link
of Scott..."
170;542967;545300;">> KHLOE: What about it?
>> KOURTNEY: ...saying that he"
171;545300;551200;"needs to go to rehab and that
he's in a... downward spiral and"
172;551200;554266;"blah, blah, blah, and blaming it
on me."
173;554266;558633;"It's just... I was... like, woke
up, like, in a panic, you know?"
174;558633;562367;"Like, just feeling like, "Am I
supposed to stand by his side?""
175;562367;564867;">> KHLOE: But, like, what are
you supposed to do?"
176;564867;566867;">> KOURTNEY: That's just the
thing."
177;566867;571066;"He needs to help himself.
I think people don't bother me"
178;571066;575700;"with any information about Scott
unless it's to the point where"
179;575700;578266;"they really think that I need to
know."
180;578266;581734;"And so... I don't know.
It's kind of, like, the same"
181;581734;586800;"scenario, like, once again.
Like, I feel helpless, because I"
182;586800;590166;"don't always know what to do.
Because it's been so many years"
183;590166;592467;"of trying.
It's just stressful, because he"
184;592467;596400;"is my kids' father.
I just want him to be, like,"
185;596400;600567;"healthy and happy.
But, yeah, I don't think I need"
186;600567;604166;"to sacrifice my own happiness.
>> KHLOE: No. Because he's not"
187;604166;607533;"even trying.
>> KOURTNEY: But what if"
188;607533;609767;"something happens to him?"
189;612433;614934;"What are Kendall and I gonna do
alone?"
190;614934;616600;">> KHLOE: There's alcohol
involved; if it gets awkward..."
191;616600;618367;">> KOURTNEY: Some people get in
fights."
192;618367;619467;"Jerry
Springer."
193;619467;621266;"You're not gonna, like, beat up
your sister."
194;621266;623266;">> KOURTNEY: It's not?
>> KIM: Everyone's, like,"
195;623266;625266;"calling Kourtney, worried about
you."
196;625266;634133;">> SCOTT: I get it.
I definitely am out of control."
197;634133;636033;"♪ ♪"
198;640367;642367;">> KHLOE: Hi, Joe.
>> JOE: Good morning, ladies."
199;642367;644033;">> KHLOE: We're early, aren't
we?"
200;644033;645700;">> JOE: As usual, but I'm okay
with that."
201;645700;647367;"(Khloe chuckles)
>> KOURTNEY: Ooh! There's a"
202;647367;649767;"black bug right here!
(Khloe scoffs, chuckles)"
203;649767;653266;"'Scuse me.
Look at it."
204;653266;655600;">> KHLOE: Okay.
(Joe chuckles)"
205;655600;660400;"I believe you.
>> KOURTNEY: Wait, so you"
206;660400;663767;"know... did I ever tell you that
I invited Kendall to Santa"
207;663767;666166;"Barbara?
>> KHLOE: No."
208;666166;669200;">> KOURTNEY: I want you to come,
because I feel, like, what are"
209;669200;673567;"Kendall and I gonna do alone?
Like, is it gonna be awkward?"
210;673567;675233;"Are we not gonna have
anything..."
211;675233;677533;">> KHLOE: It's your sister!
>> KOURTNEY: No, I know, and I'm"
212;677533;679934;"obsessed with her.
But I'm just saying, like, we"
213;679934;681934;"don't hang out one-on-one.
>> KHLOE: I mean, I think it"
214;681934;683934;"should be you two.
But, like, if you're"
215;683934;686200;"uncomfortable, I'll go.
But I think you two should"
216;686200;688200;"just...
And there's alcohol involved."
217;688200;690200;"If it gets awkward...
>> KOURTNEY: Some people get in"
218;690200;693233;"fights.
>> KHLOE: You... What are you"
219;693233;695233;"two gonna fight about?
>> KOURTNEY: Sure we could come"
220;695233;697233;"up with something.
Jerry"
221;697233;699266;"Springer.
You're not gonna, like, beat up"
222;699266;701767;"your sister.
>> KOURTNEY: It's not?"
223;701767;704266;">> KHLOE: I totally don't mind
going to Santa Barbara with you,"
224;704266;706266;"but you cannot use me as your
crutch, support system..."
225;706266;708367;">> KOURTNEY: I thought you were
there as my crutch."
226;708367;710266;">> KHLOE: Yes. I'm your sister.
You can lean on me."
227;710266;712834;"But Kendall's your sister, too.
Like, I feel like this is more"
228;712834;716266;"in your head.
So if I go, you have to still be"
229;716266;718333;"outgoing and, like, try to bond
with her."
230;718333;720333;">> KOURTNEY: You got it.
>> KHLOE: Oh. (clicks tongue)"
231;720333;722333;">> KOURTNEY: Wait, stay like
that."
232;722333;724333;">> KHLOE: Ow! No!
>> KOURTNEY: Stay like that."
233;724333;726333;">> KHLOE: For what reason?
>> KOURTNEY: 'Cause I got to"
234;726333;729500;"snap you.
>> KHLOE: I don't believe you."
235;729500;736700;"My legs are so sore.
>> KOURTNEY: But go to one side."
236;736700;740100;">> KHLOE: Oh, my God, my ass
looks so big!"
237;740100;743667;"I know when I gain weight-- my
camel toe comes back and my ass"
238;743667;745333;"gets bigger.
>> KOURTNEY: Really?"
239;745333;746734;">> KHLOE: From the front and the
back."
240;746734;752467;"My puss and my ass.
>> KOURTNEY: Ooh. Good times."
241;752467;754367;"♪ ♪"
242;758934;762934;">> KIM: It's just not my week.
I just need a spray tan."
243;762934;765166;">> JONATHAN: Why can't you do a
Gisele color for the summer?"
244;765166;767166;">> KIM: It's just so hard to get
it that in-between."
245;767166;769166;">> JONATHAN: You could do it.
You have the best people in the"
246;769166;771166;"world.
>> KIM: I just need to get my"
247;771166;776367;"eyebrows done.
I need to do so many things."
248;776367;779934;">> JONATHAN: You look great.
You look like a doll in person."
249;779934;782133;">> KIM: So it's, like, the
perfect time for us to go and"
250;782133;784133;"sneak over there-- Khloe's fully
gone..."
251;784133;786133;">> JONATHAN: She's gonna take
one of her hats off and smack us"
252;786133;788133;"to death.
>> KIM: Hence why we're wearing"
253;788133;790133;"camo.
>> JONATHAN: I understand."
254;790133;794100;">> KIM: She is going to Santa
Barbara, and I always joke that"
255;794100;796166;"I should style her...
>> JONATHAN: Right. No, I know."
256;796166;798867;">> KIM: ...or, like, dress her.
I just want to, like, pack a bag"
257;798867;801867;"for her, so when she gets there,
it'll be my bag."
258;801867;804467;">> JONATHAN: Right. You just
want Khloe to look good."
259;804467;808100;">> KIM: Totally.
So, for Santa Barbara, I am"
260;808100;812266;"gonna go to Khloe's house,
totally pack for her everything"
261;812266;814667;"that I would use from her
closet, and I'll just send that"
262;814667;816667;"bag instead.
>> KOURTNEY: And take out her"
263;816667;818667;"packed bag?
>> KIM: Yeah."
264;818667;820800;">> KOURTNEY: So do you think
she's gonna be mad?"
265;820800;822467;"And have you told her?
>> KIM: No."
266;822467;823800;">> KOURTNEY: Is she, like,
offended?"
267;823800;825133;">> KIM: Don't tell her.
>> KOURTNEY: No, but is she"
268;825133;826934;"offended, is the question.
>> KIM: We'll see. We'll see"
269;826934;836066;"after this switcheroo.
♪ ♪"
270;836066;838633;">> JONATHAN: Are you sure she's
not home?"
271;838633;842233;"Well, I brought my food, 'cause
I cannot be breaking into"
272;842233;847800;"people's houses without eating.
(door opens)"
273;847800;850800;"I think the operation's gonna be
called "No Options.""
274;850800;854533;">> KIM: No Ops?
>> JONATHAN: Operation No Ops."
275;854533;857333;">> KIM: I am so starving.
I need to make a protein shake."
276;857333;860266;">> JONATHAN: I'm famished.
If I didn't bring this food,"
277;860266;862567;"Operation No Ops would be no
happening."
278;862567;864567;">> KIM: These bananas are so
old."
279;864567;867367;">> JONATHAN: This is the first
robbery where the burglars eat."
280;867367;869934;">> KIM: Can you not say
"robbery," please?"
281;869934;874633;"(whirring)
>> JONATHAN: Oh, boy."
282;874633;878367;"Look at that beauty.
>> KIM: Be a mess."
283;878367;880600;"She usually would not even let
us sit at her table if she was"
284;880600;884100;"here.
(Jonathan sighs)"
285;884100;886100;">> JONATHAN: Oh, my God, I'm
soaking wet."
286;886100;888100;"These chairs are drenching.
Holy crap."
287;888100;890100;">> KIM: So am I.
>> JONATHAN: Why are they wet?"
288;890100;892100;">> KIM: They just had 'em
shampooed."
289;892100;894100;">> JONATHAN: I'm, like, soaked,
not even wet."
290;894100;896233;">> KIM: Okay, it doesn't look
like it."
291;896233;898700;">> JONATHAN: All right, let's
get Operation Get Khloe (bleep)"
292;898700;902066;"on Point.
I can't believe this."
293;902066;904667;"Where's the garbage here?
>> KIM: Just leave it."
294;904667;909166;">> JONATHAN: Okay.
>> KIM: Are you ready?"
295;909166;914467;">> JONATHAN: Oh, my God.
My Super Sweet 16."
296;914467;917867;"Oh, my God.
What the hell are these?"
297;917867;919900;"Holy crap.
This is like five animals in"
298;919900;922533;"one-- a zebra, a snake, a
pelican."
299;922533;927900;">> KIM: Cheesy as (bleep).
I think I can just help Khloe"
300;927900;931133;"have, like, more simple style,
'cause her body really is the"
301;931133;933133;"accessory.
>> KOURTNEY: Is that Kanye's"
302;933133;935500;"phrase?
>> KIM: No. I'm just saying,"
303;935500;938433;"like, for me, I'm so curvy that
if I try to, like, put other"
304;938433;940433;"things on it, I look like a-a
joke."
305;940433;941767;"She needs, like, a jacket.
It's cold."
306;941767;943166;">> JONATHAN: Right. So can you
pick one?"
307;943166;944700;"Like, a black one or something?
>> KIM: I really, honestly,"
308;944700;946900;"can't pick one of these.
>> JONATHAN: What about..."
309;946900;948967;">> KIM: I... Don't even think
about it."
310;948967;950633;"Like, literally, you're-you're
offending me."
311;950633;952367;">> JONATHAN: All right, like,
pick out the shoes then."
312;952367;954367;"Come on.
>> KIM: I don't need you, like,"
313;954367;956367;"breathing up my (bleep).
>> JONATHAN: Things are, like,"
314;956367;958367;"living in this closet.
Look at this."
315;958367;961333;"This thing's moving.
>> KIM: Should I be chic?"
316;961333;963567;">> JONATHAN: Yes.
>> KIM: Okay, okay."
317;963567;967433;"This is a look.
This, open..."
318;967433;971734;"with this.
And just a simple bodysuit."
319;971734;974600;">> JONATHAN: That's beautiful,
for a funeral."
320;974600;976734;"It's pitch black.
They don't wear like this in"
321;976734;978734;"Santa Barbara.
>> KIM: We got to be chic."
322;978734;981700;"We got to be chic.
>> JONATHAN: Okay, let's go."
323;981700;984233;">> KIM: Hold on.
Don't rush me."
324;984233;986233;">> JONATHAN: You're not, like, a
real stylist."
325;986233;989533;"Come on.
>> KIM: Yes, I am, actually."
326;989533;994033;"♪ ♪
I think she can wear the blazer"
327;994033;997300;"to dinner.
>> JONATHAN: All right, let's"
328;997300;999333;"get packing.
>> KIM: Hold on."
329;999333;1001667;"She's not gonna want to wine
taste in all white."
330;1001667;1003667;">> JONATHAN: This is taking so
long."
331;1003667;1005867;"I literally can't take this
anymore."
332;1005867;1007867;">> KIM: I think she'll really
appreciate this."
333;1007867;1011000;">> KOURTNEY: But, like, wouldn't
you be pissed if someone took"
334;1011000;1014133;"your bag and put whatever their
style was that they want you to"
335;1014133;1016600;"have?
>> KIM: Whatever's gonna happen,"
336;1016600;1020066;"I won't be there to have to
deal."
337;1020066;1023834;"That's funny?
There you have it."
338;1023834;1026000;">> JONATHAN: I think we're good.
>> KENDALL: What's happening"
339;1026000;1028000;"with Scott?
>> KOURTNEY: I'm actually just"
340;1028000;1030266;"concerned about, like, his
health."
341;1030266;1032333;">> KENDALL: Uh, why?
>> KOURTNEY: He's, like, out of"
342;1032333;1035567;"control.
>> KOURTNEY: This is your bag."
343;1035567;1038600;">> KHLOE: No, that's not.
I'm so confused."
344;1038600;1041166;"You guys, I have a really big
suitcase."
345;1041166;1043033;"(laughs): No, I don't think this
is mine."
346;1043033;1049066;"This is not the suitcase I
packed."
347;1049066;1053033;"♪ ♪
>> KHLOE: So, guys, how are"
348;1053033;1055033;"you two feeling?
>> KENDALL: I haven't been to"
349;1055033;1058367;"Santa Barbara in so long.
>> KHLOE: When? Like, since"
350;1058367;1060667;"Kim's wedding?
>> KENDALL: Yeah."
351;1060667;1063033;"Honestly, I think so.
>> KHLOE: That's amazing."
352;1063033;1064934;"(phone dinging, whooshing)"
353;1068133;1072800;"So, I feel like this trip, we
should all be very present."
354;1072800;1074300;"Okay?
>> KENDALL: I'm always down for"
355;1074300;1075800;"present.
>> KOURTNEY: I agree."
356;1075800;1078433;">> KHLOE: I feel like I cannot
tell you when the three of us..."
357;1078433;1080100;">> KOURTNEY: I'm turning my
phone down."
358;1080100;1081600;">> KHLOE: ...have gone on a road
trip."
359;1081600;1083600;">> KOURTNEY: We never have.
>> KHLOE: If we ever have."
360;1083600;1086133;"Right.
>> KOURTNEY: Why would we have?"
361;1086133;1087967;">> KHLOE: Ok... With that
attitude, you're not getting"
362;1087967;1089767;"anywhere.
>> KOURTNEY: No, but I'm"
363;1089767;1092667;"saying, why would we have?
>> KHLOE: Don't bite the hand"
364;1092667;1097500;"that feeds you.
So, this is what I would love to"
365;1097500;1101266;"suggest.
Let's just enjoy, let's have a"
366;1101266;1104567;"nice time, let's try to be as
present as possible."
367;1104567;1107266;">> KOURTNEY: Yes!
>> KENDALL: Is the weather"
368;1107266;1109467;"supposed to be nice?
>> KHLOE: Yeah, but it's always"
369;1109467;1113367;"cool in Santa Barbara, 'cause
it's by the water."
370;1113367;1115367;">> KENDALL: Who's this girl with
Scott?"
371;1115367;1118533;">> KOURTNEY: I don't know who
she is, but she's not really"
372;1118533;1121333;"concerning to me.
I'm actually just concerned,"
373;1121333;1125133;"though, about, like, his health.
>> KENDALL: Uh, why?"
374;1125133;1127567;"What's happening?
>> KOURTNEY: I just, like, keep"
375;1127567;1130066;"hearing that he's, like, out of
control, and people called me,"
376;1130066;1133934;"like, he's not gonna make it to
his birthday if he keeps going"
377;1133934;1137567;"like this.
Last week I was out interviewing"
378;1137567;1141467;"people for our tenth anniversary
special, so I was in full"
379;1141467;1144433;"prosthetics.
And I got a phone call from a"
380;1144433;1147633;"good friend.
>> FRIEND: Hi, Kourt."
381;1147633;1151133;"Scott just told me to get out.
I told him I can't go, and he"
382;1151133;1153133;"said, "You're the only one
that's always there for me.""
383;1153133;1154900;"Drunk talk.
>> KOURTNEY: Yeah. I feel like"
384;1154900;1160066;"he feels like I give him more
attention when he's (bleep) up."
385;1160066;1162500;"So I'm just, like, not gonna
call him."
386;1162500;1166600;"I'm trying to break the cycle of
always being there."
387;1166600;1170467;"I just feel like I need to
change it up and see if that"
388;1170467;1174233;"makes any difference.
(horn honks)"
389;1174233;1176066;"I'm
a bad driver?"
390;1176066;1179433;">> KHLOE: Are you... This is me?
Driving? These people are..."
391;1179433;1190133;"What do you want me to do?
(chuckles)"
392;1190133;1192266;">> KENDALL: So pretty.
>> KHLOE: I know."
393;1192266;1194467;"Oh, my God, it's gorgeous.
>> MAN: Good afternoon, ladies."
394;1194467;1195967;"Welcome.
>> MANAGER: Hello, Kendall."
395;1195967;1198000;">> KENDALL: Hi. How are you?
>> MANAGER: Welcome. Welcome."
396;1198000;1199500;"We're so thrilled to have you
with us at Bacara."
397;1199500;1203300;">> KENDALL: Yeah.
>> KHLOE: What a great view!"
398;1203300;1204967;">> KOURTNEY: Honey, I'm home!
>> KHLOE: Oh, my God, it's"
399;1204967;1206467;"beautiful!
>> KOURTNEY: Oh, my gosh, how"
400;1206467;1208934;"cute-- all these snacks!
>> KHLOE (gasps): You guys, we"
401;1208934;1212400;"could have breakfast up here.
This is so gorgeous."
402;1212400;1214900;">> KOURTNEY: Who's in here,
Khloe?"
403;1214900;1217367;">> KHLOE: Whoever wants.
>> KOURTNEY: This is your bag."
404;1217367;1219767;">> KHLOE: No, that's not.
>> KOURTNEY: Yeah."
405;1219767;1222467;">> KHLOE: I'm so confused.
You guys, I have a really big"
406;1222467;1224967;"suitcase.
(laughs): No, I don't think this"
407;1224967;1227133;"is mine.
This is not the suitcase I"
408;1227133;1233333;"packed.
♪ ♪"
409;1233333;1235333;"I mean, this wasn't even in my
bag."
410;1235333;1237233;"Kourt! Come here!"
411;1239633;1243066;"Kourt seems really distracted at
dinner, and I could tell that"
412;1243066;1249800;"everything going on with Scott
is really affecting her."
413;1249800;1252000;">> KENDALL: I swear, I've never
gotten this drunk this quickly"
414;1252000;1254133;"off of wine.
>> KHLOE: You're drunk already?"
415;1254133;1259533;"Oh!
>> KOURTNEY: Aah! Oh, my God!"
416;1259533;1262967;">> KHLOE: This cycle is not
beneficial to anybody."
417;1262967;1265467;"I get that's their father...
>> KOURTNEY: I don't want the"
418;1265467;1267367;"kids to see him like this."
419;1271100;1274767;">> KHLOE: Kourt! Come here!
Can you help?"
420;1274767;1279834;"Why... Did you know about this?
Why are you making that ugly"
421;1279834;1282533;"face?
It's not cute."
422;1282533;1286033;"(Kourtney laughs)
>> KOURTNEY: I only knew a tiny,"
423;1286033;1289133;"tiny, tiny bit.
But I'm so excited."
424;1289133;1292233;"What is happening?
>> KHLOE: No."
425;1292233;1296600;"I'm not wearing this.
>> KOURTNEY: Kendall?"
426;1296600;1301500;"Look-- Jonathan and Kim fully
repacked a bag for Khloe with"
427;1301500;1304467;"their own outfits that they want
her to wear."
428;1304467;1306667;">> KENDALL (laughs): Wait, what?
>> KHLOE: I was like... That's"
429;1306667;1309266;"why I was like, "Whose suitcase
is this?""
430;1309266;1312266;"I don't know if I'm necessarily
that Kim and Jonathan"
431;1312266;1317066;"did this-- I'm super surprised.
Like... she's so sneaky."
432;1317066;1320100;"That's so mean. You're so mean.
>> KIM: What?"
433;1320100;1321600;">> KHLOE: Like, you're just so
mean."
434;1321600;1324200;">> KIM: You don't think that was
helpful?"
435;1324200;1326767;">> KENDALL: I know, literally,
we were just talking about how"
436;1326767;1329500;"you have terrible outfits.
>> KHLOE: I didn't know we were"
437;1329500;1331467;"so fancy-- I don't think I have
terrible taste."
438;1331467;1334066;"Apparently, you guys do.
>> KOURTNEY: No, we don't."
439;1334066;1337166;">> KHLOE: I was literally like,
"Where is my roller bag?""
440;1337166;1340066;"I was like, "What the (bleep) is
happening?""
441;1340066;1341800;">> KIM: Did you see the photos?
>> KHLOE: I'm looking at..."
442;1341800;1344567;">> KOURTNEY: Did they say like,
"This is for dinner, this is for"
443;1344567;1346200;"lunch..."
>> KHLOE: Yes, I just... I'm"
444;1346200;1349834;"just going through them!
>> KOURTNEY: Oh, my gosh, this"
445;1349834;1352266;"is cute.
Day or dinner."
446;1352266;1354266;">> KIM: I tried to give you very
Kim-esque outfits."
447;1354266;1356767;">> KHLOE: They're... No, these
are literally, I'm-I'm shopping"
448;1356767;1359900;"at the Yeezy store, for sure.
>> KIM: I mean, I picked stuff"
449;1359900;1362567;"all from your closet.
So I know that it'll all fit"
450;1362567;1364567;"you, 'cause it's already been
tailored."
451;1364567;1368133;"I've been wanting to do this.
You have no idea the comedy that"
452;1368133;1371367;"went in there.
It was really exciting."
453;1371367;1376467;">> KHLOE: Oh, good. I don't like
everything to be so simple."
454;1376467;1380200;">> KIM: 'Kay, enjoy, en-yoy.
>> KHLOE: Thank-thank you."
455;1380200;1382667;"(laughs): Bye.
>> KHLOE: What do you think,"
456;1382667;1389100;"Kourt?
>> KOURTNEY: I look much better."
457;1389100;1392300;">> KHLOE: Do you like my dress?
mi amor."
458;1392300;1395567;"I love it so much.
>> KHLOE: I love Kim, and I"
459;1395567;1398100;"appreciate her wanting to, like,
style me, but, like, styling"
460;1398100;1400700;"means you're going to, like, get
me a new style."
461;1400700;1403133;"She just went in my closet and,
like, put it togeth..."
462;1403133;1404300;"This is hard?
>> KOURTNEY: Yeah, but you"
463;1404300;1405800;"wouldn't have brought that here,
I will say."
464;1405800;1407467;">> KHLOE: No, I wouldn't have
brought this here."
465;1407467;1409767;">> KOURTNEY: You would have worn
workout clothes, and you..."
466;1409767;1414100;"Half the clothes in your closet,
wear."
467;1414100;1417867;"So she's making you wear the...
the dope clothes in your closet."
468;1417867;1421000;">> KHLOE: Work.
>> KOURTNEY: Work. Work."
469;1421000;1423000;">> KENDALL: Can we leave now?
>> KHLOE: You guys ready for"
470;1423000;1425200;"din?
>> KOURTNEY: Yep."
471;1425200;1427266;"You look very cute, Kendall.
>> KOURTNEY: ♪ You're never"
472;1427266;1431066;"Fully dressed
Without a smile. ♪"
473;1431066;1433333;">> KHLOE: Do you think Kim is
really spending her money buying"
474;1433333;1434834;"me clothes?
>> KENDALL: Maybe."
475;1434834;1437533;">> KHLOE: I wish. If that's the
case, I would have let Kim style"
476;1437533;1440133;"me a long time ago if she was
buying me clothes."
477;1440133;1443533;"But Kim is kind of, like, a
hater, so, like, I don't know if"
478;1443533;1446133;"she's really styling me to look
it's out of my own"
479;1446133;1447633;"clothes, do you know what I
mean?"
480;1447633;1451367;">> KOURTNEY: She wants you to
step up her level, but, then,"
481;1451367;1453567;"she doesn't want you...
>> KENDALL: Kourt's been honest."
482;1453567;1457133;">> KHLOE: Kourt is on...
Did you, like, take something?"
483;1457133;1461000;">> KOURTNEY: No.
(all talking at once)"
484;1461000;1463567;">> KENDALL: She's on something.
There's a bug."
485;1463567;1465100;">> KHLOE: Okay, keep walking,
kids."
486;1465100;1467333;">> KOURTNEY: I just had a vision
of me tumbling down all the"
487;1467333;1470867;"stairs.
(laughing): Wait. Wait for me."
488;1470867;1472867;"Wait.
>> KHLOE: What did they give"
489;1472867;1474600;"Kourtney?
>> KENDALL: Seriously."
490;1474600;1477000;">> KOURTNEY: Okay, I'll be the
one, since you guys are not"
491;1477000;1479834;"feeling my vibe.
I'm gonna ask if they have any"
492;1479834;1482333;"gluten-free bread, 'cause I'm
starving."
493;1482333;1484633;">> KENDALL: Like, you can't
cheat every once in a while?"
494;1484633;1486133;">> KOURTNEY: No, I do.
>> KENDALL: Oh."
495;1486133;1487633;">> SERVER: Hi. Welcome to Angel
Oak."
496;1487633;1489633;">> KOURTNEY: Hi.
>> KENDALL: I'm gonna get the"
497;1489633;1492133;"gnocchi, but is it possible to
just do no lobster..."
498;1492133;1493633;">> SERVER: Sure, I'll see what
we can figure out."
499;1493633;1495633;">> KENDALL: Thank you.
>> KHLOE: And, then, can I get"
500;1495633;1497834;"your lettuce wedge?
And then I'll have the mac and"
501;1497834;1507233;"cheese, as well.
Okay, thanks."
502;1507233;1509367;">> KHLOE: Kourt, who are you
texting?"
503;1509367;1514166;">> KOURTNEY: Simon.
(phone chimes)"
504;1514166;1517200;">> KHLOE: Kourt seems really
distracted at dinner, and I can"
505;1517200;1519867;"tell that everything going on
with Scott is really affecting"
506;1519867;1522400;"her.
But Kourt, Kendall and I are"
507;1522400;1525867;"here in Santa Barbara for one
night to bond, and I feel like"
508;1525867;1528767;"Kourt kind of has to just put
her foot down and put her phone"
509;1528767;1532033;"down and say, you know, this
gonna be her family time."
510;1532033;1536500;"(phone keyboard clicking)
Let me tell you, we are a wild"
511;1536500;1540200;"group of girls.
(phone keyboard clicking)"
512;1540200;1542500;">> KENDALL: I'm realizing that
Kourtney's on her phone a lot,"
513;1542500;1545333;"but I'm definitely pretty
sensitive towards the fact that"
514;1545333;1547834;"anyone would be dealing with
something with a relationship or"
515;1547834;1550400;"whatever, 'cause I've definitely
had my moments."
516;1550400;1552600;"So I can kind of understand it."
517;1560100;1562000;"♪ ♪"
518;1564867;1567100;">> KHLOE: What's going on with
everything?"
519;1567100;1569133;"With, like, Scott.
I keep seeing all these things"
520;1569133;1571233;"online.
>> KOURTNEY: I mean, we're not"
521;1571233;1575300;"talking, which normally we talk.
>> KHLOE: Like, he said himself,"
522;1575300;1578000;"when he's bad, that's when you
pay him the most attention."
523;1578000;1579900;">> KOURTNEY: Mm-hmm.
>> KHLOE: So I think a lot of"
524;1579900;1581700;"it, he does to get attention
from you."
525;1581700;1583600;">> KOURTNEY: Right. And I just
haven't been writing him,"
526;1583600;1585800;"because I'm trying to, like...
>> KHLOE: Set a different"
527;1585800;1588467;"pattern... and you should.
>> KOURTNEY: Yeah, the pattern."
528;1588467;1591300;">> KHLOE: This cycle is not
beneficial to anybody, but"
529;1591300;1593567;"especially-- and I don't even
know-- listen."
530;1593567;1595500;"I'm not the parent.
>> KOURTNEY: No, I don't want"
531;1595500;1597400;"the kids to see him like this."
532;1599567;1602433;"We've been in the same pattern,
even though we're not together"
533;1602433;1606633;"for ten years, plus.
And if there was something I"
534;1606633;1611100;"could do to help Scott, you
know, help his situation or his"
535;1611100;1614066;"addiction, I would do it in a
heartbeat."
536;1614066;1617600;"But I've learned that it's
beyond my control and I've"
537;1617600;1620266;"accepted that.
>> KHLOE: Like, there's"
538;1620266;1623233;"consequences and they need to be
accountable and responsible."
539;1623233;1628033;"'Cause they do affect you at the
end of the day, and your kids."
540;1628033;1630600;"I mean, it's tough love."
541;1633667;1638867;"♪ ♪
(phone rings)"
542;1638867;1641166;">> KIM: Hi.
>> KHLOE: What are you doing?"
543;1641166;1644834;">> KIM: Feeling so (bleep).
I don't even know what to do."
544;1644834;1647867;">> KHLOE: Why? You're sick?
>> KIM: Mm-hmm."
545;1647867;1650033;">> KHLOE: I'm so sorry, Keeks.
>> KIM: I know. It's so"
546;1650033;1652467;"annoying; I just got sick.
How's Santa Barbara?"
547;1652467;1656433;">> KHLOE: I'm a little annoyed
that all of Scott's friends and"
548;1656433;1659433;"his every human being is
bothering Kourt about that he's"
549;1659433;1662066;"spiraling.
And just people involving her"
550;1662066;1665433;"when I really don't think it has
to do with her anymore."
551;1665433;1668500;">> KIM: I mean, it sucks, 'cause
she's just, like, she's gonna"
552;1668500;1670800;"always be involved with him,
'cause he's, like, the father of"
553;1670800;1673033;"her kids.
But, like, she can't just, like,"
554;1673033;1676233;"move on, when she should.
Like, they're broken up."
555;1676233;1679667;"Like, you know, and she can't,
like, be dealing with this"
556;1679667;1683900;"forever, you know?
>> KHLOE: Right."
557;1683900;1686800;"She should enjoy this time and I
think she will regret it if she"
558;1686800;1689233;"doesn't.
>> KIM: Well, I'll go over there"
559;1689233;1692333;"and I'll talk to him.
>> KHLOE: I think he needs that."
560;1692333;1694233;">> KIM: Yeah.
>> KHLOE: Thanks, Keeks."
561;1694233;1696066;"Hope you feel better.
>> KIM: All right, I love you."
562;1696066;1699633;"Have fun.
Bye. (sniffs)"
563;1699633;1701533;"♪ ♪"
564;1706100;1708266;">> KIM: Scott."
565;1710700;1712600;"Scott."
566;1717667;1720333;">> SCOTT: What are you doing?
>> KIM: I came to check on you."
567;1720333;1722367;">> SCOTT: Why are your boobs
out?"
568;1722367;1724233;">> KIM: They're not.
What are you talking about?"
569;1724233;1727500;"I'm wearing a wife-beater.
(sniffs) And I'm sick and I'm"
570;1727500;1729333;"annoyed.
>> SCOTT: You can see, like,"
571;1729333;1731767;"everything in the world,
plus more."
572;1731767;1733900;">> KIM: Would you be more
comfortable if I put this on?"
573;1733900;1735734;">> SCOTT: Kinda. I'm just
wondering, are you guys gonna"
574;1735734;1738333;"all have your boobs out for the
rest of your lives?"
575;1738333;1741333;"Like, 90 years old, at your
funerals, tits out."
576;1741333;1745367;">> KIM: So what is going on?
>> SCOTT: With?"
577;1745367;1748200;">> KIM: With-- Everyone's, like,
calling Kourtney, worried about"
578;1748200;1751834;"you.
>> SCOTT: Oh."
579;1751834;1754066;">> KIM: Well, I just wanted to,
like, come over here, so that"
580;1754066;1757500;"she could enjoy her bonding trip
with, you know, Kendall."
581;1757500;1761367;">> SCOTT: So what's the problem?
>> KIM: I mean, I just feel like"
582;1761367;1764300;"she's just trying to enjoy,
like, a weekend with Kendall."
583;1764300;1766367;">> SCOTT: I totally get that.
Terrible."
584;1766367;1768734;">> KIM: I just feel like we're
always here to, like, support"
585;1768734;1770900;"you, but I don't think, like,
everyone has to call her."
586;1770900;1772967;"I just want to, like, come over
and be, like, "Okay, he's fine.""
587;1772967;1775000;">> SCOTT: I get it.
People call her for, like,"
588;1775000;1777667;"anything and everything.
Some of it is really"
589;1777667;1780233;"realistically true.
I mean, we all know that I have"
590;1780233;1784900;"times where, like, I definitely
am out of control."
591;1784900;1787934;"But you can tell Kourtney to
have a good weekend."
592;1787934;1796500;"Rest assured I'm fine.
>> KIM: Okay."
593;1796500;1798834;">> KOURTNEY: Does anyone have
any good prank ideas to do to a"
594;1798834;1801133;"sleeping person?
This one's good."
595;1801133;1803367;"This one's good."
596;1805767;1807667;">> KENDALL: What is it?"
597;1811100;1813000;"♪ ♪"
598;1816100;1818000;"(line ringing)"
599;1819266;1821300;">> KOURTNEY: Hi.
>> KIM: Hi. So I just went over"
600;1821300;1825433;"to Scott's, and, um, it's all
good."
601;1825433;1827867;"I would just tell everyone to
stop calling you and bothering"
602;1827867;1830100;"you and worrying you.
Like, it's not your problem"
603;1830100;1832700;"anymore.
>> KOURTNEY: I mean, it's not,"
604;1832700;1835400;"but it is, like, forever, at the
same time, you know?"
605;1835400;1838133;">> KIM: But, like, at the same
time, you have to enjoy a"
606;1838133;1840767;"bonding trip with your sisters
in Santa Barbara."
607;1840767;1844066;"It's for one or two nights.
Like, he needs to chill."
608;1844066;1847333;">> KOURTNEY: Yeah.
>> KIM: Like, it can't always be"
609;1847333;1850367;"like this, so...
>> KOURTNEY: Well, thank you for"
610;1850367;1853700;"doing that.
>> KIM: Of course."
611;1853700;1856200;">> KOURTNEY: Feel better.
>> KIM: Okay."
612;1856200;1858300;"Love you. Have fun.
>> KOURTNEY: Okay."
613;1858300;1860133;"Thanks for doing that.
Love you."
614;1860133;1867000;">> KIM: Bye. Love you.
♪ ♪"
615;1867000;1870367;">> KHLOE (laughing): Oh...
I think I might have given you"
616;1870367;1873433;"something.
Should we go see if Kendall is"
617;1873433;1876000;"sleeping?
>> KOURTNEY: I mean, I think"
618;1876000;1880867;"Kim's right about Scott.
I feel much more okay about it."
619;1880867;1884333;"I just feel like I need to let
go and have fun."
620;1884333;1887200;">> KHLOE: She's still asleep."
621;1893100;1895433;">> KOURTNEY: So good.
>> KHLOE: She's such a pretty"
622;1895433;1898000;"sleeping person.
>> KOURTNEY: Is there anything"
623;1898000;1900100;"we can do to Kendall?
>> KHLOE: Can we cover her with"
624;1900100;1902066;"baby powder?
>> KOURTNEY: What if we put a"
625;1902066;1904700;"blueberry...
>> KHLOE (laughing): Up her ass."
626;1904700;1908600;">> KOURTNEY (laughing): What
would she... ?"
627;1908600;1911066;">> KHLOE: Kourtney, take a
(bleep) blueberry and do it."
628;1911066;1913333;">> KOURTNEY: I want to see if
anyone's tweeting at us."
629;1913333;1916266;"Does anyone have any good prank
ideas to do to a sleeping"
630;1916266;1918667;"person?
"Let them rest.""
631;1918667;1923033;""Leave Kendall alone."
"Put a few squares... ""
632;1923033;1925700;"This one's good.
This one's good."
633;1925700;1929233;""Put a few squares of chocolate
in their bum crack so it melts."
634;1929233;1932367;"When they wake up...
(laughing): they think they've"
635;1932367;1936834;"pooped themselves."
I think that's the winner."
636;1936834;1940967;"She's just gonna think she went
to the bathroom in her pants."
637;1940967;1945033;"(Khloe and Kourtney laughing)
She's gonna think she was so"
638;1945033;1947500;"drunk.
>> KHLOE: Let me tell you,"
639;1947500;1949567;"Twitter is really-- it's a great
tool."
640;1949567;1952767;"It's almost better than Google,
because they give you, like, in"
641;1952767;1957767;"real time responses.
And they're really crafty."
642;1957767;1960233;"It's just a little (bleep)
stain."
643;1960233;1962934;"A little shart.
>> KOURTNEY: At the sleepover,"
644;1962934;1965066;"whoever--
Yeah, whoever falls asleep..."
645;1965066;1967333;">> KHLOE: Yeah. You're (bleep).
>> KOURTNEY: You're asking for"
646;1967333;1969400;"it.
(Khloe laughs)"
647;1969400;1974033;"♪ ♪
>> KHLOE (whispers): Oh, shh,"
648;1974033;1980567;"shh. She rolled over.
She's on her back."
649;1980567;1982467;"♪ ♪"
650;1986667;1989567;"(mumbling)
>> KENDALL: What?"
651;1989567;1991767;"What's on my face?
(Kourtney and Khloe laughing)"
652;1991767;1996834;"What?
>> KHLOE: What's on you?"
653;1996834;1999433;">> KENDALL: What is it?
>> KHLOE: We wanted you to shart"
654;1999433;2002600;"yourself.
>> KENDALL: Did you look it up"
655;2002600;2004633;"or something?
>> KHLOE: We tweeted what can we"
656;2004633;2006867;"do to a sleeping person and
everyone..."
657;2006867;2009166;">> KOURTNEY: Everyone said to
put chocolate in their butt"
658;2009166;2012233;"crack.
>> KHLOE: We wanted to see if"
659;2012233;2015700;"you would tell us...
(Kourtney and Khloe laughing)"
660;2015700;2021166;"...if you (bleep) yourself.
>> KENDALL: You guys are, like,"
661;2021166;2025533;"twelve.
>> KHLOE: If only you knew."
662;2025533;2028300;"Let's let her sleep.
>> KOURTNEY: Okay."
663;2028300;2030667;"Kendall, you're safe.
>> KHLOE: What do you want to"
664;2030667;2032533;"say to the camera before I sign
off?"
665;2032533;2036266;">> KOURTNEY: Me and Khloe...
up to no good."
666;2036266;2038166;"♪ ♪"
667;2045033;2047033;">> KENDALL: 'Kay, let's go,
guys."
668;2047033;2049333;">> SOMMELIER: Hi. Welcome.
>> KHLOE: Hi."
669;2049333;2053300;">> SOMMELIER: We'll commence
with a Firestone Cab... Whoa."
670;2053300;2055934;"Have you the honors.
There we go. For you."
671;2055934;2059433;">> KOURTNEY: Khloe, I've never
ever..."
672;2059433;2060934;">> KHLOE: What?
>> KOURTNEY: ...wear a blazer."
673;2060934;2063600;">> KHLOE: That Kimberly decided
to give me. Thank you."
674;2063600;2065834;">> KOURTNEY: You actually look
really cute."
675;2065834;2068166;"This is a cute wine tasting
outfit."
676;2068166;2069834;">> KHLOE: Yeah, but...
Which is fine."
677;2069834;2072967;"I mean, she had heels, I think.
But it's crazy, the extent that"
678;2072967;2075800;"she goes to... style me.
>> SOMMELIER: Are you all right?"
679;2075800;2078000;">> KHLOE: Kourt's compliments,
she can shove up her ass-- I"
680;2078000;2080266;"don't really care.
I look like a (bleep)..."
681;2080266;2083100;"like, secretary at a winery.
It's just not me."
682;2083100;2086166;"It's not my jam, this outfit.
>> KOURTNEY: There's one long,"
683;2086166;2088467;"black hair...
>> KHLOE: Ow!"
684;2088467;2091200;"(laughing)
>> KOURTNEY: Hold on, hold on."
685;2091200;2093200;">> KHLOE: No, you're not pulling
it with your finger."
686;2093200;2095200;"I have tweezers in the car.
>> KOURTNEY: Let me just see."
687;2095200;2096867;">> KHLOE: No.
All right, let's get on our"
688;2096867;2101000;"bikes and hit the road.
>> KENDALL: Let's do this."
689;2101000;2102900;"♪ ♪"
690;2105000;2107033;">> KHLOE: This is so cute."
691;2110467;2112467;"(laughing)
>> KOURTNEY: Oh, my God."
692;2112467;2116867;">> KHLOE: Are you okay?
>> KENDALL: I just ate (bleep)."
693;2116867;2118867;">> KOURTNEY: Oh, my God.
>> KHLOE: Are you okay?"
694;2118867;2120800;">> KENDALL (laughing): I fully,
like, skidded..."
695;2120800;2123300;">> KOURTNEY: Oh, my God. Where?
>> KENDALL: Right here."
696;2123300;2124867;">> KOURTNEY: Right here?
>> KHLOE: Oh, my God."
697;2124867;2126367;">> KOURTNEY: How on earth did
that happen?"
698;2126367;2128367;">> KENDALL: Don't go on those
rocks."
699;2128367;2131834;">> KHLOE: I don't know if, like,
electric bike riding and alcohol"
700;2131834;2133967;"is smart.
>> KOURTNEY: I mean, Kendall's"
701;2133967;2137166;"fall definitely made the day.
>> KHLOE: I mean, it's only good"
702;2137166;2140133;"'cause she didn't get hurt, but
her being so tall and, like,"
703;2140133;2143867;"statuesque and with this
lavender, like, fur jacket, like"
704;2143867;2146567;"she couldn't have been in a more
obnoxious outfit to fall off the"
705;2146567;2149834;"bike in.
>> KOURTNEY: Word."
706;2149834;2156633;">> KHLOE: Word.
♪ ♪"
707;2156633;2159333;">> KOURTNEY: Oh, I love these.
>> SOMMELIER 2: So this one's"
708;2159333;2162233;"gonna be a little bit more
indicative of a French-style"
709;2162233;2164333;"Chardonnay as opposed to
California."
710;2164333;2166533;">> KENDALL: I swear, I've never
gotten this drunk this quickly"
711;2166533;2168700;"off of wine.
>> KHLOE: Are you drunk already?"
712;2168700;2171033;"You guys are drinking all the
glasses; I'm drinking sips."
713;2171033;2175033;">> KOURTNEY: How many glasses is
the three tastings together?"
714;2175033;2177200;">> KENDALL: Ten.
>> KOURTNEY: Wha...? No."
715;2177200;2179567;"I'm saying how many glasses...
>> KENDALL: Ten glasses."
716;2179567;2181567;">> SOMMELIER 2: There's probably
about two ounces in each of"
717;2181567;2183900;"these glasses.
>> KOURTNEY: But how many ounces"
718;2183900;2186166;"is that?
>> KHLOE: They're not making any"
719;2186166;2188166;"sense.
>> KOURTNEY: I'm trying now."
720;2188166;2191767;"If we tried three testers, is
that like one glass?"
721;2191767;2193867;">> KENDALL: I'm crying.
I'm so happy Kourtney is on my"
722;2193867;2195767;"level.
>> KOURTNEY: Okay."
723;2195767;2199867;"'Cause I was starting to get
scared with, like, 14 ounces."
724;2199867;2202367;"(Khloe screams)
>> KHLOE: Kendall. Oh, my God."
725;2202367;2205900;"Are you okay?
You both are wasted and I'm not."
726;2205900;2207767;">> KOURTNEY: Yeah, why aren't
you?"
727;2207767;2209533;">> KHLOE: I don't know.
I'm so not on your level, but"
728;2209533;2211367;"I'm willing to take one for the
team."
729;2211367;2213133;"You guys are having the best
time and I love watching you"
730;2213133;2216133;"guys having so much fun.
>> KOURTNEY: Okay."
731;2216133;2219934;"(Kendall and Kourtney laugh)
Hold on. I need to drink the"
732;2219934;2221967;"rest of your red wine.
>> KENDALL: No!"
733;2221967;2223767;"Just half, half.
I'll do the rest."
734;2223767;2226567;"So unfair-- Oh, Khloe's is left.
No, I..."
735;2226567;2228567;">> KOURTNEY: Yes, drink it.
What do you think, you're gonna"
736;2228567;2232633;"get a disease?
(Kourtney laughs)"
737;2232633;2240066;"(squeaky, indistinct chatter)
♪ ♪"
738;2240066;2242867;">> KOURTNEY: I mean, this is the
longest car ride of my (bleep)"
739;2242867;2245300;"life, and why are we
at 84 degrees?"
740;2245300;2247700;"I'm sweating...
>> KENDALL: I have to pee"
741;2247700;2249367;"so bad.
>> KOURTNEY: ...like a sausage."
742;2249367;2251467;"And I have to pee.
Okay. 'Cause we keep saying,"
743;2251467;2252800;"like, five minutes...
>> KHLOE: Here, there's"
744;2252800;2254633;"a porta-potty right there,
do you wanna go?"
745;2254633;2256767;">> KOURTNEY: No.
What's that place?"
746;2256767;2258734;"Thrift store.
>> KENDALL: Oh, it's..."
747;2258734;2260700;"I'll go in.
>> KOURTNEY: I want you to know,"
748;2260700;2263500;"though, Khlo, I'm not
buying you anything."
749;2263500;2265333;">> KHLOE: Vintage shopping
was not my thing."
750;2265333;2267500;"You guys were my thing.
>> KOURTNEY: But we did it all."
751;2267500;2269367;">> KHLOE: Yeah.
Now, I know you and I call"
752;2269367;2272133;"each other Danny DeVito
and Arnold Schwarzenegger,"
753;2272133;2274800;"but you and Kendall really are.
(Australian accent): Kourtney"
754;2274800;2277767;"and Kendall in their natural
habitat of shopping."
755;2277767;2280800;"Oh, there they are.
Oh, Kourtney in the natural"
756;2280800;2285767;"habitat of shopping.
♪ ♪"
757;2285767;2288867;"(normal voice): You guys are
so drunk, but it's so cute."
758;2288867;2292633;"Aww, good times, Santa Barbara,
good times."
759;2292633;2294533;"♪ ♪"
760;2297233;2298900;">> ATTENDANT: Welcome to the Spa
at Bacara."
761;2298900;2300433;">> KOURTNEY: Are we putting
mud on?"
762;2300433;2302700;">> ATTENDANT: Yes.
Once you put it on"
763;2302700;2304533;"you want to have it be on there
for about 20 minutes."
764;2304533;2306734;">> KOURTNEY: Putting in there
like swimwear."
765;2306734;2308734;"What does that even mean?
>> KENDALL: I don't even know."
766;2308734;2311633;">> KHLOE: Swimwear, when you
walk, it goes up your butt."
767;2311633;2314033;"Yeah, baby.
(soft laughter)"
768;2314033;2316233;">> KOURTNEY: Khloe,
you're not doing this?"
769;2316233;2317734;">> KENDALL: Yeah,
what are you doing?"
770;2317734;2319400;"Lame.
>> KHLOE: You know what?"
771;2319400;2321400;">> KOURTNEY: What?
>> KHLOE: I did this"
772;2321400;2324500;"intentionally
to let you guys bond."
773;2324500;2327834;"'Cause you guys now have to sit
for 20 minutes, solo, together."
774;2327834;2330133;"You guys good?
>> KENDALL: Yeah."
775;2330133;2334500;">> KOURTNEY: Mm-hmm.
>> KHLOE: Okay."
776;2334500;2337166;"Kendall and Kourt have been
having a blast in Santa Barbara,"
777;2337166;2339400;"but I still feel like
they have to get to the root"
778;2339400;2342266;"of the problem, and figure out
why are they so awkward"
779;2342266;2343767;"around one another?"
780;2349100;2351200;">> KENDALL: I'm so happy we did
this, like, I'm enjoying myself."
781;2351200;2353200;">> KOURTNEY: You are?
>> KENDALL: Yeah."
782;2353200;2355967;">> KOURTNEY: I'm so glad you
said that, because I feel like"
783;2355967;2359400;"I always think you hate me.
>> KENDALL: Why?"
784;2359400;2362266;">> KOURTNEY: 'Cause you go out
of town, and I never talk to you"
785;2362266;2364500;"when you're gone.
Like, everyone will be like,"
786;2364500;2366200;""Oh, I talked to Kendall,
I did this...""
787;2366200;2368233;">> KENDALL: But you also, like,
takes two to tango."
788;2368233;2371700;"Like, you come to the city, and
like, don't call me, to, like,"
789;2371700;2373367;"come and hang out.
>> KOURTNEY: True."
790;2373367;2375033;">> KENDALL: So...
>> KOURTNEY: Yeah, I need"
791;2375033;2378800;"to just call you more.
There's no reason why Kendall"
792;2378800;2381667;"would hate me, I just feel like
some of it is just my"
793;2381667;2386367;"imagination, but now, we really
connected, and it's strengthened"
794;2386367;2389233;"our relationship.
When I'm in town, you're gonna"
795;2389233;2392100;"be my first phone call.
>> KENDALL: Holding you to that,"
796;2392100;2394066;"girl.
>> KENDALL: I think Kourt and I"
797;2394066;2395567;"have an amazing relationship.
>> KOURTNEY: Pretty much"
798;2395567;2396900;"the best.
>> KENDALL: Except for when"
799;2396900;2398867;"she doesn't want
to hang out with me."
800;2398867;2401066;"One time, we were at church.
She came up to me, she was like,"
801;2401066;2403166;""How are you?"
as if, like, I didn't know you."
802;2403166;2405033;"And I was like, "Oh, my God,
I have, like, two seats next"
803;2405033;2407033;"to me, why don't you and
your friend come sit with us?""
804;2407033;2409667;"She goes, "No."
It was..."
805;2409667;2411000;"(Kourtney laughs)
...so awkward."
806;2411000;2412333;"We have awkward moments
together, but I think..."
807;2412333;2413633;">> KOURTNEY: Yeah.
>> KENDALL: ...it's 'cause"
808;2413633;2415166;"we love each other too much.
>> KOURTNEY: It is."
809;2415166;2416500;">> KENDALL: What are you doing
this weekend?"
810;2416500;2418500;">> KOURTNEY: I have no plans.
>> KENDALL: Let's hang out."
811;2418500;2421400;">> KOURTNEY: You got it.
>> KENDALL: What if, like, you"
812;2421400;2425133;"stay in it, like, 21 minutes,
and it doesn't come off anymore?"
813;2425133;2426934;"(chuckles)
>> KOURTNEY: Oh, my gosh."
814;2426934;2429333;"I would die.
Make sure it's really"
815;2429333;2437633;"on my butt.
>> KENDALL: This is insane."
816;2437633;2441200;">> KOURTNEY: Hi.
>> KENDALL: Okay, I think"
817;2441200;2448033;"I'm done.
♪ ♪"
818;2448033;2449533;">> KENDALL: Are you wearing
your bathing suit?"
819;2449533;2451600;">> KOURTNEY: No.
>> KENDALL: How did you get in?"
820;2451600;2458333;">> KOURTNEY: I just snuck in.
Like a slithering snake."
821;2458333;2460633;">> KENDALL: Is Scott going
to Cannes?"
822;2460633;2463667;">> KOURTNEY: I don't know.
But I'm not telling him"
823;2463667;2467166;"that I'm going, so that...
>> KENDALL: He doesn't, like..."
824;2467166;2469734;">> KOURTNEY: ...book it, yeah,
just because."
825;2469734;2471967;">> KENDALL: Remember last year?
>> KOURTNEY: Yes."
826;2471967;2474133;">> KENDALL: I remember
texting you, being like,"
827;2474133;2476133;""Yeah, he was all good.
Like, nothing weird,"
828;2476133;2478266;"nothing crazy," and that night,
like, after I left to go..."
829;2478266;2479767;">> KOURTNEY: Yeah.
>> KENDALL: ...all those crazy"
830;2479767;2482066;"photos came out.
>> KOURTNEY: Yeah."
831;2482066;2484633;"(sighs)
Ken, if it's nice tomorrow,"
832;2484633;2489300;"we should lay out at my pool.
>> KENDALL: Yeah, I'm down."
833;2489300;2491200;"♪ ♪"
834;2499433;2501300;">> KIM: So how was
Santa Barbara?"
835;2501300;2504066;">> KHLOE: It was so good,
but how funny is this?"
836;2504066;2507734;"So we're in our rooms and,
like, I saw this camo bag."
837;2507734;2510934;"So I was like, "Is this-- did...
This is Kim's bag.""
838;2510934;2513200;"That's what I thought.
I was like, "(bleep),"
839;2513200;2515633;"my assistants must've put
the wrong suitcase in my car.""
840;2515633;2518100;"When I opened the bag, I see
a picture of you and Jonathan."
841;2518100;2522500;"And I'm like, "This (bleep).
These little (bleep)."
842;2522500;2525066;"And I'm looking at the
Polaroids, and I'm like,"
843;2525066;2526734;""She thinks I dress like
(bleep).""
844;2526734;2531000;"But then it was, no, also,
actually, I needed it, and you"
845;2531000;2533600;"packed me, like, a great Céline
dress, and, like, this nice"
846;2533600;2535400;"stuff, so I was actually like,
"Okay, well, look,"
847;2535400;2538300;"this came in handy. Okay."
>> KIM: It was so cute."
848;2538300;2540567;">> KHLOE: I was very Kim K.
>> KIM: Yay."
849;2540567;2542667;">> KHLOE: You're welcome to come
over and pack for me anytime."
850;2542667;2544000;">> KIM: I'm welcome
in your closet?"
851;2544000;2546200;">> KHLOE: Yeah.
Because you did such a good job,"
852;2546200;2548467;"I want you to now style me,
literally."
853;2548467;2550967;">> KIM: I love you,
but it's super overwhelming."
854;2550967;2556066;"There's too much going on.
>> KHLOE: Sherlock,"
855;2556066;2558533;"I'm hiring you as my stylist.
>> KIM: I don't have time."
856;2558533;2560200;"I'm not running around and doing
all that."
857;2560200;2561700;"That's like--
those days are over."
858;2561700;2564100;">> KHLOE: So you don't
take the position?"
859;2564100;2565600;">> KIM: No.
I don't take the position."
860;2565600;2567133;"(Khloe laughs)
I resign."
861;2567133;2569266;">> KHLOE: I don't understand.
>> KIM: I resign already."
862;2569266;2571166;">> KHLOE: You've been begging
for the job."
863;2571166;2574867;"I finally say, "Let's go,"
and you resign"
864;2574867;2577567;"before you even start?
>> KIM: You always want"
865;2577567;2579700;"what you can't have.
(Khloe laughs)"
866;2579700;2582266;"That's the moral.
>> KHLOE: I feel like, tit for"
867;2582266;2586900;"tat, so now, I get to style you
for dinner one day."
868;2586900;2588233;">> KIM: No.
>> KHLOE: Now, if your bags"
869;2588233;2590266;"ever get switched...
>> KIM: My reputation's"
870;2590266;2593300;"on the line.
>> KHLOE: Mm-hmm."
871;2593300;2595900;">> KIM: On the next episode...
>> KRIS: Hey, Kourt."
872;2595900;2597734;">> YOUNES: Hi.
>> KHLOE: Hi, Younes."
873;2597734;2600467;">> YOUNES: Nice to see you.
>> KENDALL: I haven't seen Kourt"
874;2600467;2602633;"with another guy in, like,
ten years."
875;2602633;2605433;"It's just intense.
>> SCOTT: If you're gonna be in"
876;2605433;2608633;"Cannes with, like, another guy,
like, have fun."
877;2608633;2610633;">> KOURTNEY: Scott's threatening
me now."
878;2610633;2613600;"He's like, "Your little friend
is gonna get beat up.""
879;2613600;2615800;">> KIM: It's not a good look
for Scott."
880;2615800;2618133;"This is not gonna end well.
>> SCOTT: It got just, like..."
881;2618133;2621100;"way too out of hand.
Captioning sponsored by"
882;2621100;2622700;"BUNIM-MURRAY PRODUCTIONS"