﻿Number;Start time in milliseconds;End time in milliseconds;"Text"
1;3467;5333;">> KOURTNEY: Previously on
Keeping Up with the"
2;5333;7266;"Kardashians:
>> ROB: Scott-- I honestly"
3;7266;9266;"really like.
I kind of have to like him,"
4;9266;13467;"'cause he's the only guy in the
family."
5;13467;15400;">> WAITER: Please, back off.
>> SCOTT: Don't you (bleep) talk"
6;15400;17367;"to me like that.
>> WAITER: I can't get you a"
7;17367;18767;"drink...
>> SCOTT: Shut your (bleep)"
8;18767;20400;"mouth.
>> ROB: Just his behavior-- it's"
9;20400;26266;"just unacceptable.
I do not want to be that guy."
10;26266;29467;">> KYLIE: I have this... I have
a habit now."
11;29467;33433;"Like, my mouth gets really sore
when I go..."
12;33433;36133;"'Cause I do it constantly.
>> KRIS: Hey, guys."
13;36133;38300;"What are you doing?
>> KENDALL: Wait, come here."
14;38300;41700;">> KRIS: What?
>> KENDALL: Kylie, come on."
15;41700;45734;">> KRIS: What are you guys
doing? What?"
16;45734;47500;">> KENDALL (softly): Dad.
>> KRIS: What are you guys"
17;47500;49166;"doing?
>> KENDALL (whispers): Dad."
18;49166;50667;">> KYLIE (whispers): Dad.
>> KENDALL: Dad."
19;50667;52333;">> KYLIE: Dad.
>> KENDALL: Dad, can we get a"
20;52333;53834;"puppy?
If we can have a puppy, say"
21;53834;55867;"nothing.
>> KYLIE: Dad."
22;55867;58500;">> KENDALL: Dad.
>> KYLIE: Dad."
23;58500;61834;">> KRIS: I think we all notice
that Bruce can't hear very well"
24;61834;65367;"lately.
Hey, honey."
25;65367;67800;"Hi, honey.
>> BRUCE: Hey."
26;67800;69900;">> KRIS: How many people do you
think are here?"
27;69900;71467;">> BRUCE: What?
>> KRIS: All I'm getting in"
28;71467;76300;"response is, "What? Huh?"
He doesn't hear anything that"
29;76300;78400;"I'm saying.
We've been out there talking to"
30;78400;80767;"you for five minutes.
>> BRUCE: No, you haven't."
31;80767;82367;">> KRIS: Yeah, we have.
>> BRUCE: No."
32;82367;85333;">> KRIS: Honey, I'm thinking
maybe you might want to go get"
33;85333;87467;"your ears checked.
>> BRUCE: My hearing's fine."
34;87467;90400;">> KRIS: Honey, you need to get
your hearing checked, I'm"
35;90400;92767;"telling you.
Don't you think that it's worth"
36;92767;95400;"going to get it checked out
before you lose your hearing all"
37;95400;97100;"together?
>> BRUCE: I'm fine. Please."
38;97100;99533;">> KRIS: What if you couldn't
hear my voice ever again."
39;99533;101934;">> BRUCE: Perfect."
40;111667;116133;"(cheering)
>> WOMAN: Rob! Rob!"
41;116133;117800;">> ROB: So it's my 24th
birthday."
42;117800;121000;"We're at the Mirage celebrating.
Kim's here, Khloe's here."
43;121000;122900;"I've got all my close friends
here."
44;122900;125200;"We're going to have a nice
family dinner and then we're"
45;125200;127834;"going to go party it up.
>> KHLOE: What I don't get about"
46;127834;130166;"this family is, like, the
pressure."
47;130166;132734;"I've only been married a year
and a half, and the pressure I"
48;132734;135600;"have to have a baby is so
insane."
49;135600;138734;"You only have three days out of
the month to have a child."
50;138734;141300;"It's not that easy.
>> KIM: But seriously, Rob,"
51;141300;143867;"Kourtney...
Her feelings are, like,"
52;143867;146133;"kind of hurt that you didn't,
like, invite her."
53;146133;148266;">> ROB: She has a baby.
Why would I want her to come to"
54;148266;149967;"Vegas?
Kourtney, like, doesn't come to"
55;149967;153700;"anything I do, so...
I just texted her."
56;153700;156767;"I said, "I would love to see
Mason, and I miss you."
57;156767;158767;"I wish you were here."
>> KIM: Yeah, when was the last"
58;158767;161567;"time you saw Mason?
>> ROB: Not for a while."
59;161567;164767;">> KIM: Doesn't that, like, hurt
your soul?"
60;164767;167900;">> ROB: Kim asked why I don't
see Kourtney and Mason often."
61;167900;170667;"And the real reason is because
of Scott."
62;170667;175467;"Scott and I used to hang out.
We used to be cool and party."
63;175467;178934;"But I live with Khloe and Lamar
and from day one Lamar has"
64;178934;183300;"treated Khloe like a queen.
And I don't see that from Scott."
65;183300;185400;">> SCOTT: It's tacky, it's cheap
and it doesn't look good for"
66;185400;187500;"anybody.
>> ROB: The whole Miami"
67;187500;189567;"incident, him punching the
mirror, it just kind of showed"
68;189567;191600;"his true colors.
And, you know, I haven't really"
69;191600;193266;"spoken to him since that whole
incident."
70;193266;195000;">> KIM: Just be, like,
considerate that you have other"
71;195000;196700;"sisters.
>> ROB: I really think that you"
72;196700;198133;"should just stop talking to me
about this."
73;198133;200200;"You're really getting under my
skin right now."
74;200200;202734;"I'm not trying to get Kourtney
involved and I'm kind of keeping"
75;202734;204600;"her out of the situation."
76;209567;213133;"(doorbell ringing)
>> KHLOE: Anybody home?"
77;213133;215967;">> BRUCE: We're up here.
>> KRIS: Hey, Khlo-mo."
78;215967;217867;"No, no and no.
>> KHLOE: Fancy seeing you here,"
79;217867;220166;"pal.
Can you hear me, Grandpa?"
80;220166;224834;"I came here because I know about
your little hearing dilemma."
81;224834;228000;">> BRUCE: Oh, please.
My hearing is fine."
82;228000;232166;">> KHLOE: Bruce, look what I got
you."
83;232166;235633;"This is called a Harmony Cone.
>> BRUCE: A Harmony Cone?"
84;235633;237066;">> KRIS: We can use a little
harmony around here."
85;237066;239166;">> KHLOE: Can you hear me?
Harmony Cone."
86;239166;243667;"This will take all the wax
buildup out of your ear."
87;243667;247467;"Can you hear me?
>> BRUCE: If all you guys shut"
88;247467;250467;"up over this thing, I'll do
one ear."
89;250467;251867;">> KRIS: One ear so you can half
hear us?"
90;251867;253734;">> BRUCE: Just to get you to...
just to get you guys to stop and"
91;253734;256200;"move on.
>> KHLOE: This is what I want"
92;256200;259066;"you to do.
Put this end in your ear to"
93;259066;260834;"where it's fitting snug...
>> BRUCE: What?"
94;260834;262500;">> KHLOE: Tell me.
>> BRUCE: You stick it in my"
95;262500;264300;"ear.
>> KHLOE: No. You have to hold"
96;264300;266367;"it there.
>> BRUCE: Oh, God."
97;266367;268934;"Promise me, one hour of silence
after this is over."
98;268934;271800;">> KHLOE: Just be patient.
You can take a nap if needed."
99;271800;274967;">> BRUCE: God, I'm not taking a
nap with a candle in my ear lit."
100;274967;277867;">> KHLOE: We've got to document
this process."
101;277867;280600;">> BRUCE: No, 'cause you're
going to take a picture of this,"
102;280600;282233;"and then, you know, you're going
to, like, put it on YouTube or"
103;282233;283567;"something.
>> KENDALL: Don't move."
104;283567;284967;"The fire is going to get on the
chair."
105;284967;286300;">> BRUCE: It's burning?
>> KENDALL: Yes."
106;286300;289533;">> KHLOE: One, two...
>> BRUCE: Stupid."
107;289533;292367;"This is stupid.
(coughs)"
108;292367;293767;">> KHLOE: Okay, so...
>> BRUCE: Is that my hair"
109;293767;295166;"burning?
I swear it is."
110;295166;297533;"Good. Okay, I'm done.
>> KHLOE: Okay, now look in the"
111;297533;299100;"ear thing.
>> BRUCE: What the hell is that?"
112;299100;302967;">> KHLOE: Oh, look... Ew!
>> KRIS: Aw, there's earwax."
113;302967;304734;"Khloe, you've got to do the
other ear."
114;304734;306233;"'Cause look how much came out of
this one."
115;306233;307867;"You've got to...
>> KHLOE: I would be happy to,"
116;307867;310400;"but Bruce won't let me.
I think that's not normal."
117;310400;312567;"I think we really need to,
like, get him to a doctor"
118;312567;315734;"immediately.
>> BRUCE: The deal was, an hour"
119;315734;318233;"of no talking to me.
>> KRIS: Khloe, look."
120;318233;319900;">> KHLOE: Mom, I'm not touching
it!"
121;319900;322433;"Mom, you're going to get...
>> KRIS: Earwax, earwax!"
122;322433;325133;">> KHLOE: Mom! Oh, my God!
(screaming)"
123;325133;327400;">> KRIS: Earwax. Earwax."
124;334667;337367;">> KHLOE: I have tea.
You could say thank you."
125;337367;339233;">> ROB: Thank you.
>> KHLOE: Feel better."
126;339233;341333;">> ROB: You're rude.
>> KHLOE: I'm rude?"
127;341333;343133;">> ROB: Yes.
>> KHLOE: I'm rude 'cause I"
128;343133;345567;"brought you tea?
>> ROB: Yeah, but you act like"
129;345567;348200;"I'm not (bleep) sick or
something."
130;348200;350734;">> KHLOE: I could show you rude.
And I could beat the (bleep) out"
131;350734;353734;"of you right now.
Tell me how pretty I am."
132;353734;355567;"Robert!
>> ROB: You're really pretty,"
133;355567;358000;"Khloe.
>> KHLOE: You ungrateful little"
134;358000;360734;"(bleep).
>> KOURTNEY: What is this for?"
135;360734;362533;">> KHLOE: You put it in a
turkey, I think."
136;362533;363900;">> KOURTNEY: Okay, so that
should not go in this drawer."
137;363900;365500;">> KHLOE: I don't know what it's
for."
138;365500;368367;"Just throw it away.
When in doubt, throw away."
139;368367;371266;">> KOURTNEY: Uh, where's Rob?
I haven't seen Rob in forever."
140;371266;373533;">> KHLOE: Apparently he's
upstairs dying."
141;373533;375700;"I think he's hungover, 'cause
when I came home and it was"
142;375700;377066;"midnight...
>> KOURTNEY: He's always"
143;377066;378800;"hungover.
All everyone says is all he does"
144;378800;382834;"is go out and, like, party his
life away."
145;382834;386500;"I think one thing that's really
annoying about Rob is that, you"
146;386500;391233;"know, we are so family-oriented
and Rob just lives at Khloe and"
147;391233;393633;"Lamar's house and he kind of
just hangs out there all the"
148;393633;395300;"time.
(phone ringing)"
149;395300;397700;">> ROB: Hello.
>> KHLOE: Robert, come"
150;397700;399900;"downstairs right now.
Kourtney needs to talk to you."
151;399900;402066;">> ROB: I can't.
I didn't get an hour of sleep"
152;402066;403500;"last night.
I'm not feeling good."
153;403500;405033;">> KOURTNEY: Was he out
partying?"
154;405033;406734;">> KHLOE: But where were you?
'Cause when we came home at"
155;406734;408166;"midnight...
>> ROB: I've been here (bleep)"
156;408166;410633;"all night, Khloe!
I had a basketball game and then"
157;410633;412433;"I came home, and I'm not feeling
good."
158;412433;414200;">> KHLOE: Is this your penis
problem that you've been having?"
159;414200;416800;">> ROB: No, Khloe.
>> KHLOE: So that's cured?"
160;416800;420533;"(click)
(busy signal)"
161;420533;423166;">> KOURTNEY: Hey, Rob.
Are you hungover?"
162;423166;425667;">> ROB: I don't drink.
>> KOURTNEY: Weren't you just in"
163;425667;427400;"Vegas?
>> ROB: Yeah, but I wasn't"
164;427400;429400;"drunk.
>> KOURTNEY: Okay, so Friday and"
165;429400;432133;"Saturday you were drinking, but
now it's Tuesday, so you don't"
166;432133;433633;"drink any...
>> ROB: I worked out yesterday."
167;433633;435033;"I was supposed to work out
today."
168;435033;436433;"It has nothing to do with
alcohol."
169;436433;438233;"I don't drink, I don't smoke, I
don't do drugs."
170;438233;439867;"So please get out if you're just
going to say (bleep)."
171;439867;442633;">> KOURTNEY: You don't do any of
those things now after Saturday?"
172;442633;444934;">> ROB: I had a drink on my
birthday."
173;444934;446667;"I think that's kind of standard.
>> KOURTNEY: A drink? One?"
174;446667;448066;">> ROB: Yeah, I wasn't
belligerent like you and your"
175;448066;449800;"friends.
>> KOURTNEY: You had one drink?"
176;449800;452266;">> ROB: So, yo, I need to...
I'm trying to get rest,"
177;452266;454233;"Kourtney.
Bible."
178;454233;457633;">> KOURTNEY: I really haven't
spent quality time with Rob in"
179;457633;460934;"at least, like, six months.
And Mason's growing up so"
180;460934;462800;"quickly and he's missing it."
181;464467;466333;"♪ ♪"
182;470100;474500;">> KRIS: Hey, honey!
Bruce?"
183;474500;476900;"Bruce?!
>> BRUCE: Hello?"
184;476900;479100;">> KRIS: Hey!
>> BRUCE: What are you doing?"
185;479100;480767;">> KRIS (sighs): Stressed.
>> BRUCE: How was your...?"
186;480767;483233;"What, were you at a meeting?
>> KRIS: Yeah. Actually, we had"
187;483233;486367;"a great meeting with Sears
about the Kardashian Kollection."
188;486367;488700;"Where are the girls?
>> BRUCE: At school, where"
189;488700;491033;"they're supposed to be.
I gotta go pick 'em up"
190;491033;494233;"in a few minutes.
>> KRIS: Bruce, I actually told"
191;494233;497700;"you that you had to pick
them up at 1:30."
192;497700;501533;"That was, like, 45 minutes ago.
>> BRUCE: Uh-oh."
193;501533;504734;">> KRIS: It's one thing not to
hear me when it just isn't that"
194;504734;507700;"important and you forget to pick
up the milk at the grocery"
195;507700;512133;"store, but to forget to pick
up your kids and not hear that?"
196;512133;514200;"That concerns me.
I just don't get why you"
197;514200;516433;"didn't pick up the girls.
>> BRUCE: Because I thought..."
198;516433;518500;"I heard you say, "Pick up the
girls" but I thought it"
199;518500;520367;"wasn't Friday.
>> KRIS: You don't need"
200;520367;521967;"an assistant to go...
>> BRUCE: And you give me so"
201;521967;523834;"many damn lists it's just
just ridiculous."
202;523834;525767;"I'm going to get the girls.
>> KRIS: Bruce!"
203;525767;527467;">> BRUCE: What?!
>> KRIS: Did you pick up"
204;527467;529133;"the dog?
>> BRUCE: The dog?"
205;529133;531166;"What's with the dog?
>> KRIS: The dog was getting"
206;531166;533834;"its teeth extracted.
You know, it used to be kind of"
207;533834;535834;"a joke, "Bruce couldn't hear,
Bruce couldn't hear," but Bruce"
208;535834;539567;"really can't hear.
This is only getting more"
209;539567;541433;"and more serious.
>> BRUCE: I'll do the kids"
210;541433;546266;"first, dog second.
>> KRIS: Help me!"
211;546266;548767;">> BRUCE: A calmer, more
soothing tone of voice might"
212;548767;552734;""Bruce!
Bruce!""
213;552734;555834;">> KRIS: Are you insane?
I know he's scared."
214;555834;558967;"I just want Rob to be okay."
215;562934;567166;"♪ ♪
>> BRUCE: One thing I never do,"
216;567166;570967;"I never miss carpool.
(sighs)"
217;570967;573333;"There they are."
218;579100;586266;"Okay... get it over with.
Come on. I'm never late."
219;586266;588734;"You're just not gonna talk
to me, huh?"
220;588734;590500;"Oh, you're gonna be that ticked
off that you're not even gonna"
221;590500;591867;"talk to me?
You're gonna give me"
222;591867;593233;"the silent treatment?
That's even worse."
223;593233;594967;">> KENDALL: We've literally been
sitting here for, like,"
224;594967;596867;"an hour waiting.
>> KYLIE: Seriously, Dad, we've"
225;596867;600200;"been waiting forever.
>> BRUCE: Hmm?"
226;600200;602867;"Well, I'm sorry.
I'm never late."
227;602867;605100;">> KENDALL: Dad, we could
have been kidnapped."
228;605100;606934;"Like, that's just not cool.
>> KYLIE: He probably just"
229;606934;609333;"didn't even hear."
230;615900;618734;"(doorbell rings)
>> ROB: Hey..."
231;618734;621467;">> KOURTNEY: How did you even
know where I live?"
232;621467;624100;">> ROB: This is the first time
that I've ever been to"
233;624100;626767;"her house.
In my mind, that's terrible,"
234;626767;629934;"considering she's been here
for four to five months."
235;629934;633333;">> ROB: Where's Masey?
>> KOURTNEY: He is asleep."
236;633333;635467;">> ROB: I feel bad.
I haven't seen Mason."
237;635467;637867;"He barely knows who I am.
I'm supposed to be his uncle,"
238;637867;641400;"but I'm trying and I need to
make up for lost time."
239;641400;643433;"Oh, my stomach.
>> KOURTNEY: Oh, you're still"
240;643433;645533;"feeling sick?
>> ROB: My stomach is"
241;645533;648133;"killing me.
It's, like, my pelvis."
242;648133;651066;">> KOURTNEY: Maybe you should
lay off the alcohol."
243;651066;654767;">> ROB: Honestly, I really don't
appreciate you being, like,"
244;654767;659033;"busting my balls and acting like
I'm a frickin' alcoholic."
245;659033;662000;"I came here to hang out with
you, see your house, see Mason."
246;662000;664000;">> KOURTNEY: He's sleeping.
He doesn't revolve around"
247;664000;665834;"your schedule.
You don't even call me to tell"
248;665834;667567;"me you're coming over.
You sleep in all day."
249;667567;670300;"You go get a shave, you go get
your hair cut, you go to the"
250;670300;673934;"gym, and then you have Khloe
wipe your ass and Lamar"
251;673934;676100;"feed you.
>> ROB: You honestly want to"
252;676100;678333;"know the reason why I don't
come over here?"
253;678333;681800;"It's 'cause of (bleep) Scott.
He's an alcoholic."
254;681800;684633;"Like, he's a negative person
in my life."
255;684633;687367;"Like, you have a kid.
Act like you have a kid."
256;687367;689500;"Show me that you're mature
enough to have a kid with"
257;689500;691567;"my sister.
>> KOURTNEY: I don't need these"
258;691567;695900;"negative thoughts being said
about Mason's dad around him,"
259;695900;698433;"so don't ever think that you're
gonna come around and make these"
260;698433;700900;"kind of comments in front of
Mason."
261;700900;702667;">> ROB: Oh, my gosh.
>> KOURTNEY: I'm over this."
262;702667;705200;"I don't need you coming over to
my house to criticize me and"
263;705200;708834;"my family, so you can go.
I just don't need you in here."
264;708834;710600;">> ROB: That's cool.
I came here to see Mason,"
265;710600;712266;"and you're gonna kick me out.
>> KOURTNEY: All right, yes,"
266;712266;714233;"I am.
>> ROB: And I'm gonna leave,"
267;714233;716233;"and you're gonna feel like
an ...."
268;716233;718333;">> KOURTNEY: Yeah. No, I'm not.
Why don't you go drink some"
269;718333;720667;"more, be hungover, you can feel
sick so you can lay in bed for"
270;720667;729533;"the rest of your life.
♪ ♪"
271;729533;731033;"Hola. 
How are you doing?"
272;731033;732867;"Sign in.
>> WOMAN: She'll be bringing you"
273;732867;735300;"in in just a minute.
>> BRUCE: Okay."
274;735300;737300;"Can't get away from these
people."
275;737300;739100;">> SUGARMAN: Tell me what the
story is."
276;739100;741467;">> BRUCE: Here's what the story
is: Kris thinks I'm losing my"
277;741467;743867;"hearing.
Um... I don't think my hearing"
278;743867;746500;"is as good as it was.
I'm 61 years old."
279;746500;748133;">> SUGARMAN: We'll, we're gonna
check you out."
280;748133;751700;">> BRUCE: I don't think my
hearing is too bad, but you"
281;751700;754533;"never know until you get tested.
>> WOMAN: Okay, every time you"
282;754533;756500;"hear a beep, you're gonna press
the button."
283;756500;758433;">> BRUCE: You know, I'm focusing
so hard on this hearing test,"
284;758433;761000;"you know?
I don't want to get a"
285;761000;762900;"bad result.
You know, I don't want to have"
286;762900;764900;"to wear a hearing aid.
>> WOMAN: You're all done."
287;764900;767200;"That's it. Not too bad.
>> BRUCE: I was trying"
288;767200;768867;"to concentrate so hard.
(woman laughs)"
289;768867;770533;">> SUGARMAN: Well, the suspense
is mounting."
290;770533;775667;">> BRUCE (laughs): The suspense
is mounting."
291;775667;778300;">> SUGARMAN: You know, there's
nothing sinister going on."
292;778300;782133;"This is normal for age.
>> BRUCE: I am so relieved"
293;782133;784400;"to get this result.
My hearing seems to be"
294;784400;788567;"just fine, everybody.
>> SUGARMAN: I don't know what"
295;788567;791600;"goes on in your house, but my
wife's favorite thing is it'll"
296;791600;794734;"be the bottom of the ninth and
the last guy's at bat."
297;794734;797266;"I'm watching, and she'll come to
the door and she'll go,"
298;797266;799200;""Ba-da-da da-duh," and I'll go,
"Huh?""
299;799200;800900;">> BRUCE: Yeah, right, yeah.
>> SUGARMAN: And she'll go,"
300;800900;802633;""You don't pay attention."
And she'll storm out"
301;802633;804467;"of the room.
I know."
302;804467;806600;">> BRUCE: Honestly, Dr.
Sugarman, I think maybe he has"
303;806600;809400;"the same problem with his
wife that I have. (chuckles)"
304;809400;812767;">> SUGARMAN: You know, if she
says, "Darling, would you like"
305;812767;815600;"a massage," I bet you hear it.
>> BRUCE: Yeah, yeah, well,"
306;815600;817667;"that's true, yeah.
It may be more of that"
307;817667;820000;"selective hearing that I'm
suffering from."
308;820000;823033;"Maybe if I could get that in
writing, just so I can show"
309;823033;825600;"it to Kris.
"His hearing is fine.""
310;825600;831233;">> SUGARMAN: Hearing normal
for age."
311;831233;833567;">> BRUCE: Love it. Doc...
>> SUGARMAN: Bruce."
312;833567;835400;">> BRUCE: I appreciate
your help here."
313;835400;837300;"We'll keep it going.
>> SUGARMAN: Take care,"
314;837300;842533;"buddy.
♪ ♪"
315;842533;844500;">> BRUCE: Honey?!
>> KRIS: Hi, honey, I'm"
316;844500;846934;"in the office.
How was the doctor?"
317;846934;849967;">> BRUCE: Well, he's kinda got
the same situation I have,"
318;849967;853633;"you know, with his wife.
>> KRIS: He can't hear?"
319;853633;856433;">> BRUCE: No. Well, it's
more like selective hearing."
320;856433;859433;"You know, where you kinda hear
the things you want to hear"
321;859433;861533;"and don't hear the things you
don't want to hear."
322;861533;864433;">> KRIS: Selective hearing?
>> BRUCE: Yeah, he's got the"
323;864433;867333;"same problem with his wife.
A different tone of voice"
324;867333;870233;"might work better.
No?"
325;870233;872133;">> KRIS: A different tone
of voice?"
326;872133;875734;">> BRUCE: Yeah, a calmer more
soothing tone of voice instead"
327;875734;880333;""Bruce! Bruce!"
>> KRIS: You're telling me that"
328;880333;885133;"you're just tuning me out?
You're tuning me out?"
329;885133;888367;"Are you... are you insane?
>> BRUCE: No."
330;888367;890233;">> KRIS: First of all, it's
insulting to me."
331;890233;893133;"It's not nice for you to say
that you can hear and it's just"
332;893133;896233;"my tone of voice and that's why.
>> BRUCE: Okay, I must avoid the"
333;896233;898500;"stress and it's kind of
stressful in here."
334;898500;900834;">> KRIS: The fact is, you can't
hear!"
335;900834;902967;">> BRUCE: Love you.
I'm going to the golf course."
336;902967;905233;">> KRIS: (bleep) the golf
course."
337;905233;907133;"Damn it."
338;913834;916934;">> BRUCE: I've sang on stage...
>> KHLOE: Okay, "YMCA...""
339;916934;918567;">> BRUCE: ...in front of 
7,000 people."
340;918567;920800;">> KHLOE: You cling on to
those '70s, man, like anyone"
341;920800;923100;"I've ever met.
>> BRUCE: No, this was the '80s."
342;923100;924633;"Li'l Abner.
Would you like to hear "If I Had"
343;924633;926300;"My Druthers"?
>> KHLOE: Who the (bleep) is"
344;926300;927734;"Little Abner and what is a
"druther"?"
345;927734;929166;">> BRUCE: It's a very famous
play."
346;929166;931166;">> KHLOE: In what century?
>> KIM: Mom."
347;931166;933867;">> BRUCE: Oh, it's Kimmy.
>> KIM: Is anyone here?"
348;933867;937300;"Rob has to go to the hospital.
Rob text me and says that he"
349;937300;939533;"needs to go to the hospital.
I mean, it's so scary."
350;939533;942066;"He's in so much pain.
I know it's serious."
351;942066;944133;"Like, his stomach has been
killing him and he can't even"
352;944133;946700;"get out of bed, and he said he's
had to go to the bathroom for a"
353;946700;949467;"long time and he can't.
It, like, hurts right here."
354;949467;951734;">> KRIS: All right, let me go
get my tennis shoes on."
355;951734;953767;">> KIM: Wait, hold on, hold on,
let's call him."
356;953767;956066;">> KYLIE: I thought he was
faking."
357;956066;958700;"(phone line ringing)
>> KIM: Hey."
358;958700;960700;"It hasn't gotten any better?
>> ROB: I don't know."
359;960700;963767;"I literally haven't left my
room."
360;963767;965934;">> KRIS: There's nothing worse
than knowing that your child's"
361;965934;967967;"in pain and you don't know what
it is."
362;967967;970166;"So I'm going to go straight to
Rob's and take him to the"
363;970166;972734;"emergency ward.
You don't sound very good at"
364;972734;974233;"all.
>> KYLIE: You guys, hurry up."
365;974233;976433;">> KRIS: I'm going to go get my
tennis shoes on, and I'm going"
366;976433;978300;"to go get Robert."
367;981600;984633;"Hey, Rob.
You okay?"
368;984633;989633;"Rob looks pale and very, very
quiet, which is unusual for him."
369;989633;991500;"And he looks like he's in a lot
of pain."
370;991500;995433;">> ROB: I thought it was like,
um, it was like indigestion or"
371;995433;997000;"something.
>> KRIS: Right."
372;997000;998934;">> ROB: But I can't even...
>> KRIS: Breathe."
373;998934;1000967;"It doesn't sound like you can
breathe very well."
374;1000967;1002734;">> ROB: Something is definitely
wrong."
375;1002734;1004700;"I'm dying.
I'm trying to throw up, I'm"
376;1004700;1007133;"trying to go to the bathroom,
I'm sweating profusely."
377;1007133;1009633;"I can't do any of those things.
I just want to get to the"
378;1009633;1013500;"hospital.
>> MAN: Okay, Robert, come go"
379;1013500;1017533;"on in.
>> WOMAN (over P.A.): Jenny,"
380;1017533;1021500;"3999 for a report on room 28.
Jenny, 3999."
381;1021500;1023867;">> ROB: Immediately they start
running tests on me."
382;1023867;1026667;"I literally can't keep my mind
off of just the pain."
383;1026667;1029233;"It's excruciating.
I just want to figure out what's"
384;1029233;1031266;"wrong.
>> DOCTOR: The CAT scan"
385;1031266;1035467;"basically shows that the
appendix is inflamed."
386;1035467;1038867;"And, uh, very consistent with
appendicitis."
387;1038867;1040867;">> ROB: Okay.
>> DOCTOR: Okay?"
388;1040867;1043166;"So in this situation, it's
early appendicitis."
389;1043166;1045900;"That means it's not ruptured.
The surgery takes about an hour"
390;1045900;1049200;"to perform.
You're going to be in the"
391;1049200;1051266;"hospital tonight.
>> KRIS: So when you say"
392;1051266;1054100;"tonight, like now?
>> DOCTOR: Like, yeah, we're"
393;1054100;1057333;"going to go upstairs pretty
soon."
394;1057333;1060166;">> ROB: I've never had emergency
surgery before, so going under"
395;1060166;1064200;"is scaring me.
They got to cut open your, like,"
396;1064200;1068300;"stomach-pelvis area.
So that's kind of frightening."
397;1068300;1071767;">> KRIS: I know he's scared.
I'm certainly scared."
398;1071767;1073633;"I just want Rob to be okay."
399;1081500;1084500;"Captioning sponsored by
 BUNIM-MURRAY PRODUCTIONS"
400;1084500;1086500;"Captioned by 
 Media Access Group at WGBH"
401;1086500;1091000;"access.wgbh.org
>> KRIS: Any time your child is"
402;1091000;1096533;"put under, for any reason, you
worry a lot."
403;1096533;1101633;"So I am so happy and relieved
that Rob's out of surgery."
404;1101633;1104767;"And that it's over.
>> BRUCE: I will see you back at"
405;1104767;1106367;"the house.
>> KRIS: Okay."
406;1106367;1108867;"Okay, baby, I'm going to go.
Are you going to be okay?"
407;1108867;1111500;">> ROB: Mm-hmm.
>> KRIS: You did great, Rob."
408;1111500;1117900;"Love you.
>> ROB: Bye."
409;1117900;1119767;">> KRIS: Hey, honey.
>> BRUCE: Hey, babe."
410;1119767;1121834;">> KRIS: What are you doing?
>> BRUCE: I'm working on my"
411;1121834;1124500;"flight simulator, working on
piro flips."
412;1124500;1126700;">> KRIS: Can I have your
attention for one second?"
413;1126700;1129467;">> BRUCE: You have my attention.
>> KRIS: It really hurt my"
414;1129467;1134133;"feelings when you told me that
basically, you know, you have"
415;1134133;1138166;"selective hearing.
And that you kind of choose when"
416;1138166;1141200;"to listen to me.
Am I really that bad?"
417;1141200;1146700;"Am I that much of a nag?
>> BRUCE: Yeah."
418;1146700;1148266;">> KRIS: Great.
>> BRUCE: Yeah."
419;1148266;1149767;">> KRIS: That makes me feel
good."
420;1149767;1151734;">> BRUCE: You know, things have
changed so drastically over the"
421;1151734;1153800;"years, you know, with us.
And there's so much going on in"
422;1153800;1156533;"our family.
You know, it's-it's difficult."
423;1156533;1158166;">> KRIS: 'Cause I have a lot on
my plate..."
424;1158166;1159600;">> BRUCE: Yeah.
>> KRIS: ...and I'm juggling a"
425;1159600;1161100;"lot of different people.
>> BRUCE: So sometimes..."
426;1161100;1163266;">> KRIS: And I'm in charge of a
lot of different things."
427;1163266;1165867;"But of all people, I would
expect for you to know how much"
428;1165867;1170000;"pressure I'm under, how stressed
out I can get, and sort of"
429;1170000;1172900;"listen to me in shorthand.
But you're not listening to me"
430;1172900;1175533;"at all.
And that is what..."
431;1175533;1177600;">> BRUCE: Well, I listen to you,
yeah, but sometimes..."
432;1177600;1179066;">> KRIS: ...is hurting my
feelings."
433;1179066;1180767;">> BRUCE: ...it's not so much
the substance that you have to"
434;1180767;1182767;"say, it's the style in which
you say it."
435;1182767;1186767;">> KRIS: I think being married
is challenging for sure."
436;1186767;1189567;"And I think marriage is
definitely about listening to"
437;1189567;1193967;"each other, communicate,
communicate, communicate."
438;1193967;1196233;"And then you can also
communicate."
439;1196233;1198934;"Okay, so why don't we do this.
Why don't we figure out a way"
440;1198934;1202433;"that when I have something that
I need to say that's really,"
441;1202433;1204867;"really important, we'll have,
like, a signal."
442;1204867;1208000;"A snap, crackle, pop.
So when I want to talk to you,"
443;1208000;1210767;"it's like, "Bruce."
And you'll know, "Oh, she has"
444;1210767;1212700;"something important to say."
>> BRUCE: What if I have"
445;1212700;1214266;"something to say?
Do I do the...?"
446;1214266;1216533;">> KRIS: The same thing.
This is our secret code."
447;1216533;1218500;"So if you walk around all day
like that, I'll have to kill"
448;1218500;1219834;"you.
So listen up."
449;1219834;1221433;">> BRUCE: And don't waste that.
Don't just, like, do it all the"
450;1221433;1222900;"time.
Like every time you're talking,"
451;1222900;1225467;"be...
>> KRIS: Okay, All right."
452;1225467;1227967;"Wait, wait.
See you in the bedroom."
453;1227967;1229834;">> BRUCE: All right, yeah."
454;1239000;1242100;">> KOURTNEY: Hey, hey.
>> ROB: Hey."
455;1242100;1244200;">> KOURTNEY: Look what I
brought."
456;1244200;1247333;"How are you feeling?
>> ROB: That's nice of you."
457;1247333;1250166;">> KOURTNEY: I know, isn't it?
It's heavier than I am."
458;1250166;1253133;">> ROB: That's pretty unexpected
of you."
459;1253133;1255567;">> KOURTNEY: Sorry for not
believing you, that you were"
460;1255567;1259033;"sick.
You obviously were."
461;1259033;1262333;"I just want to, like, get
everything back to normal with"
462;1262333;1266200;"you and I, and not have, like,
this annoying relationship."
463;1266200;1268100;">> ROB: I really do want to see
Mason more."
464;1268100;1271467;"I need to, like, watch him grow
up."
465;1271467;1275567;">> KOURTNEY: I just don't want,
like, whatever your and Scott's"
466;1275567;1277934;"issues are, like, you guys can
work that out."
467;1277934;1280367;">> ROB: There's so much that
I've learned from this"
468;1280367;1283834;"experience.
My family is all about family."
469;1283834;1285567;"You know, blood is thicker than
water."
470;1285567;1288633;"I'm still not a fan of Scott,
but I am not going to let that"
471;1288633;1291433;"get in the way with Kourtney and
Mason."
472;1291433;1294567;"I want to spend time with Mason.
I want to be his fun uncle."
473;1294567;1297433;"But if I come over, there's no
yelling at me, 'cause the doctor"
474;1297433;1302867;"said I'm in a very fragile
state."
475;1302867;1304700;">> KOURTNEY: All right, I'm
going to go."
476;1304700;1307200;">> ROB: Wait.
>> KOURTNEY: What?"
477;1307200;1308800;">> ROB: Can you help me go to
the bathroom?"
478;1308800;1310633;">> KOURTNEY: No, Rob.
>> ROB: Listen..."
479;1310633;1315233;">> KOURTNEY: Love you.
No. Ew, what are you showing me?"
480;1315233;1318633;"I don't want to see.
 Keeping Up"
481;1318633;1320233;"with the Kardashians:
>> BRUCE: My little Kendall--"
482;1320233;1323533;"why does she need birth control?
>> KHLOE: Right now is the"
483;1323533;1325834;"perfect opportunity for Daddy to
talk to you guys about the birds"
484;1325834;1327700;"and the bees, and...
>> BRUCE: You mean popping the"
485;1327700;1330166;"cherry?
>> KIM: Look at this."
486;1330166;1333100;"My whole skin is on fire.
>> KRIS: All I'm trying to do is"
487;1333100;1335100;"help you.
>> KIM: Please get out!"
488;1335100;1336967;">> KRIS: You are so rude."