﻿Number;Start time in milliseconds;End time in milliseconds;"Text"
1;4734;8033;">> LAMAR: Honestly, you take
Swiss Kriss..."
2;8033;10166;">> KHLOE: Yeah.
>> LAMAR: ...three times a week."
3;10166;12133;">> KHLOE: So do you.
>> LAMAR: And I've never ever"
4;12133;14300;"seen you move your bowels.
I've never seen it."
5;14300;16367;">> KHLOE: Okay, boys don't need
to know that girls do that."
6;16367;18066;">> LAMAR: I do need to know.
>> KHLOE: No, you don't."
7;18066;19767;">> LAMAR: It would connect us.
>> KHLOE: We're very close"
8;19767;22000;"already.
I see you do a lot of things."
9;22000;23800;">> LAMAR: Do you use the
bathroom?"
10;23800;25600;">> KHLOE: Of course.
>> LAMAR: How many times a day?"
11;25600;27967;">> KHLOE: I don't know-- I don't
document it and write it down."
12;27967;29633;">> LAMAR: When do you go?
>> KHLOE: Every day is"
13;29633;31300;"different.
>> LAMAR: As soon as I leave, do"
14;31300;33266;"you go?
>> KHLOE: I'm not holding it."
15;33266;35400;">> LAMAR: Is that why you call--
you call me in the afternoon"
16;35400;37533;"and like, "Where are you at?"
To find out how much time you've"
17;37533;39734;"got before you...?
>> KHLOE: Absolutely not."
18;39734;41400;">> LAMAR: I don't know how
you're hiding this."
19;41400;42934;"I've been with you every...
>> KHLOE: I'm not hiding it."
20;42934;44934;">> LAMAR: You are.
>> KHLOE: Leave me alone about"
21;44934;46667;"this conversation.
>> LAMAR: I need to know this"
22;46667;49133;"about you.
If not, then we can't make--"
23;49133;53233;"take the next step.
>> KHLOE: You are being bad."
24;53233;55133;">> LAMAR: Then we can't take the
next step, Khloe."
25;55133;58667;"You can hit me all you want.
Yeah, I'm telling you."
26;58667;61467;"You're crazy.
I'm putting cameras in the"
27;61467;63500;"bathroom."
28;69734;72066;">> BRUCE: Honey?
>> KRIS: I'm out here in the..."
29;72066;73567;">> BRUCE: Where are you going?
>> KRIS: ...the pavilion,"
30;73567;75300;"darling.
>> BRUCE: Come down here."
31;75300;77233;">> KRIS: No, you have to come
back here."
32;77233;79567;">> BRUCE: Okay.
You've got to listen to this,"
33;79567;81767;"Kendall. Come on.
Kris and I's 20th anniversary is"
34;81767;85533;"coming up.
And 20 years of marriage is"
35;85533;89100;"really a big thing.
So, I've been planning something"
36;89100;92266;"for a long time that's really
going to be special."
37;92266;94467;"I have an announcement to make.
>> KRIS: Thank you."
38;94467;96233;">> BRUCE: Here's the deal.
>> KRIS: Yeah?"
39;96233;99734;">> BRUCE: Girls, we are coming
up on our anniversary-- 20"
40;99734;102166;"years.
Major, major, major."
41;102166;104400;">> KENDALL: It was a little
black and red bug."
42;104400;106066;">> BRUCE: Wait. Listen, girls.
>> KYLIE: Get it off of me!"
43;106066;108233;"Get it off!
Seriously, get it-- get it off."
44;108233;110834;">> BRUCE: Girls, girls...
You're scaring the dog."
45;110834;112433;">> KENDALL: I don't want to
touch it."
46;112433;114233;">> BRUCE: Kylie, Kylie, stop.
>> KRIS: There's nothing in your"
47;114233;115567;"hair.
>> KENDALL: I don't want to take"
48;115567;117200;"it out.
>> BRUCE: Can I finish?"
49;117200;121667;"Girls, listen, okay?
To make it a very special and"
50;121667;125467;"memorable 20th anniversary, I
decided to do something, girls."
51;125467;126867;">> KRIS: What's gotten into you,
honey?"
52;126867;128266;">> BRUCE: We're going to Bora
Bora."
53;128266;129967;">> KRIS: What?
>> KENDALL: We what?"
54;129967;131400;">> BRUCE: You're going to Bora
Bora, girls."
55;131400;133433;"(Kylie squealing)
>> BRUCE: The entire family is"
56;133433;135066;"going.
>> KRIS: Hold on, hold on, this"
57;135066;136600;"is too much for my brain to
handle."
58;136600;138000;">> BRUCE: Gabbana, stop.
>> KRIS: Who's going?"
59;138000;139467;">> BRUCE: Everybody.
All you're wearing is a bathing"
60;139467;140834;"suit.
>> KRIS: I need to wrap my brain"
61;140834;142233;"around this.
Somebody's got to pay attention"
62;142233;144900;"to me for one second.
First of all, I cannot be on a"
63;144900;147600;"plane for 14 hours.
>> BRUCE: It's only eight hours."
64;147600;150700;"Nonstop right to Papeete,
Tahiti."
65;150700;152433;"We're flying on Air Tahiti...
>> KRIS: To where?"
66;152433;154867;"Okay, but we could stay right
here, and..."
67;154867;156800;"See that little bed over there
with the orange pillow?"
68;156800;158133;">> BRUCE: Honey, I just spent
the last..."
69;158133;159567;">> KYLIE: Why don't you want
to go?"
70;159567;161100;">> BRUCE: ...two months planning
this thing."
71;161100;164500;"Wow. I'm-- I'm shocked.
She's, like, not excited about"
72;164500;167734;"all of this.
Please accept it, we're going."
73;167734;169967;">> KRIS: This is crazy.
>> BRUCE: Yeah."
74;169967;173166;">> KRIS: That's actually sweet.
>> BRUCE: A little credit?"
75;173166;177100;">> KRIS: Where credit is due.
>> KYLIE: Why is it that gives"
76;177100;179100;"you the cringes?
It's so repulsive."
77;179100;180667;">> KRIS: Oh, my God.
We're going to do it again just"
78;180667;182767;"to piss you off.
>> KENDALL: Ew."
79;182767;192333;">> KYLIE: Ew. You guys are
disgusting."
80;192333;195166;">> KIM: Should I bring my
sunglasses in?"
81;195166;198333;"So Lauren is, like, one of my
best friends in the whole wide"
82;198333;200033;"world.
>> HUMPHRIES: I can't be myself."
83;200033;201967;">> KIM: Why?
>> HUMPHRIES: Because I'm a hand"
84;201967;204266;"grenade.
>> KIM: So I'm in New York with"
85;204266;206967;"Kris and I'm just really excited
to introduce him to one of my"
86;206967;209266;"best friends Lauren.
>> LAUREN: Hey, there you are."
87;209266;211500;">> HUMPHRIES: Hi. How are you?
>> LAUREN: Oh, my God, he's tall"
88;211500;214734;"as (bleep).
>> KIM: Kris lives so far away,"
89;214734;217367;"and he's been working playing
basketball, so I'm excited to"
90;217367;220266;"have him meet everyone.
He's, like, slowly starting to"
91;220266;223600;"meet all my friends.
And I've invited Kris to Bora"
92;223600;225967;"Bora.
So, I'm kind of, like, anxious"
93;225967;228367;"for everyone to get to know
Kris, 'cause I know, like, once"
94;228367;232100;"they do, they'll understand why
I love him so much."
95;232100;233834;">> LAUREN: So you're the guy
who's making her happy now, huh?"
96;233834;235600;"I love that.
>> HUMPHRIES: I'm trying to."
97;235600;237667;">> LAUREN: It's about time that
somebody's treating her the way"
98;237667;239467;"she deserves.
>> HUMPHRIES: I feel like I'm"
99;239467;240900;"meeting your second parents
here."
100;240900;243934;"Should I like...?
Let me take this chance"
101;243934;247233;"to, uh...
>> LAUREN: You have to ask."
102;247233;249967;"(laughing): Congratulations.
>> KIM: Hey, wait, will you take"
103;249967;251567;"that off for a sec?
>> LAUREN: Yeah."
104;251567;253433;">> KIM: They can pretend.
>> J.R.: Is that the size you"
105;253433;256100;"need-- accept?
>> LAUREN: Anything, anything"
106;256100;260433;"over ten...
>> HUMPHRIES: Other hand."
107;260433;261834;">> LAUREN: Let me see.
It looks good."
108;261834;263667;"You look good like a married
woman, lady."
109;263667;265200;">> KIM: You're bitching, aren't
you?"
110;265200;267133;">> LAUREN: Let's just go to
Miami now-- tonight."
111;267133;270500;"(laughter)
>> J.R.: There you go."
112;270500;290333;">> LAUREN: Aw...
(laughter)"
113;290333;292467;">> LAUREN: Is Rob here?
>> KHLOE: Yeah."
114;292467;294000;">> LAUREN: Did he bring anyone?
>> KHLOE: No, he..."
115;294000;295467;">> LAUREN: Okay, well, we have
an extra one."
116;295467;298367;"We have two row one.
>> KHLOE: Rob and I are at"
117;298367;301500;"Lauren's, and we're hanging out
on her phenomenal yacht."
118;301500;304300;"We just missed Kim and Kris,
but, you know, we still have fun"
119;304300;306934;"the three of us hanging out.
I heard that Kim and her new man"
120;306934;308567;"were here visiting you.
>> LAUREN: Yeah. Have you met"
121;308567;309867;"him?
>> ROB: He's cool."
122;309867;312300;"He called me last night with
Kim, but he's never... I don't"
123;312300;314900;"really know the dude. Like...
>> KHLOE: He's kind of a douche."
124;314900;316800;">> LAUREN: No.
He is the nicest, sweetest,"
125;316800;318834;"sweetheart.
Loves her, worships her."
126;318834;321266;">> KHLOE: Well, when I first met
him, he asked me, "Is your"
127;321266;323266;"marriage real or for
television?""
128;323266;324967;">> LAUREN: What?
>> KHLOE: And then he asked me"
129;324967;327266;"if Kim's ass is fake.
Like, all these things."
130;327266;329567;"Like, in one... My first time
meeting him."
131;329567;333266;"I have only met Kris at the
most three times."
132;333266;335667;"You know, I'm not very
impressed."
133;335667;338100;"So at this moment, I don't have
a lot of great things to say"
134;338100;340767;"about Kris.
For all I know, Kris could treat"
135;340767;344400;"Kim like a princess.
But I haven't been around to"
136;344400;345900;"see it.
>> LAUREN: She's in love."
137;345900;347367;">> KHLOE: She's in love
with him."
138;347367;357767;">> LAUREN: Yeah, I know.
>> KHLOE: In love with him."
139;357767;359633;">> SHOP CLERK: Just a signature,
please."
140;359633;362667;">> KOURTNEY: Okay.
There you go."
141;362667;365233;"Thank you.
>> KIM: So I'm at the mechanic"
142;365233;368033;"with Kourtney, 'cause she
dragged me here to come pick up"
143;368033;372667;"her car that had a flat tire.
Hi. What are you doing?"
144;372667;376667;"Kourtney.
Please stop."
145;376667;378700;"I'm going to put you on speaker.
Hold on."
146;378700;380133;"What were you-- what were you
saying?"
147;380133;382500;">> HUMPHRIES: I said, Kourtney,
just because you have a kid and"
148;382500;385767;"you don't do anything fun, does
not make you mature."
149;385767;389100;">> KOURTNEY: I definitely don't
know what I think of Kris yet."
150;389100;393367;"None of us have really spent any
serious amount of time with him."
151;393367;396000;"He's very sarcastic.
And I just don't know what to"
152;396000;398700;"make of him yet.
You literally remind me of my"
153;398700;400834;"brother Rob, 'cause you're so
immature."
154;400834;408667;">> KIM: They're twins.
They're twins."
155;408667;412367;">> KIM: Guys.
Open. I have lunch."
156;412367;414433;">> KRIS: Yum, let's go eat.
>> KIM: Mom, will you turn the"
157;414433;416200;"air off?
It's, like, so freezing, I can't"
158;416200;418600;"function.
>> KRIS: I'll turn it off."
159;418600;422967;"Because it's your world, Kim,
and I just live in it."
160;422967;425066;">> KIM: The whole world isn't
going through menopause, just"
161;425066;427200;"you.
>> KRIS: (wry laugh)"
162;427200;430300;"You're funny.
So what's going on, doll?"
163;430300;432967;">> KIM: I'm just so excited
about our trip."
164;432967;435333;">> KRIS: I'm not as excited as
you are."
165;435333;440033;">> KIM: Why?
>> KRIS: I'm just scared to go"
166;440033;442967;"be in a bathing suit in front of
all you people."
167;442967;447934;"I think we all come to an age
where our body image is a little"
168;447934;450967;"frightening.
I don't like a lot of things"
169;450967;452800;"about my body.
>> KOURTNEY: You should have"
170;452800;455467;"been working out for years.
>> KRIS: Well, I didn't, so"
171;455467;458100;"shoot me, okay?
There's nothing worse than"
172;458100;460700;"everybody else having fun in
their bikini, and me being"
173;460700;463700;"wrapped in a towel.
>> KIM: Mom, we have a fun"
174;463700;465433;"trip planned.
Kris is coming."
175;465433;467734;"Why don't you just want to go
and enjoy yourself?"
176;467734;470433;"I'm so excited that Kris is
coming on the trip with us."
177;470433;473900;"We really haven't spent a whole
lot of time all at once"
178;473900;476533;"together.
So, this is a huge test of our"
179;476533;479600;"relationship.
And I'm, like, "Mom, don't ruin"
180;479600;482934;"it for everyone just because you
have weird feelings about"
181;482934;485433;"being in a bikini."
>> KRIS: Do you know I've only"
182;485433;487433;"really spent maybe half an
hour with Kris?"
183;487433;490533;">> KIM: That's why we've got to
go on vacation because I want"
184;490533;492700;"you to get to know him.
>> KRIS: Is that the only way"
185;492700;494700;"that I'm gonna get to spend
some time with that guy?"
186;494700;496667;">> KIM: Yeah.
>> KOURTNEY: What if you hate"
187;496667;498834;"him?
>> KIM: Yeah."
188;498834;501266;">> KRIS: Then we've got
a problem."
189;501266;504633;">> KIM: We don't have a problem.
>> KRIS: I'll have a problem."
190;504633;521266;">> KIM: I love him.
That's all that matters."
191;521266;523533;">> KOURTNEY: Are you excited?
>> KHLOE: What is that?"
192;523533;525033;">> KOURTNEY: It's literally
heaven on Earth."
193;525033;527033;"Do you like this guy? Look.
>> KHLOE: He has bigger boobs"
194;527033;529467;"than I do.
>> KOURTNEY: Oh, my God, his"
195;529467;532834;"boobs are so big.
>> KHLOE: Ooh, it smells like"
196;532834;536200;"my grandma.
Oh, my God. Oh, my God."
197;536200;538433;"This is like a junkyard.
God, I am terrified of, like,"
198;538433;540333;"an animal's gonna come out
of here."
199;540333;542333;">> KOURTNEY: Oh, my God,
there's a bee, Bible."
200;542333;544433;"It's right on me.
>> KHLOE: There's a bee on you?"
201;544433;547734;"What? Oh, my God!
>> KOURTNEY: Wait. Do you think"
202;547734;551133;"these things are gonna be like
what Tahiti looks like?"
203;551133;553834;">> KHLOE: I don't know.
I don't think I'm going."
204;553834;555233;">> KOURTNEY: Wait. What
do you mean?"
205;555233;557600;"You want me to hang out
with Kim and Kris alone?"
206;557600;560100;">> KHLOE: No, I want you to go
to Tahiti with your family."
207;560100;562066;">> KOURTNEY: Khloe, you have
to come."
208;562066;564033;"It's not funny.
It's our entire family's going"
209;564033;565867;"on a trip.
>> KHLOE: But what do you want"
210;565867;567767;"me to do, go alone without
Lamar?"
211;567767;569867;"Like, everyone's gonna be
coupled up, and I'm gonna be"
212;569867;572734;"alone while Lamar's in L.A.?
I don't think so."
213;572734;574400;">> KOURTNEY: You can't handle
that?"
214;574400;576066;">> KHLOE: I like being with
my husband, sorry."
215;576066;577800;">> KOURTNEY: I'm not saying
you don't."
216;577800;580600;">> KHLOE: Maybe this is time
for you and Scott to get"
217;580600;583033;"to know Kris and Kim better.
>> KOURTNEY: Knowing that"
218;583033;585433;"Khloe's not even going makes me
really nervous."
219;585433;588433;"I just don't know Kris
Humphries, and I could just see"
220;588433;591667;"him and I getting into it.
We're gonna be thrown into"
221;591667;594000;"getting to know him on an
island."
222;594000;605333;"What if we're stranded, and Kris
and I don't get along?"
223;605333;608967;">> KRIS: Thank you.
I think that the older I get,"
224;608967;614834;"the more matronly I look, and
it's just snowballing in my head"
225;614834;617233;"as something that I really need
to take care of."
226;617233;620567;"Hello. To see Dr. Fisher.
>> ASSISTANT: He'll be right"
227;620567;622433;"with you.
>> KRIS: Okay, thank you."
228;622433;625667;"So, I came in to see my dear
friend and plastic surgeon Garth"
229;625667;629467;"Fisher to see if I can have a
little somethin'-somethin'"
230;629467;632333;"done before the vacay.
Are you a patient?"
231;632333;634100;">> WOMAN: Mm-hmm.
>> KRIS: Yeah? Are you having"
232;634100;635800;"something done?
>> WOMAN: Well, I had it"
233;635800;637600;"done already.
>> KRIS: Oh. What'd you do?"
234;637600;639400;">> WOMAN: On my breasts.
>> KRIS: I'm thinking about"
235;639400;642133;"having a reduction, so I'm just
a little bit nervous."
236;642133;644133;">> WOMAN: Why do you want
a reduction?"
237;644133;646166;">> KRIS: Because they kind of
get in the way, you know?"
238;646166;648300;">> WOMAN: That's what I used to
think."
239;648300;651133;"When I got them redone, it just,
like, lifts your whole body up."
240;651133;653433;">> KRIS: It would take a crane
to lift my whole body up."
241;653433;656133;"We would still be cranking away
hours after the surgery."
242;656133;658200;">> ASSISTANT: Hi. They're
ready for you."
243;658200;662967;">> KRIS: Hi. Okay. I'm in the
mood for a boob show."
244;662967;664633;"Hey.
>> GARTH: Hey, Kris,"
245;664633;665967;"how are you?
>> KRIS: Good. How are you"
246;665967;668200;"doing?
>> GARTH: Good to see you again."
247;668200;670467;">> KRIS: Good to see you.
I'm, um, nervous."
248;670467;673767;">> GARTH: You're nervous? Why?
>> KRIS: Yeah. I want to talk to"
249;673767;675900;"you because, well, I want to do
two things: I want to have my"
250;675900;678400;"boobs done.
I want to take 'em out and make"
251;678400;681133;"'em smaller, and then still have
'em still kinda perky."
252;681133;684533;"I mean, I'm not dead yet.
And then I wanted to do my neck."
253;684533;689200;">> GARTH: All right, first of
all, here's the problems that"
254;689200;691200;"you have: Number one is, you
have these muscle bands."
255;691200;693500;"These muscle bands start
separating and dropping."
256;693500;695200;"And that's, that's what's going
on down there."
257;695200;697266;"It would be really helpful if
you get rid of this crease."
258;697266;701000;"It makes your chin look kind of
like a double."
259;701000;703800;"Okay, there's some options to
tighten 'em up a little bit."
260;703800;706233;"You can choose door number one
where we make an incision around"
261;706233;708934;"the nipple areola, take out
some skin, maybe make your"
262;708934;711066;"implant smaller.
>> KRIS: I would really like to"
263;711066;713834;"give my whole body a lift.
>> GARTH: The other thing that"
264;713834;716033;"you might have to do is you
might have to take out one"
265;716033;718233;"millimeter under your skin.
>> KRIS: What's the recovery"
266;718233;720266;"time for that?
>> GARTH: Two months to heal."
267;720266;722867;">> KRIS: It's not really that
realistic for me to think that I"
268;722867;725367;"can recover before we leave
for Bora Bora."
269;725367;728266;"So, now I have to go on this
feeling horrible about my"
270;728266;732233;"body.
>> KIM: We're in Bora Bora!"
271;732233;734734;"Whoo!
This trip is the first time Kris"
272;734734;736533;"is hanging out with my whole
family."
273;736533;738467;">> HUMPHRIES: You guys are like
parents who have been together"
274;738467;740500;"for 30 years.
Show some PDA."
275;740500;743667;">> KOURTNEY: Kris says whatever
comes to his mind."
276;743667;745834;"He has no filter.
>> KIM: It's way too hot."
277;745834;747667;">> HUMPHRIES: They're all gonna
be hot if the door's open, baby."
278;747667;749400;">> KIM: No, it's giving me
anxiety."
279;749400;751433;">> HUMPHRIES: This is a side of
Kim I've never seen before."
280;751433;752967;">> KIM: I'm gonna have
a panic attack."
281;752967;754800;">> HUMPHRIES: You're crazy."
282;758934;762533;"(laughter)
>> BRUCE: Hello, hey."
283;762533;765200;">> KRIS: Hey, Bruce, where's my
carry-on?"
284;765200;768834;"We are at LAX Airport getting
ready to to go Bora Bora, and"
285;768834;772767;"I'm so excited.
Can't you tell?"
286;772767;776033;"(sighs)
>> KIM: This trip will be,"
287;776033;779100;"like, the first real time Kris
is hanging out with my"
288;779100;782500;"whole family.
>> HUMPHRIES: I love it, babe."
289;782500;785767;">> KIM: Kris is a really, like,
loving and open person, so I"
290;785767;788567;"think that as soon as everyone
just gets to meet Kris, they'll"
291;788567;792567;"just love him the way I do.
I mean, what's there not"
292;792567;794500;"to love?
(Kris laughs)"
293;794500;797066;">> HUMPHRIES : I'm excited
because I've spent a lot of time"
294;797066;799133;"with Kim, but not a ton of days
in a row."
295;799133;801467;"You know, you really can't hide
anything when you're on vacation"
296;801467;803700;"with someone.
And you really get to know that"
297;803700;806400;"next level of them.
And I look forward to it."
298;806400;809467;"(Mason fussing)
>> SCOTT: Mason, I told you to"
299;809467;812767;"go to sleep!
(all chuckle)"
300;812767;816667;"That's good. Now get up, please.
Oh, what sound does"
301;816667;818533;"a sheep make?
>> ROB: Wait. How does"
302;818533;820934;"he do that?
>> SCOTT: What about a dog?"
303;820934;823633;"(Mason barks)
>> KRIS: Get ready for"
304;823633;825867;"a fabulous vacay.
>> KIM: Listen, you'd better"
305;825867;828200;"get ready for a fabulous vacay
and get ready to get in"
306;828200;830300;"that bikini.
>> KRIS: I wouldn't be caught"
307;830300;832467;"dead in a bikini the way
that I feel."
308;832467;835300;"I will be covered up from here
to here."
309;835300;838500;">> KOURTNEY: Mas, no!
No, no, no!"
310;838500;841033;">> KRIS: Let's do it.
>> KOURTNEY: Let's move"
311;841033;842734;"and shake.
>> SCOTT: Moving along."
312;842734;844567;">> ROB: Next stop, Boring
Boring."
313;844567;846567;">> BRUCE: Boring Bora Bora.
>> KIM: Sorry, sorry."
314;846567;848700;">> WOMAN: Welcome to Air
Tahiti Nui."
315;848700;850467;">> KRIS: Thank you.
>> SCOTT: This is beautiful."
316;850467;852400;"I feel like we're already
on vacation."
317;852400;854367;">> BRUCE: Do we have little
toothbrush?"
318;854367;855967;">> KRIS: Oh, Kim, here's
an eye mask; it's perfect."
319;855967;857834;">> BRUCE: The goodies just
keep coming."
320;857834;859600;"What do we got?
>> KRIS: Pajamas. Yes, please."
321;859600;861200;">> BRUCE: Jammies.
>> KRIS: Thank you."
322;861200;864200;"Do you think I would be a large?
>> BRUCE: Oh!"
323;864200;866533;">> KRIS: I'm gonna wear
these pajamas on the beach."
324;866533;868700;">> KIM: Peek-a-boo!
>> HUMPHRIES: All right, enough"
325;868700;870700;"with him. Come here, baby.
Give me some attention."
326;870700;875633;">> KIM: Why are you so
jealous of him?"
327;875633;878500;"We need to pull it back.
>> HUMPHRIES: How's my hair?"
328;878500;880500;">> KIM: But can you pull it,
like, farther back with your"
329;880500;882033;"long arm?
Yeah. You look skinnier"
330;882033;884834;"that way.
You're welcome."
331;884834;889867;">> HUMPHRIES: This is our first
vacation as a couple."
332;889867;894133;"I'm so excited for us.
>> KIM: I'm so excited."
333;894133;901266;">> HUMPHRIES: My baby's looking
so pretty today. Arf, arf!"
334;901266;905867;">> KRIS: Let the party start.
Here's to..."
335;905867;907900;">> BRUCE: 20 years, baby.
>> KRIS: Yay!"
336;907900;910233;"Cheers, honey.
>> BRUCE: 20 years, here we go."
337;910233;912100;">> KRIS: Love you."
338;936400;938867;">> BRUCE: Thank you. Thank you.
Have a good day."
339;938867;941200;">> HUMPHRIES: Wow, this is
beautiful."
340;941200;942900;">> BRUCE: We made it to Bora
Bora, baby."
341;942900;944433;">> KOURTNEY: Amazing.
>> HUMPHRIES: Can we just call"
342;944433;947166;"you Mama Kris, then?
>> KRIS: Mama Kris, or KJ."
343;947166;949567;"I think Mama Kris is better.
>> HUMPHRIES: All right."
344;949567;951266;">> KRIS: Because every time
somebody yells "Kris," I'm going"
345;951266;954967;"to go "Huh? What?"
>> WOMAN: Welcome to Bora Bora."
346;954967;958200;">> KYLIE: Thank you.
>> KOURTNEY: Mase, you want one?"
347;958200;961633;">> WOMAN: Welcome to Bora Bora.
>> HUMPHRIES: All right."
348;961633;963033;">> KIM: Thank you.
>> BRUCE: Get picked up at the"
349;963033;965000;"airport by a boat.
Taken to your room."
350;965000;968000;"Not bad.
>> KIM: I have never seen more"
351;968000;973266;"turquoise, crystal-clear water.
It's so, like, surreal-looking."
352;973266;975433;"It's honestly like the prettiest
place I've ever seen."
353;975433;977200;">> ROB: You know, I really
want to jump in the water."
354;977200;979266;"It is so nice.
>> HUMPHRIES: I think it's"
355;979266;980767;"pretty shallow, though.
I wouldn't dive."
356;980767;982734;">> SCOTT: I'd give you a hundred
bucks to jump overboard."
357;982734;985500;">> ROB: A hundred?
Put your money where your"
358;985500;987800;"mouth is.
>> SCOTT: I'll put it in your"
359;987800;993600;"mouth, just like that waiter.
>> KRIS: Oh, that's nice, Scott."
360;993600;996867;"Your first vacation!
Whoo-hoo!"
361;996867;1000367;">> BRUCE: Your first vacay.
(grunting): Oh, my."
362;1000367;1003700;">> KRIS: Oh, my God.
Get out of here."
363;1003700;1005467;">> BRUCE: Honey, let me try
that."
364;1005467;1007166;"Ready?
>> KRIS: Oh, okay."
365;1007166;1008867;"Here, I'll help you.
>> BRUCE: Ready? Okay, Kris,"
366;1008867;1011033;"ready, get her up there!
(Humphries grunts)"
367;1011033;1012867;">> KRIS: Ah!
>> BRUCE: Okay, I did it."
368;1012867;1014700;">> KRIS: This is so romantic.
>> BRUCE: Oh, my God."
369;1014700;1020166;">> KRIS: My neck.
(Bruce grunts)"
370;1020166;1022166;">> KIM: Scott, Kris has a really
important question."
371;1022166;1024100;"For you and Kourtney.
>> HUMPHRIES: You guys are"
372;1024100;1026367;"like parents who have been
together for 30 years, bro."
373;1026367;1028533;"Show some PDA.
>> SCOTT: We'll see you guys in"
374;1028533;1030500;"five years.
And then you tell me how much"
375;1030500;1033333;"you guys want to touch each
other."
376;1033333;1036567;">> KOURTNEY: Kris just says
literally whatever comes to his"
377;1036567;1038867;"mind.
He has no filter."
378;1038867;1042033;"Telling Scott and I we should
really be more affectionate,"
379;1042033;1045100;"especially in front of Mason.
Mind your own business."
380;1045100;1047367;"Like, we are happy and we're
doing our thing."
381;1047367;1048867;">> HUMPHRIES: You know what this
trip is for?"
382;1048867;1051166;"This is for, like, rekindling
the fire."
383;1051166;1053133;">> ROB: He's got a point there.
>> HUMPHRIES: By the time we"
384;1053133;1055333;"leave, it's gonna be back on.
>> KRIS: I'm excited."
385;1055333;1057033;"That's our room there, on the
end, honey."
386;1057033;1062166;">> BRUCE: I think so.
>> KRIS: Love you, baby."
387;1062166;1066333;"At first, I was so hesitant in
coming, but now I feel so happy"
388;1066333;1069734;"that my entire family's here on
this vacation."
389;1069734;1072800;"We're all together, and it feels
really good to see a smile on"
390;1072800;1075066;"everyone's face.
>> ROB: Look at this guy."
391;1075066;1076900;">> KRIS: Oh, my God, this is
amazing."
392;1076900;1080533;"(conch shell horn blowing)
(dancer chanting)"
393;1080533;1082734;">> KRIS: Oh, my gosh, he's so
excited."
394;1082734;1085400;">> SCOTT: I could so get that
job."
395;1085400;1088967;"(rhythmic drumming)
>> SCOTT: That's what I used to"
396;1088967;1091867;"do before I got in bed with
Kourtney."
397;1091867;1096934;"(whistling)
>> KRIS: Hi."
398;1096934;1100500;"Thank you.
>> KYLIE: Fantasy Island."
399;1100500;1102500;">> SCOTT: Bob, give her a show.
>> ROB: Is that girl here for"
400;1102500;1103967;"me?
>> SCOTT: Just happens to be one"
401;1103967;1105633;"random chick?
>> ROB: I know, I..."
402;1105633;1107800;"That's what I said.
>> KRIS: There's beautiful"
403;1107800;1110000;"women on the beach in bikinis
already."
404;1110000;1112200;"I am not taking my...
>> HUMPHRIES: I'm going to stick"
405;1112200;1114166;"with the Lakers.
>> KRIS: ...sarong off to save"
406;1114166;1115633;"my life.
>> SCOTT: Well, dude, those"
407;1115633;1117300;"girls are 20 years old.
Well, I think your"
408;1117300;1124567;"body looks fine, but...
>> KRIS: Thank you, Scott."
409;1124567;1127000;">> KIM: Bring Bora Bora!
Whoo!"
410;1127000;1129000;">> KRIS: Oh, my God.
Look at all the flowers all over"
411;1129000;1130834;"the bed.
>> SCOTT: So this is where"
412;1130834;1132867;"Obama stayed.
>> KENDALL: It's cool."
413;1132867;1135200;">> KIM: Wow."
414;1136834;1139500;">> HUMPHRIES: Look at the view.
>> KIM: This is gorgeous."
415;1139500;1142900;"But the fact that it's so hot in
here, I want the other room."
416;1142900;1144734;"It's way too hot.
>> ROB: That's 'cause"
417;1144734;1146100;"it's open.
What are you saying?"
418;1146100;1147533;">> HUMPHRIES: Come on.
You're so rude."
419;1147533;1149100;">> KIM: I don't want this room.
It's too hot."
420;1149100;1150667;">> HUMPHRIES: They're all going
to be hot if the door's open,"
421;1150667;1152133;"baby.
>> KIM: It's giving me anxiety"
422;1152133;1154433;"to have this big room.
And all these flowers, I'm such"
423;1154433;1156400;"a neat freak; it's really giving
me anxiety."
424;1156400;1158200;">> HUMPHRIES: It's called a
Presidential Suite."
425;1158200;1160100;"This is a side of Kim I've never
seen before."
426;1160100;1162800;"We got the best room at the
whole resort."
427;1162800;1164800;">> KIM: I just like small rooms.
I've always been like that."
428;1164800;1166867;"I hate a big space.
>> HUMPHRIES: It's going to be"
429;1166867;1168834;"the same room, just like,
shutting the door."
430;1168834;1170800;"You're crazy.
She's kind of freaking out over"
431;1170800;1173200;"something that most people would
die for."
432;1173200;1174867;">> KIM: I think I'm going to
have a panic attack."
433;1174867;1178467;"I gotta get out of here.
(Kim laughing)"
434;1178467;1181300;"(Kim screams)
>> KIM: Kris picks me up and"
435;1181300;1187367;"throws me in the water, like I'm
just a doll."
436;1187367;1190367;"Captioning sponsored by
 BUNIM-MURRAY PRODUCTIONS"
437;1190367;1194033;"♪ ♪
>> KIM: This is so pretty."
438;1194033;1196333;">> HUMPHRIES: We just got to get
that AC going."
439;1196333;1198500;">> KIM: Let's just jump in with
all of our clothes on."
440;1198500;1200200;"Off here.
>> HUMPHRIES: I don't know about"
441;1200200;1201934;"up here; I don't know how deep
it is."
442;1201934;1206767;">> KIM: I'll jump in right now.
>> HUMPHRIES: Right now?"
443;1206767;1208767;">> HUMPHRIES: Baby, give me a
hug real quick."
444;1208767;1211166;">> KIM: No, I'm going to push
you in, babe."
445;1211166;1212867;">> HUMPHRIES: Give me a hug
before I get pushed in."
446;1212867;1216967;"(Kim giggles)
>> HUMPHRIES: You saw that"
447;1216967;1223467;"coming, though, huh?
(Humphries laughs)"
448;1223467;1225567;"(Kim laughs)
>> HUMPHRIES: Hold on."
449;1225567;1227567;"I don't want to jump in...
(Kim screams)"
450;1227567;1231633;">> HUMPHRIES: I don't know how
deep it is."
451;1231633;1238800;">> KIM: Please take your shorts
off."
452;1238800;1240467;">> HUMPHRIES: Baby, I think I
see a shark."
453;1240467;1242834;">> KIM: Stop. Don't play
with... (laughing)"
454;1242834;1244700;">> HUMPHRIES: I see a shark.
I know."
455;1244700;1246166;">> KENDALL: You jump off of
there?"
456;1246166;1248834;">> KIM: Yeah.
(Kendall screams)"
457;1248834;1252066;"(Kim and Humphries laughing)
>> KIM: What is..."
458;1252066;1256600;"Hey, stop!
>> KIM (giggling): No!"
459;1256600;1258633;">> KENDALL: I don't know, jump
in."
460;1258633;1264200;"(Kim screaming and laughing)
>> KIM: Ow!"
461;1264200;1266300;">> HUMPHRIES: Baby...
>> KIM: Ow, I'm going to have"
462;1266300;1268266;"such a headache.
>> HUMPHRIES: Really?"
463;1268266;1269767;"(Kim gasps)
>> KIM: My earring's gone!"
464;1269767;1271934;">> HUMPHRIES: Are you (bleep)?
>> KIM: Oh, my God, I'm going"
465;1271934;1274934;"to cry.
I don't have any earrings."
466;1274934;1278333;"I love Kris, but he's just so
rough when he picks me up and"
467;1278333;1280834;"throws me in the water like I'm
just a doll."
468;1280834;1283900;">> HUMPHRIES: Hold on.
>> KIM: Please leave."
469;1283900;1285800;"Not funny.
>> HUMPHRIES: Are you serious?"
470;1285800;1288000;">> KIM: No, literally, that's
$75,000."
471;1288000;1289734;">> KYLIE: Let me get goggles.
>> KIM: I'm not going to"
472;1289734;1291266;"flippin' run for this...
>> HUMPHRIES: We'll find it,"
473;1291266;1292800;"baby.
>> KIM: We're not going to"
474;1292800;1296400;"(bleep) find it in the ocean.
This is seriously so (bleep)."
475;1296400;1300934;"(Kim sobbing)
>> HUMPHRIES: What, are you"
476;1300934;1303900;"faking this right now?
>> KIM: No, I'm not faking."
477;1303900;1305533;">> HUMPHRIES: We've literally
been here an hour."
478;1305533;1308667;"She freaks out over the room,
she freaks out over the earring."
479;1308667;1310433;"What are the next ten days gonna
be like?"
480;1310433;1317633;"I'm nervous.
(Kim sobbing)"
481;1317633;1319367;"Keeping Up with
the Kardashians:"
482;1319367;1321300;">> HUMPHRIES: You were married?
>> BRUCE: You didn't know that?"
483;1321300;1323133;">> HUMPHRIES: I'm really
shocked."
484;1323133;1324734;">> BRUCE: I want to renew our
vows."
485;1324734;1326533;">> KRIS: I just don't feel good
about my body."
486;1326533;1327967;">> KOURTNEY: Have you guys been
drinking?"
487;1327967;1329633;">> SCOTT: We knocked back
some brewskies."
488;1329633;1331633;">> KOURTNEY: Scott's definitely
had one beer, and I've set the"
489;1331633;1333667;"boundaries; he knows what's
acceptable and what's not."
490;1333667;1336834;">> SCOTT: Oh, you got some
attitude, kiddo."