﻿Number;Start time in milliseconds;End time in milliseconds;"Text"
1;5133;7033;"♪ ♪"
2;14533;17667;">> KOURTNEY: Do you know Kylie's
having an eighteenth birthday"
3;17667;19867;"party in two weeks with, like,
300 people or something?"
4;19867;21867;">> KHLOE: I haven't been
invited."
5;21867;23734;">> KOURTNEY: Me, neither.
>> KHLOE: What a little (bleep)"
6;23734;25834;"Kylie is.
I'm calling her now."
7;25834;27667;">> KYLIE: Hello.
>> KHLOE: Hey. So I just heard"
8;27667;29767;"you're throwing a huge birthday
bash?"
9;29767;31633;">> KYLIE: I am.
>> KHLOE: And Kourtney and I"
10;31633;33633;"have not been invited yet.
Is there a reason why?"
11;33633;35467;">> KYLIE: No. I haven't told
anybody."
12;35467;37367;"I'm not gonna tell anybody until
I for sure know where I want it"
13;37367;39367;"and everything.
>> KHLOE: Well, don't you want"
14;39367;41533;"us to hold the date?
What if we're busy?"
15;41533;46667;">> KYLIE: You're never gonna be
busy on my birthday."
16;46667;48667;">> KOURTNEY: Wait. August 10?
I'm already busy that day."
17;48667;50667;">> KHLOE: I have an event on
August 10."
18;50667;53133;">> KYLIE: Where?
>> KHLOE: San Francisco."
19;53133;55133;">> KYLIE: Can you fly back from
San Francisco or something?"
20;55133;57133;">> KHLOE: If you beg me hard
enough."
21;57133;59133;">> KYLIE: What do you want me to
do?"
22;59133;60800;">> KHLOE: Who would you want to
come the most out of all your"
23;60800;62800;"sisters?
>> KYLIE: Probably Khloe."
24;62800;65133;">> KHLOE: Yeah!
Okay, I'll cancel my San"
25;65133;67133;"Francisco appearance.
>> KYLIE: Ah!"
26;67133;68967;">> KOURTNEY: Did you really have
one?"
27;68967;71867;"Wait. Should I cancel my London,
um, my London appearance?"
28;71867;74200;">> KYLIE: You don't have a
London appearance."
29;74200;88166;"(laughter)
♪ ♪"
30;88166;90166;"(drill whirring)
>> KIM: So this is it."
31;90166;92233;">> JONATHAN: Oh, they've really
demolished."
32;92233;94333;"Holy (bleep).
>> KIM: And then we built that"
33;94333;96200;"thing at the end to put art.
>> JONATHAN: Oh, I can't believe"
34;96200;98467;"you guys moved fully in, and now
this is happening."
35;98467;100467;">> KIM: It's pretty crazy.
>> JONATHAN: When are you"
36;100467;102467;"supposed to move in?
>> KIM: December."
37;102467;104934;"We're remodeling our house.
There's still so much that we'd"
38;104934;107166;"want to do to it to make it
perfect."
39;107166;109367;"This is what the kitchen will
kind of look like."
40;109367;111367;">> JONATHAN: This is sick.
>> KIM: We're hoping that it"
41;111367;114100;"would be ready before the baby's
born, so I hope that everything"
42;114100;118400;"sticks according to plan.
I just cannot wait to get out of"
43;118400;120967;"my mom's.
It's been great, but they are"
44;120967;123667;"just so loud.
Like, they don't even..."
45;123667;125800;">> JONATHAN: I know, but it's
their house. It's not..."
46;125800;127900;"You can't control it when you're
used to being a certain level in"
47;127900;130233;"your house.
>> KIM: I love my mom, and she's"
48;130233;133800;"so gracious to let us live
there, but last time we"
49;133800;135800;"remodeled our house, you know,
we definitely had our"
50;135800;139233;"differences.
This one has a lock on it."
51;139233;142066;">> KRIS: First, let's start out
by saying this is my closet, and"
52;142066;143900;"my drawer.
>> KIM: And then..."
53;143900;145934;">> KRIS: I think you really
think that... that this is your"
54;145934;148433;"house.
>> KIM: I cannot stay there for"
55;148433;151200;"a long period of time, so I just
hope that we can make it a"
56;151200;154700;"really easy, pleasant
experience."
57;154700;156400;"It's just really
hard with, like, a baby, and,"
58;156400;158400;"like, they just don't...
>> JONATHAN: You know this"
59;158400;160333;"already.
>> KIM: ...have any"
60;160333;162166;"consideration?
>> JONATHAN: You know this."
61;162166;164033;"You've put yourself back into
the oven."
62;164033;173333;"Like, it's crazy.
Crazy, crazy, crazy."
63;173333;177266;">> KIM: I'm 25 pounds up on the
scale today."
64;177266;180300;"Aah! And I'm only halfway there.
Last time, I gained 50, but I"
65;180300;183633;"delivered six weeks early, and
they say you gain the most at"
66;183633;185633;"the end.
>> KRIS: Yeah, you do."
67;185633;187467;"If you were full term...
>> KIM: I probably would have"
68;187467;189333;"gained 70.
>> KRIS: You have to remember"
69;189333;192166;"that you're making another human
being, and that you... you-you"
70;192166;194166;"were able to really get in the
best shape of your life after"
71;194166;196166;"your baby.
>> KIM: Yeah. No, I know."
72;196166;198033;"I'm not worried.
>> KRIS: And you'll do it again."
73;198033;199834;">> KIM: I'm not worried about
after."
74;199834;201633;"I'm just thinking about number
three."
75;201633;203633;"Like, if I have three...
>> KRIS: Number three?!"
76;203633;205300;">> KIM: ...then that's where I
think your body really starts to"
77;205300;207133;"slip.
>> KRIS: Whoa. Can we just slow"
78;207133;209166;"down and have number two?
>> KIM: I know."
79;209166;212500;">> KRIS: I heard that, uh...
Caitlyn is very upset..."
80;212500;214500;">> KIM: Why?
>> KRIS: ...that she wasn't"
81;214500;219767;"invited to the graduation.
First of all, it was a surprise"
82;219767;223567;"graduation for the girls, and,
yes, their dad probably should"
83;223567;225667;"have been there, when I think
about it in hindsight, but it"
84;225667;228300;"wasn't malicious, and I didn't
mean to hurt anybody's feelings."
85;228300;230433;">> KIM: Also, you guys have
separate lives now, and that's"
86;230433;232467;"okay.
>> KRIS: Yeah."
87;232467;237166;"I feel really bad that Caitlyn
wasn't invited to the graduation"
88;237166;239033;"party.
>> KHLOE: Let's talk about the"
89;239033;241033;"graduation.
Are you inviting Caitlyn?"
90;241033;242967;">> KRIS: I don't think I'm
ready."
91;242967;244834;"I haven't even met her yet.
To be honest, I'm scared to"
92;244834;249300;"death.
I understand why she would be"
93;249300;253367;"upset, but on the other hand,
it's such a sensitive subject,"
94;253367;256300;"and it's something that really
needs to be done in private."
95;256300;258700;"I mean, I'm just, like, I
haven't even met her yet."
96;258700;261333;"I don't know if I could handle
it."
97;261333;265734;"I need to do it on my own terms.
>> KIM: We've felt like he's had"
98;265734;269400;"such crazy feelings towards you
in the things that he's said."
99;269400;271400;">> KRIS: I know. I don't know
how he thinks that it's..."
100;271400;273433;">> KIM: So why would he want to
come?"
101;273433;275767;">> KRIS: I kind of think
sometimes, she thinks that Bruce"
102;275767;278834;"Jenner said those things, and
 Vanity Fair"
103;278834;282900;"article.
Well, now that he's Caitlyn, he"
104;282900;285533;"still has to take responsibility
for what Bruce Jenner said, kind"
105;285533;287900;"of.
You know, like... like, he"
106;287900;292266;"really hurt my feelings.
Why am I supposed to be so"
107;292266;294967;"forgiving when we haven't even
discussed it since?"
108;294967;297000;">> KIM: Yeah.
>> KRIS: You know?"
109;297000;299000;">> KIM: You don't have to cry
now."
110;299000;300834;"She's not even here.
>> KRIS: I know, and just"
111;300834;302600;"thinking about it breaks my
heart."
112;302600;304934;"I know. It just scares me a
little."
113;304934;307000;">> KIM: I know, but it's time.
>> KRIS: Yes, but it does."
114;307000;320033;"It's like I just... I...
I don't know. It's hard."
115;320033;322567;">> CAITLYN: Did you see my
Guinness Book of World Records?"
116;322567;325600;">> KYLIE: Uh-uh.
>> CAITLYN: That's The Guinness"
117;325600;327600;"Book of World Records
official..."
118;327600;330100;">> KYLIE: Wow.
>> CAITLYN: ...officially sent"
119;330100;334100;"me "The Fastest Ever" to a
million followers on Twitter."
120;334100;339200;"And I did beat out, in the Teen
Choice Awards, Miley Cyrus,"
121;339200;342767;"Katy Perry, Taylor Swift and
everything, for Social Media"
122;342767;345767;"Queen.
I need to be on my phone."
123;345767;348467;">> KYLIE: Oh, my God, you're a
changed woman."
124;348467;351333;"(Caitlyn laughs)
>> CAITLYN: That's true."
125;351333;354667;"But, for me, it's a great way to
communicate a lot of the things"
126;354667;356867;"I'm trying to do.
>> KYLIE: Can I post this?"
127;356867;358867;">> CAITLYN: Uh, sure.
Let's get to the important"
128;358867;361500;"stuff.
What about your birthday?"
129;361500;363667;"Want to have your friends over
here for a party?"
130;363667;365734;"I mean, I can throw something
here."
131;365734;368800;"Come on, this is a great party
house."
132;368800;370800;">> KYLIE: I've been thinking
about it."
133;370800;372667;"I was just going to do something
with my friends."
134;372667;375900;"I just really don't want to deal
with the drama."
135;375900;378266;">> CAITLYN: Yeah, but it's 18.
>> KYLIE: Yeah, but..."
136;378266;380400;">> CAITLYN: You got to do
something."
137;380400;383767;">> KYLIE: Between you and Mom...
>> CAITLYN: Me and Mom what?"
138;383767;387600;"We're fine.
>> KYLIE: You guys haven't even"
139;387600;391567;"met.
I want both my parents at my"
140;391567;397633;"birthday party, but I know that
my mom and my dad are both"
141;397633;400900;"struggling with their
relationship, so, I just don't"
142;400900;402900;"really want to deal with the
Mom-Dad drama."
143;402900;404900;">> CAITLYN: You're 18.
You can make up your own"
144;404900;406767;"decision about what you want to
do."
145;406767;408633;"Don't have your mom talk you
into something. Okay?"
146;408633;411133;">> KYLIE: No. I'm not talking to
either of you guys."
147;411133;413800;">> CAITLYN: Uh, by the way, I
have you a prezy."
148;413800;417800;"I-I only have a couple of these,
and I'm gonna give one to you."
149;417800;419800;"Are you ready?
>> KYLIE: Mm-hmm."
150;419800;421800;">> CAITLYN: Can you handle this?
>> KYLIE: Mm."
151;421800;423700;"Stop.
>> CAITLYN: What do you think?"
152;423700;425633;"My picture's all over 'em, and,
of course, we do have the"
153;425633;427633;"bottoms.
(Caitlyn chuckles)"
154;427633;429300;">> KYLIE: This is way too
inappropriate for me to wear."
155;429300;431000;">> CAITLYN: I totally agree.
>> KYLIE: I have my dad on my"
156;431000;432834;"underwear?
>> CAITLYN: Okay, well, I can"
157;432834;435033;"give 'em to somebody else.
Do you want 'em?"
158;435033;436333;"I want them!
>> CAITLYN: Oh, of course you"
159;436333;446066;"want them.
(Caitlyn chuckles)"
160;446066;448066;">> JONATHAN: Kris?
>> KRIS: Hey, Jonathan."
161;448066;449967;"(Kris whoops)
>> JONATHAN: What's up?"
162;449967;451633;">> COREY: Hey. Taking care of
the women, man and the kids."
163;451633;453467;"That's about it.
>> JONATHAN: You guys look cozy."
164;453467;455400;">> KRIS: Welcome to the
playhouse."
165;455400;457000;">> COREY: Chillin'. We just...
>> JONATHAN: I just got back"
166;457000;458834;"from Italy, so I didn't get my
sneakers."
167;458834;460667;"They're at my house waiting for
me."
168;460667;462333;">> COREY: You missing out.
>> KRIS: Jeally? Look at!"
169;462333;464033;">> JONATHAN: A little bit, yeah.
I'll have them tomorrow night."
170;464033;465667;">> KRIS: We got our Yeezys.
We're excited."
171;465667;467367;">> JONATHAN: Ooh, those are
nice. Yo, what up?!"
172;467367;469200;">> COREY: How was the vacay,
man?"
173;469200;470867;">> KRIS: Oh, my God.
>> JONATHAN: This house is so"
174;470867;472433;"much quieter without Kylie,
though. This is weird."
175;472433;474033;"You don't have, like, 37
random kids running around."
176;474033;475667;">> KRIS: No, I just have Kim,
Kanye, North, the nanny..."
177;475667;477467;">> JONATHAN: Right, but you know
them all."
178;477467;479300;">> KRIS: ...the housekeeper, the
chef, the trainer."
179;479300;480967;">> JONATHAN: And with Kylie, you
have 37 people you didn't know."
180;480967;482567;">> KRIS: I feel like...
 Dr. Zhivago?"
181;482567;484400;">> JONATHAN: No, not this again.
Dr. Zhivago?"
182;484400;486233;">> KRIS: Wait.
>> JONATHAN: She tricked me and"
183;486233;487900;"took me on this trip, and she
wanted to stay home and watch"
184;487900;489900;"Dr. Zhivago.
What the (bleep)?"
185;489900;491900;"That's crazy.
>> KIM: You guys, stop."
186;491900;493900;">> KRIS: Stop! What?
>> KIM: Shh."
187;493900;495734;">> JONATHAN: Huh? I'm telling...
What?"
188;495734;497567;">> KIM: Because North is taking
a nap."
189;497567;499266;"This is nap time, prime time.
Seriously, it's so rude."
190;499266;500967;">> JONATHAN: You're not serious?
She can't hear us."
191;500967;502800;">> KIM: Yeah, I am.
She's taking a nap, and her room"
192;502800;504467;"is right there. Yes, she can.
>> COREY: Yeah, her room is..."
193;504467;506233;">> JONATHAN: Oh, she wasn't
upstairs?"
194;506233;508033;">> COREY: Yeah.
>> JONATHAN: Oh, you're not in"
195;508033;509734;"the little room anymore?
>> KRIS: No, they took over"
196;509734;511567;"three or four bedrooms this
time."
197;511567;513266;">> JONATHAN: Oh.
And you're complaining?"
198;513266;514800;">> KRIS: And then she yells at
me in my own bathroom and tells"
199;514800;516400;"me, like, what to do and...
>> JONATHAN: You knew this was"
200;516400;518033;"gonna happen, though.
You allowed this."
201;518033;519834;">> KRIS: No, but I said to
her... I said, "I just...""
202;519834;521467;">> JONATHAN: She's the boss!
>> KIM: Shh."
203;521467;523066;">> JONATHAN: Oh, sorry. Sorry.
>> KRIS: I know. We can't even,"
204;523066;524900;"like...
>> KIM: Stop. Have some respect."
205;524900;526800;"I'll literally kick you out of
here."
206;526800;528834;"I love Jonathan.
I love that he's, like, hanging"
207;528834;531734;"out with my mom, but I have a
baby in this house."
208;531734;535834;"I need no one to wake her, and
they have got to shut up."
209;535834;538233;"Seriously, keep it down.
>> COREY: What the (bleep) is"
210;538233;541600;"wrong with her?
>> WOMAN: Bend your knees, sink"
211;541600;543367;"that seat down towards knee
level."
212;543367;545200;">> KIM: Hi, guys. Hi, Heather.
>> KRIS: Uh..."
213;545200;547033;">> HEATHER: Are you doing
pregnant ballet?"
214;547033;548867;">> KIM: We're doing Pure Barre.
>> KRIS: Pure Barre?"
215;548867;552200;"I think it's great that Kim's
working out, but I think it"
216;552200;555567;"would be nice if she gave me a
little heads up."
217;555567;558767;"What are you gonna do on your
birthday?"
218;558767;561266;"Why are you so funky?
>> KYLIE: Well, between you and"
219;561266;570066;"Caitlyn, it's just, like, I'm
not gonna not invite my dad."
220;570066;571967;"♪ ♪"
221;576200;579500;">> TRAINER: Before we get
started, we're gonna just show"
222;579500;581834;"you, like, some of the basic
moves that you'll be doing"
223;581834;584767;"throughout the whole class, so,
if you're at the bar, or if"
224;584767;587333;"you're seated, something we talk
about a lot in Pure Barre is a"
225;587333;589600;"tuck.
It's basically tightening the"
226;589600;592133;"base of your seat and your low
abs, but you never want to arch"
227;592133;594400;"your back.
It's gonna be hard, but it's"
228;594400;596834;"take it at your own pace.
Bend you knees, sink that seat"
229;596834;598700;"down towards knee level.
Keep that tailbone nice and"
230;598700;600533;"heavy.
>> WOMAN: I need a glass of"
231;600533;602667;"wine.
>> KIM: Hi, guys."
232;602667;606033;"Hi, Heather.
>> HEATHER: Are you doing"
233;606033;609000;"pregnant ballet?
>> KIM: No, we're doing Pure"
234;609000;612333;"Barre, a good workout.
>> KRIS: Pure Barre?"
235;612333;615033;">> KIM: Do you think I want
anyone to see me going into,"
236;615033;617033;"like, classes looking like a
huge cow?"
237;617033;619233;">> WOMAN 2: I want to see you
lift your leg."
238;619233;622200;">> KRIS: Um, okay, well, I'm
having some people over for"
239;622200;624900;"dinner in, like, an hour.
Are you gonna be wrapped up by"
240;624900;628300;"then, or...?
>> KIM: If I can get through it"
241;628300;631400;"all.
>> KRIS: Okay."
242;631400;635233;"I think it's great that Kim's
working out and staying healthy,"
243;635233;638200;"but I think it would be nice if
she gave me a little heads up,"
244;638200;642367;"considering it's my house.
>> WOMAN: Oh, yummy."
245;642367;644200;">> HEATHER: So, they all moved
back."
246;644200;646033;">> KRIS: All of 'em.
>> HEATHER: But why couldn't"
247;646033;647867;"they just go to another house?
>> WOMAN: Why would you?"
248;647867;649633;"Look around.
>> KRIS: She has a house."
249;649633;652200;"She has her house in Bel Air.
And then she bought this house"
250;652200;654200;"and redid it, and then, she
redid it again."
251;654200;656200;">> WOMAN: Mm.
>> KRIS: And so..."
252;656200;658066;">> HEATHER: And Kanye just,
like, loves being here?"
253;658066;660834;">> KRIS: Yes. They both do.
They're never gonna leave."
254;660834;662800;"I get yelled at in my own house.
"Mom, you're making too much"
255;662800;664834;"noise."
"Mom, you're too busy.""
256;664834;666934;">> WOMAN: Oh, wow.
>> KRIS: I like to do things my"
257;666934;671233;"way, so I like to set my music
and have my candles and lay out"
258;671233;674667;"my stuff and I don't want to
have ballet class in the middle"
259;674667;678033;"of it.
I mean, is that wrong?"
260;678033;682867;"I love my kids and I think it's
really nice that they still want"
261;682867;687467;"to come and even live with me,
but sometimes Kim, I think, just"
262;687467;690367;"takes it for granted.
She needs to remember that I"
263;690367;693800;"live here, too.
Sooner or later we're gonna have"
264;693800;697333;"to establish some boundaries.
>> HEATHER: Khloe just bought"
265;697333;699367;"the house in Tarzana, and you
said..."
266;699367;701367;">> WOMAN: Thank you.
>> HEATHER: ..."I'm glad she"
267;701367;703667;"bought the house in Tarzana, but
I think she's gonna regret not"
268;703667;707033;"buying in Hidden Hills."
And Kim goes, "Oh, my God, Mom,"
269;707033;710266;"enough with the Hidden Hills!
Not everybody on Earth wants to"
270;710266;712266;"live in the Hidden Hills.
She doesn't want to live in"
271;712266;714300;"Hidden Hills, that's why I lived
in Beverly Hills, 'cause I don't"
272;714300;716967;"want to live in Hidden Hills."
And then she goes and buys a"
273;716967;718967;"Hidden Hills house and then
moves in with you, to Hidden"
274;718967;720967;"Hills.
>> KRIS: Oh, she isn't going"
275;720967;723233;"anywhere, honey.
She'll be building on that piece"
276;723233;726100;"of property, but she'll go, "Oh,
I think I'll change the toilet"
277;726100;728200;""paper holder-- can I move back
in with you?""
278;728200;738867;"I mean, that's how I feel that's
going on over there."
279;738867;741867;"This is supposed to be a really
bad rainy season."
280;741867;743867;"Like, crazy.
>> KYLIE: I'm excited."
281;743867;745367;"Are you excited?
>> KRIS: Yeah."
282;745367;747367;">> KYLIE: For the winter, and
winter clothes?"
283;747367;749400;">> KRIS: Yeah.
And fireplaces and hot"
284;749400;751834;"chocolate.
What do you want to do for your"
285;751834;754700;"birthday-- you want to celebrate
and do a party?"
286;754700;758934;"It's a big birthday.
We could do a family dinner if"
287;758934;760834;"you want."
288;763767;767166;"Why are you so funky?
>> KYLIE: Well, between you and"
289;767166;772567;"Caitlyn it's just like, I don't
know, you guys are weird."
290;772567;777033;"And then I'm not gonna not
invite my dad and invite my mom."
291;777033;780333;"Or vice versa.
>> KRIS: I don't think you have"
292;780333;784800;"to worry about that.
I think you have to let adults"
293;784800;791900;"go through their thing and we'll
figure it out."
294;791900;796400;"To hear that Kylie has anxiety
over her dad and I-- it breaks"
295;796400;799433;"my heart.
Especially at her birthday."
296;799433;804100;"So I think I have to be strong
enough to create a great"
297;804100;809467;"relationship with Caitlyn,
because my kids' feelings are"
298;809467;811667;"more important than my own right
now."
299;811667;814633;"Nothing will take the shine away
from you at your birthday."
300;814633;819300;"We're not that selfish.
>> KHLOE: I still very much"
301;819300;821900;"love Lamar, but I need to move
forward."
302;821900;824467;"I don't think you really ever
have peace from walking away"
303;824467;828200;"from any situation that you
wish, you know, ended up"
304;828200;830500;"different.
>> KIM: Bruce was always on"
305;830500;833200;"time.
>> KRIS: Who is an hour late?"
306;833200;835834;">> KIM: Yeah, this is rude.
>> KYLIE: I'm starting to get"
307;835834;837734;"nervous if she'll even show up."
308;843100;848567;"♪ ♪
(line ringing)"
309;848567;850734;">> KRIS: Hey.
>> CAITLYN: Hey."
310;850734;854400;">> KRIS: Well, I just realized I
still have your name as, um,"
311;854400;858400;""Bruce" in my phone.
It's Cait."
312;858400;860834;">> CAITLYN: How are you doing?
>> KRIS: I'm okay."
313;860834;864367;">> CAITLYN: When are we gonna
get together?"
314;864367;866867;">> KRIS: Well, you have to come
over for a glass of wine one"
315;866867;868867;"evening.
>> CAITLYN: I could come over"
316;868867;871934;"there or you could come over
here, I've got your wine here."
317;871934;875233;">> KRIS: Now that I know how
Kylie really feels, I think the"
318;875233;879800;"most important thing that we can
do right now is make sure that"
319;879800;884600;"her dad and I get along so that
the kids-- especially Kylie--"
320;884600;887000;"never has to worry about
something like this again."
321;887000;890667;"Do you-do you want to join us?
We're gonna have a little dinner"
322;890667;895333;"at Nobu to kind of kick off
Kylie's birthday."
323;895333;899333;"She just wants to have a little
family dinner, just her siblings"
324;899333;904233;"and me and then you and, um,
that's it."
325;904233;907500;">> CAITLYN: Okay.
>> KRIS: This definitely makes"
326;907500;911600;"me nervous, but sooner or later
I'm gonna have to meet Caitlyn"
327;911600;916233;"and right now I think the time
needs to be sooner."
328;916233;922266;"I just think that we have to
find a way to just be together"
329;922266;925433;"as a family when we have
special occasions, and I think"
330;925433;929300;"that Kylie's birthday would be a
really good place to start."
331;929300;933200;">> CAITLYN: Yeah, I agree.
>> KRIS: So, um..."
332;933200;935200;">> CAITLYN: We agree on
something!"
333;935200;937100;"(Kris chuckles)"
334;941533;944533;">> KRIS: Hi, sweetie.
>> KIM: Hi."
335;944533;946567;">> KRIS: How long have you had
these allergies?"
336;946567;948867;">> KIM: This morning.
>> KRIS: I feel like you didn't"
337;948867;951200;"have 'em, though, when we were
doing Glam."
338;951200;953200;">> KIM: Yeah, I did.
>> COREY: Oh, she can't take"
339;953200;955200;"none of that stuff.
'Cause of the baby."
340;955200;958967;">> KIM: I know, but it's so
annoying."
341;958967;962300;">> KRIS: Oh, so I forgot to tell
you, I'm having Faye's wedding"
342;962300;965133;"at... in my back yard.
(Kim sighs)"
343;965133;967133;"I'm sorry.
You were the one who wanted to"
344;967133;969133;"move in.
You can just go to Kourtney's"
345;969133;970633;"house...
>> KIM: How torturous."
346;970633;972633;"With your driveway like that?
How can you..."
347;972633;975700;">> KRIS: It'll be done.
So we have to live together for"
348;975700;979700;"quite a few more months.
And we have to make it work"
349;979700;981700;"cohesively, do you know what
that means?"
350;981700;983700;"With happiness...
>> KIM: I'm not an idiot,"
351;983700;989700;"Yeah, I do.
>> KRIS: We have to minimize the"
352;989700;992767;"amount of human beings in my
bathroom every morning."
353;992767;997133;"I think it's time to just maybe
review some of the ground rules."
354;997133;1002166;"Kim, but...
there are definitely some"
355;1002166;1005300;"boundaries.
So what else do you think would"
356;1005300;1007867;"help?
I got to figure out where the"
357;1007867;1010600;"nursery will be, 'cause I'll
definitely have the baby at your"
358;1010600;1013700;"house.
>> KRIS: What, you need another"
359;1013700;1016367;"room?
>> KIM: What do you want me to"
360;1016367;1018367;"do?
>> KRIS: Can't the baby sleep in"
361;1018367;1022667;"your room?
>> KIM: Well, I mean..."
362;1022667;1025400;">> KRIS: Are you asking me?
>> COREY: The red room should be"
363;1025400;1027400;"the nursery.
>> KIM: Yeah."
364;1027400;1030133;"Clean that closet out...
>> KRIS: How come everyone else"
365;1030133;1032567;"dictates what I do with my
closets?"
366;1032567;1034867;"Do you know I haven't had my
closets to myself in, like,"
367;1034867;1037700;"three years?
You guys know that, right?"
368;1037700;1039700;"Like, I don't even know where my
stuff is."
369;1039700;1042033;"If you gave me a million dollars
to find something, I probably"
370;1042033;1044033;"couldn't.
>> KIM: I think you just got to"
371;1044033;1046600;"get rid of some (bleep).
>> KRIS: This lunch was supposed"
372;1046600;1048800;"to be about establishing
boundaries, and every time I..."
373;1048800;1050800;">> KIM: It's just a boundary.
I'll take the small room."
374;1050800;1052800;">> KRIS: Why do I have
boundaries?"
375;1052800;1055433;"It's my house.
We have to work together."
376;1055433;1057433;">> KIM: We are.
>> KRIS: Okay."
377;1057433;1059500;">> KIM: I'm not taking Kendall's
room, 'cause that's your closet"
378;1059500;1061400;"room."
379;1069800;1073200;">> PAPARAZZO: Kourtney, hey,
Kourtney, over here."
380;1073200;1079200;"(camera shutters clicking)
Hey, Kim."
381;1079200;1081567;">> KIM: You guys, they have
watermelon lemonade."
382;1081567;1084166;"Oh, my God.
>> KOURTNEY: The pasta mama is"
383;1084166;1088100;"really good, but I don't want to
entice you to get a pasta."
384;1088100;1091734;">> KIM: That sounds amazing.
>> KOURTNEY: It is so good."
385;1091734;1095433;"So, um, how is everything?
>> KHLOE: Like, with Lamar?"
386;1095433;1098600;">> KOURTNEY: Mm-hmm.
>> KHLOE: Um, I still very much"
387;1098600;1103133;"love Lamar, but I need to move
forward."
388;1103133;1106567;">> KOURTNEY: Yeah.
>> KIM: I feel like that's a big"
389;1106567;1110567;"step, though.
>> KOURTNEY: Mm-hmm."
390;1110567;1112867;">> KHLOE: I don't think you
really ever have peace from"
391;1112867;1116800;"walking away from any situation
that you wish, you know, ended"
392;1116800;1119266;"up differently.
Do I know for a fact that I've"
393;1119266;1123734;"done every single thing that I
could to try to save that"
394;1123734;1126867;"marriage, 100%?
>> KIM: You've told him, like,"
395;1126867;1129066;""Come fix this marriage."
>> KHLOE: But I don't think he"
396;1129066;1131800;"understands, and that's what's
so hard."
397;1131800;1134633;"Then I wonder, like, so what
have I been fighting for?"
398;1134633;1137066;"I think filing for the divorce
is the worst thing in the world."
399;1137066;1139066;"It's the worst feeling.
You feel like you're hurting"
400;1139066;1142734;"everybody.
But I need to live my life the"
401;1142734;1149033;"best that I know how and do what
I feel is best."
402;1149033;1152100;">> KYLIE: Tyga and I are
together."
403;1152100;1154934;"I guess we'll just see where it
goes."
404;1154934;1158000;"Mom invited Caitlyn to the
dinner."
405;1158000;1160433;"I just hope that we can make it
through the night without any"
406;1160433;1164433;"family drama.
>> KIM: Excited, nervous."
407;1164433;1166934;">> KRIS: A little bit nervous,
but I feel like at the end of it"
408;1166934;1169867;"I'll be really glad that I
finally met Caitlyn."
409;1169867;1171767;">> KIM: Well, we are here."
410;1176066;1177967;"♪ ♪"
411;1182133;1185233;">> KRIS: Khloe?
>> KHLOE: Mm-hmm?"
412;1185233;1187600;">> KRIS: How did you injure
yourself-- by working out?"
413;1187600;1189600;">> KHLOE: Yes, it's really hard
to get in shape."
414;1189600;1191600;"(cracking)
Oh."
415;1191600;1193600;">> KRIS: You're like...
I can hear your bones, like,"
416;1193600;1195600;"creaking.
>> KHLOE: I know."
417;1195600;1197600;">> KRIS: And popping.
>> KHLOE: So I have to cancel my"
418;1197600;1202700;"workouts all this week 'cause of
scheduling."
419;1202700;1206533;"Khloe no likey that.
>> KRIS: What happened with"
420;1206533;1211900;"these divorce papers on Friday?
>> KHLOE: It takes a long time"
421;1211900;1213900;"for things to go through the
system and to get in the judge's"
422;1213900;1216467;"hands.
I told Laura, "Let's, like, tell"
423;1216467;1219700;"the judge we need to speed this
"along, I'm not gonna do this"
424;1219700;1223133;"forever."
>> KRIS: I think of all the"
425;1223133;1227600;"relationships that I've had the
privilege of being around, the"
426;1227600;1231533;"one that I thought would be
forever tried and true was Khloe"
427;1231533;1234500;"and Lamar.
And it breaks my heart to see"
428;1234500;1238767;"all of this go on.
Khloe, I love you."
429;1238767;1240667;"I just want you to be okay."
430;1251533;1254967;">> KENDALL: How the hell do you
wear these?"
431;1254967;1256967;">> KYLIE: I don't know.
>> KENDALL: So why would you buy"
432;1256967;1258967;"them?
This is so pointless if you"
433;1258967;1260967;"don't know how you're gonna wear
it."
434;1260967;1266734;">> KYLIE: I know.
So... Mom invited Caitlyn to the"
435;1266734;1269433;"dinner.
They're both gonna be there and"
436;1269433;1273066;"I'm... interested.
>> KENDALL: I've never seen them"
437;1273066;1277166;"interact together.
It's gonna be weird."
438;1277166;1279767;">> KYLIE: I know.
I want both my parents at my"
439;1279767;1284133;"birthday dinner, but I'm also a
little nervous because this is"
440;1284133;1288600;"the first time I'm gonna see my
mom and my dad together."
441;1288600;1292433;"I just hope that we can make it
through the night without any"
442;1292433;1294900;"family drama.
>> KENDALL: I think it's our job"
443;1294900;1298600;"to not make it awkward.
>> KYLIE: Well, duh."
444;1298600;1302400;"I need to find an outfit for
Bootsy Bellows and Nobu."
445;1302400;1305033;">> KENDALL: Bootsy, I picked out
my outfit."
446;1305033;1308900;">> KYLIE: I didn't tell Dad
about Bootsy Bellows, though."
447;1308900;1312033;"I don't think I'm gonna invite
Mom or Dad because, I don't"
448;1312033;1314133;"know, it's just stressing me
out."
449;1314133;1317767;">> KENDALL: You should.
It's just nice to know, like..."
450;1317767;1321000;"I'd want that peace of mind,
like, "Oh, I was invited.""
451;1321000;1324266;">> KYLIE: I don't know, it's
just stressing me out."
452;1324266;1325767;">> KENDALL: Do you have to take
a (bleep)?"
453;1325767;1327967;"You're making a face like you
have to take a (bleep)."
454;1327967;1330600;"No.
>> KENDALL: Yeah. (laughs)"
455;1330600;1333200;">> KYLIE: You're so mean.
Do you remember when we were"
456;1333200;1335433;"younger, growing up, we both
knew when each other, like, had"
457;1335433;1336934;"to (bleep)?
>> KENDALL: That's why I know"
458;1336934;1338433;"you have to take a (bleep) right
now."
459;1338433;1340433;">> KYLIE: I don't, I swear to
God."
460;1340433;1343600;"If I had to, I'm not... I'm not
five again-- like, I would"
461;1343600;1346834;"handle my business.
(Kendall laughs)"
462;1346834;1348734;"♪ ♪"
463;1356200;1358834;">> KRIS: Hey, guys.
>> KOURTNEY: Hi."
464;1358834;1361100;"(Reign fussing)
>> KOURTNEY: Is it sunny in"
465;1361100;1363834;"here?
>> KRIS: No, I'm just too..."
466;1363834;1367233;"lazy to take my sunglasses off.
>> KIM: Would you like me to"
467;1367233;1369400;"take them off for you?
>> KRIS: No."
468;1369400;1371400;">> KOURTNEY: You didn't hear
back from Scott, right?"
469;1371400;1373066;">> KRIS: No.
>> KOURTNEY: He said he was"
470;1373066;1375934;"gonna come over last night, but
then he didn't."
471;1375934;1379567;">> KIM: Do you think you'll ever
get back with Scott?"
472;1379567;1383000;">> KOURTNEY: I don't know.
I don't think so."
473;1383000;1385800;">> KRIS: Do you miss him?
>> KOURTNEY: I mean, yeah, it's"
474;1385800;1389166;"hard to, like, I don't know,
just... especially, I feel,"
475;1389166;1392166;"like, on the weekend, just to,
like, do stuff as a family, but"
476;1392166;1396800;"I think that his life, I just,
 far that he"
477;1396800;1399767;"would have to go and, like, so
much work to do and..."
478;1399767;1401767;">> KIM: Yeah.
>> KRIS: Yeah."
479;1401767;1403767;"Can I tell you what happened to
me yesterday?"
480;1403767;1405433;">> KIM/KOURTNEY: Hmm?
>> KRIS: I looked down at my"
481;1405433;1409934;"phone and it was ringing and it
said: FaceTime Audio."
482;1409934;1413867;"It was Lamar, and he must have
butt-dialed me and it went on"
483;1413867;1415867;"FaceTime Audio.
>> KOURTNEY: Oh, what was he"
484;1415867;1417533;"saying?
>> KRIS: He was just telling"
485;1417533;1420800;"somebody what to pack or put in
his bag, and he was preparing a"
486;1420800;1424467;"little mini wardrobe together.
He's texted me a few times"
487;1424467;1427233;"recently.
>> KOURTNEY: What is he texting"
488;1427233;1429900;"you about?
>> KRIS: You know, he talks"
489;1429900;1435400;"about realizing past mistakes
and wanting a fresh start."
490;1435400;1438433;"after
the fact that Khloe filed for"
491;1438433;1441467;"the fact that
she's moved on?"
492;1441467;1445166;">> KRIS: She's so focused on
moving forward and leaving the"
493;1445166;1448033;"past behind, and then when I
tell her that he's trying to"
494;1448033;1451300;"reach out-- she waited for two
years for him to reach out, and"
495;1451300;1453467;"he's reaching out?
>> KIM: Isn't that always how"
496;1453467;1456100;"life happens?
>> KRIS: Yeah."
497;1456100;1459000;"It's so sad for me.
It's almost like it pains me to"
498;1459000;1463734;"tell her that he texts me.
Because it breaks my heart."
499;1463734;1467433;"It's, like, she was in so much
pain for so long and would have"
500;1467433;1474633;"given anything for that.
>> KIM: Yeah."
501;1474633;1476533;"♪ ♪"
502;1482333;1484333;">> KIM: You're wearing your
ring?"
503;1484333;1486166;"So lame.
>> KRIS: It was my 20-year"
504;1486166;1490300;"anniversary present.
>> KIM: Excited? Nervous?"
505;1490300;1492567;"What's your vibe?
>> KRIS: A little bit nervous,"
506;1492567;1495300;"but I feel like at the end of it
I'll be really glad that I"
507;1495300;1500266;"finally...
met Caitlyn."
508;1500266;1502166;"♪ ♪"
509;1505100;1508066;"Now that Caitlyn is coming to
the birthday dinner, I really"
510;1508066;1512467;"feel like I should go over and
meet her, privately, in person,"
511;1512467;1515967;"before I have to do that in
front of the kids-- because that"
512;1515967;1519133;"would be really awkward.
I'm really grateful for Kim"
513;1519133;1524367;"being here, because it prevents
me from turning around... or not"
514;1524367;1527600;"going up to the front door.
I just need some closure on a"
515;1527600;1531500;"couple things, especially the
 article."
516;1531500;1534900;"I want to get to a place where
it just doesn't bother me and"
517;1534900;1538333;"there's not this tension and
it's, like, their side against"
518;1538333;1541500;"us.
I want..."
519;1541500;1546433;"her to know that...
she's..."
520;1546433;1551834;"you know, been very hurtful.
In order for us to move on, if"
521;1551834;1555567;"she wants to be invited to
stuff... just be a decent human"
522;1555567;1557066;"being, you know? Just...
>> KIM: Yeah."
523;1557066;1559233;">> KRIS: ...be a nice person.
>> KIM: This is closure for you."
524;1559233;1561834;"I think it's, like, a lot of
things, what you need to do"
525;1561834;1564533;"today.
>> KRIS: But I can't lie-- I'm a"
526;1564533;1569367;"little bit nervous.
Bruce was super stubborn."
527;1569367;1573367;"But who knows, maybe Caitlyn's
gonna be a little different."
528;1573367;1575433;">> KIM: Well, we are here."
529;1577533;1581834;"(screaming, shouting)
>> KYLIE: It's the big night!"
530;1581834;1584834;">> WOMAN: I love you, bitch!
>> KYLIE: I'm 18."
531;1584834;1587467;"I am so excited.
>> DEEJAY: And we gonna go check"
532;1587467;1592133;"out some more birthday gifts for
King Kylie."
533;1592133;1603033;">> KRIS: Just that first look at
 surreal."
534;1603033;1604934;"♪ ♪"
535;1613934;1617233;">> CAITLYN: Look who's here.
>> KRIS: Hello! Oh, my goodness."
536;1617233;1620767;"Look at you! Nice shoes!
>> CAITLYN: Do you like those?"
537;1620767;1623000;">> KRIS (laughs): Yeah.
How are you? Oh..."
538;1623000;1625200;">> CAITLYN: Well, I'm fine.
How are you?"
539;1625200;1627600;">> KRIS: I'm good.
I brought you some cookies."
540;1627600;1629500;">> CAITLYN: Thank you."
541;1636500;1638000;">> KRIS: Where do you want to
go?"
542;1638000;1641033;">> CAITLYN: Sit down here.
>> KRIS: Okay."
543;1641033;1642934;"♪ ♪"
544;1645567;1652533;">> KRIS: Just that first...
 surreal,"
545;1652533;1658100;"and I feel like it'll take me a
second to get my bearings, but"
546;1658100;1662066;"I've got to hand it to her-- she
looks great."
547;1662066;1665367;">> CAITLYN: So...
enough of the small talk."
548;1665367;1667934;"How are you doing?
>> KRIS: I'm good."
549;1667934;1670800;"I'm really good.
Just working."
550;1670800;1674100;">> CAITLYN: Well, I haven't
heard from you in forever."
551;1674100;1677800;">> KRIS: I just felt thrown
under the bridge."
552;1677800;1683133;"I felt like you were so excited
to be going through this"
553;1683133;1687166;"exciting time in your life, but
I feel like... I didn't want to"
554;1687166;1690600;"communicate with you and be
angry and be... and be..."
555;1690600;1693300;">> CAITLYN: What would you be
angry for?"
556;1693300;1697367;">> KRIS: Mm, it doesn't even
 think."
557;1697367;1698867;">> CAITLYN: Yes, it does.
>> KRIS: No."
558;1698867;1700900;">> CAITLYN: 'Cause it affects
the kids."
559;1700900;1702967;">> KRIS: One of the reasons I
wanted to talk to you was"
560;1702967;1705400;"because I don't want your
feelings to be hurt, like when I"
561;1705400;1708667;"heard that you weren't happy
about not being included in"
562;1708667;1711900;"Kylie's graduation.
 making"
563;1711900;1716834;"making
that decision."
564;1716834;1720166;"I was so disappointed in
everybody."
565;1720166;1723600;"For 15 years of my life I
carpooled kids every day."
566;1723600;1727100;"Some days I would spend three or
four hours a day in the car."
567;1727100;1731100;"A slap in the face...
when you don't even get invited"
568;1731100;1733600;"to their graduation.
>> KRIS: That's exactly how I"
569;1733600;1737000;"Vanity Fair
article, 'cause I... spent 25"
570;1737000;1740500;"years of my life and 18 hours a
day and blah, blah, blah."
571;1740500;1741633;"was
months ago."
572;1741633;1743900;"We're talking about what
happened just a few days ago."
573;1743900;1747000;">> KRIS: Listen, usually people
that get a divorce don't do"
574;1747000;1750033;"everything together.
It wasn't malicious."
575;1750033;1752600;"It didn't intend to hurt
anybody's feelings."
576;1752600;1757166;"feelings still weren't
healed, and I thought, wow, this"
577;1757166;1763166;"is the guy that...
when I, you know... (sniffles)"
578;1763166;1766033;"I-I-I told myself I don't even
want to cry."
579;1766033;1769934;"But it just hurt my feelings.
What did you say? I..."
580;1769934;1773066;"I "mistreated" you.
It was, like, mistreated you?"
581;1773066;1776166;"Yeah, we fought like cats and
dogs for the last couple of"
582;1776166;1780767;"years-- but that's not what you
 article."
583;1780767;1784600;"(crying): And it just killed me.
Because it wasn't true."
584;1784600;1786967;"And that-that's just... you
know, it was, like, what"
585;1786967;1790033;"happened to... just the life we
had together?"
586;1790033;1792767;"It's like you don't... you just
threw that away."
587;1792767;1795133;">> CAITLYN: I don't want anybody
to feel bad."
588;1795133;1797500;"I thought I was very kind and
nice to you."
589;1797500;1800567;"I didn't say anything that was
bad."
590;1800567;1802734;">> KRIS: Yeah. (sniffling)
>> CAITLYN: Never texted me,"
591;1802734;1804233;"never said anything, never
called."
592;1804233;1807266;">> KRIS: I almost did, and then
 article, like,"
593;1807266;1813667;"literally killed me.
You're sensitive and amazing to"
594;1813667;1816333;"all these new people in your
life."
595;1816333;1821266;"You're just not so sensitive and
amazing to... this side of the"
596;1821266;1824767;"family that you left behind.
>> CAITLYN: Oh... A phone call"
597;1824767;1828767;"would have been great.
>> KRIS: I was hoping for the"
598;1828767;1832266;"best, but nothing really has
changed."
599;1832266;1838600;"I don't think I've ever met
 as stubborn as Bruce"
600;1838600;1844667;"Jenner... until I met Caitlyn.
>> KRIS: These are, like, the"
601;1844667;1848500;"last few things he sent.
>> KHLOE: Ma, honestly, "This"
602;1848500;1850700;"dude James, is that Khloe's
boyfriend?""
603;1850700;1852600;"Mom, that's (bleep) up of you."
604;1856066;1858800;">> KRIS: You're sensitive and
amazing to all these new people"
605;1858800;1861900;"in your life.
You're just not so sensitive and"
606;1861900;1866600;"amazing to... this side of the
family that you left behind."
607;1866600;1873367;">> CAITLYN: Oh... A phone call
would have been great."
608;1873367;1875500;">> KRIS: My feelings don't
matter anymore. It's not..."
609;1875500;1877000;">> CAITLYN: Oh, don't play the
martyr."
610;1877000;1879000;">> KRIS: I'm not. I just don't.
>> CAITLYN: Don't play the"
611;1879000;1881500;"martyr-- you don't feel "oh,
poor Kris, my feelings don't"
612;1881500;1883000;"matter anymore."
>> KRIS: I'm not "oh, poor"
613;1883000;1884800;"Kris."
>> CAITLYN: That's BS."
614;1884800;1888367;">> KRIS: Like, I'm trying to be
understanding of the way that"
615;1888367;1893633;"you feel and the way that you've
made this huge change in your"
616;1893633;1898567;"life, and I try to understand
you and be accepting."
617;1898567;1904400;"But you just... are more
 my"
618;1904400;1908066;"point of view in that, you know,
why that was hurtful."
619;1908066;1910400;">> CAITLYN: I totally disagree
with that."
620;1910400;1913967;">> KRIS: Some days are just...
hard."
621;1913967;1916467;"And I know you say you haven't
gone anywhere and you're still"
622;1916467;1921233;"the same person, but sometimes
they just miss having..."
623;1921233;1925133;"Bruce around.
We all do."
624;1925133;1927133;"(Caitlyn clears throat)
>> CAITLYN: How do we move"
625;1927133;1931667;"forward from this point?
>> KRIS: You know, obviously,"
626;1931667;1935433;"it's really important for the
kids to have you as a big part"
627;1935433;1938900;"of their life.
We just have to get used to our"
628;1938900;1941633;"new normal.
I just want to get to a place"
629;1941633;1947333;"where it's comfortable for us
to-to share celebrations"
630;1947333;1951066;"together.
I think that it might take some"
631;1951066;1955667;"time for Caitlyn and I to see
eye to eye and understand each"
632;1955667;1959066;"other's feelings, but I think
that this is a really good first"
633;1959066;1962967;"step in the right direction just
to a better relationship for the"
634;1962967;1965266;"sake of the kids.
(chuckles)"
635;1965266;1967300;"Oh, my God, you want to take a
selfie?"
636;1967300;1970433;"Come on.
Where's the best light?"
637;1970433;1972867;">> CAITLYN: Right here.
Hey, there we go."
638;1972867;1974967;"Now, what are you gonna do with
this selfie?"
639;1974967;1978600;"(chuckles)
(both laughing)"
640;1978600;1980800;">> KRIS: Okay.
>> CAITLYN: You got lipstick all"
641;1980800;1982800;"over your cheek.
>> KRIS: It's all right."
642;1982800;1992133;"(Caitlyn laughs)
♪ ♪"
643;1992133;1994900;">> KIM: Hey, P!
No naps today, guys?"
644;1994900;1998633;"No naps today?
I'm gonna go in the kitchen."
645;1998633;2000066;">> KOURTNEY: Penelope.
>> KIM: You want some granola?"
646;2000066;2001400;">> KOURTNEY: You want some
string cheese?"
647;2001400;2003400;">> PENELOPE: No.
>> KIM: You want to go with P"
648;2003400;2005834;"and get a snacky?
Okay."
649;2005834;2010100;">> KOURTNEY: Um, you never told
me about mom meeting Caitlyn for"
650;2010100;2013066;"the first time.
>> KIM: I had to leave before."
651;2013066;2015066;">> KOURTNEY: Oh, why?
>> KIM: Just 'cause I had to"
652;2015066;2017066;"work.
So I was like, "I'll drive you"
653;2017066;2020533;"there."
She was so nervous."
654;2020533;2023567;"We should call her.
I'm really anxious to see how"
655;2023567;2028667;"everything went and, you know,
how my mom felt about, you know,"
656;2028667;2031200;"seeing Caitlyn face-to-face for
the first time."
657;2031200;2033233;"(line ringing)
>> KRIS: Hello?"
658;2033233;2035500;">> KIM: Hey.
>> KRIS: Hey."
659;2035500;2038367;">> KIM: What happened with, uh,
your talk with Caitlyn?"
660;2038367;2042066;"Like, how did it go?
>> KRIS: Oh."
661;2042066;2047700;"Well, she did not have one ounce
of empathy for my feelings."
662;2047700;2051700;"Listen, I know you're very
excited and happy about your"
663;2051700;2056233;"transition, and we're happy for
you."
664;2056233;2059433;"But you just have to give it a
minute and not take it so"
665;2059433;2062934;"personally.
>> KIM: From my mom's tone, it"
666;2062934;2066233;"doesn't really sound like they
found the common ground that"
667;2066233;2068867;"they were really looking for.
I mean, I just hope that with"
668;2068867;2071967;"Kylie's birthday coming up that
they're gonna be cordial with"
669;2071967;2075600;"each other, 'cause, you know,
it's about Kylie, not them, and"
670;2075600;2078000;"I hope they can just put their
differences aside."
671;2078000;2082233;">> KRIS: Well, I'm trying to
move on."
672;2082233;2085633;"I want her to be happy.
And she seems really happy."
673;2085633;2089500;">> KOURTNEY: Guess what.
It's not your problem anymore."
674;2089500;2094033;">> KRIS: I know, but when you
really spend that much time and"
675;2094033;2097033;"energy on someone for your whole
life, you know..."
676;2097033;2100000;">> KOURTNEY: Well, now you can
get taken care of and you don't"
677;2100000;2103800;"have to deal.
>> KRIS: Yeah."
678;2103800;2106100;"So anyway, now you're
downloaded."
679;2106100;2108667;">> KOURTNEY: That was riveting.
>> KRIS: All right, guys, I love"
680;2108667;2110667;"you.
>> KOURTNEY: Okay, love you."
681;2110667;2114333;"Bye.
>> KRIS: Bye."
682;2114333;2116233;"♪ ♪"
683;2121700;2124533;">> KRIS: Oh, if it isn't the
birthday girl!"
684;2124533;2127367;">> KIM: Happy birthday.
I love you."
685;2127367;2130567;">> KRIS: You look beautiful.
>> KYLIE: Why?"
686;2130567;2132767;">> KIM: I love it.
Like, it's so cute."
687;2132767;2134834;">> KRIS: Do you want... Where do
you want to put Kourtney and"
688;2134834;2136967;"Khloe?
I'll sit over here."
689;2136967;2139467;">> KIM: Should we have Caitlyn
and Kris next to each other?"
690;2139467;2143800;">> KRIS: Let's see.
Kourtney."
691;2143800;2147734;"I'll sit here.
Yeah."
692;2147734;2151033;"Caitlyn should sit over there.
I'll sit here."
693;2151033;2154233;"And then Kourtney and Khloe.
>> KIM: Okay, hold on."
694;2154233;2158066;"(camera shutter sound effect)
>> KRIS: Thank you."
695;2158066;2161066;"(laughs)
>> KHLOE: Happy almost birthday,"
696;2161066;2163734;"my little munchy mix.
>> KIM: You guys, Bruce was"
697;2163734;2166600;"always on time, and Caitlyn is
late."
698;2166600;2172333;">> KRIS: She's probably working
on her hair and her look."
699;2172333;2175600;"Can I get one more of these?
>> KYLIE: I cannot believe my"
700;2175600;2179400;"mom is acting like this.
This is exactly what I wanted to"
701;2179400;2183367;"avoid with inviting both of my
parents."
702;2183367;2185500;">> KRIS: What time is it?"
703;2192000;2194367;">> KIM: Bruce was always on
time, and Caitlyn is late."
704;2194367;2196367;">> KRIS: Can I ask you guys a
question?"
705;2196367;2201100;"Who is an hour late?
Kim, this is not even"
706;2201100;2205967;"fashionably late anymore.
>> KIM: She's arrived."
707;2205967;2208300;">> KHLOE: There you are!
>> CAITLYN: I'm back!"
708;2208300;2210300;">> KENDALL: Why were you so
late?"
709;2210300;2212700;"That is not like you.
>> CAITLYN: I know."
710;2212700;2214967;"I am so sorry.
>> KIM: Bruce was never late."
711;2214967;2217633;">> CAITLYN: I know. Sorry.
>> KIM: Is Caitlyn more late?"
712;2217633;2219633;">> CAITLYN: Yes, exactly right.
That's it."
713;2219633;2221633;">> KIM: You look so nice.
>> CAITLYN: Well, thank you."
714;2221633;2223633;">> KYLIE: You do look really,
really nice."
715;2223633;2226300;">> CAITLYN: Thank you.
Well, I got to look good for my"
716;2226300;2231166;"girl.
>> KIM: I want a selfie with..."
717;2231166;2233433;"the both of you.
>> CAITLYN: Come on, yeah."
718;2233433;2235700;"Where's Kanye?
>> KIM: He's at the studio right"
719;2235700;2238200;"now.
>> CAITLYN: Oh. Working away?"
720;2238200;2241367;">> KIM: Yeah.
>> CAITLYN: Ooh, does that look"
721;2241367;2244734;"good.
Where did you get those"
722;2244734;2246734;"earrings?
>> KRIS: Mine?"
723;2246734;2248734;">> CAITLYN: Yes.
>> KRIS: Kim got 'em for me when"
724;2248734;2250734;"she...
>> CAITLYN: That was a million"
725;2250734;2253166;"years ago?
I didn't know if they were new"
726;2253166;2256166;"or not.
They look great."
727;2256166;2258667;"Kris, Chuck Burtzloff.
>> KRIS: Is he out there?"
728;2258667;2260667;"What'd he say?
>> CAITLYN: Obviously, he hasn't"
729;2260667;2262667;"met Caitlyn.
He comes out of the bathroom,"
730;2262667;2264667;"and there I am standing there.
>> KENDALL: What bathroom do you"
731;2264667;2266367;"use?
>> KIM: Yeah, what bathroom do"
732;2266367;2268367;"you use?
>> CAITLYN: Well, I ain't going"
733;2268367;2270033;"in the guys' room.
>> KYLIE: What?"
734;2270033;2271367;">> KENDALL: I never thought
about that."
735;2271367;2273033;">> KRIS: So do you go in the
chicks' bathroom?"
736;2273033;2276900;">> KHLOE: Of course. He's...
She's wearing a Tom Ford dress."
737;2276900;2279000;">> KIM: Do you want to open a
birthday present?"
738;2279000;2281066;">> KYLIE: Okay.
>> KIM: Okay, let's start."
739;2281066;2285266;"(gasping, oohing)
>> KYLIE: Ooh."
740;2285266;2288667;"So cute.
>> KIM: Don't copy every pose"
741;2288667;2290667;"I'm doing.
Stick with the one pose I gave"
742;2290667;2292667;"you.
>> KYLIE: Ow!"
743;2292667;2294667;">> KIM: Here, Mom, come here.
>> KHLOE: Oh, my God, that's so"
744;2294667;2296667;"cute.
>> KIM: Hold on. I want to get"
745;2296667;2299100;"Mom.
>> KOURTNEY: That is so cute."
746;2299100;2303734;">> KRIS: It's so good.
(indistinct chatter)"
747;2303734;2308367;">> CAITLYN: One happy family!
>> KRIS: Yeah. Oh, hi."
748;2308367;2311233;">> KIM: What should I say with
the two parents?"
749;2311233;2313867;""The parent trap"?
(Kris laughs)"
750;2313867;2316333;">> CAITLYN: I like that. Yeah.
>> KRIS: Yeah, it's funny."
751;2316333;2320300;">> KOURTNEY: So cute.
>> CAITLYN: I would like to just"
752;2320300;2322400;"have a toast to my little
daughter."
753;2322400;2325367;"You're number ten.
Kind of sad to see my last one"
754;2325367;2329333;"become an adult, but I've been
very proud of you and I love you"
755;2329333;2332166;"and happy birthday.
>> KYLIE: Thank you."
756;2332166;2334200;">> ALL: Happy birthday.
>> CAITLYN: Happy birthday,"
757;2334200;2337033;"baby. Yay!
(whooping)"
758;2337033;2340800;">> KHLOE: Make your wish!
Yes, Kylie, yes."
759;2340800;2343800;"Slay, Mother, slay.
(laughs)"
760;2343800;2346266;">> CAITLYN (high-pitched): It's
Kylie's birthday."
761;2346266;2351934;"Yay!
(high-pitched laughter)"
762;2351934;2355333;">> KRIS: (bleep).
(laughter)"
763;2355333;2358066;"Good job, everybody.
>> KYLIE: I love you guys."
764;2358066;2360934;">> KOURTNEY: Wait, do you know
what you want your grandkids to"
765;2360934;2364000;"call you?
>> CAITLYN: I think the less"
766;2364000;2366900;"fuss you make of it...
>> KOURTNEY: Yeah. Only person"
767;2366900;2370400;"that's gonna know anything is
Mason, but I don't know if he's"
768;2370400;2373834;"gonna go, "Wait, that's
Grandpa.""
769;2373834;2376734;">> CAITLYN: I think you just
start off with Caitlyn, yeah."
770;2376734;2379166;"It's Caitlyn.
>> KOURTNEY: Yeah."
771;2379166;2381400;">> KHLOE: I love the fact that
Caitlyn is here at Kylie's"
772;2381400;2385166;"birthday.
Bruce has been in my life since"
773;2385166;2389400;"I've been four, so I have a very
strong relationship with him."
774;2389400;2392367;"And Caitlyn is still our father
figure."
775;2392367;2394367;">> CAITLYN: How's Lamar doing?
>> KHLOE: He sounds good"
776;2394367;2396367;"sometimes.
I don't know."
777;2396367;2398467;"If he's not making any actual
progress, then I have to move"
778;2398467;2401233;"on.
>> CAITLYN: I totally agree."
779;2401233;2403667;">> KHLOE: I mean, it took a lot
for me to, like, file for"
780;2403667;2406500;"divorce, but I had to.
>> CAITLYN: Sorry to hear it."
781;2406500;2409400;">> KHLOE: Yeah, but it's okay.
>> KRIS: These are, like, the"
782;2409400;2413567;"last few things Lamar sent.
>> KHLOE: Mom, why are you"
783;2413567;2417567;"texting him?
>> KRIS: I'm just saying."
784;2417567;2419567;">> KHLOE: "This dude James, is
that Khloe's boyfriend?""
785;2419567;2421567;"Then she said, "I don't think
so."
786;2421567;2423667;"Don't believe... I don't know
him, but don't believe all the"
787;2423667;2426000;"(bleep) you read."
Mom, that's (bleep) up of you."
788;2426000;2428000;"Why would you say that about
James?"
789;2428000;2432000;"Are you okay? Seriously?
You're like a psychopath."
790;2432000;2435166;">> CAITLYN: Ooh...
Things haven't changed."
791;2435166;2437166;"Well, it's so good to see
everybody."
792;2437166;2439166;">> KRIS: Okay, so we need to
know..."
793;2439166;2442367;">> CAITLYN: Oh, no. Okay. What?
>> KRIS: Why were you late?"
794;2442367;2444667;">> CAITLYN: Why was I late?
>> KRIS: Yeah."
795;2444667;2447433;"A really good excuse.
>> CAITLYN: Because it's a"
796;2447433;2449667;"woman's prerogative to be a
little late."
797;2449667;2451834;"How's that? Was that good?
>> KOURTNEY: Khlo, do you want"
798;2451834;2453834;"to go?
'Cause I have to go."
799;2453834;2455834;">> KENDALL: Yeah, I have to go,
too."
800;2455834;2461767;">> KIM: I'm gonna go to the
bathroom."
801;2461767;2463867;">> CAITLYN: Well, it's down to
the two of us."
802;2463867;2465867;">> KRIS: How did we get to this
point?"
803;2465867;2467900;">> CAITLYN: Our last one is 18,
honey."
804;2467900;2470166;">> KRIS: Yep.
>> CAITLYN: Thank God."
805;2470166;2474700;"Well...
(Kris laughs)"
806;2474700;2477300;"Come on, we can shake up the
paparazzis if we leave together."
807;2477300;2479300;">> KRIS: Okay.
>> CAITLYN: Yeah."
808;2479300;2481700;"Should we hold hands?
>> KRIS: Maybe."
809;2481700;2486967;"(laughs)
Uh, Jenner, hold on to me."
810;2486967;2488967;">> CAITLYN: What's up?
>> KRIS: I can't walk."
811;2488967;2491900;">> KYLIE: Everyone got along at
dinner."
812;2491900;2494133;">> CAITLYN: Give me a hug.
Love you."
813;2494133;2497000;">> KYLIE: What better way to
ring in my birthday than with my"
814;2497000;2500900;"mom and my dad?
>> CAITLYN: See you guys later."
815;2500900;2502800;"♪ ♪"
816;2519200;2521233;">> DEEJAY: King Kylie, happy
birthday."
817;2521233;2525934;"Everybody make some noise for
King Kylie."
818;2525934;2531667;">> KYLIE: It's the big night.
I'm 18. I am so excited."
819;2531667;2533600;"♪ ♪"
820;2539333;2542333;"Tyga and I have always been
friends."
821;2542333;2547433;"Now I'm a little bit older and
we're together and I guess we'll"
822;2547433;2552667;"just see where it goes.
♪ ♪"
823;2552667;2554967;"(squealing)
>> DEEJAY: So right now, I want"
824;2554967;2558567;"everybody to go outside and exit
to the front."
825;2558567;2561000;"And we gonna go check out some
more birthday gifts for King"
826;2561000;2565266;"Kylie.
Let's do it."
827;2565266;2567834;">> KRIS: Tyga bought her a
Ferrari."
828;2567834;2569734;"♪ ♪"
829;2572567;2576967;">> KYLIE: I got a Ferrari?
This is so crazy."
830;2576967;2582767;"I literally had no idea.
Tyga is just the most selfless,"
831;2582767;2587767;"generous, nicest person, and I
am so happy."
832;2587767;2590900;"For sure, one of the best nights
of my life."
833;2590900;2594767;"♪ ♪
>> KHLOE: Ah! Kendall!"
834;2594767;2597333;">> KIM: On the next episode...
>> KHLOE: Toast to adventures in"
835;2597333;2600200;"Mexico.
>> KRIS: I know you get excited"
836;2600200;2602367;"about doing some of these
appearances, and I worry a"
837;2602367;2604467;"little bit.
>> KYLIE: I'm about to do my"
838;2604467;2608567;"first club appearance, and my
mom just won't stop checking up"
839;2608567;2611166;"on me about it.
But I'm grown now."
840;2611166;2613967;"Oh, my God.
There are so many people here."
841;2613967;2615967;">> KENDALL: Sister, what are you
doing?"
842;2615967;2617967;">> KHLOE: Love you, Kenny.
>> KENDALL: Khloe agrees to go"
843;2617967;2620300;"in the cage.
I'm freaking out."
844;2620300;2623567;"Captioning sponsored by
 BUNIM-MURRAY PRODUCTIONS"