﻿Number;Start time in milliseconds;End time in milliseconds;"Text"
1;5100;7266;">> KRIS: Welcome home, baby.
Rob is moving into his new"
2;7266;10100;"house.
It's been a labor of love."
3;10100;12100;"Do you love it? Do you love it?
Do you love it?"
4;12100;14700;">> KIM: After Rob and Blac Chyna
started dating, Rob is out and"
5;14700;17033;"about.
>> KHLOE: It's a miracle."
6;17033;20166;">> KIM: If she gave him
confidence, more power to her."
7;20166;23133;"Even though there's been drama,
if this is what it takes, I"
8;23133;33367;"don't care who he's dating.
♪ ♪"
9;33367;35367;">> KYLIE: Where's Khloe?
>> HARRY: I don't know."
10;35367;37367;"I haven't seen her yet.
>> KYLIE: Okay, cool."
11;37367;39033;"Harry's gonna be, like, a little
assistant."
12;39033;40133;">> HARRY: What does that mean?
Like, am I gonna be your"
13;40133;41367;"assistant...?
>> KYLIE: Like a sous-chef."
14;41367;43600;"Sous-chef.
>> KHLOE: Hello, hello, hello,"
15;43600;45734;"hello.
>> KYLIE: Hello!"
16;45734;47734;">> KHLOE: Hello.
>> KYLIE: I'm so excited for"
17;47734;49734;"this.
>> KHLOE: This is so up my"
18;49734;52867;"alley.
>> KYLIE: Hey, Khlo."
19;52867;55834;"What are we doing today?
 on"
20;55834;58734;"her app!
>> KYLIE: Today we have sliders."
21;58734;61000;">> KHLOE: But you know I don't
eat red meat or pork, and you"
22;61000;63100;"picked that.
That's why I said chicken."
23;63100;65133;"That's okay.
>> KYLIE: So, Khloe doesn't eat"
24;65133;67133;"red meat.
So, great. So..."
25;67133;69133;">> KHLOE: Or pork. So this is a
great meal."
26;69133;71900;">> KYLIE: Or pork. So she's not
gonna be able to eat this meal."
27;71900;75200;">> KHLOE: Just to be on a
segment on your app makes me so"
28;75200;78033;"(bleep) lubricated, you have no
idea."
29;78033;80333;"(Harry snorts)
>> KYLIE: Okay, so what's always"
30;80333;82333;"good: to know how to make
sliders."
31;82333;85400;"Today we have beef.
>> KHLOE: Ooh."
32;85400;87400;">> KYLIE: Ground beef.
These are all our condiments."
33;87400;91100;">> KHLOE: Condoms!
>> KYLIE: Um... we have our"
34;91100;94633;"little slider buns.
>> KHLOE: Buns! Yeah!"
35;94633;97433;"Bidi bidi bun bun!
But it never hurts to marinate"
36;97433;99700;"your meat.
>> HARRY: That's actually"
37;99700;102700;"disgusting, Khloe.
>> KYLIE: And we have white"
38;102700;104500;"cheddar.
>> KHLOE: Do you like white"
39;104500;106300;"cheddar the best?
>> KYLIE: Yeah, I do."
40;106300;107834;">> HARRY: Why's that?
>> KYLIE: I don't know. I just"
41;107834;109633;"like how it tastes.
Makes me feel good."
42;109633;111100;">> HARRY: Yeah, no.
>> KHLOE: I love things that"
43;111100;113100;"make me feel good.
>> HARRY: Like what?"
44;113100;115100;">> KHLOE: Normally they're not
white."
45;115100;118900;">> KYLIE: Hmm.
>> HARRY: Damn."
46;118900;121000;">> KYLIE: Like you, Harry.
(Khloe mimics rimshot)"
47;121000;122900;"♪ ♪"
48;130066;132000;"♪ ♪"
49;137166;141100;">> KHLOE: (whoops) Sporty Spice!
>> KOURTNEY: Sporty Spice is"
50;141100;145166;"here.
Chic Spice. Furry Spice."
51;145166;147600;">> KHLOE: Yeah, Sporty Spice.
>> KOURTNEY: Did you see my"
52;147600;151000;"bowling pic with the, um...
>> KHLOE: Why are you sitting"
53;151000;153000;"right here?
Like, how am I supposed to talk"
54;153000;156000;"to you?
(overlapping chatter)"
55;156000;158000;"Oh, wait, she's telling us
something."
56;158000;160400;">> KOURTNEY: Okay.
>> KIM: So, I called Rob, and he"
57;160400;162400;"said that Chyna wants to talk to
me."
58;162400;165066;"And, you know, I just told him
that I'll talk to her when I'm"
59;165066;168000;"ready.
And so he put me on speaker, and"
60;168000;171100;"then he was like, "Oh, Kim,
Chyna's in the room."
61;171100;174000;"Um, I just wanted to tell you so
you didn't think I was alone.""
62;174000;177000;"And so she goes, "Hi," in the
background, and I didn't say"
63;177000;179000;"anything, and then he...
>> KHLOE: You didn't say hi?"
64;179000;181000;">> KIM: No, I did not know what
to say-- I froze."
65;181000;183000;">> KHLOE: You're joking.
>> KIM: No, he goes, "Hold on."
66;183000;185000;"I'm gonna brush my teeth.
You talk to her.""
67;185000;187000;"And so I go, "Okay, gotta go.
Bye.""
68;187000;190166;"And I hung up.
I understand that Kylie dating"
69;190166;192967;"Tyga completely broke Chyna's
heart."
70;192967;196033;"I feel for her in that, you
know, situation."
71;196033;200033;"Was it uncomfortable for me when
Kylie and Tyga started to date?"
72;200033;204500;"Absolutely. Because Chyna was my
friend, but I had no choice but"
73;204500;207767;"to take my sister's side.
That's my sister."
74;207767;209900;"I just wasn't ready, you know?
And I'm not gonna, like, be"
75;209900;211900;"forced to be on the phone with
her."
76;211900;214166;"Do I think that everyone needs
to sit down and talk and work it"
77;214166;216166;"out?
Absolutely."
78;216166;218900;"I'll talk to her when I am
ready."
79;218900;221567;">> KOURTNEY: I have no reason to
be rude."
80;221567;224266;">> KHLOE: This is a g... I love
talking to you like this."
81;224266;227333;">> KOURTNEY: Well, I can see
your text messages, too."
82;227333;230600;">> KHLOE: Why do I care?
Oh, is that why you're sitting"
83;230600;233967;"here?
>> KOURTNEY: Yeah."
84;233967;235867;"♪ ♪"
85;240333;243934;">> KOURTNEY: Come here, Goosie.
Okay, let's put on your jacket."
86;243934;247333;">> KENDALL: Oh, my God, she's
wearing riding pants."
87;247333;249333;"Hi, P.
>> KOURTNEY: You want to go with"
88;249333;251333;"Kenny and I'll get your
backpack?"
89;251333;253333;">> PENELOPE: Yeah.
>> KOURTNEY: Okay."
90;253333;255767;">> KENDALL: Come on.
I have been working nonstop and"
91;255767;258100;"traveling a lot.
When I do come home, I try hard"
92;258100;260800;"to see my sisters and my
brother."
93;260800;263767;">> PENELOPE: Mama, you see the
slices of bread."
94;263767;265800;">> KENDALL: The last couple
times I've gone home, my nieces"
95;265800;268300;"and nephews, every time I feel
like they get bigger and they"
96;268300;270367;"grow up even more.
It's, like, crazy."
97;270367;272367;">> KOURTNEY: The turkey Reuben
sounds good."
98;272367;274367;">> KENDALL: What comes on it?
>> KOURTNEY: Turkey, Thousand"
99;274367;276800;"Island, sauerkraut, and
mozzarella."
100;276800;279633;">> KENDALL: What's sauerkraut?
>> KOURTNEY: You don't know what"
101;279633;282433;"sauerkraut is?
>> KENDALL: No. It sounds gross."
102;282433;287233;">> KOURTNEY: It's like... sour.
>> KENDALL: Kraut?"
103;287233;289233;">> KOURTNEY: Exactly.
>> KENDALL: I don't know what"
104;289233;291233;"kraut is.
>> KOURTNEY: Yeah, I'm, like,"
105;291233;294200;"not on my "A" game today.
>> KENDALL: Mm."
106;294200;296200;">> KOURTNEY: Kylie looked so
pretty last night."
107;296200;298233;">> KENDALL: Oh, what did you
guys do?"
108;298233;300734;"Nicole Reda's in town.
They're staying with Allie and"
109;300734;305734;"our friend Ben.
I took them to the WME party,"
110;305734;307967;"and it was fun.
>> KENDALL: Again, I love that"
111;307967;311867;"you called me to hang out.
>> KOURTNEY: I know."
112;311867;315000;">> KENDALL: I'm joking.
You didn't call me."
113;315000;316900;">> KOURTNEY: Oh."
114;319900;321800;"Mmm..."
115;323400;325734;">> KENDALL: I feel torn
sometimes, 'cause I do love my"
116;325734;328400;"career and I love being able to
travel the world and I feel"
117;328400;330734;"blessed, but at the same time, I
don't get to see my family very"
118;330734;333166;"often and I feel like I'm
missing out on certain things"
119;333166;335934;"at home, and it sucks.
You don't use the blue one very"
120;335934;339533;"often, do you?
(Mason talking indistinctly)"
121;339533;343100;">> KOURTNEY: I ran into your
friend Leon last night."
122;343100;345667;"He was at Chateau.
>> KENDALL: You know, it, like,"
123;345667;348033;"still really annoys me that you
guys come to the city, and don't"
124;348033;351033;"hang out with me.
>> KOURTNEY: You aren't always"
125;351033;354066;"here, so then we, like, forget.
>> KENDALL: Forget about me?"
126;354066;354500;">> KOURTNEY: Yep."
127;364934;367266;">> KOURTNEY: Oh, my God, we were
reading a bible book, and the"
128;367266;371567;"angel in the book was this
person with long hair and, like,"
129;371567;374433;"a white long dress, and Penelope
was like, "That looks like my"
130;374433;377900;"grandma!"
And I was like, "Which grandma--"
131;377900;380433;"Bonnie?"
She was like, "No.""
132;380433;383700;"And I go, "Lovey? Gigi?"
And she was like, "No.""
133;383700;387200;"And she goes, "My grandma that
 Zootopia.""
134;387200;389633;"Caitlyn.
>> KIM: Oh."
135;389633;392066;">> KOURTNEY: So I was thinking I
didn't even think Caitlyn was a"
136;392066;394600;"grandma, you know?
>> KIM: Yeah."
137;394600;396600;">> KRIS: Hey, guys.
>> KOURTNEY: Hey, Mom."
138;396600;398800;">> KRIS: Hello.
>> KIM: What's happening?"
139;398800;401066;">> KRIS: So I just went outside.
>> KIM: Yeah?"
140;401066;405567;">> KRIS: And there's like four
huge scratches in my driveway."
141;405567;410800;"I have a strict "don't park your
car on my driveway" rule."
142;410800;414166;"And guess what?
Somebody parked on the driveway."
143;414166;417333;"It does not look like a
situation where nobody came on"
144;417333;420667;"my driveway.
I'm gonna kill that kid."
145;420667;424500;"I can barely believe that Kim
and Kanye are still living"
146;424500;427133;"with me.
There's major boundaries"
147;427133;430200;"that are not being observed.
So I'm done."
148;430200;432233;"That's it.
Final straw."
149;432233;434233;"I'm done.
>> KIM: I have not parked in"
150;434233;436233;"your driveway.
This is the first time in six"
151;436233;438233;"months.
>> KRIS: It's people that I"
152;438233;440734;"think have drug stuff out of the
garage on your behalf and"
153;440734;443100;"scraped it across the floor.
>> KOURTNEY: What would they be"
154;443100;445100;"dragging?
>> KIM: Dead bodies."
155;445100;447100;">> KRIS: She has racks in the
garage with all of her clothes"
156;447100;448800;"on them.
>> KOURTNEY: But they have"
157;448800;450533;"wheels.
>> KRIS: No, I don't think"
158;450533;452200;"they have wheels.
>> KIM: Yeah, they do."
159;452200;453867;">> KRIS: They're not those
kind of racks."
160;453867;455533;">> KIM: Yeah, they are.
All my racks..."
161;455533;457533;">> KRIS: All the standing racks
with all your bags on them?"
162;457533;459367;">> KIM: Yep.
>> KRIS: Kim, you know, if this"
163;459367;462333;"was the other way around, you
guys would want me to be more"
164;462333;464633;"respectful.
You know, you guys like to live"
165;464633;468533;"exactly a certain way in your
own homes, so why am I, like,"
166;468533;471834;"being sort of ignored for the
things that I like in my hou--?"
167;471834;473834;">> KOURTNEY: Look what Scott
sent."
168;473834;475934;">> KRIS: Oh, my God.
>> KIM: That's so cute."
169;475934;477934;">> KOURTNEY: So, wait here's--
>> KRIS: All right, well, I'll"
170;477934;479934;"have to check camera footage,
but the least you could... guys"
171;479934;481934;"do is be a little respectful of
my driveway."
172;481934;484800;"I just built this gorgeous
driveway and it took me nine"
173;484800;487033;"months and I just would like it
if you just..."
174;487033;489633;">> KOURTNEY: That one kind of
looks like Mason."
175;489633;492266;">> KRIS: ...paid attention to
me."
176;492266;495934;">> KIM: My mom is insane.
She won't let anyone drive on"
177;495934;498166;"the driveway.
They have to park in the dirt"
178;498166;500166;"and get a ticket every single
day."
179;500166;502166;"It's literally like this every
single day."
180;502166;504166;">> KOURTNEY: Like what?
>> KIM: Like she comes up with"
181;504166;506166;"something different.
Like the washing machine broke,"
182;506166;508166;"and it's all my fault.
>> KOURTNEY: She tells me."
183;508166;510166;"She tells me all the time.
>> KIM: She literally, it's so--"
184;510166;512600;">> KOURTNEY: The chef broke my
pots and pans and my stove."
185;512600;515467;">> KIM: It's like--
>> KOURTNEY: And she just tells"
186;515467;517633;"me thing after thing after
thing."
187;517633;519867;">> KIM: I literally deal
with this every day."
188;519867;522266;"It's, like, always something.
Like, literally, there's"
189;522266;532033;"something wrong every single
day."
190;532033;533934;"(Jonathan laughing)"
191;536400;538667;">> KIM: This is fun.
>> JONATHAN: Mm-hmm."
192;538667;541066;"Oh, wait, let me see that video
for a good laugh."
193;541066;543066;">> KIM: Oh, and then I got to
really show you a good funny"
194;543066;543967;"one."
195;544100;545600;">> JONATHAN: Find me a funny
one, please."
196;545600;548934;">> KIM: Okay.
(phone chimes)"
197;548934;552100;"Hold on. My friend just sent me
something on Chyna."
198;552100;556166;"What it says: "Bitch, bye.
Follow cooking with Chyna."
199;556166;558967;"Infatuated with chai."
Like, why is that?"
200;558967;560967;">> JONATHAN: Oh, 'cause Kylie
just put a thing on Instagram"
201;560967;564333;"about cooking with Kylie.
>> KIM: On what did... Where?"
202;564333;567667;">> JONATHAN: On her app.
>> KIM: Kylie loves to cook and"
203;567667;570700;"loves to bake, so as soon as
Kylie posts this video, Rob's"
204;570700;574900;"girlfriend, who had her own
cooking show, got upset."
205;574900;577633;"Hey, did you just see what Chyna
posted?"
206;577633;580333;">> KYLIE: What do I do?
What do we do about this?"
207;580333;582667;">> KIM: Just ignore it.
Don't do anything back."
208;582667;586033;"Like, Khloe, if you say ignore
it, she always has to do an"
209;586033;589233;"Instagram tweet or something as
a dig."
210;589233;591834;"So don't, like...
>> KYLIE: No, I never dig."
211;591834;593500;">> KIM: I was willing to talk
to her."
212;593500;596767;"I said, I have... I'm going on
vacation and I have to, like,"
213;596767;600300;"you know, I need more time.
I never left them, like,"
214;600300;602667;"thinking negatively.
>> KYLIE: Yeah, like, we were"
215;602667;604400;"close.
We were actually talking about"
216;604400;607400;"talking to her.
>> KIM: Yeah."
217;607400;609533;">> KYLIE: I think that Mom needs
to, like, talk to her or"
218;609533;611300;"something.
I don't know what's going on."
219;611300;614066;">> KIM: I think so, too.
>> KYLIE: I've never paid her"
220;614066;617333;"any mind or had any fight with
her over social media."
221;617333;619367;"I didn't know you had a cooking
Instagram."
222;619367;624000;"I don't stalk your life.
>> KIM: Kylie, Tyga, Chyna, Rob,"
223;624000;626500;"like, all the drama, it's too
messy."
224;626500;628500;"I'm calling my brother right
now."
225;628500;631667;"The fact that my brother would
allow his girlfriend to talk so"
226;631667;634767;"bad about his little sister
publicly, isn't cool."
227;634767;636266;"(phone line rings)
>> RECORDED VOICE: Sorry, the"
228;636266;638266;"person you are trying to reach
has a voicemail box that has not"
229;638266;644433;"been set up yet.
>> KIM: So not cool."
230;644433;648033;"Did you see Rob's Instagram?
>> KHLOE: That's (bleep) up."
231;648033;649533;">> KIM: There's no beef between
us all."
232;649533;654734;"I'm like, "There's a beef now."
I walk in and my room is empty."
233;654734;656533;"All the furniture's been moved
out."
234;656533;659266;"We have lived with my mom way
too long."
235;659266;661700;"It's just, like, ridiculous.
It's very clear she wants us to"
236;661700;665533;"leave.
You have created some drama that"
237;665533;668033;"you need to get yourself out of.
My brother should just be"
238;668033;669533;"respectful.
>> KRIS: I didn't know what to"
239;669533;671033;"make of it.
>> ROB: Well, you obviously"
240;671033;679100;"didn't understand the humor.
>> KRIS: All right."
241;679100;681000;"♪ ♪"
242;686300;688200;"(camera shutter clicking)"
243;691200;692867;">> KIM: She looks so good."
244;695166;697667;"She literally has the best body!
I cannot wait to get in shape"
245;697667;700500;"now.
>> KHLOE: I am doing a photo"
246;700500;703900;"magazine.
I am super excited about it."
247;703900;706734;">> MAN: Great! There!
>> KHLOE: I need to work out"
248;706734;710066;"consistently, and I have not
been as religious as I once was."
249;710066;712233;">> MAN: Nice!
>> KHLOE: But do I embrace my"
250;712233;715500;"curves and just say (bleep) it?
Sure. It is what it is."
251;715500;719867;">> KIM: You are so inspiring me.
>> KHLOE: Thank you for coming."
252;719867;724500;">> KIM: Of course.
Wait, did you see, um..."
253;724500;727533;"Rob's Instagram?
>> KHLOE: Yeah, that's"
254;727533;730633;"(bleep) up.
>> KIM: It's so crazy, right?"
255;730633;732967;">> KHLOE: Rob has been publicly
posting memes about if the"
256;732967;736200;"(bleep) is that good, he'd
rather be an orphan."
257;736200;740500;"Like, to me, that's not funny.
So I called him, and he said,"
258;740500;743834;""Oh, it's just a funny meme."
There's no beef between us all."
259;743834;746133;"I love you guys."
I'm like, "There's a beef now.""
260;746133;749200;">> KHLOE: He's so annoying.
I have reached out to Rob"
261;749200;751967;"a few times.
Rob is too busy to respond to"
262;751967;755633;"me, but he's not too busy to
post a (bleep) meme."
263;755633;757767;"That's so unnecessary.
>> KIM: I just need a break from"
264;757767;759767;"him.
>> KHLOE: Yeah."
265;759767;761266;">> KIM: What is this shoot for,
Shape?"
266;761266;764300;"It's so good. Like, honestly...
>> KHLOE: What's on your jacket,"
267;764300;766333;"Kim?
>> KIM: Me."
268;766333;769166;">> KHLOE: Oh. Totally normal.
>> KIM: And me."
269;769166;771100;"And me, and me.
>> KHLOE (laughs): Oh."
270;771100;772834;"Oh... (beep)"
271;783200;787066;">> KHLOE: Oh, yes, Tina!
You looked so cute when you wore"
272;787066;789100;"that baseball hat and that red
jacket."
273;789100;791367;"You looked like a down-ass
bitch."
274;791367;794033;"(Kim laughs)
(phone chimes)"
275;794033;795767;">> KIM: Mom's so (bleep)
annoying."
276;795767;799567;"I walk in and my room is empty.
>> KHLOE: What do you mean?"
277;799567;801967;">> KIM: All the furniture has
been moved out."
278;801967;803967;">> KHLOE: But wh... why is your
stuff out?"
279;803967;805467;">> KIM: 'Cause she gave it to
Rob."
280;805467;808533;"And I was like, "Um, excuse me?
Are you gonna tell me that"
281;808533;811400;"you've emptied out my room?"
And Kanye walks in and goes,"
282;811400;814033;""Okay, it's very clear she wants
us to leave.""
283;814033;817967;"I know we have lived with my mom
way too long-- I totally get"
284;817967;821834;"it-- but I have six weeks left
until we are gonna move into our"
285;821834;824700;"house, and she's pretty much
kicked her daughter out of"
286;824700;826700;"her room.
She could have waited a few more"
287;826700;829000;"weeks.
So it's the furniture that was"
288;829000;831400;"in your bedroom.
>> KIM: Yeah. She claims that"
289;831400;833400;"was his furniture.
>> KHLOE: That's not true."
290;833400;837300;">> KIM: No.
>> KHLOE: She just lies and lies"
291;837300;839967;"and lies.
Own up. Like, let's just be"
292;839967;849066;"honest about what you're doing.
>> KIM: I know."
293;849066;851066;">> KENDALL: So what exactly are
you doing?"
294;851066;854066;">> KRIS: So you know your
stomach goes (humming) six"
295;854066;856066;"times?
When you get it all tightened"
296;856066;859400;"up, you feel, like, so good
about yourself, and then you"
297;859400;861400;"turn 50.
(Joyce laughs)"
298;861400;863734;">> KENDALL: Thanks for giving me
something to look forward to."
299;863734;865767;">> DR. OURIAN: So how are you
guys doing?"
300;865767;868100;">> KRIS: We're good.
>> DR. OURIAN: It's really not"
301;868100;871433;"as bad as you imagine it to be.
So the CoolSculpting is a great"
302;871433;873767;"treatment.
It's going to freeze the fat."
303;873767;876767;"The treatment is FDA cleared.
And it lasts a very, very long"
304;876767;878767;"time.
>> JOYCE: So you're, like, so"
305;878767;881100;"naturally gorgeous and perfect,
can you imagine having to do all"
306;881100;883767;"this stuff?
>> KENDALL: It's so interesting"
307;883767;886767;"to watch, to be honest.
>> JOYCE: Appreciate your abs,"
308;886767;888767;"honey.
>> KENDALL: Wait, on another"
309;888767;891100;"note, how crazy is it that
Kourtney and Kylie come out to"
310;891100;894100;"the city and don't call me when
they come out?"
311;894100;896433;"And I'm the only one that lives
out here-- I live right down the"
312;896433;899133;"street-- and they don't call me.
>> JOYCE: Sometimes you just get"
313;899133;901467;"really busy, and you have time
to do one thing, you know?"
314;901467;903467;">> KENDALL: No, 'cause it's not
like that."
315;903467;905467;"It's like they come out here,
and they go out."
316;905467;909133;"Like, out to, like, restaurants
and places."
317;909133;911800;"And then a couple days later,
Kylie came out here to go"
318;911800;913633;"shopping, but her phone "wasn't
working.""
319;913633;915533;"They made excuses."
320;917467;920800;"I'm in town, and I had to find
out through social media that my"
321;920800;923800;"sisters are out in the city,
having fun without me."
322;923800;926467;"Like, I already told Kourtney
that this annoys me, and now it"
323;926467;928467;"just sucks even more that it
happened again."
324;928467;931467;"I don't want to be, like,
forgotten just 'cause I work"
325;931467;932967;"a lot."
326;937000;939000;">> KIM: My mom, I'm gonna kill
her."
327;939000;941333;"My mom is claiming that it's our
fault that she has roaches in"
328;941333;943333;"her pantry.
This is it."
329;943333;947667;"I cannot take this anymore.
>> KYLIE: Rob texted me, talking"
330;947667;949667;"about how he wants to move.
>> KIM: Why does he hate his"
331;949667;951667;"house?
I have no idea what my brother's"
332;951667;953667;"thinking.
>> KYLIE: I need to call Mom"
333;953667;960767;"right now.
She should have never done that."
334;960767;962667;"♪ ♪"
335;966633;973967;"(phone line ringing)
>> KENDALL: Hey."
336;973967;975967;">> KRIS: You're so cute.
You look like a little kid"
337;975967;977967;"today.
>> KENDALL: I have zero makeup"
338;977967;979967;"on.
>> KRIS: That's why you look"
339;979967;983967;"like a little kid today.
You haven't done your glam yet."
340;983967;986300;">> KENDALL: Probably.
>> KRIS: We're getting ready to"
341;986300;990967;"go with Kylie's Lip Kit.
>> KENDALL: Um, alrighty."
342;990967;993967;">> KENDALL: I just wanted you to
wish your sister luck."
343;993967;997300;">> KENDALL: Good luck, sister.
>> KRIS: Have a little more"
344;997300;1001333;"enthusiasm.
>> KENDALL: Good luck!"
345;1001333;1003667;"I wish Kylie would have told me
that she was doing her lipstick"
346;1003667;1006000;"launch, 'cause I would have,
like, cleared my schedule and"
347;1006000;1008000;"made sure that I could have been
there."
348;1008000;1010000;"I'm frustrated just 'cause
everyone has so much going on."
349;1010000;1014000;"I feel like I'm missing it.
>> KRIS: Love you."
350;1014000;1015767;">> KENDALL: Okay, bye."
351;1029033;1031700;">> JONATHAN: Hey.
>> KIM: What is this place?"
352;1031700;1033400;">> JONATHAN: It's just a rental
I got."
353;1033400;1035066;"I'm just keeping this one for a
month for now."
354;1035066;1036734;">> KIM: Fancy.
>> JONATHAN: Yeah. By the way,"
355;1036734;1038400;"you know my birthday is on
Sunday?"
356;1038400;1040066;">> KIM: Yeah.
>> JONATHAN: I hope you planned"
357;1040066;1041734;"something.
>> KIM: We got it planned."
358;1041734;1043400;"Don't worry.
>> JONATHAN: I love it."
359;1043400;1046400;"I feel like I've spent the last
seven birthdays with you."
360;1046400;1048400;">> KIM: Yeah, it'll be fun.
>> JONATHAN: Birthdays and,"
361;1048400;1050400;"like, almost all Halloweens.
>> KIM: What are we gonna do"
362;1050400;1051667;"this Halloween?
I feel like I'll be skinny"
363;1051667;1052867;"again.
>> JONATHAN: Yeah, you need"
364;1052867;1054734;"to, like...
>> KIM: I can wear some, like,"
365;1054734;1056734;"fun costume.
What can we do that's, like,"
366;1056734;1059066;"still cool?
'Cause Kanye doesn't really do"
367;1059066;1061066;"Halloween.
>> JONATHAN: Yeah, we just have"
368;1061066;1063633;"to pretty much keep him Kanye.
>> KIM: Yeah."
369;1063633;1066567;">> JONATHAN: It'd be fun if you
came out as Amber Rose."
370;1066567;1068900;"You would kill it.
That would be the best thing"
371;1068900;1070834;"ever.
'Cause he could still stay"
372;1070834;1072900;"Kanye.
>> KIM: And Kylie could be"
373;1072900;1075767;"Chyna.
>> JONATHAN: And Tyga could just"
374;1075767;1077367;"stay Tyga... like, he doesn't
have to switch."
375;1077367;1079367;">> KIM: Yes!
>> JONATHAN: You'll be Amber and"
376;1079367;1081066;"Chyna.
>> KIM: Oh, my God, that would"
377;1081066;1082900;"be so funny.
(phone chimes)"
378;1082900;1084333;">> JONATHAN: You could put the
red shades on, with the, with"
379;1084333;1085934;"the stripes.
>> KIM: Yeah."
380;1085934;1088367;">> JONATHAN: That would be the
best thing."
381;1088367;1090300;">> KIM: My mom... I'm gonna kill
her."
382;1090300;1092433;">> JONATHAN: Why?
>> KIM: "So my chef told me that"
383;1092433;1094867;"now we have roaches in our
pantry because of all of the"
384;1094867;1096533;"messes in there.
No one cleans up after"
385;1096533;1098567;"themselves and it's such a
pigsty.""
386;1098567;1102266;"So (bleep) annoying.
Honestly, my mom is accusing me"
387;1102266;1105400;"of everything.
I mean, cockroaches in the"
388;1105400;1108200;"pantry?
She's insane."
389;1108200;1111967;"No one has even eaten there or
uses food in the pantry."
390;1111967;1114333;"You know my mom, like, makes up
lies."
391;1114333;1116667;"She's like, "Oh, um..." like,
"Oh, you broke this.""
392;1116667;1118033;">> JONATHAN: She's sick, let's
nail her."
393;1118033;1119533;">> KIM: I think it's just, like,
ridiculous."
394;1119533;1121834;"Like, I cannot take this
anymore."
395;1121834;1125967;"All right, I need to tell Kanye.
(phone line ringing)"
396;1125967;1129033;"Hey, you're on speaker.
My mom is claiming that it's our"
397;1129033;1131333;"fault that she has roaches in
her pantry."
398;1131333;1133233;">> KANYE: Can we stay at the
Four Seasons tonight, 'cause"
399;1133233;1135900;"I don't feel like going home.
>> KIM: Bear with me."
400;1135900;1137600;">> KANYE: I don't want to sleep
at my mother-in-law's house just"
401;1137600;1140500;"tonight.
>> KIM: Hey, how amazing is this"
402;1140500;1143433;"idea?
For Halloween this year, what if"
403;1143433;1148700;"you were you and I was Amber,
and then Kylie was Chyna and"
404;1148700;1152433;"Tyga was Tyga?
>> KANYE: Yeah, I think that's"
405;1152433;1153967;"lit.
>> KIM: Isn't that..."
406;1153967;1155867;">> JONATHAN: Lit! Now tell him
whose idea it was, now that he"
407;1155867;1158166;"said it's lit.
>> KIM: It was my idea..."
408;1158166;1160467;">> JONATHAN: Yeah, right.
>> KANYE: It's gonna be so lit."
409;1160467;1170400;"(Kanye laughs)
So lit!"
410;1170400;1173100;"(phone line ringing)
>> KOURTNEY: Hey, Mom."
411;1173100;1174800;">> KRIS: Hi.
>> KOURTNEY: Hi."
412;1174800;1176667;">> KRIS: How are you?
>> KOURTNEY: I'm okay."
413;1176667;1180500;"I'm feeling a little bit sick.
Mason has been sick and I feel"
414;1180500;1182333;"like I'm getting it a little
bit."
415;1182333;1184367;">> KRIS: That's not good, honey.
>> KOURTNEY: Yeah, we're going"
416;1184367;1187500;"to this doctor today.
>> KRIS: I was talking to"
417;1187500;1192000;"Kendall about home and she said,
"I miss anything in an American"
418;1192000;1195967;"market," like grilled cheese and
the stuff she likes to..."
419;1195967;1198533;">> KOURTNEY: Well, tell her to
come to my house and be"
420;1198533;1201100;"gluten-free, dairy-free and see
how she feels."
421;1201100;1203233;"(Kris laughs)
>> KRIS: She'd probably miss her"
422;1203233;1206700;"house.
She's so overwhelmed and she's"
423;1206700;1211333;"been watching you guys, I think,
on, you know, social media or"
424;1211333;1214734;"Instagram or whatever and she...
I think she's feeling really"
425;1214734;1217967;"left out and she feels like...
>> KOURTNEY: Yeah."
426;1217967;1219867;">> KRIS: ...she misses you so
much."
427;1219867;1222166;"After the last show, she started
crying."
428;1222166;1225500;"I felt so bad.
She was like, "I miss my sisters"
429;1225500;1229100;"so much," and I...
It just broke my heart, because"
430;1229100;1233300;"she's so homesick.
Kendall can be really sensitive,"
431;1233300;1236967;"but she doesn't always show it,
so I think it's really important"
432;1236967;1240834;"that the girls give Kendall a
little extra love when she's"
433;1240834;1244333;"back in town, and maybe surprise
her with something fabulous."
434;1244333;1246967;"There's nothing like family.
>> KOURTNEY: I'm gonna be with"
435;1246967;1248800;"Kim; so I'll talk to her
about it."
436;1248800;1250900;">> KRIS: Okay.
That would mean so much to her,"
437;1250900;1254700;"Kourt, you have no idea.
All right, well, I love you."
438;1254700;1256166;">> KOURTNEY: Love you!
>> KRIS: Okay. Me, too."
439;1256166;1267900;"I can't wait to see you.
>> KOURTNEY: Love you."
440;1267900;1270200;">> KIM: For fun, you want to do
the face swap?"
441;1270200;1272066;">> KYLIE: Mm-hmm.
>> KIM: Ooh, there, I look"
442;1272066;1275433;"really good right there.
I think this is the best face"
443;1275433;1277266;"swap ever.
>> KYLIE: I've always wanted to"
444;1277266;1279400;"look like you.
Hey, Kylie."
445;1279400;1283100;">> KIM: Hey, Kim.
>> KYLIE: Oh, my God!"
446;1283100;1285400;"(both giggle)
That was your tongue that came"
447;1285400;1287934;"out of my mouth.
Your tongue just came out of my"
448;1287934;1291700;"mouth.
>> KIM: That is so funny."
449;1291700;1295800;"That is so weird.
>> KYLIE: Rob texted me."
450;1295800;1297433;">> KIM: Saying what?
>> KYLIE: Last night."
451;1297433;1299600;"Talking about how he wants to
move."
452;1299600;1302300;"He texted me and said, "Does
Tyga want to buy my house?"
453;1302300;1304367;"I hate it, I'm out."
>> KIM: Why does he hate his"
454;1304367;1307200;"house?
I have no idea what my brother's"
455;1307200;1309367;"thinking.
I mean, my mom literally just"
456;1309367;1312166;"helped him move into a new house
and now he says he doesn't want"
457;1312166;1315467;"the house anymore.
I mean, as crazy as my mom is"
458;1315467;1319000;"right now, I don't know why he's
being so crazy mean to her."
459;1319000;1321300;">> KYLIE: I said, "Robert, why
you gotta let Mom get all"
460;1321300;1323867;"disrespected?
That's so hurtful to my mom.""
461;1323867;1326300;">> KIM: "Let me get happy and
the rest will follow.""
462;1326300;1328967;">> KYLIE: Dude.
I need to call Mom right now."
463;1328967;1333533;"She should never have done that.
>> KIM: I know."
464;1333533;1337633;">> KIM: Don't tell my mom.
It's a surprise, okay?"
465;1337633;1340934;"My mom was trying to pull a fast
one on me, but I will definitely"
466;1340934;1343033;"show her.
>> KRIS: Seriously?"
467;1343033;1346800;"Aw...
>> KENDALL: Mom said Kendall's,"
468;1346800;1348934;"like, so homesick and that she
was crying..."
469;1348934;1350767;"Kendall feels left out.
I feel like we should do"
470;1350767;1352633;"something."
471;1356100;1358000;"♪ ♪"
472;1364934;1367367;">> KIM: It's so funny that Mom
literally copies everything"
473;1367367;1369734;"I do.
>> KOURTNEY: Like what?"
474;1369734;1371800;">> KIM: She, like, wore a
baseball hat and Yeezys."
475;1371800;1375133;"And I wore that this weekend.
Literally every photo is a"
476;1375133;1377700;"different baseball hat and
Yeezys."
477;1377700;1380066;">> KOURTNEY: Um, so I talked to
Mom."
478;1380066;1383200;"She just said how Kendall's,
like, so homesick and that she"
479;1383200;1385567;"was crying and I was like, "I
haven't even heard from her,"
480;1385567;1388166;"like, once."
But it would be nice for us to"
481;1388166;1392700;"do something for her.
Like, remember, like, when we'd"
482;1392700;1396567;"go to, like, sleepaway camp?
And you'd come home and, like..."
483;1396567;1398100;">> KIM: Yeah.
>> KOURTNEY: ...everyone would"
484;1398100;1399767;"kind of, like, welcome you home?
>> KIM: Yeah."
485;1399767;1401600;">> KOURTNEY: I feel like it's
like, when you're an adult and"
486;1401600;1404300;"you have a job and, like, you
come home, like, no cares."
487;1404300;1406133;">> KIM: No one... yeah.
We should do, like..."
488;1406133;1407867;">> KOURTNEY: So...
>> KIM: ...a CARE package and"
489;1407867;1411000;"we'll be, like, her welcoming
committee."
490;1411000;1413834;">> KOURTNEY: Yeah.
I mean, we could stock her place"
491;1413834;1417834;"with, like, her favorite stuff
and do, like, a girls' night in."
492;1417834;1424300;"And just, like, just get her,
like, excited."
493;1424300;1427767;"It does make me sad to hear that
Kendall feels left out."
494;1427767;1431333;"I feel like when she's gone, I
never hear from her, so I just"
495;1431333;1434033;"assume that she's having the
time of her life."
496;1434033;1436767;"We definitely miss Kendall when
she's gone and I think that we"
497;1436767;1439734;"should do something so that she
knows that."
498;1439734;1443133;"Mom said all she talks about is,
like, going to the..."
499;1443133;1446767;"an American grocery store.
>> KIM: I haven't been to a"
500;1446767;1448734;"grocery store in, like,
four years."
501;1448734;1450867;">> KOURTNEY: Yeah.
>> KIM: I just don't even know"
502;1450867;1453667;"what flavor deodorants they have
anymore."
503;1453667;1455567;">> KOURTNEY: What?"
504;1465467;1467967;">> KOURTNEY: Just tell me if
this is a good background."
505;1467967;1471433;">> PHOTOGRAPHER: Okay.
Good."
506;1471433;1473433;">> KRIS: What is she doing,
exactly?"
507;1473433;1475100;">> KOURTNEY: We're just doing
two more photos."
508;1475100;1477233;"Don't you look at my Instagram?
>> KRIS: No."
509;1477233;1480800;"(Kourtney laughs)
(phone line ringing)"
510;1480800;1482834;">> KIM: Hello?
>> KOURTNEY: Hi."
511;1482834;1485300;">> KIM: Hi.
>> KOURTNEY: So I'm just letting"
512;1485300;1488333;"you know that I'm about to take
Mom to lunch."
513;1488333;1491834;"Today is the day that Kim is
going to surprise my mom by"
514;1491834;1496367;"moving out of my mom's house,
finally, and so she's asked me"
515;1496367;1500400;"to distract my mom.
I'm going to try and buy Kim as"
516;1500400;1502967;"much time as possible.
>> KIM: Okay, bye."
517;1502967;1505967;">> KOURTNEY: Bye.
Mom, do you think my stomach"
518;1505967;1509400;"looks wrinkly?
Like an old lady stomach?"
519;1509400;1512767;"And does it look better if it's
sucked in or not sucked in?"
520;1512767;1515133;">> KRIS: Well, it always looks
better..."
521;1515133;1518166;">> KOURTNEY: No, not sucked in
is better... Hmm."
522;1518166;1520233;"Okay, let's go.
Ready?"
523;1520233;1521333;">> KRIS: Yeah."
524;1527934;1531467;"(reverse gear alarm beeping)
>> KIM: She's out of the house"
525;1531467;1535000;"for a few more hours.
Everything on a moving truck."
526;1535000;1537000;">> MOVER: Okay, boss.
>> KIM: Thank you."
527;1537000;1539800;"Kourtney is in charge of keeping
my mom busy today."
528;1539800;1542333;"They just got their nails done
and now they're on their way to"
529;1542333;1544133;"go get lunch.
>> MOVER 2: I have your tray of"
530;1544133;1545600;"jewelry.
>> KIM: Okay."
531;1545600;1547266;"We have our cribs.
>> MOVER 2: Mm-hmm."
532;1547266;1549800;">> KIM: Kanye and I and the kids
are gonna move temporarily into"
533;1549800;1552834;"our Bel Air home.
We don't have a lot of time"
534;1552834;1555133;"before everything has to be
packed and moved out of the"
535;1555133;1558367;"house, so it's so stressful
trying to hurry up and get this"
536;1558367;1560834;"all done.
I feel like I need to take some"
537;1560834;1562734;"more Advil."
538;1568000;1572333;">> KOURTNEY: Come on, boush!
>> KRIS: Her braids are so cute."
539;1572333;1574367;">> PENELOPE: Mom, what are
these?"
540;1574367;1576400;">> KRIS: That's kind of rotten,
boo-boo."
541;1576400;1577767;">> KOURTNEY: I think it's
pretend."
542;1577767;1579633;">> KRIS: Oh.
(laughs)"
543;1579633;1581600;"Looks real to me.
>> PENELOPE: Do you pretend"
544;1581600;1583967;"to eat this?
>> KOURTNEY: Yeah."
545;1583967;1586800;"Oh, wait.
Is this one real?"
546;1586800;1589834;"No.
(crunching playfully)"
547;1589834;1593467;">> PENELOPE: Know what?
>> KRIS: Thank you."
548;1593467;1596500;"Kylie keeps talking to me about
kind of burning out and I'm a"
549;1596500;1598500;"little worried.
>> KOURTNEY: I mean, she's never"
550;1598500;1600333;"alone.
She always has her friends with"
551;1600333;1601800;"her.
>> KRIS: Mm-hmm."
552;1601800;1605800;"I love to be alone.
I really like... my quiet time."
553;1605800;1609467;"And it... I recharge and...
I haven't had a meal to myself"
554;1609467;1611800;"in three years.
>> KOURTNEY: Mm-hmm."
555;1611800;1613800;"Um...
>> KRIS: The house has never"
556;1613800;1615800;"been empty.
>> KOURTNEY: Really?"
557;1615800;1618133;">> KRIS: Yeah.
They change diapers, like"
558;1618133;1620800;"throw-up babies and dogs that
pee."
559;1620800;1623133;"It's all day long.
>> KOURTNEY: Mm-hmm."
560;1623133;1627467;"My mom is nonstop complaining
about Kim in the house."
561;1627467;1630133;">> KRIS: I mean, one of my
favorite things to do is, like,"
562;1630133;1633166;"stay in bed all day on a Sunday,
and have my computer and my"
563;1633166;1635166;"books and my magazines.
>> KOURTNEY: Mm-hmm."
564;1635166;1638500;"This is thankfully the last
lunch I'm gonna have to sit"
565;1638500;1640834;"through listening to this.
>> KRIS: Oh, my God, it's"
566;1640834;1643500;"unbearable.
>> KOURTNEY: Yeah. Mm."
567;1643500;1646834;"Kim better move quickly, because
there's only so much of this"
568;1646834;1647734;"I can take."
569;1652333;1654667;">> MOVER: Guys, we're running
out of space."
570;1654667;1656667;"Gonna have to wait for another
truck."
571;1656667;1658667;">> KIM: Not possible today.
Not possible."
572;1658667;1661667;"There is so much stuff to move
and just not enough time, so I'm"
573;1661667;1664000;"kind of, like, freaking out.
We have to make it work."
574;1664000;1667367;"Anything in the garage, they
need to empty it."
575;1667367;1670700;"My mom was definitely trying to
pull a fast one on me by moving"
576;1670700;1674700;"me out, but I will definitely
show her who the queen of"
577;1674700;1678033;"surprises is.
I think she's gonna be sad."
578;1678033;1680700;">> WOMAN: She'll be sad.
>> KIM: But she'll run around"
579;1680700;1684700;"the house naked.
>> PENELOPE: Mama!"
580;1684700;1686700;">> KOURTNEY: Huh?
>> PENELOPE: After can we make"
581;1686700;1690033;"something with paint at Color Me
Mine?"
582;1690033;1692033;">> KOURTNEY: Let's see how much
time we have."
583;1692033;1695367;">> KRIS: Uh-oh.
It's been a long day, Kourtney."
584;1695367;1697700;"I'm gonna head home now.
>> KOURTNEY: Huh."
585;1697700;1701066;">> KRIS: Yeah.
So, P, can you drive me home?"
586;1701066;1704400;">> PENELOPE: No.
>> KRIS: Do you drive yet, P?"
587;1704400;1706400;">> PENELOPE: No.
>> KRIS: Are you sure?"
588;1706400;1708400;">> PENELOPE: No.
>> KOURTNEY: When are you gonna"
589;1708400;1710400;"drive?
>> PENELOPE: When I'm five."
590;1710400;1712400;">> KOURTNEY: Five?
>> PENELOPE: Yeah."
591;1712400;1714066;">> KRIS: Oh, five.
Will you drive me to the mall"
592;1714066;1715734;"when you're five?
>> PENELOPE: Mm-hmm."
593;1715734;1717734;">> KRIS: Thank you.
>> KOURTNEY: Are you not coming"
594;1717734;1719400;"in here?
>> KRIS: No."
595;1719400;1721400;"I'm going in my car.
I'm gonna go home."
596;1721400;1724400;">> KOURTNEY: Okay.
Okay, let me call KiKi really"
597;1724400;1727066;"quick.
(phone line rings)"
598;1727066;1729066;">> KIM: Hello?
>> KOURTNEY: Hi."
599;1729066;1732433;">> KIM: Hi.
>> KOURTNEY: Um, so we just had"
600;1732433;1736100;"lunch, we just finished.
So she's going straight home."
601;1736100;1738100;"So I'm sure she'll be there
soon."
602;1738100;1741433;">> KIM: Oh, my God.
They distracted my mom as long"
603;1741433;1745767;"as possible, so hopefully we can
finish the move."
604;1745767;1748133;">> KOURTNEY: Okay, so, uh,
that's my update, I guess."
605;1748133;1749467;">> KIM: Okay, bye."
606;1751433;1753100;"Okay, hurry, guys.
She's coming."
607;1753100;1754433;"Hurry."
608;1756433;1759100;"We are so close.
She cannot come till the moving"
609;1759100;1766133;"truck's gone, or the surprise
will be totally ruined."
610;1766133;1768133;">> KOURTNEY: We never not want
to hang out with you."
611;1768133;1770133;"I just always think you're out
of town."
612;1770133;1772467;"We really want her to know how
valuable she is."
613;1772467;1778333;"We just never want you to feel,
like, alienated."
614;1778333;1781000;">> KRIS: I-I don't really want
to deal with Rob right now."
615;1781000;1783734;">> KOURTNEY: It is hard to see
my mom so upset."
616;1783734;1790200;">> KRIS: And it's hurting my
family."
617;1790200;1793200;">> KIM: She cannot come till the
moving truck's gone, or the"
618;1793200;1794800;"surprise will be totally ruined."
619;1799567;1802567;">> KRIS: You look cute.
>> KIM: Hey, thanks."
620;1802567;1804900;"Guess what.
>> KRIS: What?"
621;1804900;1808900;">> KIM: Not one of my things
resides in this home anymore."
622;1808900;1813567;"I spent the entire day moving
into my Bel Air house."
623;1813567;1816233;">> KRIS: Stop!
Seriously?"
624;1816233;1818233;"Wait a second.
Wait, you really moved out of"
625;1818233;1820233;"here?
>> KIM: Oh yeah."
626;1820233;1823233;"Oh yeah.
>> KRIS: Aw..."
627;1823233;1825900;"What?!
Oh..."
628;1825900;1828567;"My child moved out.
Wait, your clothes are really"
629;1828567;1830567;"gone.
>> KIM: Everything's gone."
630;1830567;1832600;"It's all moved.
The kids' beds."
631;1832600;1834600;"There's no cribs.
>> KRIS: There's no cribs?"
632;1834600;1836934;">> KIM: Everything's gone.
>> KRIS: How did you know that"
633;1836934;1838934;"I was gonna be gone all day?
>> KIM: I planned it, honey."
634;1838934;1842600;">> KRIS: Wow.
I feel like a teenager that just"
635;1842600;1845266;"got their own house.
It's amazing."
636;1845266;1848600;"This is a big day.
Aw..."
637;1848600;1851934;"I'm gonna miss my roommate.
>> KIM: Maybe tomorrow we'll"
638;1851934;1853934;"have everyone come over and see
the house."
639;1853934;1856266;">> KRIS: I would love to.
This is probably one of the"
640;1856266;1859934;"happiest days of my life.
I can't imagine a better"
641;1859934;1862600;"surprise.
I think it was thoughtful that"
642;1862600;1865934;"she decided to move out and
give me some privacy."
643;1865934;1870300;"I haven't even let it sink in
yet, but... this is amazing."
644;1870300;1873300;">> KIM: Enjoy your house.
Your first night alone."
645;1873300;1876633;"(Kris laughs)
>> KRIS: Oh, my God."
646;1876633;1878533;"Bye! I love you!"
647;1880633;1883633;"(whoops)
I got my house back!"
648;1883633;1886433;"Yes!
(Kris laughs)"
649;1886433;1888333;"Love it!"
650;1900734;1905066;">> PENELOPE: Mom, where's Lovey?
>> KOURTNEY: She's coming."
651;1905066;1907734;">> KRIS (laughing): Hi, guys.
>> KOURTNEY: Hey, Mom."
652;1907734;1910400;">> KRIS: How's everybody doing?
>> KOURTNEY: Good."
653;1910400;1912400;">> KRIS: Yeah?
>> KOURTNEY: Yeah."
654;1912400;1915400;">> KRIS: You have no idea how
amazing it is to have an empty"
655;1915400;1918734;"house.
Oh, I feel... I feel so good."
656;1918734;1922066;">> KOURTNEY: Mm-hmm.
Wait, what's up with Rob and"
657;1922066;1924400;"Chyna?
>> KRIS: You know, actually, I"
658;1924400;1927734;"don't really want to deal with
Rob right now, because they, you"
659;1927734;1931400;"know, went on his Instagram and
posted all these pictures making"
660;1931400;1933934;"fun of the food that I bought.
Just because it's really"
661;1933934;1938500;"healthy.
And it really hurt my feelings."
662;1938500;1940500;">> ROB: What the (bleep) is
this?"
663;1940500;1943500;">> KRIS: I tried to do a really
good job at stocking Rob's"
664;1943500;1947834;"pantry with some healthy food,
so I'm kind of shocked that he's"
665;1947834;1950166;"making fun of what I just did
for him."
666;1950166;1952834;">> ROB (laughs): What?!
>> KRIS: I know that the posts"
667;1952834;1956500;"are just about food, but it just
hurts my feelings because it"
668;1956500;1960834;"took a lot of time and effort to
make sure that it was all"
669;1960834;1964500;"perfect for Rob, and so I'm not
sure where it's coming from."
670;1964500;1967867;"That pantry has to be stocked
for several different family"
671;1967867;1969867;"members.
It's not just Rob."
672;1969867;1971867;"So shoot me 'cause we like
quinoa."
673;1971867;1975867;"He loves a supportive, loving,
fabulous family."
674;1975867;1977867;"I don't get where this is coming
from."
675;1977867;1981533;"He's just so defensive.
So I don't know what to do."
676;1981533;1985867;"But your dad would have expected
more out of Rob."
677;1985867;1990200;">> KOURTNEY: It is hard to see,
you know, my mom so upset over"
678;1990200;1993867;"Rob's posts.
And it's just a hard situation."
679;1993867;1997200;"My mom does so much for him.
>> KRIS: Kourtney, what should I"
680;1997200;2000233;"do about him?
I'm just so confused."
681;2000233;2008000;"There's nothing you can do.
And it's hurting my family."
682;2008000;2011600;">> KIM: I never get pissed, and
I'm so for you being happy, but"
683;2011600;2013600;"Mom is pissed.
I have to call my brother out"
684;2013600;2015600;"on this.
There's no way I'm gonna let my"
685;2015600;2022333;"brother disrespect her.
It's petty as (bleep)."
686;2022333;2024900;"♪ ♪"
687;2033266;2036934;"(door latch rattling)
>> KHLOE: Oh yeah, it worked."
688;2036934;2038066;">> KIM: Wait, so when does
she come home?"
689;2038066;2039200;">> KHLOE: Oh, I did the wrong
way..."
690;2039200;2042266;">> KIM: How cute, she has Lip
Kits waiting for her that were"
691;2042266;2044600;"mailed to her.
Do you think this is interesting"
692;2044600;2046934;"that both of my kids
left-handed?"
693;2046934;2050600;">> KHLOE: No, that's so great.
>> KIM: Really?"
694;2050600;2052934;">> KHLOE: That means they're
gonna be artsy-fartsy."
695;2052934;2055600;"I respect lefties.
>> KIM: Really?"
696;2055600;2058266;"Kanye was a lefty, but his mom
made him be a righty."
697;2058266;2060266;">> KHLOE: What?
>> KIM: In school, they made him"
698;2060266;2062934;"switch.
>> KHLOE: Look at all this..."
699;2062934;2064934;"She doesn't let me unpack the
boxes."
700;2064934;2066967;"I always ask, "Can I unpack
your boxes?""
701;2066967;2069633;"She says she likes to do it
herself."
702;2069633;2071633;"I think we should display it
cute."
703;2071633;2073633;"Like, look at these dead
flowers."
704;2073633;2075633;"Like, I want her to have, like,
nice new flowers."
705;2075633;2078300;">> KIM: Where are these from?
>> KHLOE: You can't eat her"
706;2078300;2080633;"stuff that we're getting her.
>> KIM: Just one bite."
707;2080633;2083633;"Mmm.
That is so cute."
708;2083633;2085633;"Okay, what-what do you want me
to say?"
709;2085633;2087967;">> KHLOE: Like, "We're so happy
to have you back."
710;2087967;2091967;"Your sisters missed you.
Here's just a few little"
711;2091967;2096467;"goodies to let you know that
we're obsessed with you.""
712;2096467;2099667;">> KIM: "Hello, gorgeous.
Welcome back."
713;2099667;2102667;"We're so happy you are home.
Here are some of your fave"
714;2102667;2106000;"things to welcome you back and
know how much we love you.""
715;2106000;2108333;"Oh, my God, they have pretzel
minis?"
716;2108333;2112400;"Does she really need those?
Just kidding."
717;2112400;2114667;"Don't you love looking in
people's cabinets?"
718;2114667;2117000;">> KHLOE: No.
Shut her cabinets!"
719;2117000;2118834;"Nermal...
>> KIM: When you first start"
720;2118834;2132867;"dating a guy, it's, like,
my favorite thing to do."
721;2132867;2135333;">> KIM: Hey, okay, come here.
Where should we go?"
722;2135333;2139867;"Let's go in the garage.
(phone line ringing)"
723;2139867;2142367;">> ROB: Hey.
>> KIM: Hey, Rob?"
724;2142367;2145734;"Look, I never get pissed, and I
am so for you being happy,"
725;2145734;2149033;"but whatever Chyna and Kylie and
all the drama that they have"
726;2149033;2151667;"together, like, that's for them
to work out."
727;2151667;2156000;"Mom has bent over backwards
doing all this stuff..."
728;2156000;2159433;"My mom told me about Rob making
fun of the food that my mom"
729;2159433;2163166;"bought him.
I mean, my mom literally just"
730;2163166;2165233;"helped him move into a new
house."
731;2165233;2167266;"I have to call my brother out
on this."
732;2167266;2169767;"Like, there's no way I'm gonna
let my brother disrespect her."
733;2169767;2172300;"Mom is pissed.
When you start publically"
734;2172300;2175900;"bashing my sister and mom,
that's not cool."
735;2175900;2178934;"This is just unnecessary.
We just, this is not what our"
736;2178934;2181266;"family does.
Like, there's way too much"
737;2181266;2183834;"drama, so many haters in the
world, we don't need it from"
738;2183834;2186333;"our own inside circle.
>> ROB: I-I didn't even know"
739;2186333;2189266;"what was going on, first of all.
And I don't even think it's that"
740;2189266;2193734;"serious.
>> KIM: Everyone has to just not"
741;2193734;2196166;"be blasting people on
social media."
742;2196166;2200533;"You two are a unit now, so it
looks like you're blasting mom,"
743;2200533;2202433;"and it's petty as (bleep)."
744;2207033;2209834;">> KIM: You two are a unit now,
so it looks like you're blasting"
745;2209834;2215266;"Mom, and it's petty as (bleep).
I just want everyone to be"
746;2215266;2218734;"respectful and to know that the
social media part just makes"
747;2218734;2222033;"everyone look bad, especially
you, and I care about you."
748;2222033;2224300;">> ROB: We're not (bleep) like
here to hurt anybody."
749;2224300;2226633;">> KIM: Okay, all--
>> ROB: We're just here (bleep)."
750;2226633;2229100;"It's like real.
I (bleep) with Chyna."
751;2229100;2231166;"I like her.
I love her."
752;2231166;2234467;"She loves me.
I don't want no fighting."
753;2234467;2236900;">> KIM: It's a little hard to
see my brother be mean"
754;2236900;2240033;"to my mom.
I mean, as siblings, like, do"
755;2240033;2242266;"we, like, give my mom a hard
time? Totally."
756;2242266;2245400;"But, like, he really should
just, like, be respectful"
757;2245400;2248734;"and acknowledge that my mom has
put in such hard work for him."
758;2248734;2250767;"I think he just owes that
to her."
759;2250767;2252300;">> ROB: All right, well, we'll
go about it differently."
760;2252300;2253867;"I got you.
>> KIM: I hope so."
761;2253867;2255767;">> ROB: And... I got you.
>> KIM: Thank you, Rob."
762;2255767;2257767;"I really hope so.
>> ROB: All right."
763;2257767;2259934;">> KIM: Just everyone should
just be cool, and we'll talk,"
764;2259934;2262433;"but this was a big setback, and
I didn't want that for you."
765;2262433;2265066;"I love you and I'm not, you
know, I just think we got to,"
766;2265066;2268133;"like, keep it tighter and not
have this, like, internal"
767;2268133;2270567;"arguing that we bring out to the
world."
768;2270567;2273100;">> ROB: Okay."
769;2286066;2289834;">> KENDALL: Hello?
>> KOURTNEY: Yay!"
770;2289834;2292967;">> KENDALL: Hi.
>> KOURTNEY: You were invited."
771;2292967;2295367;"All right, you need to learn how
to hug."
772;2295367;2298166;"When Kylie hugs, we push it in
like this."
773;2298166;2301433;"It's, like, really hugging.
>> KENDALL: Okay."
774;2301433;2303533;">> KOURTNEY: But, like, if you
really want to hug them, then"
775;2303533;2305800;"hug them in the way I just
showed you."
776;2305800;2308300;">> KENDALL: Okay.
>> KOURTNEY: Hips forward..."
777;2308300;2311266;"The last thing we want Kendall
to feel is that she's left out,"
778;2311266;2315333;"and so, we want to throw her
this little surprise girls'"
779;2315333;2317600;"night, so that we can all be
together."
780;2317600;2320800;"And we really want her to know
how valuable having sister time"
781;2320800;2323700;"is, when she is in town.
We have all your favorites for"
782;2323700;2325700;"you.
>> KIM: Your favorite sweet"
783;2325700;2327700;"potato fries.
>> KENDALL: Food! Oh, yeah."
784;2327700;2329700;"Thanks for my basket.
>> KOURTNEY: Did you love it?"
785;2329700;2331600;">> KIM: Did you love?
>> KENDALL: Yeah, it was so"
786;2331600;2333300;"cute.
>> KHLOE: Did you eat it?"
787;2333300;2335533;">> KENDALL: I did. Sadly.
>> KOURTNEY: Um, we wanted to"
788;2335533;2339600;"celebrate you being home.
>> KENDALL: Thanks, guys."
789;2339600;2341967;">> KOURTNEY: We're ne-- we never
not want to hang out with you."
790;2341967;2343967;"I just always think you're out
of town."
791;2343967;2346200;">> KENDALL: Yeah.
>> KIM: When you're gone, Kenny,"
792;2346200;2348800;"we just never want you to feel,
like, alienated, 'cause we do so"
793;2348800;2351800;"many things together, like we
never want you to feel, like,"
794;2351800;2354100;"left out.
'Cause I feel like Rob"
795;2354100;2356200;"definitely feels left out,
so he, like..."
796;2356200;2359333;">> KENDALL: I know, but I know,
but I also know that it's like"
797;2359333;2361567;"I'm the one who's away.
It's not like you guys are"
798;2361567;2364000;"choosing to not do things with
me."
799;2364000;2366300;">> KIM: Yeah, true.
That's so funny."
800;2366300;2369200;"You get, like, FOMO.
I would get that way when I was,"
801;2369200;2372767;"like, super pregnant.
>> KENDALL: I love that my"
802;2372767;2375133;"sisters put together a little
CARE package and that we're all"
803;2375133;2377767;"gonna have kind of a girls'
night together."
804;2377767;2380667;"The second we see each other,
everything kind of falls back"
805;2380667;2383066;"into place, and we're always
normal and we have fun."
806;2383066;2385900;"And I guess, in the future, I'll
just let them know that I'm in"
807;2385900;2389266;"town more ahead of time, and we
can make time for each other."
808;2389266;2392433;"Thanks, guys for doing this.
>> KOURTNEY: Yeah."
809;2392433;2395200;">> KIM: Hey. Of course.
>> KENDALL: Um..."
810;2395200;2397600;">> KOURTNEY: Thanks for taking
time to chill with us."
811;2397600;2400066;">> KIM: Just pamper yourself.
>> KENDALL: Yeah."
812;2400066;2402900;"(mechanical jabbering, rattling)
Mason, that's actually giving me"
813;2402900;2405900;"chills.
It's really freaky."
814;2405900;2408467;"I don't like it.
I really actually don't like it,"
815;2408467;2420633;"Mason.
(laughs)"
816;2420633;2422967;">> COREY: Kim, I'm gonna call
you Skinny K."
817;2422967;2425300;"What you, a size two?
>> KIM: Four."
818;2425300;2427700;">> COREY: You'll be a two in
three weeks."
819;2427700;2430467;">> ROB: Oh, hey, you.
>> KIM: You have created some"
820;2430467;2432934;"drama that you need to get
yourself out of."
821;2432934;2435734;"(Rob laughs)
>> ROB: No, I understand."
822;2435734;2439734;"I know what I need to say.
>> KIM: After I got off the"
823;2439734;2443300;"phone with Rob, he called Kylie
to apologize to her personally."
824;2443300;2446767;"But I'm glad that Rob is here to
talk to my mom, like, face to"
825;2446767;2449333;"face.
I think he just owes that to"
826;2449333;2451700;"her.
>> KRIS: Hey, Rob."
827;2451700;2454133;">> ROB: Hey, Mom.
>> KRIS: Hey, Kim."
828;2454133;2456133;">> KIM: Hey.
>> KRIS: What's everybody doing?"
829;2456133;2458133;">> ROB: Just talking.
>> KIM: Nothing, just hanging."
830;2458133;2460133;">> KRIS: It's like a town hall
meeting?"
831;2460133;2462533;"You look good.
>> ROB: Thank you."
832;2462533;2465767;"You look better.
>> KRIS: Uh-huh."
833;2465767;2473133;"You... have some 'splainin'
to do."
834;2473133;2476533;">> ROB: You decorated my home,
did all these nice things, put,"
835;2476533;2480867;"set everything up in my home.
Do you really think that me and"
836;2480867;2483800;"her are gonna go around making
fun of everything when we were"
837;2483800;2486667;"literally enjoying the house,
our first night in the new home"
838;2486667;2489800;"together, and we were laughing
and making funny Snapchat videos"
839;2489800;2492734;"so everyone could see the house.
Why would your son go around"
840;2492734;2494734;"publically making fun of his
own mother?"
841;2494734;2496734;">> KRIS: I don't know.
That's why I was so confused."
842;2496734;2500667;">> ROB: His only mother.
I'm very appreciative of"
843;2500667;2503233;"everything, so I always say
that."
844;2503233;2505667;"I, I'm not that type of person--
>> KRIS: No, I know."
845;2505667;2507667;"You're the best.
That's why I didn't know what to"
846;2507667;2509900;"make of it, 'cause I was--
>> ROB: Well, you obviously"
847;2509900;2512000;"didn't understand the humor.
But that was funny."
848;2512000;2514667;">> KRIS: Okay, okay.
All right, well, next time, I'll"
849;2514667;2518734;"try to keep that in mind.
>> KIM: I'm really so happy that"
850;2518734;2522800;"Rob came over to talk to my mom.
And I just know that that makes"
851;2522800;2525800;"my mom feel so much better.
You know, I think she really"
852;2525800;2529166;"deserves to hear from him.
He really hasn't been making the"
853;2529166;2533266;"effort the last few years, so it
really does show that my brother"
854;2533266;2536066;"cares and that he really does
feel bad about it."
855;2536066;2538767;">> KRIS: When Rob was a little
boy, I used to walk in the"
856;2538767;2541200;"kitchen.
He would be laying on the floor"
857;2541200;2544500;"and he would put ketchup all
over his body, like he was"
858;2544500;2547567;"bleeding with a knife right
here, and lay there, going"
859;2547567;2549734;"like this.
And I would just walk over him."
860;2549734;2552200;"Like, totally ignore him.
>> ROB: Yeah."
861;2552200;2554200;">> KRIS: 'Cause he tried to make
me laugh."
862;2554200;2556700;"So I get that you have this
crazy sense of humor, but"
863;2556700;2559633;"sometimes I just need to be
reminded."
864;2559633;2560800;"(Rob laughs)"
865;2562633;2565600;">> ROB: I know.
>> KRIS: I love you, Rob."
866;2565600;2568033;"You're so cute.
>> ROB: I love you, too."
867;2568033;2570467;">> KRIS: I just really want the
best for Rob."
868;2570467;2575266;"It's every mother's dream to see
her child be really excited"
869;2575266;2578800;"about life again.
I think the most important thing"
870;2578800;2581700;"is that Rob is in a really
positive place and that's all"
871;2581700;2584467;"that really matters.
All right, give me a hug."
872;2584467;2586467;"I love you.
>> ROB: Love you."
873;2586467;2588100;">> KRIS: Bye.
I'll call you."
874;2588100;2593533;"See you later.
>> ROB: See you."
875;2593533;2596266;"Keeping Up with
the Kardashians..."
876;2596266;2598266;">> KYLIE: I'm over not being
able to go out and just be,"
877;2598266;2600300;"like, normal.
>> KHLOE: I know this guy who"
878;2600300;2602500;"does prosthetics.
(laughing)"
879;2602500;2604567;">> GUIDE: Kim Kardashian's
favorite place--"
880;2604567;2606734;">> KHLOE: The Kardashians?
The Kar-trash-ians?"
881;2606734;2609800;">> KYLIE: Khloe, run!
>> KHLOE: Kourtney and Scott's"
882;2609800;2612000;"relationship is a work in
progress."
883;2612000;2614266;""I lost my family.
You guys gave up on me.""
884;2614266;2616867;"How are you trying, Scott?
He's just blaming everybody else"
885;2616867;2618667;"for his problems.
Scott..."
886;2618667;2620667;"Captioning sponsored by
 BUNIM-MURRAY PRODUCTIONS"
887;2620667;2622667;"Captioned by
 Media Access Group at WGBH"
888;2622667;2623567;"access.wgbh.org"