﻿Number;Start time in milliseconds;End time in milliseconds;"Text"
1;5033;7834;">> KHLOE: Hey, Mom.
>> KRIS: This is so great."
2;7834;10467;">> KHLOE: Lamar's recovery has
been a miracle."
3;10467;13200;"He is now getting out of the
hospital and he is able to move"
4;13200;15767;"into his own home.
>> KRIS: This is such a great"
5;15767;19667;"space.
These texts I got from Caitlyn--"
6;19667;22200;"she tells me to get a life and
to shut up."
7;22200;24200;"I'm like, "You shut up and you
get a (bleep) life.""
8;24200;26600;">> CAITLYN: You don't go on
 and call me a"
9;26600;29066;"liar.
>> KRIS: You were her dad since"
10;29066;32600;"she was five years old.
Tell me about you."
11;32600;35100;">> SCOTT: I'm a 32-year-old man
that lives alone."
12;35100;37633;"We'll see where things go.
>> KRIS: Where's Scott?"
13;37633;40367;">> KOURTNEY: Scott and Tyga have
been hanging out at his house."
14;40367;48567;"All day and night.
♪ ♪"
15;48567;52133;"It pisses me off that people
like Tyga, who should know"
16;52133;57233;"better, that are close to our
family, that don't just, like,"
17;57233;62133;"find some other friends.
It's not like Kanye's calling"
18;62133;64867;"him and saying, "Come to the
studio every night, come to my"
19;64867;68934;"show," you know?
It's Tyga calling him to hang"
20;68934;71266;"out and go to parties.
>> KRIS: Yeah."
21;71266;74166;">> KIM: I think Kourtney has to
accept the fact that it's really"
22;74166;77867;"Scott that she should be mad at,
and she can't keep putting the"
23;77867;81567;"blame on other people.
>> KOURTNEY: So it just... it"
24;81567;85533;"still bothers me.
>> KRIS: Yeah."
25;85533;90400;">> KIM: You guys, Baby Yeezys
are gonna be launched in August."
26;90400;93767;"The black ones and the, like,
original blue and cream mix."
27;93767;95767;"And so I was like, "Well, have
you guys thought about pink?""
28;95767;97800;">> KHLOE: I think pink would be
so cute."
29;97800;100133;">> KIM: "You guys are gonna be
wearing them all in the show?"
30;100133;104066;"The new ones in the show?"
Kanye is having his Yeezy season"
31;104066;107233;"three fashion show at Madison
Square Garden."
32;107233;110266;"Kanye really wants the whole
family there, and I do, too."
33;110266;112867;"And I think it's really cool
that he's opening up a fashion"
34;112867;116300;"show to the public, which has
never been done before."
35;116300;119400;"So I can't wait for all of us to
go and just have a good time."
36;119400;121600;">> KRIS: I was thinking about
getting a private plane on"
37;121600;123633;"Monday morning.
>> KOURTNEY: I'm going with Kim"
38;123633;125967;"on Tuesday.
>> KIM: Honey, we got a plane."
39;125967;137300;"(chuckles)
♪ ♪"
40;137300;139200;"♪ ♪"
41;145033;147934;"(phone rings)
>> KHLOE: Hello?"
42;147934;151433;"Lamar.
Hold on. You want to say hi to"
43;151433;154800;"Kylie and Kourt?
>> KOURTNEY: Hi, Lam."
44;154800;157533;">> LAMAR: Hey, Kourt.
>> KOURTNEY: Miss you."
45;157533;160967;">> LAMAR: Miss you, too.
>> KHLOE: How was therapy today?"
46;160967;163166;">> LAMAR: It was good.
I ran on the treadmill for ten"
47;163166;165500;"minutes today.
>> KHLOE: No, you didn't."
48;165500;168400;">> LAMAR: Yes, I did.
>> KOURTNEY: That's so good."
49;168400;171734;">> KHLOE: Lamar, that's awesome.
Congratulations."
50;171734;174467;"Lamar is constantly progressing,
getting better."
51;174467;177000;"I'm so, so proud of him.
I mean, I know a lot of this"
52;177000;179166;"stuff is probably really
frustrating for Lamar, but it"
53;179166;182133;"just takes time.
And I am a full believer in his"
54;182133;185700;"ability to fully recover.
>> LAMAR: All right."
55;185700;187700;">> KHLOE: Okay. I'll talk to you
later."
56;187700;189900;">> LAMAR: Bye-bye.
>> KHLOE: Bye."
57;189900;193133;"That's crazy.
Right, Kylie?"
58;193133;195467;">> KYLIE: Hold on.
>> KHLOE: Oh... (trills)"
59;195467;198133;">> KOURTNEY: (clucking) Don't be
scared."
60;198133;205834;">> KHLOE: Oh... (trills)
♪ ♪"
61;205834;208400;"(birds chirping)
>> KIM: What are you doing in"
62;208400;210600;"here?
>> KHLOE: Ooh, the leopard."
63;210600;214066;">> KIM: The leo-pard.
We are, like, in the same color"
64;214066;216533;"tones.
>> KHLOE: Uh, it's called black."
65;216533;218533;"There's no tone.
>> KIM: And... No, your brown"
66;218533;221266;"boots.
>> KHLOE: Oh! Yes, Gina!"
67;221266;224066;">> KIM: Yes.
>> KHLOE: Mmm. What's going on?"
68;224066;226767;">> KIM: Nothing. Just getting
ready and packing for New York."
69;226767;228767;">> KHLOE: You're gonna need that
jacket there."
70;228767;230767;">> KIM: At... Like, I wasn't
prepared to really leave the"
71;230767;232800;"house just yet.
>> KHLOE: Mm-hmm."
72;232800;234934;">> KIM: And I don't really want
to be seen."
73;234934;238333;"But I feel like all the coats
will cover me."
74;238333;240500;">> KHLOE: The coats.
>> KIM: And it's all about just,"
75;240500;242500;"like, hiding under coats.
>> KHLOE: I mean, you're really"
76;242500;244500;"not that big.
How exciting about the show"
77;244500;246500;"though.
>> KIM: I'm so excited."
78;246500;248500;"It's supposed to be so good.
It's at Madison Square Garden."
79;248500;250834;">> KHLOE: So crazy.
>> KIM: Yeah, you have to come."
80;250834;253800;">> KHLOE: What am I gonna do,
just, like, come and, like,"
81;253800;256567;"leave Lam?
 Kocktails..."
82;256567;259533;">> KIM: No. Like, bring him.
>> KHLOE: (chuckles) I can't"
83;259533;263266;"just, like, bring Lamar to New
York."
84;263266;266867;">> KIM: Why not?
>> KHLOE: Like, he has not been"
85;266867;269333;"in public yet.
He hasn't been on a plane or"
86;269333;272300;"been around people.
Like, it's just... way more"
87;272300;277133;"anxiety for me, I think, than
for anybody else."
88;277133;280333;"Lamar has not traveled since his
accident."
89;280333;282567;"Lamar has not been to New York
in years."
90;282567;285467;"New York is a very negative
place for Lamar."
91;285467;289400;"I am just flooded with anxiety.
(sighs) It's a lot."
92;289400;292000;">> KIM: When I was sitting there
with him at his house, he was"
93;292000;296133;"like, "Honestly, like, Kanye's
music, like, helped me so much."
94;296133;298734;"Like, that's when I realized,
like, okay, I could start, like,"
95;298734;301500;"thinking again and things were
coming back to me and I could"
96;301500;306567;"start, like, articulating it."
>> KHLOE: He loves that."
97;306567;309700;"He's always like, "Ah, Kanye
saved me.""
98;309700;313100;">> KIM: That's so sweet.
There was a moment when Lamar"
99;313100;316734;"couldn't really express himself
and he couldn't really talk, but"
100;316734;319033;"he could hear what we were
saying to him."
101;319033;322367;"And Kanye really felt, like, we
can cure him through music,"
102;322367;324900;"like, we can get him to talk.
And he would go to the hospital"
103;324900;327200;"and he would, like, rap and
sing."
104;327200;329767;"And I think Lamar started to get
his, like, function back and"
105;329767;332700;"started to talk, once he started
to listen to a lot of music."
106;332700;338133;">> KHLOE: You're doing so well.
Good job."
107;338133;340433;">> KIM: I think Lamar wants to
go and support Kanye, and this"
108;340433;345233;"will be just such a-a powerful
moment for them, I think."
109;345233;347500;"But, like, what's the plan?
Like, shouldn't he get out at"
110;347500;349700;"some point?
>> KHLOE: No. I mean, I'm doing"
111;349700;351500;"'cause I wasn't
planning on going."
112;351500;355066;">> KIM: Well, see if he even
wants to go."
113;355066;356967;"♪ ♪"
114;362867;365133;">> KYLIE: How's your app going
and stuff?"
115;365133;369600;">> KOURTNEY: Good, I think.
>> KYLIE: How's Scott?"
116;369600;372300;">> KOURTNEY: I don't think he's
been okay lately."
117;372300;375700;"After his hanging out with Tyga
and all that."
118;375700;380700;"So, I almost want to, like, call
Tyga and just literally go off"
119;380700;383900;"on him.
Like, I have a tendency to,"
120;383900;388567;"like, shift some blame from,
like, Scott onto the people that"
121;388567;391967;"are around him, to where, like,
I'm never be able to be cool"
122;391967;395333;"with you again.
So..."
123;395333;400500;">> KYLIE: I mean... I don't know
about going off on him, 'cause"
124;400500;404133;"he's really sensitive.
I know Kourtney kind of gets mad"
125;404133;407867;"at Tyga sometimes.
But Tyga always feels like he's"
126;407867;411667;"in the middle of Scott and
Kourtney."
127;411667;414000;">> KOURTNEY: I think I should
just say, like, "Do you ever"
128;414000;417567;"think about how your actions,
like, affect other people?"
129;417567;427834;"Like, stop being so selfish."
♪ ♪"
130;427834;431233;">> MALIKA: What's up?
Please, please, I like my toes"
131;431233;433233;"licked but not by dogs.
>> KHLOE: I hate when she does"
132;433233;435233;"that, too!
>> MALIKA: You want to like it,"
133;435233;437233;"but you're like, "You're a dog.
Ugh.""
134;437233;439233;">> KHLOE: No, because she has a
soft tongue, too."
135;439233;441233;">> MALIKA: Babe, you got a good
tongue."
136;441233;443233;"I'm just sayin'.
(whines)"
137;443233;445233;"I think you should get Lamar a
dog."
138;445233;447233;">> KHLOE: Not a puppy.
>> MALIKA: No, no, no. He"
139;447233;449400;"doesn't need to take care of
anything."
140;449400;451834;"It just needs to be, like, a
companion."
141;451834;455100;">> KHLOE: So obviously Kanye's
fashion show is, like, known,"
142;455100;457100;"and the whole family keeps
talking about it and talking"
143;457100;459100;"about it.
And I was never planning on"
144;459100;461100;"going.
>> MALIKA: Who's gonna watch"
145;461100;463100;"Lamar?
>> KHLOE: Exactly."
146;463100;465133;"So then Kim was like, "Well, why
don't you bring Lamar?""
147;465133;468433;"And I was like, "Bring Lamar?"
Like... And, mind you, I just"
148;468433;472500;"found out that it's for, like,
14,000 people."
149;472500;475200;"It's just a lot to handle no
matter what."
150;475200;477633;">> MALIKA: It is very natural
for you to be protective."
151;477633;481600;"You should be, but you also have
to let the reins go a little"
152;481600;483967;"bit, to see how he's
progressing."
153;483967;486100;"You won't know that until you
try."
154;486100;489000;">> KHLOE: Yeah, of course. But
Lamar's... It's like when you're"
155;489000;491300;"starving and you go to a
restaurant, don't you order way"
156;491300;493800;"more than you could eat?
His eyes are bigger than his"
157;493800;496100;"stomach right now.
I'm just trying to protect him."
158;496100;498333;">> MALIKA: I'm thinking on the
other side is think about what"
159;498333;501633;"his life has been like.
He's been very secluded."
160;501633;504834;"I think it's time.
I actually agree with Kim."
161;504834;507200;">> KHLOE: I am really
overprotective, and I know how"
162;507200;509800;"much Lamar wants to go to New
York."
163;509800;511967;"But, still, I'm scared, 'cause
I don't know how Lamar's gonna"
164;511967;514867;"handle this situation.
I really just have to decide"
165;514867;523567;"what I think is best for Lam at
the end of the day."
166;523567;526033;"I want to ask him, "So how do
you feel about Caitlyn?""
167;526033;528300;">> WOMAN: Are you guys better?
>> KHLOE: No. I haven't spoken"
168;528300;530633;"to her.
After she said "you little piece"
169;530633;533967;"of (bleep), (bleep) you."
>> KOURTNEY: I wrote Kim days"
170;533967;538066;"ago and said no Tyga, no Scott
at the show."
171;538066;540567;">> JONATHAN: She invited both.
>> KOURTNEY: Of course."
172;540567;543200;"I'm really just hoping that
there's no drama, because we're"
173;543200;556033;"really there to support Kanye.
Whatever."
174;556033;558800;">> KIM: Hello.
>> KRIS: Hi."
175;558800;562233;"I've had, like, a headache since
the middle of the night last"
176;562233;565300;"night.
It's really weird."
177;565300;569133;"Did you hear that Scott has an
appearance at 1 Oak in New York"
178;569133;571000;"while we're there?
>> KIM: Yeah. So he called me"
179;571000;574433;"because he wanted a ride on the
plane, so I was, like, "Yeah,"
180;574433;577200;"for sure come," and then, like,
you know, I can maybe, like,"
181;577200;580300;"hang out with him, keep an eye
on him, just, like, help him"
182;580300;584233;"with, like, sobriety.
If we're hanging out, he's not"
183;584233;586233;"gonna, like, be wasted.
>> KRIS: Yeah."
184;586233;588100;">> KIM: And I'm, like, we'll all
hang out and go to dinner when"
185;588100;591867;"we land, and, like, be busy so
that he's not, you know, in,"
186;591867;594066;"like, party mode.
>> KRIS: Yeah."
187;594066;596834;">> KIM: He did say he wanted to
go to the fashion show, so..."
188;596834;599433;">> KRIS: Oh, good.
>> KIM: It was really important"
189;599433;602633;"for us to invite Scott because I
want him to feel like if he"
190;602633;605300;"needs to feel busy that it's
with us instead of partying and"
191;605300;608333;"resorting back to maybe, like,
unhealthy behavior."
192;608333;610233;"So I'd want to just invite him
to all the things that we're"
193;610233;612233;"doing.
(beep)"
194;612233;614233;"Look that way.
>> KRIS: Oh."
195;614233;616100;"(camera phone clicks)
>> KIM: Maybe not your head at"
196;616100;618100;"that angle.
>> KRIS: Oh."
197;618100;619934;">> KIM: No, you can be on your
phone."
198;619934;621934;"No, no, no, just like middle.
Yeah."
199;621934;623867;">> KRIS: What are we doing?"
200;630433;632467;">> KHLOE: Oh, I love these
hoops."
201;632467;634467;"Are we kidding?
>> WOMAN: I know."
202;634467;636700;">> KHLOE: Finally.
Who do I have to blow to get"
203;636700;640767;"these earrings?
>> WOMAN: I'll find out."
204;640767;643166;">> KHLOE: Okay. "How are you?
I'm so excited.""
205;643166;645500;"Um...
>> WOMAN: Are you starting to"
206;645500;647700;"get nervous?
You are."
207;647700;649734;">> KHLOE: Again. I am.
Is RuPaul coming?"
208;649734;651867;">> WOMAN: Yeah.
>> KHLOE: I want to ask him, "So"
209;651867;654967;"how do you feel about Caitlyn?"
>> WOMAN: Are you guys better?"
210;654967;656967;">> KHLOE: No. I haven't spoken
to her."
211;656967;659000;"After she said, "You little
piece of (bleep)."
212;659000;661000;"(Bleep) you."
Dah, dah, dah, dah. I was..."
213;661000;663834;"And then she's like, "I think we
need to have a girl's dinner and"
214;663834;666200;"have a little hug."
I'm like, "Nuh-uh.""
215;666200;668800;"It really...
Like, when you say you're sorry,"
216;668800;670800;"it actually is a sign of
strength."
217;670800;675100;"It's not a weakness.
You could just say "I'm sorry.""
218;675100;679166;"Caitlyn is upset with me because
of my Howard Stern interview"
219;679166;683166;"which I sincerely don't
understand what I did wrong."
220;683166;686000;"All I ever said was the truth,
and the truth is that Caitlyn"
221;686000;688000;"was never fully honest about her
transitioning."
222;688000;689934;"End of story.
I just have so much going on in"
223;689934;691767;"my life right now, and I just
don't..."
224;691767;693700;"I don't need to deal with this.
(knocking)"
225;693700;695533;"Come in.
>> MAN: We're ready to go to"
226;695533;697533;"set.
>> KHLOE: I'm ready."
227;697533;699567;"(overlapping chatter)
>> WOMAN: And we're walking."
228;699567;702600;">> KHLOE: And we're walking.
Hello."
229;702600;705000;"(indistinct chatter)"
230;717700;720300;"(camera shutter clicking)"
231;724367;728200;">> KIM: Let me see, Kourt.
>> WOMAN: Have a look, please."
232;728200;729900;"Have a look...
>> KIM: Yeah."
233;729900;733100;"Oh, my!
 my!"
234;733100;735100;"(Kanye whooping)
>> KANYE: Hey. Hey."
235;735100;737100;"Look at my crew.
>> CAITLYN: Hey."
236;737100;741834;"Come on, I need a picture.
>> KANYE: It's... Hey!"
237;741834;745166;">> CAITLYN: Yeah, here we go.
>> KIM: Caitlyn just got to New"
238;745166;748367;"York, and she's in her fitting,
and it's really exciting."
239;748367;750734;"I just really hope that Khloe
and Lamar can come."
240;750734;752734;"Kanye and I both really want
them to be a part of this."
241;752734;754734;">> KANYE: Kourtney, come here,
come here, come here."
242;754734;756734;">> CAITLYN: Come on, Kourt.
>> KANYE: Kourtney, I made that"
243;756734;758734;"for you.
>> KOURTNEY: Yes!"
244;758734;760567;">> KIM: Well, but it's coming
home with me."
245;760567;762567;"(Kanye whoops)
You can borrow it."
246;762567;764400;"(Kim giggles)
This is the first time that"
247;764400;767734;"Kanye is really dressing the
whole family, and Olivier from"
248;767734;770834;"Balmain collaborated and made
these pieces that..."
249;770834;773734;"They're like one-of-a-kinds.
And I think it's, like, so cool"
250;773734;777700;"that they put so much work into
really getting looks for every"
251;777700;782467;"single family member.
This one's the best one."
252;782467;784367;">> JONATHAN: Okay, that's cool.
Let her change..."
253;784367;787300;">> KANYE: Yo, yo... yo, get...
>> KOURTNEY: Yeah, but I deserve"
254;787300;789133;"it... I deserve it.
>> KANYE: You deserve it 'cause"
255;789133;791767;"you went to design school.
Let's photograph this next look."
256;791767;795133;"(indistinct chatter)
>> KIM: I don't want to show my"
257;795133;799100;"knees.
So I just gave birth a few"
258;799100;803867;"months ago to Saint, and I'm not
really ready to go out in public"
259;803867;806433;"yet, 'cause there's always so
much pressure under the public"
260;806433;810233;"eye, but I would never miss
Kanye's show for the world."
261;810233;813800;"I'm so excited for the show.
(loud, overlapping chatter)"
262;813800;817333;"Who knew you'd be so helpful for
me in life."
263;817333;820233;">> CAITLYN: Got to take care of
each other."
264;820233;822233;"(indistinct microphone chatter)
>> KIM: I never thought in a"
265;822233;824800;"million years...
>> CAITLYN: You'll like that"
266;824800;826734;"one.
>> KIM: ...that I'd be sharing"
267;826734;842934;"makeup with Cait.
(loud, overlapping chatter)"
268;842934;844934;">> COREY: You look pretty.
>> KRIS: Thanks, babe."
269;844934;846934;"Hi.
>> KOURTNEY: Hi."
270;846934;848967;">> KRIS: Hi, sweetie.
How are you? Hi."
271;848967;850967;">> JONATHAN: Well, hi.
>> KRIS: Hi."
272;850967;852667;">> COREY: What's going on?
>> JONATHAN: How are you?"
273;852667;854667;">> KOURTNEY: Okay.
>> KRIS: Great."
274;854667;856333;">> CAITLYN: Well, I haven't been
to the house in a while, and"
275;856333;858166;"you've done a nice job with
everything."
276;858166;860166;">> KRIS: With my house?
>> CAITLYN: Yeah."
277;860166;862166;">> KRIS: Oh, oh, oh.
Where's Scott?"
278;862166;864166;">> KOURTNEY: He's here.
>> KRIS: Where?"
279;864166;866967;">> KOURTNEY: He's at the hotel.
>> KRIS: Doing what?"
280;866967;869967;">> KOURTNEY: Hanging out.
Kim has invited him to every"
281;869967;871867;"single thing.
She's, like, "Do you want to"
282;871867;873867;"come to the album thing?
Do you want to...?""
283;873867;876333;"I already t...
I wrote Kim days ago and said,"
284;876333;880066;""No Tyga, no Scott at the show."
>> JONATHAN: She invited both."
285;880066;882066;">> KOURTNEY: Of course.
(Jonathan chuckles)"
286;882066;884934;"(Kourtney and Jonathan chuckle)
>> KOURTNEY: But Kim's like,"
287;884934;887767;""What do you care?
Just invite Scott to stuff if"
288;887767;891066;"it's gonna, like, keep him out
of trouble."
289;891066;895567;"Better him hanging out with all
of us than... whatever.""
290;895567;897567;">> JONATHAN: There's no rhyme or
reason at this point."
291;897567;899600;">> KOURTNEY: Yeah.
>> JONATHAN: If he wants to be"
292;899600;902567;"in trouble, he will be.
>> KOURTNEY: Exactly."
293;902567;906033;"Kim may have the best
intentions, but that doesn't"
294;906033;908400;"mean that it's going to go the
way that she's thinking it's"
295;908400;911166;"gonna go.
So, I'm really just hoping that"
296;911166;915233;"there's no drama, because we're
really there to support Kanye."
297;915233;917233;">> CAITLYN: You want to go to
the bathroom?"
298;917233;919233;">> KRIS: I think I'm good.
>> CAITLYN: Okay."
299;919233;921066;">> KIM: I have to go to the
bathroom."
300;921066;923066;">> CAITLYN: Let's go.
(Caitlyn chuckles)"
301;923066;924700;">> KIM: You guys know that I've
peed in the Delano lobby."
302;924700;926533;">> JONATHAN: When?
>> KRIS: I've heard this story a"
303;926533;928367;"million times, and I wouldn't
keep repeating it."
304;928367;932033;">> KIM: And I peed in my BMW
'cause I had seven ice teas."
305;932033;942266;">> KRIS: No wonder you couldn't
sell it."
306;942266;945800;"(engine revving)
>> KHLOE: How was therapy today?"
307;945800;948133;">> LAMAR: Good.
>> KHLOE: You're just chilling,"
308;948133;950133;"right?
You're..."
309;950133;952133;"You don't have anxiety.
Only I do."
310;952133;958100;"Great.
I've decided to go to New York"
311;958100;960066;"with Lamar 'cause I think this
is something he truly wants to"
312;960066;961900;"do, and I just...
At the end of the day, I want"
313;961900;964333;"Lamar to be happy.
I still feel a ton of anxiety"
314;964333;967934;"and pressure, but if this makes
him happy, and if I can keep him"
315;967934;970734;"safe, then that's a match made
in heaven."
316;970734;972734;">> KIM: Just relax.
I got the perfect outfit."
317;972734;974567;"I've got it custom-made for you,
okay?"
318;974567;976567;">> LAMAR: Thank you.
>> KIM: Okay, relax. Calm down."
319;976567;978567;">> KHLOE: He said thank you.
>> KIM: Have fun."
320;978567;980567;"Okay. I got to go.
>> KHLOE: Okay. Love you. Bye."
321;980567;982567;">> KIM: Bye.
>> KHLOE: I'm nervous."
322;982567;985900;"Like, this is nerve-racking.
You haven't been in public ever."
323;985900;989166;"I have more anxiety than you do,
I'm sure, but it's because I"
324;989166;991300;"don't think you understand.
>> LAMAR: I can understand."
325;991300;993867;">> KHLOE: I know.
I know you want to go, and I"
326;993867;996767;"know all that, but it's a lot.
That's all I'm saying."
327;996767;998700;"(Khloe sighs)"
328;1005900;1008133;">> KIM: Oh, God, I miss being in
New York."
329;1008133;1010133;"Knock, knock.
(knocking)"
330;1010133;1012133;">> CAITLYN: Whew! Look at that!
>> KIM: You know La La."
331;1012133;1014133;">> CAITLYN: Oh, yes.
How are you doing?"
332;1014133;1016033;">> LA LA: Oh, hi!
>> CAITLYN: Good to see you."
333;1016033;1017867;"How are you?
>> LA LA: It's so nice to see"
334;1017867;1019700;"you.
>> CAITLYN: Nice to see you."
335;1019700;1021533;"Hey, baby.
>> KIM: Hi. It is hot in here."
336;1021533;1023200;">> CAITLYN: Well, after
Christmas, it's so good that"
337;1023200;1024867;"you're here in New York so you
have all these coats you can"
338;1024867;1026700;"actually wear.
>> KIM: I know. I know."
339;1026700;1028533;"That's what...
Well, I was just telling La La."
340;1028533;1031266;"She asked where I got this, and
I was like, "One of my Christmas"
341;1031266;1033300;"presents."
>> CAITLYN: Yeah."
342;1033300;1035133;">> KIM: You look nice.
>> CAITLYN: Well, thank you."
343;1035133;1037367;"How's the show coming along?
>> KIM: Really good, really"
344;1037367;1040567;"hectic.
Lamar's coming into town."
345;1040567;1042500;">> CAITLYN: Right.
>> KIM: Isn't that exciting?"
346;1042500;1044367;">> CAITLYN: Extraordinarily
exciting."
347;1044367;1046200;">> KIM: Her husband played with
him for years."
348;1046200;1048200;">> CAITLYN: Yeah, right.
>> LA LA: Yeah, he was..."
349;1048200;1050266;">> KIM: So he saw something on
the news about you, and he was a"
350;1050266;1052266;"little confused, so I had to,
like, explain it to him."
351;1052266;1054133;">> CAITLYN: Yeah.
>> KIM: And I was like, "Well,"
352;1054133;1056066;"it's Caitlyn now," and he was
like, "What?!""
353;1056066;1057900;">> CAITLYN: I know Khloe tried
to explain it to him a couple of"
354;1057900;1060200;"times, but at that point, I
don't think he was getting"
355;1060200;1062200;"anything.
>> KIM: Yeah."
356;1062200;1064700;"Have you talked to Khloe at all?
>> CAITLYN: She hasn't been"
357;1064700;1067367;"talking to me lately.
>> KIM: I know. I was gonna say,"
358;1067367;1069266;"didn't you guys get into a big
fight?"
359;1069266;1072200;">> CAITLYN: I know. Yeah.
>> KIM: This is a really big"
360;1072200;1074467;"week.
Lamar's already dealing with the"
361;1074467;1076567;"pressure of being in an
environment where there's a lot"
362;1076567;1079300;"of people.
And this is, you know... it"
363;1079300;1081600;"might be really difficult for
him."
364;1081600;1084133;"And Khloe and Caitlyn are kind
of on the outs."
365;1084133;1087600;"So everyone has to put our
differences aside for this week"
366;1087600;1091100;"and just be cool.
>> CAITLYN: She called me a liar"
367;1091100;1094734;"with Howard Stern.
I didn't lie to anybody."
368;1094734;1098166;"I-I hope Khloe will spend some
time with me."
369;1098166;1100533;"She didn't reach out to me at
all at that time either."
370;1100533;1103133;">> KIM: Yeah. And she has a big
hang-up that she's the kid, so"
371;1103133;1106066;"the adults should reach out to
the kid."
372;1106066;1108734;"You're the one transitioning, so
you should have reached out to"
373;1108734;1111767;"her.
It's just how she feels."
374;1111767;1115500;"I just hope that Caitlyn and
Khloe get a chance to move past"
375;1115500;1119767;"the drama, because otherwise it
could just be a disaster."
376;1119767;1122834;"It's not wrong or right, but I
just think that, like, at some"
377;1122834;1125734;"point, talk to Khloe."
378;1128100;1131500;">> KHLOE: Lam is really nervous
about meeting Caitlyn."
379;1131500;1134500;">> KIM: Well, I had a whole talk
with Caitlyn yesterday about it."
380;1134500;1138767;"You have to, like, take it in
baby steps."
381;1138767;1141800;">> SIMON: Kourtney got, like,
ambushed by Tyga and, like, five"
382;1141800;1144700;"other men and were like, "I hope
there's not beef.""
383;1144700;1146700;"And Kourtney's like, "No, we're
fine."
384;1146700;1148600;"We're not fine.""
385;1152066;1153967;"♪ ♪"
386;1158767;1162600;">> KOURTNEY: Hey!
>> BENJAMIN: Where were you guys"
387;1162600;1164600;"today?
>> SIMON: Kourtney, can I say?"
388;1164600;1166633;">> KOURTNEY: Yeah.
>> SIMON: Kourtney got, like,"
389;1166633;1168633;"ambushed by Tyga and, like, five
other men who came around her"
390;1168633;1170633;"and were like, "I hope there's
not beef.""
391;1170633;1172633;"And Kourtney was like, "No,
we're fine."
392;1172633;1174633;"We're not fine, but we are
fine.""
393;1174633;1176633;">> BENJAMIN: Wait, I didn't
know."
394;1176633;1178633;"Is there something...
What's the beef?"
395;1178633;1180300;">> SIMON: Tyga's been hanging
out with Scott."
396;1180300;1181700;"They've been going to clubs
together."
397;1181700;1183700;">> JONATHAN: Hi.
>> KOURTNEY: Yeah. Hi!"
398;1183700;1186066;">> SIMON: Hollywood.
>> JONATHAN: Why Hollywood?"
399;1186066;1188066;">> SIMON: What did you get to
drink?"
400;1188066;1190333;">> KOURTNEY: I don't know.
I might just have a beer."
401;1190333;1192333;">> JONATHAN: Whoa. It's that
time?"
402;1192333;1197500;">> KOURTNEY: Thank you.
>> JONATHAN: Where's Scott?"
403;1197500;1199533;">> KOURTNEY: At the hotel.
>> JONATHAN: Oh, why doesn't he"
404;1199533;1201533;"hang out?
>> NICOLE: When is he staying"
405;1201533;1203533;"till?
Tell me just so I know when the"
406;1203533;1205533;"misery ends.
>> KOURTNEY: I don't know."
407;1205533;1207533;">> NICOLE: Where'd he go last
night?"
408;1207533;1210567;">> KOURTNEY: I'm not sure.
He was writing me all night,"
409;1210567;1213066;"like, "Can we watch a movie?
Can we hang out?""
410;1213066;1216867;"And he's like, "If I hang out
with you then I won't go out.""
411;1216867;1219467;"Like, I can't... it can't be on
me."
412;1219467;1222867;"I can't live my life worried
that my actions could cause"
413;1222867;1226633;"Scott to spiral.
I just really need to live my"
414;1226633;1231767;"life for me and hope that he's
doing the best that he can do."
415;1231767;1233700;"(indistinct chatter)"
416;1236266;1238700;"It's so good.
>> NICOLE: Is it warm?"
417;1238700;1240700;">> KOURTNEY: No, it's so good.
>> BENJAMIN: Cheers."
418;1240700;1242700;">> SIMON: Cheers.
>> NICOLE: Cheers."
419;1242700;1244700;">> SIMON: Cheers.
>> NICOLE: Cheers."
420;1244700;1246900;">> KOURTNEY: This is why my
voice is annoying."
421;1246900;1249400;"Because when I talk screaming
talk..."
422;1249400;1253300;""Yeah, guys! Like..."
>> JONATHAN: Oh, my God."
423;1253300;1265133;">> KOURTNEY: (bleep) kills me.
♪ ♪"
424;1265133;1267633;">> KHLOE: Oh... (trills)
>> KIM: Do you think people will"
425;1267633;1270600;"think I dyed my hair?
>> MAKEUP ARTIST: All the white"
426;1270600;1272600;"people will.
The black people will know."
427;1272600;1274667;"(chuckles)
>> KHLOE: Kim."
428;1274667;1277300;">> KIM: Yeah?
>> KHLOE: Uh, one thing, Lam is"
429;1277300;1281233;"really nervous about meeting
Caitlyn."
430;1281233;1284567;">> KIM: Well, I had a whole talk
with Caitlyn yesterday about it."
431;1284567;1286567;">> KHLOE: About Lam?
>> KIM: And I was just like,"
432;1286567;1288967;""You know, you have to, like,
take it in baby steps.""
433;1288967;1291333;"Like, he... I don't know.
You know, he could definitely"
434;1291333;1293667;"comprehend it.
But, you know, he might not be"
435;1293667;1297166;"able to grasp it all at once.
He said to me the other day,"
436;1297166;1300333;""Bruce something."
And I had to say there is no"
437;1300333;1305700;"Bruce anymore-- it's Caitlyn.
>> KHLOE: After our New York"
438;1305700;1309266;"fight, we, like, have not
spoken."
439;1309266;1312367;"I don't really care to see
Caitlyn right now, because the"
440;1312367;1316133;"last time me and Caitlyn spoke,
we were fighting over text."
441;1316133;1319100;"I'm already so nervous about how
Lamar's gonna handle the"
442;1319100;1321700;"situation.
I just feel very overwhelmed."
443;1321700;1326266;"So this'll be fun, seeing her
today."
444;1326266;1328266;">> KYLIE: Scott said he's not
coming?"
445;1328266;1331233;">> KOURTNEY: No. He just said.
"I don't think so."
446;1331233;1334400;"I'm not making more drama."
>> KANYE: Hey, guys, we got..."
447;1334400;1337133;"we got to start.
>> KHLOE: We really are at"
448;1337133;1340400;"Madison Square Garden.
I'm just incredibly anxious and"
449;1340400;1348133;"nervous.
>> KANYE: Pascal, are we good?"
450;1348133;1350033;"♪ ♪"
451;1352233;1355100;">> KHLOE: Ready?
>> LAMAR: Yes, ma'am. You ready?"
452;1355100;1357100;">> KHLOE: As ready as I'm gonna
be."
453;1357100;1359100;">> LAMAR: Your hair is
strutting, mama."
454;1359100;1362533;"(Khloe chuckles)
>> KHLOE: Ooh!"
455;1362533;1365734;">> LAMAR: Hey, Keeks.
>> KIM: You look so good!"
456;1365734;1368700;"Today is the big day.
We're all getting ready for the"
457;1368700;1371834;"Yeezy show.
I am so excited that Khloe and"
458;1371834;1374400;"Lamar pulled through and came to
New York."
459;1374400;1377633;"I really think that Lamar's
gonna enjoy being out, and it'll"
460;1377633;1381533;"make him feel super normal
again."
461;1381533;1383734;">> KHLOE: Yeah, Lam, check
yourself out in that mirror."
462;1383734;1389967;"Northy, gorgeous.
♪ ♪"
463;1389967;1392066;"How do you feel being in New
York?"
464;1392066;1394600;">> LAMAR: Actually, great.
>> KHLOE: That's good."
465;1394600;1397000;">> LAMAR: I ain't been in New
York for years."
466;1397000;1399567;">> KHLOE: A long time.
Oh."
467;1399567;1401967;">> LAMAR: Is that paparazzi?
>> KHLOE: Mm-hmm."
468;1401967;1406066;">> LAMAR: Yo, what the (bleep)
is he doing, man?"
469;1406066;1408133;"You're going out with that?
>> KHLOE: No, I'm just doing it"
470;1408133;1411033;"on purpose, just to...
Why would I give them a shot?"
471;1411033;1415433;"I can't even think right now.
I'm stressing out. I can tell."
472;1415433;1418400;"Ready?
>> LAMAR: Nothing's stressing me"
473;1418400;1422000;"out on Kanye's day.
Ain't about me."
474;1422000;1424400;">> KHLOE: If you ever get
uncomfortable or anything,"
475;1424400;1426667;"you'll tell me, right?
>> LAMAR: This is a social"
476;1426667;1429000;"atmosphere.
Social scene, baby."
477;1429000;1431000;">> KHLOE: If it gets too much
for you."
478;1431000;1435200;"You haven't... been around this
many people in a long time."
479;1435200;1439300;"I want to make sure your brain,
like, doesn't get, aah, like, in"
480;1439300;1442367;"overdrive.
>> LAMAR: I'm too smooth for"
481;1442367;1444500;"that (bleep).
>> KHLOE: Oh, my God."
482;1444500;1451367;">> LAMAR: You know what I mean?
♪ ♪"
483;1451367;1454100;">> KOURTNEY: This is so
exciting, guys."
484;1454100;1456633;">> CAITLYN: Now, he is actually
performing for..."
485;1456633;1459300;">> KOURTNEY: No, he's playing
the whole album while the show's"
486;1459300;1461300;"going on.
>> CAITLYN: Oh, I got you."
487;1461300;1463300;">> KOURTNEY: Hey, Pops, guys.
>> KYLIE: I'm gonna cover"
488;1463300;1465633;"myself.
Cover."
489;1465633;1468333;"(bleep)
>> KOURTNEY: Okay. We're safe."
490;1468333;1470500;"We're safe!
>> KYLIE: Scott said he's not"
491;1470500;1472000;"coming?
>> KOURTNEY: Nope."
492;1472000;1473767;"He just said.
>> KENDALL: Why?"
493;1473767;1477200;">> KOURTNEY: "I don't think so.
I'm not making more drama and"
494;1477200;1479667;"want to be out of the press."
>> KYLIE: What did he say?"
495;1479667;1487467;">> KOURTNEY: "It's just going to
say me and you are back.""
496;1487467;1492700;">> FRIEND: Is he out here?
>> KOURTNEY: Yeah."
497;1492700;1496800;"I think Kim will be disappointed
that Scott isn't coming to"
498;1496800;1499567;"Kanye's show.
And, you know, he always has a"
499;1499567;1503200;"million excuses, and sometimes
it's like it's too overwhelming."
500;1503200;1506333;"And, like, I get it that it's a
huge day, but we're all here to"
501;1506333;1509000;"support Kanye.
>> KENDALL: I'm excited to see"
502;1509000;1511533;"L.O.
>> KOURTNEY: Ah! I forgot about"
503;1511533;1525266;"that, guys!
♪ ♪"
504;1525266;1528266;">> MAN: Thank you...
>> MELANIE GRIFFITH: Should I"
505;1528266;1530400;"just pretend this is Kanye?
>> KRIS: No. No, that's why when"
506;1530400;1532433;"you said cream...
>> MELANIE: Put some holes in"
507;1532433;1534767;"it.
>> KRIS: When you said cream..."
508;1534767;1536767;">> KIM: Babe, do you like the
blonde?"
509;1536767;1538867;">> KANYE: I do. I love it.
>> KIM: Like, I can't get"
510;1538867;1540867;"comfortable.
I have to go, like..."
511;1540867;1543700;">> KHLOE: Hi!
>> KENDALL: Lammy!"
512;1543700;1546900;"Oh, Lammy!
Oh, my God! Family!"
513;1546900;1548900;">> KHLOE: Oh, my God.
>> KENDALL: Hi!"
514;1548900;1551100;">> KOURTNEY: Kanye, I want you
to know we're very hyped."
515;1551100;1554000;"We're singing all of your songs.
We know every word."
516;1554000;1557000;">> KENDALL: I love you so much.
>> KANYE: Thank you so much."
517;1557000;1561734;">> CAITLYN: How you doing?
There is..."
518;1561734;1564000;"I love you, buddy.
>> LAMAR: I love you, too."
519;1564000;1566033;">> CAITLYN: I'm so happy you're
here."
520;1566033;1568233;">> LAMAR: Thank you.
>> CAITLYN: Made my day."
521;1568233;1571233;">> KHLOE: This is Lamar's first
time out in public."
522;1571233;1573734;"This is the first time Lamar is
meeting Caitlyn."
523;1573734;1575967;"I feel very overwhelmed for
Lamar."
524;1575967;1578433;"So I don't have time for all
this Caitlyn drama between her"
525;1578433;1580734;"and I.
I'm just gonna let bygones be"
526;1580734;1583133;"bygones and try to get rid of
all this negative (bleep)."
527;1583133;1585133;"You okay?
>> LAMAR: Yeah."
528;1585133;1587700;">> KIM: Our whole point is
that... even if, like... even if"
529;1587700;1590433;"they're super positive, you just
don't have to... answer anyone."
530;1590433;1592433;"You don't have to talk, you
know?"
531;1592433;1594834;"Just, like... It's not, like,
interview time or anything, you"
532;1594834;1597433;"know what I mean?
>> KANYE: Hey, guys, we got..."
533;1597433;1599600;"we got to start.
>> KIM: All right, we got to"
534;1599600;1601600;"start-- get Mom and we'll all
walk together."
535;1601600;1604467;"This is the most epic day!
>> KHLOE: I've been worried"
536;1604467;1608133;"about so many other details when
it comes to this New York trip."
537;1608133;1611934;"And all of a sudden I realize
that we really are at Madison"
538;1611934;1614033;"Square Garden.
>> KANYE: Okay, everybody got to"
539;1614033;1616033;"come this way.
>> KHLOE: This is, like, for"
540;1616033;1619967;"15,000 people, and that's a lot
for Lamar to handle."
541;1619967;1623100;"It's a lot for me to handle.
I'm just incredibly anxious and"
542;1623100;1625734;"nervous, like, "Aah! There are-
there are too many people.""
543;1625734;1628233;"Like, 'cause it's too loud.
Like, I don't know."
544;1628233;1630834;">> KOURTNEY: Okay, go.
>> KHLOE: Come on, Lammy."
545;1630834;1634433;"Lammy, you just stay with Ye.
>> KANYE: Pasquale?"
546;1634433;1636467;">> PASQUALE: Yeah?
>> KANYE: Are we good?"
547;1636467;1641133;"Okay, go ahead, babe.
(audience cheering)"
548;1641133;1643533;"♪ ♪
>> KOURTNEY: This show-- like,"
549;1643533;1645433;"I'm blown away."
550;1648100;1650100;">> CAITLYN: So, Lamar, you've
missed all the fun."
551;1650100;1653033;">> KHLOE: Like what? What?
>> CAITLYN: Lots happened."
552;1653033;1654934;"We got to talk."
553;1659166;1661066;"♪ ♪"
554;1664200;1668000;">> MAN: You're good.
>> KIM: All right, let's go."
555;1668000;1669900;"(cheering, whistling)"
556;1681333;1683233;"(whooping, cheering)"
557;1694700;1697200;">> KIM: Kanye and Lamar walking
out and there's just this"
558;1697200;1699567;"spotlight on 'em, and you hear
everyone in Madison Square"
559;1699567;1703300;"Garden just cheering.
(audience cheering)"
560;1703300;1706667;"It feels so emotional and
powerful."
561;1706667;1710633;"Kylee is crying, everyone just
has chills."
562;1710633;1713033;">> JONATHAN: Are you okay?
>> CAITLYN: I was thinking-- the"
563;1713033;1716533;"last time Lamar was here he was
probably playing in a basketball"
564;1716533;1720734;"game.
He's just been through so much."
565;1720734;1723233;">> KIM: You know, it's been a
really long road with, uh,"
566;1723233;1725700;"Lamar.
So many ups and downs."
567;1725700;1728500;"And I'm just so happy that I'm
here to witness him just walk"
568;1728500;1733934;"out on his own and just be here.
>> KHLOE: Okay?"
569;1733934;1735834;"(audience cheering)"
570;1741300;1744200;">> KIM: It's so funny-- everyone
was in there and I see three"
571;1744200;1748400;"looks that I even styled made
the... made the show."
572;1748400;1752100;">> ANNA: 1,500?
>> KIM: 1,500."
573;1752100;1754133;"Yeah.
>> KANYE: Yo."
574;1754133;1757266;"(audience cheering)
So I'm gonna play y'all the new"
575;1757266;1761367;"album, so if y'all like any of
the songs, feel free to dance."
576;1761367;1765066;"(music starts playing)
>> KANYE: ♪ High lights ♪"
577;1765066;1767266;"♪ YOUNG THUG: ♪ Tell my baby I'm
back in town ♪"
578;1767266;1770734;">> KIM: That's daddy.
>> YOUNG THUG: ♪ Tell everybody"
579;1770734;1774367;"I'm back in town ♪
>> KANYE: ♪ High lights ♪"
580;1774367;1776367;">> YOUNG THUG: ♪ Tell my baby
I'm back in town ♪"
581;1776367;1781533;">> KANYE: ♪ High lights
We only making the highlights"
582;1781533;1783433;"(audience cheering)"
583;1789266;1794967;"♪ We only making the highlights
Tell my mama, tell my mama"
584;1794967;1799734;"♪ That I only want my whole life
to be highlights ♪"
585;1799734;1803300;">> EL DeBARGE: ♪ One life,
One night"
586;1803300;1809233;"♪ High lights
Livin' the life 'til I die ♪"
587;1809233;1811467;">> KIM: Being in Madison Square
Garden and to know that there"
588;1811467;1814433;"has never been a fashion show
like this before and seeing"
589;1814433;1818633;"Kanye's whole vision of his new
collection and to see all these"
590;1818633;1822233;"amazing models just be so proud
to represent his line and to"
591;1822233;1825500;"have fashion and music just all
kind of blend together is a"
592;1825500;1827600;"really cool, special moment.
>> KANYE (on recording): ♪ You"
593;1827600;1830367;"want a boss or an R & B ...
With a six pack?"
594;1830367;1833066;"Yeah, I need every bad ... up in
Equinox ♪"
595;1833066;1835800;">> KOURTNEY: This show is so,
like, I'm blown away."
596;1835800;1839867;"The setup of the stage and the
clothes and being able to hear"
597;1839867;1843000;"the music and we're all so
excited and dancing and having"
598;1843000;1845734;"so much fun.
It's just, like, such an amazing"
599;1845734;1847734;"show.
>> EL DeBARGE: ♪ Oh, Lord,"
600;1847734;1852000;"Oh, Lord. ♪
>> KANYE: I really appreciate"
601;1852000;1854367;"y'all coming and supporting this
event."
602;1854367;1857834;"It feels so good to see all of
New York City standing behind"
603;1857834;1860834;"the crazy (bleep) from the
interviews."
604;1860834;1863800;"(audience cheers)
I love you guys."
605;1863800;1865700;"♪ ♪"
606;1869700;1873200;">> KIM: Ooh, I need a drink.
(Lil' Kim giggles)"
607;1873200;1877066;"(indistinct chatter)
>> KRIS: Thank you."
608;1877066;1879967;"It was so good.
>> ROSIE: He said to me, uh,"
609;1879967;1881967;"like, three days ago, "Can we go
to the Kanye West fashion show?""
610;1881967;1884266;"I'm like, "Honey, I don't know
anything about fashion shows."
611;1884266;1887367;"I text my publicist, she's like,
"Yeah, it's in two days.""
612;1887367;1889367;"So I'm like, "I don't know what
to wear.""
613;1889367;1891433;"Ta da.
Hope you enjoy your night, and"
614;1891433;1893433;"nice to meet you.
And, uh, carry on."
615;1893433;1895433;">> CAITLYN: Fight the good
fight."
616;1895433;1897533;">> ROSIE: You too, man.
Honestly."
617;1897533;1900300;"It did annoy me that you've been
a woman for three months and you"
618;1900300;1902533;"have more style than I ever had
at 53."
619;1902533;1904767;"But that's okay, I'm working
through it."
620;1904767;1906667;"♪ ♪"
621;1912600;1915100;"(phone rings)
>> KOURTNEY: Is that a little"
622;1915100;1918166;"girl named Koosh?
>> PENELOPE: Mommy, where are"
623;1918166;1920433;"you?
>> KOURTNEY: I'm in the car with"
624;1920433;1924633;"KoKo and Lamar.
>> PENELOPE: I need KoKo."
625;1924633;1927400;">> KOURTNEY: Okay, hold on.
>> KHLOE: Hi, sister!"
626;1927400;1929600;">> PENELOPE: Hi.
>> KHLOE: You want to say hi to"
627;1929600;1932200;"Lam?
>> PENELOPE: Yeah."
628;1932200;1935400;">> LAMAR: Hey, sister.
>> PENELOPE: Hey, Lam."
629;1935400;1938533;">> LAMAR: How you doing?
Are you being a good girl?"
630;1938533;1940734;">> PENELOPE: Yeah.
>> LAMAR: All right."
631;1940734;1943700;">> KOURTNEY: All right, boo.
I love you. (kisses)"
632;1943700;1946700;">> PENELOPE: Bye.
>> KHLOE: Lammy, that was fun."
633;1946700;1948700;">> KOURTNEY: That was fun.
>> LAMAR: Caitlyn was in the"
634;1948700;1950700;"spot tonight.
>> KHLOE: (chuckles) How did"
635;1950700;1955233;"that feel?
>> LAMAR: Weird."
636;1955233;1957600;">> KOURTNEY: I remember the
first time meeting her I thought"
637;1957600;1962433;"it was so weird.
>> LAMAR: I called her Bruce the"
638;1962433;1965233;"first couple sentences.
>> KHLOE: I mean..."
639;1965233;1967734;"understandable.
Did you then call her Caitlyn?"
640;1967734;1973100;">> LAMAR: Yeah, I tried to
correct myself."
641;1973100;1975000;"♪ ♪"
642;1976633;1978633;">> KRIS: Hi.
>> KHLOE: Oh, hello."
643;1978633;1980633;">> KRIS: There you are.
I just texted you."
644;1980633;1982633;"What is the address here?
>> KOURTNEY: Was that"
645;1982633;1984633;"unbelievable?
>> KRIS: West 55th? Thank you."
646;1984633;1986633;">> SIMON: The show?
Mind-blowing."
647;1986633;1989266;">> KRIS: I mean, who sells out
Madison Square Garden for a"
648;1989266;1992367;"fashion show?
How did you feel tonight, coming"
649;1992367;1995200;"into the stadium when everybody
was cheering?"
650;1995200;1997834;"That was wild.
>> LAMAR: Yeah, it was."
651;1997834;1999900;">> KOURTNEY: Hi.
>> CAITLYN: Hello, how you"
652;1999900;2001900;"doing?
>> KRIS: Like, how many bags do"
653;2001900;2005133;"you have, really?
>> CAITLYN: This is Balmain."
654;2005133;2008367;"So, Lamar, you missed all the
fun."
655;2008367;2011400;">> KHLOE: Like what?
>> KRIS: What?"
656;2011400;2016000;">> CAITLYN: What's up?
We got to talk."
657;2016000;2018133;">> KOURTNEY: Back when you were
in the hospital..."
658;2018133;2020133;">> LAMAR: Uh-huh.
>> KOURTNEY: ...in Vegas, we"
659;2020133;2023500;"didn't think we would see you
again."
660;2023500;2026500;"Do you have, like, a new outlook
on life?"
661;2026500;2035100;">> KHLOE: That's a great
question, Kourt."
662;2035100;2037867;">> CAITLYN: So, Lamar, you
missed all the fun."
663;2037867;2041266;">> KHLOE: Like what?
>> KRIS: What?"
664;2041266;2045200;">> CAITLYN: What's up?
We got to talk."
665;2045200;2048700;"All these months, and now we
finally get to see you again."
666;2048700;2050000;">> LAMAR: Yeah, a lot's
happened."
667;2050000;2053467;"(Caitlyn and Lamar laugh)
>> LAMAR: But I'm here."
668;2053467;2057200;">> CAITLYN: Honestly, I was
very emotional to see you there"
669;2057200;2060166;"today.
Yeah."
670;2060166;2064767;"All good stuff.
>> LAMAR: Yep."
671;2064767;2066834;">> CAITLYN: Life is good, isn't
it?"
672;2066834;2069500;">> LAMAR: It's beautiful.
It's beautiful."
673;2069500;2071500;"It beats the alternative.
>> KHLOE: Mm-hmm."
674;2071500;2076100;"Yeah.
I feel like a weight has been"
675;2076100;2079100;"lifted off of my shoulders.
Lamar and Caitlyn met, and I"
676;2079100;2081867;"mean, he was super mellow and
calm."
677;2081867;2084433;"I think I was way more nervous
than he was."
678;2084433;2087734;"Lamar handled everything
perfectly."
679;2087734;2090934;">> KRIS: So I want to tell you
guys something about Khloe and"
680;2090934;2093266;"Lamar's relationship.
>> KHLOE: Oh, my God."
681;2093266;2095266;">> KRIS: So I was over--
>> KHLOE: Can you tell me first"
682;2095266;2097266;"before you have to say it
publically?"
683;2097266;2099500;">> KRIS: No.
>> COREY: It's beautiful."
684;2099500;2102367;">> KRIS: So I was over at the
house, and Khloe and Lamar were"
685;2102367;2106233;"talking about conspiracy
theories, and I didn't realize--"
686;2106233;2109233;"I knew Khloe, like, she thinks
there's mermaids and aliens and"
687;2109233;2111667;"all these wild things.
>> KHLOE: There are."
688;2111667;2113967;">> KRIS: And leprechauns.
>> KHLOE: There are."
689;2113967;2116266;">> KRIS: But so does he.
>> KHLOE: Well, what's your"
690;2116266;2118433;"point, Mom? That was it?
>> KRIS: I just wanted to say"
691;2118433;2120433;"that was adorable that you guys
connect on--"
692;2120433;2122467;">> KOURTNEY: And Corey was
teary-eyed over that?"
693;2122467;2124800;"(laughter)
>> KHLOE: You guys, it's been"
694;2124800;2128066;"magical, but I'm done. Yeah.
Hey."
695;2128066;2129934;">> CAITLYN: A long time since
the last time we talked."
696;2129934;2131767;">> LAMAR: Yes.
>> CAITLYN: A lot has..."
697;2131767;2133633;"A lot of water's flown under the
bridge."
698;2133633;2135633;">> KHLOE: Bye, Cait.
>> LAMAR: Yes."
699;2135633;2137633;">> CAITLYN: Okay.
>> KHLOE: Bye-bye."
700;2137633;2139467;">> CAITLYN: Oh, finally get my
hug?"
701;2139467;2141300;">> KHLOE: Yeah, you get your hug
right now."
702;2141300;2142967;">> CAITLYN: Okay, good. Good.
>> KHLOE: Sea water under the"
703;2142967;2144900;"bridge, Cait.
>> CAITLYN: A lot of water."
704;2144900;2146900;">> KHLOE: A lot of wond...
Well, whatever."
705;2146900;2151400;"At the end of the day, I'm
always going to love Caitlyn."
706;2151400;2156166;"We might not see eye to eye all
the time-- or any of the time--"
707;2156166;2160867;"but I know Caitlyn loves me.
We're family."
708;2160867;2162900;"I think that's what family does
best."
709;2162900;2166166;"We go up and down, and...
But we are still always gonna be"
710;2166166;2168166;"there for one another.
>> CAITLYN: So happy to see you"
711;2168166;2170166;"there tonight.
>> LAMAR: Thank you."
712;2170166;2171800;">> CAITLYN: It just like...
I was crying the whole time."
713;2171800;2176567;">> LAMAR: Yeah?
>> CAITLYN: Yeah."
714;2176567;2178467;"(siren blaring)"
715;2180133;2184033;">> KOURTNEY: You know what's
crazy?"
716;2184033;2186300;"Just, we were saying, can you
believe Lamar is here?"
717;2186300;2188834;"When we left you in the hospital
in Vegas..."
718;2188834;2192400;">> LAMAR: Uh-huh.
>> KOURTNEY: ...we didn't think"
719;2192400;2198300;"we would see you again.
And we were hysterically crying"
720;2198300;2202800;"on the airplane.
We couldn't even talk."
721;2202800;2204800;"Can you believe that from that
moment..."
722;2204800;2206867;">> KHLOE: Till now.
>> KOURTNEY: ...like, we've"
723;2206867;2208934;"gotten here...
>> LAMAR: Mm-hmm."
724;2208934;2212066;">> KOURTNEY: ...to where you're
at this huge Madison Square"
725;2212066;2214200;"Garden with, like, 30,000
people?"
726;2214200;2216200;">> LAMAR: Yeah.
>> KHLOE: Like, screaming when"
727;2216200;2218300;"you walked through the door,
too."
728;2218300;2220300;">> KOURTNEY: Yeah.
>> KHLOE: That's major."
729;2220300;2222300;">> KOURTNEY: I swear that
peoples' prayers for you..."
730;2222300;2224367;">> LAMAR: Mm-hmm.
>> KOURTNEY: ...like saved your"
731;2224367;2226367;"life.
Like, the world praying for"
732;2226367;2228367;"you...
>> LAMAR: Mm-hmm, yeah."
733;2228367;2230467;">> KHLOE: I agree.
>> KOURTNEY: ...saved your life."
734;2230467;2233400;"Do you have, like, a new, like,
outlook on life?"
735;2233400;2238700;">> KHLOE: It's a great question,
Kourt."
736;2238700;2241133;">> LAMAR: Yeah.
>> KHLOE: Do you appreciate"
737;2241133;2243600;"everything, you think?
>> LAMAR: I do."
738;2243600;2246066;">> KOURTNEY: Wait. But you never
had, like, a moment where you"
739;2246066;2251000;"saw heaven and stuff like that?
>> LAMAR: No, I kept having real"
740;2251000;2257133;"dreams, in-depth dreams.
>> KOURTNEY: With people you"
741;2257133;2259133;"know and stuff?
>> LAMAR: Some people that have"
742;2259133;2261133;"passed on.
>> KOURTNEY: Oh, really?"
743;2261133;2263066;">> KHLOE: I think he went to
heaven from the conversations he"
744;2263066;2265100;"has with me.
>> KOURTNEY: Yeah."
745;2265100;2268100;">> KHLOE: And since they told me
he was basically dead."
746;2268100;2272200;">> LAMAR: I don't remember
bumping into Jesus, but..."
747;2272200;2274467;">> KOURTNEY: Maybe those people
were just with you."
748;2274467;2276467;">> LAMAR: That's what it is.
>> KHLOE: Telling you it's not"
749;2276467;2280133;"your time.
>> KOURTNEY: Yeah."
750;2280133;2282133;">> KHLOE: Telling you to stay.
>> KOURTNEY: Talking to you"
751;2282133;2296500;"and...
>> LAMAR: That's what it is."
752;2296500;2299000;">> JONATHAN: It's so peaceful
in here, I could fall asleep."
753;2299000;2301967;"This lighting is amazing.
I'm literally, like..."
754;2301967;2304066;">> KIM: Ugh. I can't believe
Scott has not texted me back."
755;2304066;2306066;"Like...
>> JONATHAN: Where is he?"
756;2306066;2307900;"How have I not seen him one day
this week?"
757;2307900;2309934;">> SIMON: He's psychotic.
>> KIM: So first of all, whole"
758;2309934;2312300;"entire plane flight, he's like,
"I'm coming, I'm excited.""
759;2312300;2313967;"And then, he was at the hotel
the first night, and he asked"
760;2313967;2315633;"Kourtney to hang out with him,
and Kourtney's like, "I'm in New"
761;2315633;2317467;"York.
Like, I want to go see my"
762;2317467;2319467;"friends."
>> SIMON: Right."
763;2319467;2321200;">> JONATHAN: But he went out
that night."
764;2321200;2322767;">> KIM: So I guess he went out.
>> SIMON: He went out that"
765;2322767;2324400;"night.
>> KIM: With his guy friends."
766;2324400;2326233;"I was, like, "Don't drink, be
good."
767;2326233;2327900;"Remember what we talked about."
So then, yesterday, he never"
768;2327900;2329934;"wrote me back.
I go, "Okay, are you rested?"
769;2329934;2332033;"'Cause you're gonna look so
handsome at the show next to"
770;2332033;2335433;"Kourt."
Nothing."
771;2335433;2337433;"Never wrote me back. Nothing.
>> LA LA: Just nothing?"
772;2337433;2339266;">> KIM: M.I.A.
>> SIMON: He went out that"
773;2339266;2341100;"night, the night before the
show."
774;2341100;2342934;"Jake's cousin saw him at
Up&Down."
775;2342934;2344600;">> JONATHAN: My friend saw him
at 1 Oak last night, too."
776;2344600;2346433;">> SIMON: I just don't
understand why Scott, like,"
777;2346433;2348266;"doesn't want to make his life
better."
778;2348266;2350100;">> JONATHAN: He's got
everything."
779;2350100;2351934;">> SIMON: Everything.
>> JONATHAN: You couldn't ask"
780;2351934;2353767;"for anything more.
It's, like, amazing."
781;2353767;2355433;">> KIM: Yeah. And he said he's
not happy inside, you know?"
782;2355433;2359734;"I can only do so much for Scott.
I can't control him and I'm not"
783;2359734;2362166;"gonna try to.
You can try so hard to help"
784;2362166;2364800;"people, but you really can't
change them."
785;2364800;2367967;"It's easier, sometimes, just to
sit back, be supportive, but let"
786;2367967;2370934;"them do what they want to do.
He just needs to figure this out"
787;2370934;2373266;"on his own.
>> LA LA: It's so sad."
788;2373266;2377100;">> SIMON: It's dark.
>> KHLOE: Lam sees a hearse and"
789;2377100;2379166;"says, "Was I supposed to be in
one of those?""
790;2379166;2381367;">> KOURTNEY: God is good.
>> LAMAR: God is great."
791;2381367;2383133;">> KHLOE: God is good, but I
kind of want him to be a little"
792;2383133;2390133;"more free.
This is, like, a second chance."
793;2390133;2392033;"♪ ♪"
794;2396133;2398033;">> CAITLYN: Ooh! Borrowing all
the magazines?"
795;2398033;2401066;">> KRIS: Oh, these are my
interior design ones."
796;2401066;2404233;">> CAITLYN: No flying magazines?
Like, airplane stuff?"
797;2404233;2408934;">> KRIS: Oh! No, but there's a
safety card here you can read."
798;2408934;2411967;">> KHLOE: I really wanted to,
like, mend that bridge with"
799;2411967;2415133;"Caitlyn and extend the olive
branch and invite her on the"
800;2415133;2418467;"plane back to L.A. with us.
>> LAMAR: How long was I in the"
801;2418467;2420133;"coma?
>> KHLOE: You were in the coma"
802;2420133;2423033;"for four days.
Lam sees a hearse and says, "Was"
803;2423033;2424734;"I supposed to be in one of
those?""
804;2424734;2428266;"But, like...
>> KOURTNEY: Yeah."
805;2428266;2431066;"No.
>> KHLOE: No, I mean, he was..."
806;2431066;2433367;">> KOURTNEY: God is good.
>> LAMAR: God is great."
807;2433367;2435367;">> KHLOE: God is good, but I
kind of want him to be a little"
808;2435367;2440000;"more free.
You're very rare."
809;2440000;2443533;"Like, bad things can happen if
you go back to that life."
810;2443533;2445633;">> KOURTNEY: Yeah, like I was
talking about it."
811;2445633;2448300;">> KHLOE: This is, like, a
second chance... for life."
812;2448300;2451734;">> KOURTNEY: Yeah.
>> LAMAR: The last time I came"
813;2451734;2454867;"to New York, my cousin was
killed."
814;2454867;2459300;"And then the day after that, I
got into a car accident..."
815;2459300;2462133;">> KHLOE: Yeah.
>> LAMAR: ...and that kid died"
816;2462133;2464367;"in front of me.
>> KHLOE: Yeah."
817;2464367;2467233;">> LAMAR: So I do.
There's a thin line between life"
818;2467233;2470367;"and death.
>> KHLOE: Yeah."
819;2470367;2473967;">> CAITLYN: How are you doing?
>> LAMAR: Good."
820;2473967;2478000;"Thanks to this lovely young
lady."
821;2478000;2480166;">> CAITLYN: Well, she certainly
was there for you."
822;2480166;2482233;">> LAMAR: Yeah.
>> CAITLYN: Yeah."
823;2482233;2487300;">> LAMAR: Khloe was showing me
some pictures."
824;2487300;2497166;"Of when I was in the hospital.
Let me see the pictures?"
825;2497166;2503066;">> KHLOE: October 14.
To get to a hospital and hear"
826;2503066;2507333;"that someone has four hours to
live and there's nothing you can"
827;2507333;2512900;"really do, it's horrible.
Lamar wasn't able to walk."
828;2512900;2516967;"He had no facial recognition.
He did not know people's names."
829;2516967;2521200;"And now Lam is walking
perfectly."
830;2521200;2523934;"High five.
Person who wasn't walking a"
831;2523934;2528100;"month and a half ago.
>> CAITLYN: Into Madison Square"
832;2528100;2530934;"Garden.
>> LAMAR: Into Madison Square"
833;2530934;2534467;"Garden, baby.
I gotta get back out there with"
834;2534467;2537633;"a ball in my hand.
>> KHLOE: When something as"
835;2537633;2540734;"tragic as this happens, it does
make you hold onto life and"
836;2540734;2543500;"think about things.
You're more in the moment and"
837;2543500;2545600;"you don't take things for
granted as much as, maybe, you"
838;2545600;2548633;"once did.
>> KRIS: Isn't my friend Melanie"
839;2548633;2552800;"nice?
>> LAMAR: The best."
840;2552800;2554800;"(Khloe laughs)
>> KHLOE: Melanie Griffith?"
841;2554800;2557000;">> KRIS: She married Don Johnson
twice."
842;2557000;2558934;">> KOURTNEY: She did?
>> KRIS: If you're lucky, that"
843;2558934;2560934;"could be you, Lamar.
Okay?"
844;2560934;2563133;">> KHLOE: Yeah. If you're lucky.
>> KOURTNEY: Wait, why did she"
845;2563133;2564600;"marry him twice?
>> KRIS: 'Cause they got a"
846;2564600;2566066;"divorce...
>> LAMAR: I'll say my prayers."
847;2566066;2567433;">> KRIS: ...and then they
decided they shouldn't be"
848;2567433;2569000;"divorced.
(Khloe laughs)"
849;2569000;2571300;"If you guys ever got married,
can we just skip the wedding"
850;2571300;2574166;"part?
>> LAMAR: No."
851;2574166;2575900;">> KHLOE: Oh. I was gonna say
"sure.""
852;2575900;2577667;"But we're definitely getting out
of this marriage, because it's"
853;2577667;2580834;"been a little tainted.
Call, call if you hear me."
854;2580834;2585033;"(laughter)
>> KOURTNEY: Just sayin', okay."
855;2585033;2586967;">> KHLOE: I'm just saying we
need to cut our ties and we can"
856;2586967;2589633;"figure it back out.
You know?"
857;2589633;2591533;">> LAMAR: Agreed."
858;2593734;2596500;">> KIM: On the next episode...
>> KOURTNEY: Did you hear that"
859;2596500;2598734;"Rob bought a house?
>> KIM: Yeah, Khloe's kind of,"
860;2598734;2600734;"like, freaked.
>> KRIS: It's his money."
861;2600734;2602333;">> KHLOE: It's not his money,
'cause I know..."
862;2602333;2604000;">> KRIS: Yes, it is.
>> KHLOE: I'm just allergic to"
863;2604000;2606166;"(bleep).
(coughs)"
864;2606166;2608867;">> KRIS: Welcome home!
>> KOURTNEY: Can I just say I"
865;2608867;2611100;"don't like this rug in here?
>> KRIS: Okay."
866;2611100;2612567;">> KOURTNEY: Let's remove the
stuff..."
867;2612567;2614233;">> KIM: Kourtney's just, like,
taking over."
868;2614233;2616900;">> KRIS: I just feel like they
had worked so hard all day and"
869;2616900;2618900;"we were just trying to...
>> KOURTNEY: What do you want me"
870;2618900;2622100;"to do, come over and lie?
 Captioning sponsored by"
871;2622100;2623500;"BUNIM-MURRAY PRODUCTIONS"