﻿Number;Start time in milliseconds;End time in milliseconds;"Text"
1;5066;7000;"♪ ♪"
2;14333;16333;">> KOURTNEY: Do you want to just
take photos, or do we want to"
3;16333;18033;"work out?
>> LARSA: We're gonna box, then"
4;18033;19600;"we're gonna take good photos.
>> TRAINER: Okay, okay."
5;19600;21166;"Minor injuries, you guys are
good?"
6;21166;24033;"No bad knees, shoulders?
>> KOURTNEY: I have a bad"
7;24033;26233;"shoulder, a bad knee and a bad
ankle."
8;26233;27734;">> KIM: I just have a bad
attitude."
9;27734;29600;">> KOURTNEY: I swear.
>> LARSA: You're in the right"
10;29600;31300;"place.
>> KOURTNEY: I had a crazy"
11;31300;33467;"workout on Saturday, and it...
>> TRAINER: Okay, so if there's"
12;33467;35467;"just certain things that you
can't do, feel free to just"
13;35467;37433;"switch off on your own, just try
not to hurt yourself."
14;37433;39266;">> KIM: Wait, Kylie should be
here."
15;39266;42233;"The Met is in one week, and she
hasn't worked out once."
16;42233;45233;">> KOURTNEY: She's 20 years old.
>> KIM: Once a year, there's the"
17;45233;47233;"Met Ball.
You know, it's a really big deal"
18;47233;51133;"to be invited, it's an honor.
And that's something that I"
19;51133;54600;"really look forward to
attending."
20;54600;60400;">> KOURTNEY: We are making it
known today that late 30s/40s"
21;60400;88433;"is the new 18/21.
♪ ♪"
22;88433;91166;">> KOURTNEY: I'm gonna decide
about the pool table stuff."
23;91166;93033;"I just, honestly, don't use it.
>> KIM: You never use it."
24;93033;95667;">> KOURTNEY: But I, like, kind
of like having it."
25;95667;97667;"Like, what else would I put
there, you know?"
26;97667;102300;">> KIM: So, you know Alice
Johnson, the lady that I've been"
27;102300;104367;"trying to get out of jail?
>> KOURTNEY: Okay. I didn't know"
28;104367;106033;"her name.
>> KIM: It was her first time"
29;106033;109567;"offense that was non-violent,
and she got life in prison"
30;109567;114433;"without the possibility of
parole, which was really crazy."
31;114433;116100;">> KOURTNEY: How long has she
been there?"
32;116100;120166;">> KIM: 21 years.
Six months ago, I stumbled"
33;120166;124300;"across a story of Alice Marie
Johnson."
34;124300;126567;">> ALICE: My name is Alice
Marie Johnson."
35;126567;130300;"I'm a 62-year-old mother,
grandmother and"
36;130300;133333;"great-grandmother.
In less than two weeks, this"
37;133333;139700;"October 31, will mark my 21st
year of confinement in federal"
38;139700;141433;"prison.
>> KIM: I first started with"
39;141433;144433;"retweeting the story, and I just
kept on watching it over and"
40;144433;149200;"just feeling how unfair this is
and hoping that I could reach"
41;149200;153400;"out and make a difference.
You know, she's, like,"
42;153400;156467;"definitely served her time.
She didn't kill anyone."
43;156467;159667;"This is, like, a non-violent
offense, your first time, and"
44;159667;162700;"you get life without the
possibility of parole?"
45;162700;164600;"Like, that's just not fair.
We all make mistakes."
46;164600;166166;"We all (bleep) up.
>> KOURTNEY: Yeah."
47;166166;168600;">> KIM: And everyone else that
was actually dealing the drugs"
48;168600;172200;"pleaded guilty, went in jail for
a few years and got out."
49;172200;174700;"So she pleaded not guilty and
got found guilty."
50;174700;177433;"So everyone else is living their
life out of jail."
51;177433;179200;">> KOURTNEY: And you're trying
to get her out?"
52;179200;182033;">> KIM: Yeah, but the only
person that can grant her"
53;182033;185467;"clemency, which means to, like,
forgive her punishment, you"
54;185467;186700;"know...
>> KOURTNEY: Mm-hmm."
55;186700;188700;">> KIM: ...and get her out of
prison would be the president."
56;188700;191300;">> KOURTNEY: Mm-hmm.
>> KIM: My first phone call was"
57;191300;195066;"to Ivanka.
I just felt like as a woman, she"
58;195066;198734;"would really feel for this woman
the way that I connected with"
59;198734;201500;"Alice.
And she did, and she connected"
60;201500;206100;"me with her husband Jared.
So, I actually have a meeting"
61;206100;209233;"with the president of the United
States next week to discuss"
62;209233;212367;"Alice Johnson.
It's just tricky because, like,"
63;212367;215100;"they've asked me to go and talk
to Trump about why Alice should"
64;215100;217600;"get out.
And I've been so straightforward"
65;217600;220500;"with Jared that, you know, I
have different views,"
66;220500;225233;"I was at Hillary fundraisers.
So, you know, this might not be,"
67;225233;227467;"like, a popular opinion, but
I'll talk to whoever I need to"
68;227467;230233;"talk to in order to get the job
done."
69;230233;232266;">> KOURTNEY: Mm-hmm.
>> KIM: But I'm excited to go to"
70;232266;233734;"the White House, I'm not gonna
lie."
71;233734;237767;"I just want to go and see where
JFK and Jackie slept."
72;237767;239734;"I just want to touch one thing
of Jackie's."
73;239734;248166;"(chuckles)
♪ ♪"
74;248166;250533;">> KHLOE: Oh, you're feeding the
baby."
75;250533;252400;">> TRISTAN: Look at-look at
Mommy."
76;252400;255133;"Look at Mommy.
>> KHLOE: "Hi, Mama.""
77;255133;257500;"How is she doing?
>> TRISTAN: Good."
78;257500;260233;"We just started.
>> KHLOE: Aw..."
79;260233;262567;""Hi, Mama." I miss you.
>> TRISTAN: "I miss you, too,"
80;262567;264433;"Mommy."
>> KHLOE: What did you dress her"
81;264433;267000;"in?
>> TRISTAN: She's got a little"
82;267000;269367;"morning gown on.
>> KHLOE (chuckles): Oh, wow."
83;269367;273133;"This is my very first day back
at work, um, ever since being on"
84;273133;276000;"maternity leave.
Okay, well, thank you for being"
85;276000;279233;"such a good dad with her.
>> TRISTAN: All righty."
86;279233;281400;">> KHLOE: Okay, babe, I'll check
on you in a little bit."
87;281400;284000;">> TRISTAN: All right.
>> KHLOE: Okay, bye."
88;284000;287700;"Good American is definitely one
of my other babies, but it's"
89;287700;291600;"crazy 'cause all I can do is
think about True and wanting to"
90;291600;295200;"be with her, and "what am I
missing?" and just everything."
91;295200;301200;"I really hate that I'm not home.
You both are coming to the trip?"
92;301200;303700;">> ANDREW: We're just going in,
flying in to New York and then"
93;303700;307333;"we're flying into Seattle?
>> KHLOE: I think so."
94;307333;311166;"We are launching Good American
activewear in New York, in"
95;311166;315567;"Seattle, but I have a ton of
anxiety thinking about spending"
96;315567;319200;"a night away from True.
I know she's gonna be at home"
97;319200;322667;"with her dad and in the best
place possible."
98;322667;327300;"She's just not with me.
How cute is this?"
99;327300;329600;"It's how I monitor the baby.
(laughs)"
100;329600;331300;"I'm spying.
>> MODEL: That's dangerous."
101;331300;333200;"I want that (bleep).
>> KHLOE: Yeah, but I feel bad."
102;333200;334700;">> WOMAN: Does he know you can
watch?"
103;334700;336433;">> KHLOE: Mm...
>> MODEL: (laughs) That'll be a"
104;336433;338066;""no" then?
>> HAIRSTYLIST: That'll be a"
105;338066;339500;""no."
>> KHLOE: Well..."
106;339500;341400;">> MODEL: Whoo!"
107;344066;345767;"♪ ♪"
108;350333;352567;">> KIM: Kourt?
>> KOURTNEY: I'm in the closet."
109;352567;355467;">> KIM: Hi.
>> KOURTNEY: Wait, I thought you"
110;355467;357700;"were on a plane, 'cause I
thought you were going to meet--"
111;357700;360467;"going to Washington, D.C.
>> KIM: I know, I was supposed"
112;360467;363066;"to, and then it got canceled.
>> KOURTNEY: What got canceled?"
113;363066;366100;">> KIM: Last minute, my meeting
with Trump."
114;366100;368166;">> KOURTNEY: Oh. On their end?
>> KIM: Yeah."
115;368166;371467;">> KOURTNEY: Okay.
>> KIM: So it's been, like, just"
116;371467;374500;"literally, I was, like, ready to
go, plane ready, attorneys"
117;374500;377767;"ready.
When I came on board trying to"
118;377767;382633;"help Alice grant clemency for
herself, she had a team of"
119;382633;387133;"attorneys that have been helping
her for, you know, a decade."
120;387133;391233;"You know, the whole team really
worked hard on getting letters"
121;391233;395367;"from senators and politicians.
We got the help of the"
122;395367;400200;"prosecutor, and there was
misinformation in her file that"
123;400200;403767;"wasn't even true about her case,
and so we had to correct all of"
124;403767;405767;"that.
So there was so many different"
125;405767;410500;"hurdles, and now the meeting
gets canceled because we need a"
126;410500;413700;"little bit more support.
>> SHAWN: Okay, so I had a"
127;413700;416400;"conference call this morning
with the team."
128;416400;418633;"They are saying that they want a
thousand letters."
129;418633;421000;">> KIM: A thousand letters?
>> SHAWN: Yeah."
130;421000;422767;"And we already submitted a bunch
of letters."
131;422767;427000;"So I guess the question for
Jared is: how many letters do we"
132;427000;430000;"really need, and where would
these letters need to come from?"
133;430000;433266;">> KIM: Okay. Got it.
Things keep moving and changing,"
134;433266;437133;"and it's all really frustrating.
But I definitely don't want to"
135;437133;440500;"let Alice down, so it just
pushes me even more to want to"
136;440500;442500;"fight for her.
All right, I'm gonna e-mail"
137;442500;445033;"Jared now.
"Who-- how many letters,"
138;445033;447433;"realistically, and who from?"
>> SHAWN: And don't forget to"
139;447433;449367;"remind him about all the letters
that we sent already."
140;449367;451433;">> KIM: Totally. Okay, bye.
>> SHAWN: Okay, bye."
141;451433;453300;">> KOURTNEY: Penelope was-- has
a question."
142;453300;455533;">> KIM: Okay.
>> KOURTNEY: She wants to know"
143;455533;458400;"if she can go with you to pick
up North from school."
144;458400;460066;">> KIM: Yeah, but I don't have
another car seat."
145;460066;461734;"Can they put one of her car
seats in my car?"
146;461734;465333;">> KOURTNEY: Yeah.
>> KIM: Oh, perfect."
147;465333;467233;"♪ ♪"
148;472533;476333;"(ringtone playing)
Hold on, sorry."
149;476333;480433;"It's really important.
Hey, babe."
150;480433;483667;"Just in the middle of
interviews."
151;483667;489600;"What?
I didn't know you were going."
152;489600;492133;"You told me you weren't going,
so you said it wasn't happening,"
153;492133;494066;"and then you called me and said,
"I'm here. Bye.""
154;494066;496700;"And I tried calling you, and you
didn't have your phone on."
155;496700;500567;"You weren't answering, so...
Okay. Bye."
156;500567;508700;"right
now."
157;508700;512567;">> KRIS: So, I'm going to do
today, and of"
158;512567;516233;"course something always happens.
So, Kim and Kanye called me."
159;516233;518300;">> COREY: Mm-hmm.
>> KRIS: And they said I just"
160;518300;522033;"can't be the person talking
about Kanye, so Kanye and Kim"
161;522033;526200;"called me and said, "Listen, you
got to cancel Ellen.""
162;526200;529467;"I said, "Well, I wouldn't do
that."
163;529467;533734;"I'm not gonna cancel Ellen."
And they said, "Well, you're"
164;533734;536633;"just not the person who's
qualified to talk about Kanye.""
165;536633;540266;"Like, "You'll just make it
worse.""
166;540266;542333;"I just want to make everything
better, you know me."
167;542333;547100;"I want everybody to get along,
I want everybody to be happy."
168;547100;550233;"I want everybody to understand
one another."
169;550233;554200;"Communicate.
Even though Kanye went on TMZ"
170;554200;558000;"this morning and made some
controversial comments, you"
171;558000;564400;"know, my loyalty really lies
with Kanye."
172;564400;568133;">> COREY: Babe, I thought this
would help ease your tension a"
173;568133;572000;"little bit.
>> KRIS: Aw, thank you, babe."
174;572000;577633;"I just can't control everybody.
>> COREY: Yeah."
175;577633;580700;">> KRIS: Thanks, babe.
>> COREY: I'll be right there"
176;580700;582600;"next to you, though."
177;585633;589633;"You'll be all right.
>> KRIS: It's really my job to"
178;589633;594567;"be there to support Kanye and be
somebody that's in his life that"
179;594567;597266;"offers him love and support,
and not criticism."
180;597266;599767;">> ELLEN: We're gonna get this
out of the way, 'cause I think"
181;599767;602233;"people are-are tuning in, and
they are thinking you're gonna"
182;602233;604266;"just-- that we're gonna talk
about Kanye the whole time, and"
183;604266;606400;"we're not.
>> KRIS: Kanye always does"
184;606400;609000;"things with really good
intentions."
185;609000;612133;"So I'm gonna let him explain
himself."
186;612133;614533;">> ELLEN: Okay.
>> KRIS: I just keep rolling on."
187;614533;617100;"Trying to keep up.
>> ELLEN: Yeah, with the"
188;617100;618500;"Kardashians.
>> KRIS: With the Kardashians."
189;618500;621533;">> ELLEN: Yeah.
(cheers, applause)"
190;621533;625533;">> KIM: I'm in New York for the
Met, and there's so much going"
191;625533;632033;"on with Alice's case and Kanye,
but I am so excited to be here."
192;632033;634033;">> JONATHAN: Um, how's Kanye
doing?"
193;634033;636700;">> KIM: When he gets ramped up,
he can't control what he says."
194;636700;639266;">> JONATHAN: He can't let it go.
>> KIM: He's like, "Yeah, I say"
195;639266;641200;"crazy (bleep), but I've always
said crazy (bleep)."
196;641200;648133;"But that's why I'm Kanye."
>> JONATHAN: Kanye. Right."
197;648133;650000;"♪ ♪"
198;655400;661133;">> KHLOE: Hey, guys!
(True fusses)"
199;661133;667300;">> KRIS: Hi! Oh!
Guess who I get?"
200;667300;672567;"Oh, little missy.
>> KHLOE: Uh-oh."
201;672567;677033;">> KRIS: Hey, Mase.
Are you excited about the trip?"
202;677033;680033;">> KHLOE: I am really-- I have a
lot of, like, anxiety about"
203;680033;682734;"being away from her for this
long."
204;682734;684233;">> KRIS: Yeah.
(True cries)"
205;684233;689033;">> KHLOE: Aw, she's tired.
I know, Mama. It's time."
206;689033;692100;">> KRIS: I feel bad that Khloe's
a little bit stressed out right"
207;692100;695200;"now; she's a new mom.
She's just figuring out"
208;695200;697734;"motherhood.
It's hard leaving your first"
209;697734;701467;"baby, so it's gonna take a
little bit of creativity to keep"
210;701467;706333;"her mind off of what she's left
behind at home and on her Good"
211;706333;709100;"American launch.
>> KHLOE: I love you guys."
212;709100;712533;"I'm gonna go put her down for a
nap and hang out with her."
213;712533;716066;">> KRIS: Somebody's getting
tired."
214;716066;718066;">> COREY: Call if you need
anything."
215;718066;721467;">> KHLOE: Thank you.
Say, "Bye, Mama.""
216;721467;723400;"♪ ♪"
217;739600;742467;">> KIM: Ooh, fancy.
>> JONATHAN: Did they send this?"
218;742467;745333;">> KIM: Oh, my God!
Look at those pillows!"
219;745333;748567;"Oh, my God, I have to use this
on my bed for the trip."
220;748567;753233;">> JONATHAN: 100%. For the vibe.
>> KIM: I'm in New York for the"
221;753233;758767;"Met, and, you know, there's so
much going on with Alice's case"
222;758767;763500;"and Kanye, but here is what I've
realized: I'm always gonna be"
223;763500;767500;"me, so I could be, you know,
getting ready for this big"
224;767500;770633;"fashion event, doing a new
shoot, doing whatever I--"
225;770633;773633;"and still making calls to the
White House, like, that's just"
226;773633;778100;"me, it's who I am, and it is
what it is."
227;778100;779367;">> JONATHAN: I love it!
It looks so..."
228;779367;782166;">> KIM: "I can't wait to see
you, Donatella.""
229;782166;787100;">> JONATHAN: That's the note
we've been waiting for."
230;787100;790734;"Um, how's Kanye doing?
>> KIM: He's doing good."
231;790734;795734;"Everyone thinks he's, like,
having a breakdown or, like..."
232;795734;797533;">> SIMON: Because of the TMZ
thing?"
233;797533;799734;">> KIM: And just because of his
tweets."
234;799734;802734;">> JONATHAN: Well, TMZ was wild.
>> KIM: When I saw the clip, I"
235;802734;805667;"was like, okay, I rushed home.
I was hysterically crying."
236;805667;809400;"So I go home...
he's totally fine."
237;809400;811266;"The thing is, when he gets
ramped up..."
238;811266;813400;">> JONATHAN: He has to do it.
>> KIM: He can't control what he"
239;813400;815266;"says.
>> JONATHAN: He can't let it go."
240;815266;818266;"He can't let it go.
>> KIM: But he loves being"
241;818266;821266;"ramped up.
He's like, "I feel powerful when"
242;821266;824467;"I'm ramped up, like, I don't
want to be, like, so suppressed."
243;824467;827033;"Like, yeah, I say crazy (bleep),
but I've always said crazy"
244;827033;829133;"(bleep).
But that's why I'm Kanye.""
245;829133;832300;">> JONATHAN: Kanye. Right.
>> KIM: You know, I-I always"
246;832300;835500;"know what Kanye's intentions are
and what he's trying to say, but"
247;835500;838700;"I also know that they're gonna
write a headline, and people are"
248;838700;842433;"gonna assume that that's exactly
what you meant, you know."
249;842433;844433;"But all the headlines just
took..."
250;844433;846166;">> PRODUCER: They take the sound
bite and do whatever."
251;846166;849500;">> KIM: Yeah, that, as a wife,
is really frustrating to see the"
252;849500;854300;"media take everything and run
with it."
253;854300;856734;">> JONATHAN: Should we pop the
champagne?"
254;856734;860066;"Do you even drink champagne
anymore, ever?"
255;860066;862567;"Kim, did you ever drink
champagne?"
256;862567;864700;">> SIMON: Kim, are you a
champagne drinker?"
257;864700;866734;">> KIM: I hate champagne.
>> JONATHAN: So do I."
258;866734;869200;"People love it.
>> KIM: Hate it."
259;869200;871133;">> SIMON: Too much sugar.
I actually stopped drinking"
260;871133;874000;"everything for nine months.
>> JONATHAN: What do you mean by"
261;874000;875767;""everything"?
>> SIMON: So no sugar, no pot,"
262;875767;877734;"no drinking.
>> KIM: So I'll just..."
263;877734;880233;">> SIMON: Yeah, die. Yeah.
(Kim laughs)"
264;880233;882133;"♪ ♪"
265;888200;892667;"(crowd screaming)
>> KHLOE: My Good American"
266;892667;897333;"launch, we're starting in Times
Square of New York City, and I"
267;897333;900200;"took a red-eye, and I'm gonna be
here less than the amount of"
268;900200;904633;"time it took me to fly to New
York."
269;904633;907367;">> EMMA: Good morning, my
gorgeous!"
270;907367;909367;"How amazing did it look outside?
>> KHLOE: So (bleep) good."
271;909367;911100;">> EMMA: There's so many people
out there."
272;911100;913000;"They were camping out from last
night-- I'm dying."
273;913000;915033;">> KHLOE: I'm so excited.
It's lovely."
274;915033;918633;"Hi, how are you?
>> WOMAN: Two amazing women,"
275;918633;923133;"cofounders of this beautiful
collection: Khloe Kardashian and"
276;923133;925767;"Emma Grede.
(crowd cheering)"
277;925767;929033;">> KHLOE: Hi!
Good morning, New York City."
278;929033;931033;">> WOMAN: First of all, you guys
look amazing."
279;931033;933033;">> EMMA: Thank you.
>> KHLOE: Thank you."
280;933033;935033;">> WOMAN: Second of all, I have
a confession."
281;935033;937033;"We're all actually here to talk
about baby True."
282;937033;939233;">> KHLOE: Yes. Yay!
>> EMMA: Me, too."
283;939233;941700;">> KHLOE: I wish she was... I
wish you were surprising me with"
284;941700;945700;"her coming out, 'cause it was my
first time ever not sleeping,"
285;945700;947700;"like, with her last night.
>> WOMAN: Really? Oh!"
286;947700;951233;"That's so sweet.
>> KHLOE: I know."
287;951233;954367;"I know this Good American launch
is such a huge thing for my"
288;954367;958400;"company and for myself, and it's
a positive thing, but all I'm"
289;958400;960400;"thinking about is True.
Is she okay?"
290;960400;965333;"How did she sleep last night?
And so... I just feel very"
291;965333;967567;"anxious."
292;970533;973400;"(crowd clamoring)
>> KRIS: This is the fun part."
293;973400;976400;"Ah!
(laughs)"
294;976400;978433;">> KIM: Hi.
>> KYLIE: You look gorgeous."
295;978433;988200;">> KIM: Oh, thank you.
(crowd screaming)"
296;988200;991133;"(knock on door)
>> KHLOE: Oh."
297;991133;999233;"Hello?
Oh, my God!"
298;999233;1002300;">> KIM: I am so excited to be in
Wyoming for Kanye's listening"
299;1002300;1004333;"party.
It was all such a last-minute"
300;1004333;1006633;"thing.
>> CHRIS ROCK: The world"
301;1006633;1008600;"premiere of the one and only
Kanye West."
302;1008600;1010500;"(crowd cheering)"
303;1015100;1016767;"♪ ♪"
304;1028567;1033166;">> KIM: Okay, one hour, guys.
(ringtone playing)"
305;1033166;1035600;"Oh, my God, Jared Kushner's
calling me."
306;1035600;1040734;"Hello?
Good, how are you?"
307;1040734;1042600;"(gasps)"
308;1045467;1048767;"(mouthing)
Okay. Amazing."
309;1048767;1053600;"So the White House has agreed
to set up a meeting, and that"
310;1053600;1059066;"makes me so happy because I just
know that explaining what Alice"
311;1059066;1061767;"has been through, I feel like,
how could you not feel for her"
312;1061767;1068500;"and see her, like, pure soul and
have sympathy for her?"
313;1068500;1070533;"All right, I'll talk to you
then."
314;1070533;1073200;"Thank you.
All right, perfect."
315;1073200;1077467;"Have a good night. Bye.
>> PRODUCER: This is so"
316;1077467;1079266;"exciting!
>> KIM: I know."
317;1079266;1082000;"I don't want to get too excited.
>> PRODUCER: I know, I know."
318;1082000;1083500;">> KIM: But I feel like it's
gonna happen."
319;1083500;1087033;">> PRODUCER: Yeah, it sounded
very promising."
320;1087033;1089767;">> KIM: Ten minute warning.
>> PRODUCER: Guys, we really"
321;1089767;1093233;"have to be in the car; should we
just finish the rest in the car?"
322;1093233;1095100;">> STYLIST: Yeah, I'm done, I'm
done."
323;1095100;1098033;">> PRODUCER: On the way there.
(ringtone playing)"
324;1098033;1100300;">> KIM: Hello?
>> KYLIE: It's so crazy here,"
325;1100300;1103166;"actually, there's just a lot of
people outside."
326;1103166;1107033;"(crowd cheering)
>> ALEXANDER WANG: Do you have"
327;1107033;1111433;"also, the one with the stone on
the leg?"
328;1111433;1116100;"Wow, the black is everything!
>> STYLIST: You want to see how"
329;1116100;1118133;"the other one looks as well?
>> KYLIE: We can do it."
330;1118133;1119500;">> STYLIST: Love it.
>> ALEXANDER WANG: Yeah, I"
331;1119500;1121233;"agree.
>> KYLIE: Also, my stomach is"
332;1121233;1123400;"like... so hungry.
(laughter)"
333;1123400;1126667;"(overlapping chatter)
>> KYLIE: Oh."
334;1126667;1131266;"That's pretty, too.
So good."
335;1131266;1133567;"This is my favorite look,
by the way."
336;1133567;1139700;"(laughter)
♪ ♪"
337;1139700;1145033;">> MAN: Beautiful.
>> KRIS: This is the fun part."
338;1145033;1148033;"Ah!
(laughs)"
339;1148033;1151400;"It's when I can't talk anymore
for the rest of the night."
340;1151400;1154400;">> KENDALL: Oh, my God, my mom
is so cute."
341;1154400;1158400;">> MAKEUP ARTIST: Oh, God!
She's so cute."
342;1158400;1160000;">> CREW: Should we call the
elevator?"
343;1160000;1161133;">> KIM: Yep.
>> CREW: You good?"
344;1161133;1164600;">> KIM: Yep.
Hi."
345;1164600;1167700;">> KYLIE: You look gorgeous.
>> KIM: Oh, thank you."
346;1167700;1169600;"(crowd screaming)"
347;1177433;1181233;"My mom looks beautiful.
Cutie."
348;1181233;1184033;"Her hair looks good.
>> MAN: Can you stop slow?"
349;1184033;1188066;">> KIM: We can open it.
>> MAN: Oh, there? Okay."
350;1188066;1190300;"♪ ♪"
351;1193200;1196734;">> KENDALL: You guys rock.
Thank you."
352;1196734;1201700;">> WOMAN: Go, girl. Have fun.
(crowd shouting)"
353;1201700;1204066;"♪ ♪"
354;1217600;1220000;"♪ ♪"
355;1229533;1232333;">> KHLOE: Hi, how are you?
Khloe. Nice to see you."
356;1232333;1234400;">> MAN: Very nice to meet you.
Come on in. I'll walk you up."
357;1234400;1237333;">> KHLOE: Thank you.
I'm in Seattle for a Nordstrom's"
358;1237333;1240533;"appearance.
(line ringing)"
359;1240533;1243734;"Hi!
Hi, girl."
360;1243734;1247633;"You're so cute, Mama.
I miss you!"
361;1247633;1250367;"We're not gonna smile?
You just don't like to talk to"
362;1250367;1253266;"me on FaceTime?
Only Tristan she likes on"
363;1253266;1256233;"FaceTime.
Send me more pictures later, and"
364;1256233;1258500;"I hope you guys have a good
evening."
365;1258500;1261433;"Bye! Bye, Mama.
I love you."
366;1261433;1263433;"(phone beeps)
(knocking)"
367;1263433;1271633;"Oh. Hello?
Oh, my God!"
368;1271633;1275033;">> JAKE: Have you gotten any
advice about talking to Trump?"
369;1275033;1277433;">> KIM: No.
I don't know if anyone can give"
370;1277433;1279433;"you advice.
>> JAKE: (laughs) Yeah."
371;1279433;1281633;"That's probably true.
>> KIM: We have one shot to"
372;1281633;1285567;"plead our case.
It's a really scary feeling."
373;1285567;1288400;">> SHAWN: If he does this,
that's major."
374;1288400;1290333;">> JAKE: It's major."
375;1295133;1300066;"(knocking)
>> KHLOE: Hello?"
376;1300066;1303133;"Oh, my God!"
377;1305433;1309600;"Pierre?
Oh, my God!"
378;1309600;1321667;"(laughing)
Oh, my God."
379;1321667;1327567;"I've missed you.
Pierre is the mime that I found"
380;1327567;1330667;"for my mom.
>> KRIS: No, no, that's not for"
381;1330667;1333500;"sale.
Stop it."
382;1333500;1338367;"I-- No, no, no, no.
>> KHLOE: Oh, there's Kris."
383;1338367;1340700;">> KRIS: Pierre!
>> KHLOE: Mom, this was not..."
384;1340700;1342700;">> KRIS: Thank you very much.
>> KHLOE: ...really what we"
385;1342700;1345500;"expected.
This is wild."
386;1345500;1347600;">> KRIS: I just wanted you to
have a laugh."
387;1347600;1350166;"I know this is a-a really
stressful tour."
388;1350166;1352433;">> KHLOE: Well, when I saw
Pierre, I started jumping and"
389;1352433;1356166;"hugging him, so we're good.
>> KRIS: (laughs) I'm so happy."
390;1356166;1358333;"That makes me happy that it made
you smile."
391;1358333;1361300;">> KHLOE: The fact that
instantly when I see Pierre I"
392;1361300;1364600;"have, like, this surge of
energy, I really, really love"
393;1364600;1367433;"this stupid mime.
Oh. No, Pierre."
394;1367433;1370300;"Come on, guys.
We're going to have fun."
395;1370300;1373066;"How is this happening?
(Andrew laughs)"
396;1373066;1375066;">> HRUSH/ALEXA/ANDREW: Hi!
>> ANDREW: We're going to the"
397;1375066;1377066;"pier.
>> ALEXA/ANDREW: With Pierre."
398;1377066;1379767;">> KHLOE: Okrrr.
(camera clicks)"
399;1379767;1382233;"(laughs)
No, no, no."
400;1382233;1385367;"Just one.
>> ANDREW: Oh, my God."
401;1385367;1388200;"(Khloe laughing)
>> ALEXA: Whoa, I'm getting"
402;1388200;1391066;"nauseous.
>> KHLOE: Hanging out with"
403;1391066;1394333;"Pierre is honestly just
hysterical, and I can't stop"
404;1394333;1397200;"laughing and just having the
best time."
405;1397200;1400100;"This is just the medicine I
need."
406;1400100;1402667;"No, no, no. I don't like the
Ferris wheel."
407;1402667;1406333;"Come on.
Pierre! Not today!"
408;1406333;1409000;"(Andrew and Alexa laugh)
Pierre!"
409;1409000;1412100;"(laughs): Pierre.
Pierre."
410;1412100;1423500;"Hello! Hi!
♪ ♪"
411;1423500;1428033;"(indistinct chatter)
>> KIM: I am so excited to be in"
412;1428033;1430533;"Wyoming for Kanye's listening
party."
413;1430533;1432567;"It was all such a last-minute
thing."
414;1432567;1437300;"But I feel like, after TMZ,
Kanye's changed his whole album."
415;1437300;1441367;"And I'm just excited so many
people came out to support."
416;1441367;1444667;"Kanye is doing press while he's
here in Wyoming, so he's gonna"
417;1444667;1448667;"have a chance to talk to
Charlamagne and just express how"
418;1448667;1452767;"he feels.
So I'm glad that now we can just"
419;1452767;1458533;"have fun and just listen to the
music and have a good time."
420;1458533;1460667;">> CHARLAMAGNE: When people see
you running around in the-the"
421;1460667;1463667;"Make America Great Again hat,
your bl-- your blackness will be"
422;1463667;1465000;"questioned.
>> KANYE: Yeah, see, that's..."
423;1465000;1466166;">> CHARLAMAGNE: When you out
here saying you love Trump, your"
424;1466166;1468200;"blackness will be questioned.
Especially a guy that's directly"
425;1468200;1471400;"trying to oppress us, trying to
marginalize us."
426;1471400;1473200;">> KANYE: I'm not saying the
policies."
427;1473200;1477000;"I'm talking about the fact that
this person was not supposed to"
428;1477000;1479000;"do that.
How many times do you hear"
429;1479000;1482667;"somebody say, "Everybody hates
Trump," right?"
430;1482667;1485300;"I got love.
I'm leading with love."
431;1485300;1487533;"That's my main message that's
getting clouded."
432;1487533;1490200;"It's like, nah, why don't we
step forward with love?"
433;1490200;1492200;"Why don't we see what we can do
with love?"
434;1492200;1494600;"'Cause it seem like we not
getting too much done with hate."
435;1494600;1498333;">> KIM: I obviously support him
and will always, but he likes to"
436;1498333;1505200;"speak for himself and I like to
speak for myself."
437;1505200;1508433;"You know, as his wife, I just
have to express how I feel and"
438;1508433;1513567;"have those private conversations
with him and just help him"
439;1513567;1520600;"better communicate what he
really means to say."
440;1520600;1523333;">> CHRIS ROCK: All right, ladies
and gentlemen, welcome!"
441;1523333;1525767;"I hope everybody's appreciating
what's going on."
442;1525767;1528767;"This-this is-- this is not done
every day."
443;1528767;1534033;"The world premiere of the latest
opus from the one and only Kanye"
444;1534033;1538333;"Ye.
(crowd cheering)"
445;1538333;1540600;"♪ ♪"
446;1546467;1548333;"♪ ♪"
447;1562133;1568500;"♪ ♪
>> KIM: Today is the day we"
448;1568500;1572333;"present the case to the
president at the White House."
449;1572333;1574667;">> JAKE: You guys nervous?
>> KIM: I'm a little bit"
450;1574667;1578100;"nervous, but I feel like this
watch is Jackie O's that I got"
451;1578100;1584567;"on auction, so I feel very...
Got the Kennedy..."
452;1584567;1586767;"Hopefully, not the Kennedy
curse."
453;1586767;1589367;"I've got the Kennedy strength...
with me."
454;1589367;1591633;">> SHAWN: Yeah.
>> JAKE: Have you gotten any"
455;1591633;1594667;"advice about talking to Trump?
>> KIM: No."
456;1594667;1597033;">> JAKE: No?
>> KIM: I don't know if anyone"
457;1597033;1599100;"can give you advice.
>> JAKE: (laughs) Yeah."
458;1599100;1601667;"That's probably true.
>> KIM: My thing is, I might not"
459;1601667;1605500;"know a whole lot about the laws
and prison reform, but that's"
460;1605500;1608000;"why Shawn is here...
(Shawn laughs)"
461;1608000;1611000;"...and, you know, to kind of
talk about just more of the"
462;1611000;1613133;"details of her case.
>> SHAWN: Yeah. Yeah."
463;1613133;1617433;"Yeah, if he does this, that's
major."
464;1617433;1619467;">> JAKE: It's major."
465;1621133;1624066;">> KIM: We're literally just
about to pull up."
466;1624066;1626734;"I've never been to the White
House before."
467;1626734;1631000;"I'm excited, I'm nervous.
I know we have one shot to plead"
468;1631000;1634567;"our case.
Knowing that someone's life is"
469;1634567;1638734;"in my hands-- it's a really
scary feeling."
470;1638734;1649300;"We have to just do justice by
Alice."
471;1649300;1652333;"Like Jared said, "I've seen it
go."
472;1652333;1656567;"I can only give a 99%, and we're
as close as 99%" is what Jared"
473;1656567;1659333;"said.
But he's like, "I can never give"
474;1659333;1668100;"100% because you never know what
he might do.""
475;1668100;1672066;"♪ ♪
(line ringing)"
476;1672066;1677233;">> KIM: Hello?
Hey, I just walked out."
477;1677233;1679433;">> WOMAN: He was like...
>> SHAWN: Thank you."
478;1679433;1681600;">> KIM: Bye.
Thank you so much."
479;1681600;1683500;"It was good.
I mean, I think it's..."
480;1683500;1685567;"I mean, I think it's gonna
happen."
481;1685567;1687567;"I don't know.
>> SHAWN: It does seem like it,"
482;1687567;1689467;"right?
>> KIM: But it's, like, a"
483;1689467;1691467;"process.
Wait, wait. Wait, babe."
484;1691467;1693633;"I have these people on the
phone."
485;1693633;1696567;"I'll call you right back.
>> SHAWN: Hi."
486;1696567;1698767;">> KIM: Hi.
>> BRITTANY: Hi. Hi."
487;1698767;1701233;">> KIM: Okay, so, we think it
went really, really well."
488;1701233;1703567;">> BRITTANY: Great.
>> SHAWN: So, when we walked in,"
489;1703567;1707233;"he was finishing up a meeting
with Jeff Sessions, John"
490;1707233;1711066;"Kelly...
Who else was in there?"
491;1711066;1715333;"I mean, it was just all of those
men were in there."
492;1715333;1718066;"All of those guys left, except
for John Kelly kind of hovered."
493;1718066;1720367;"And it was a lot of
chitchatting, you know."
494;1720367;1723066;"They talked a little bit about
The Celebrity"
495;1723066;1725066;"and things like
that."
496;1725066;1728133;">> KIM: A lot of Kanye talk.
"I love Kanye, I love him.""
497;1728133;1730333;"Um, "He's so great."
I mean, just, like, overly..."
498;1730333;1732400;">> SHAWN: Yes.
>> KIM: You know, 'cause Kanye"
499;1732400;1736100;"has been positive about him.
Um, but I did want to keep this"
500;1736100;1739400;"very separate from Kanye,
because I think, you know, we"
501;1739400;1741767;"just...
And he said the same thing--"
502;1741767;1744633;"that he wanted to keep this as a
completely separate"
503;1744633;1747133;"conversation.
But Jared has said that, you"
504;1747133;1750367;"know, Kanye reaching out and
speaking out has been very"
505;1750367;1752533;"positive for this.
>> SHAWN: We talked about the"
506;1752533;1756266;"fact that her codefendants--
most of them are out."
507;1756266;1758433;"They didn't like...
You know, they didn't like the"
508;1758433;1761000;"fact that she was in, and they
were out."
509;1761000;1763433;">> KIM: So he did say this is
the right thing to do."
510;1763433;1770400;"I mean, you know, 21 years for
just drugs, like, he-he... he"
511;1770400;1774100;"said that.
I just... I just hope..."
512;1774100;1776233;"Like Jared said, "I've seen it
go."
513;1776233;1779667;"I can only give a 99%, and we're
as close as 99%" is what Jared"
514;1779667;1782533;"said.
But he's like, "I can never give"
515;1782533;1786500;"100% because you never know what
he might do.""
516;1786500;1788600;"♪ ♪"
517;1793033;1795667;">> KHLOE: We are here at
Nordstrom Seattle, and we are so"
518;1795667;1799133;"excited.
This is crazy."
519;1799133;1802400;">> EMMA: This is so nuts.
>> KHLOE: Oh, my God!"
520;1802400;1805200;"And look at the photos!
>> EMMA: So crazy!"
521;1805200;1807200;">> KHLOE: Emma, they said you
could walk on it."
522;1807200;1809734;"Look at these assholes,
sitting on my (bleep) face."
523;1809734;1814567;"Okay, guys.
I know, it's your dream."
524;1814567;1818266;"Good morning, everybody.
>> GUNNAR: Three, two, one."
525;1818266;1820567;"20 jumping jacks.
Let's go."
526;1820567;1824600;">> KHLOE: The rooftop event just
looks so powerful, and it makes"
527;1824600;1827266;"such a statement, and it's so,
so cool."
528;1827266;1833033;"A very "pinch me" moment.
I will say I'm super thankful"
529;1833033;1836633;"for my mom and Pierre.
He kept me so distracted when I"
530;1836633;1841700;"was super anxious about leaving
True, and I just got to laugh"
531;1841700;1845066;"and have a really good time.
It's just been a really great"
532;1845066;1847367;"experience.
Hi!"
533;1847367;1849567;"(crowd screaming, shouting)
Oh, my God, hi!"
534;1849567;1852700;"Oh, hi!
That's so nice."
535;1852700;1855367;">> EMMA: Sorry, love.
Can I get through?"
536;1855367;1857734;">> KHLOE: Oh, hi.
How... Are you driving?"
537;1857734;1862100;"Oh, my God!
I didn't know you were driving."
538;1862100;1864000;"♪ ♪"
539;1873667;1876066;">> FEMALE VOICE: Please announce
yourself."
540;1876066;1878367;">> KIM: Hi. Hi, guys.
It's Kim."
541;1878367;1880734;">> SHAWN: Kim!
Hi, Kim!"
542;1880734;1885367;"Oh, my God, Kim!
>> KIM: This is so crazy."
543;1885367;1888100;">> SHAWN: You did it.
Oh, my gosh."
544;1888100;1890767;"did it.
I'm at a shoot, so I cannot cry,"
545;1890767;1893266;"but...
>> SHAWN: (laughs) Oh, I'm"
546;1893266;1897500;"already doing it.
>> KIM: But this is so crazy."
547;1897500;1900000;">> SHAWN: You did it.
Oh, my God!"
548;1900000;1902066;">> KIM: I cannot believe we
pulled this off."
549;1902066;1904333;">> SHAWN: I can't believe it.
You made this happen."
550;1904333;1906667;"There was no way this would have
happened without you."
551;1906667;1909633;"Hello?
>> BRITTANY: Hi. It's Brittany."
552;1909633;1912200;">> SHAWN: Hi, Brittany.
>> KIM: Hi, Brittany."
553;1912200;1914500;">> BRITTANY: Hi. Who's on?
>> KIM: It's Kim and Shawn."
554;1914500;1916667;">> SHAWN: Shawn and Kim and
Jennifer."
555;1916667;1918667;">> JENNIFER: Hey. Hey, y'all.
Okay, one second."
556;1918667;1921133;"I'm trying to take a deep breath
so I don't jack this all up."
557;1921133;1923433;"Okay.
I'm okay."
558;1923433;1926400;"Okay.
>> KIM: One of the attorneys."
559;1926400;1931300;"All of her attorneys.
>> BRITTANY: Ms. Alice?"
560;1931300;1936300;">> ALICE: Hello?
>> BRITTANY: Yeah, I'm here."
561;1936300;1940100;">> KIM: Ms. Alice?
>> ALICE: Yes?"
562;1940100;1943400;">> JENNIFER: That's Kim.
>> ALICE: This is Kim!"
563;1943400;1946000;">> SHAWN: It's Kim.
>> ALICE: Hi, Kim!"
564;1946000;1949233;"How you doing?
Angels, my war angels."
565;1949233;1951567;">> KIM: I cannot believe it.
We did it."
566;1951567;1954500;">> ALICE: Huh?
>> KIM: We-we did it."
567;1954500;1956533;">> ALICE: What happened?
>> KIM: We did it."
568;1956533;1959433;"You don't know?
>> SHAWN: No, she doesn't"
569;1959433;1961433;"know.
You're telling her the news."
570;1961433;1963600;">> KIM: Oh, my gosh!
Alice, you're out."
571;1963600;1968166;">> ALICE: Yes?
(screams, laughs)"
572;1968166;1972533;">> SHAWN: You're coming home!
>> ALICE: Oh, bless you."
573;1972533;1977600;"(crying)
>> KIM: I can..."
574;1977600;1981166;"I-I'm sorry, I thought you knew.
Oh, my God, the news just broke."
575;1981166;1985667;"The president just called me,
and he told me that, um... that"
576;1985667;1988200;"you are out.
He signed the papers, it's been"
577;1988200;1991133;"released to the press,
everything."
578;1991133;1993467;">> SHAWN: You're coming home."
579;2004300;2010033;">> KIM: So we did it.
(women laughing)"
580;2010033;2013066;">> SHAWN: I wish we could all be
together and have a big hug."
581;2013066;2015333;">> KIM: I know.
>> SHAWN: I'm just crying in my"
582;2015333;2017700;"office.
(laughter)"
583;2017700;2022633;"Oh, my goodness.
Oh, we're all here, Alice."
584;2022633;2025333;">> ALICE: I am.
You did it, you did it, you did"
585;2025333;2028500;"it, Kim.
You didn't stop fighting."
586;2028500;2033500;"You did it.
>> KIM: Well, I am..."
587;2033500;2036300;"I'm, like, I can't cry.
I'm on set of a photo shoot, and"
588;2036300;2038734;"I have all this makeup on, and
I'm like, "Don't cry, don't cry,"
589;2038734;2041266;"don't cry."
>> ALICE: Don't cry."
590;2041266;2043600;"Please don't mess your picture
up."
591;2043600;2045767;">> KIM: But I will cry as soon
as I see you."
592;2045767;2049500;"I will... I got... I have to
come out and meet you and see"
593;2049500;2052066;"you, and the president was so
nice."
594;2052066;2054367;"He said, "You know, a lot of
people fought against this.""
595;2054367;2057600;"But he believed in you, and he
called everyone, and everyone"
596;2057600;2061233;"said you were just such an
amazing person, so he is so"
597;2061233;2066233;"happy to do it for you, and he,
uh... he was really, really"
598;2066233;2072233;"happy.
I am so grateful that we are"
599;2072233;2075533;"giving someone their life back
and giving them a second chance."
600;2075533;2079600;"And I'm just so happy for Alice.
Alice, I will connect with you"
601;2079600;2082533;"in a little bit.
I'm gonna go back to my shoot."
602;2082533;2086100;"I will connect with you, um, you
know, after you settle in with"
603;2086100;2088266;"your family.
I'll give my cell phone number"
604;2088266;2090266;"to Shawn.
If you guys, you know, want to"
605;2090266;2093000;"call me later, I'll be
available."
606;2093000;2096400;"Um, and then, you know, we'll
plan the-- I'll come down in a"
607;2096400;2099667;"few days just to give you a big
hug."
608;2099667;2103266;">> ALICE: Thank God you called
me."
609;2103266;2106433;">> KIM: Okay. Okay.
Bye, everyone. Love you."
610;2106433;2108333;">> ALICE: Bye."
611;2114233;2116533;">> NEWS ANCHOR: Breaking news.
All right, we are coming to you"
612;2116533;2119533;"live where we are now seeing
Alice Johnson, uh, being"
613;2119533;2123300;"reunited with her friends and
family after being behind bars"
614;2123300;2131133;"for 21 years.
♪ ♪"
615;2131133;2134533;">> KIM: Girls, do you know why
we're going to Tennessee?"
616;2134533;2136700;">> NORTH: Why?
>> KIM: We are going to meet a"
617;2136700;2141533;"woman named Ms. Alice Johnson.
We have to go meet Ms. Alice"
618;2141533;2145266;"because Mommy and Shawn helped
her get out of jail."
619;2145266;2150700;"She was in jail for 20, almost
22 years."
620;2150700;2154000;"So, Alice and I have been
discussing when we're gonna meet"
621;2154000;2156533;"face-to-face.
Like, we have to meet, we have"
622;2156533;2159667;"to connect.
We have to just give each other"
623;2159667;2163700;"a big hug.
Just that video of seeing Alice"
624;2163700;2169033;"run out of prison and get to her
family and hug everyone was just"
625;2169033;2172700;"such a satisfying moment.
Just to know that she's been"
626;2172700;2177300;"behind bars for 22 years, and
she's now home."
627;2177300;2181033;"It's really amazing.
I think, honestly, for the first"
628;2181033;2183333;"one, it couldn't have gone
better."
629;2183333;2185433;">> SHAWN: Yeah.
>> KIM: And that's what, like,"
630;2185433;2188033;"so many people don't get.
Like, this has nothing to do"
631;2188033;2190200;"with politics.
Like, (bleep) politics."
632;2190200;2193166;"I don't really know anything.
This just has to do with, get in"
633;2193166;2197033;"front of the person that is the
only person in the world that"
634;2197033;2199433;"can make this decision...
>> SHAWN: Right. Right."
635;2199433;2202066;">> KIM: ...and try to change
their mind."
636;2202066;2204000;"♪ ♪"
637;2207200;2213066;"Oh, look at everyone in the
window."
638;2213066;2215367;"This is exciting.
Shawn, do you want to come with"
639;2215367;2217266;"me?"
640;2224467;2226367;"(Alice screams, laughs)"
641;2229066;2232200;">> KIM: I'm so happy to meet you
and to hug you."
642;2232200;2235100;">> ALICE: Oh, my God.
>> KIM: I can't wait to meet"
643;2235100;2238600;"your family.
>> ALICE: Oh, my God, Kim."
644;2238600;2243633;"You never gave up.
And you did it! You did it."
645;2243633;2247066;"You did it! (laughs)
>> KIM: This is Shawn."
646;2247066;2249266;"You have to meet Shawn.
>> ALICE: Hi, Shawn."
647;2249266;2251266;">> SHAWN: Hi.
>> KIM: She helped me with"
648;2251266;2253200;"everything."
649;2255633;2257500;"(Alice crying)"
650;2259133;2262100;"We're so happy to be here.
I want to meet your whole"
651;2262100;2265500;"family.
She just is the sweetest person,"
652;2265500;2270500;"and it's so great just to see
her back with her family."
653;2270500;2273000;"Oh, my gosh.
Nice to meet you."
654;2273000;2274767;">> WOMAN: Thank you so much,
Kim."
655;2274767;2276767;">> ALICE: This is my sister
Thelma."
656;2276767;2279000;">> KIM: How many sisters do you
have?"
657;2279000;2281533;"(all laughing)
>> ALICE: His sister."
658;2281533;2284633;">> KIM: Hi.
>> ALICE: This is their mother,"
659;2284633;2288367;"Tammy, my niece.
>> KIM: Hi."
660;2288367;2291567;">> ALICE: My nephew, Randall.
>> KIM: Hi. How are you?"
661;2291567;2294567;">> ALICE: My niece, Sherry.
These two are singers."
662;2294567;2297700;">> KIM: Hi. Oh, wow.
She has her life back."
663;2297700;2301133;"She has a full second chance
and she's with her grandkids"
664;2301133;2305533;"and her kids and she's so
grateful."
665;2305533;2307433;"Hey, babe. Do you have a second?"
666;2310400;2313567;"Okay. Hold on.
I want you to talk to Alice."
667;2313567;2317533;"She has to say one thing.
It's really cute. Hold on."
668;2317533;2322000;">> ALICE: Hi, Kanye.
Oh, I am wonderful."
669;2322000;2325166;"I'm sitting here in front of
your beautiful wife."
670;2325166;2329300;"I want you to know that the
people here in Memphis love you."
671;2329300;2333166;"They love you here.
It's like, this is something"
672;2333166;2336567;"to give not only prisoners
hope, but America hope again,"
673;2336567;2339567;"so you played a big role in
this."
674;2339567;2342433;"Thank you. Thank you.
Here's your wife."
675;2342433;2346467;"I love you, Kanye.
Here's your wife."
676;2346467;2349567;">> KIM: Hey, babe.
Okay, get back to your meeting."
677;2349567;2353033;"Okay, bye.
>> ALICE: I'm telling you, this"
678;2353033;2356066;"is something that everywhere I
go-- if you could only just walk"
679;2356066;2359200;"down the streets of Memphis-- I
know you can't, but I do."
680;2359200;2363300;"People recognize me now, and
they're in tears, hugging me and"
681;2363300;2366700;"telling me how happy they are
that I've come back home."
682;2366700;2369333;"I don't know these people, but
they're so happy for me."
683;2369333;2371467;"It's just love.
It's-- I'm telling you, it's"
684;2371467;2374066;"like a lovefest, if you want to
call it that."
685;2374066;2377100;"I've seen that word before, a
"lovefest," but this is what's"
686;2377100;2380200;"going on here.
>> KIM: On this journey of"
687;2380200;2385333;"getting Alice out, I have
learned so much about criminal"
688;2385333;2390100;"justice and really how messed up
our system is."
689;2390100;2393200;"Jared was texting me and said,
"Honestly, we couldn't have"
690;2393200;2396066;"picked a better person to open
up his heart, and for this to"
691;2396066;2399066;"get started, because now he
doesn't want to stop.""
692;2399066;2405100;"So... That's all you.
That's all you, so thank you."
693;2405100;2407333;">> ALICE: Thank you.
>> KIM: There's so much that has"
694;2407333;2410200;"to be done, and I know Alice's
case is the one that spoke to"
695;2410200;2415667;"me, but now that that is, like,
in me, I can't stop at Alice."
696;2415667;2419233;"Like, there has to be so much
more that I could do."
697;2419233;2422266;">> ALICE: This is only a small
portion of my tribe."
698;2422266;2425100;"(laughter)
>> KIM: Well, you're very lucky"
699;2425100;2427400;"to have a big support system and
family."
700;2427400;2430133;">> ALICE: Thank you.
>> WOMAN: Thank you, Kim!"
701;2430133;2432767;"(cheering, applause)
>> KIM: I mean, just seeing"
702;2432767;2435266;"Alice with her huge family.
That's like me and my big"
703;2435266;2437400;"family.
If I couldn't be with them for"
704;2437400;2440767;"two decades, that would break my
soul."
705;2440767;2442633;"♪ ♪"
706;2448633;2451233;">> SCOTT: Reign, come on.
>> KOURTNEY: Where are we"
707;2451233;2453633;"sitting?
Sit next to Daddy."
708;2453633;2455767;">> KIM: Hi.
>> KRIS: Hey. Hi."
709;2455767;2458266;">> KANYE: Hey.
>> SCOTT: Reign, you say "hi"?"
710;2458266;2460700;">> KOURTNEY: Make you a plate?
Do you want to sit right here"
711;2460700;2463667;"next to me?
>> MASON: Kanye, I like your new"
712;2463667;2465700;"song.
>> KANYE: Word?"
713;2465700;2467667;">> KOURTNEY: Uh, Mase.
>> KANYE: Thank you."
714;2467667;2469667;">> KOURTNEY: You're allowed to
listen to that?"
715;2469667;2471567;">> MASON: Yeah.
>> KHLOE: Uh, he made me listen"
716;2471567;2473567;"the whole car ride home.
>> MASON: Yeah."
717;2473567;2475533;">> KANYE: For real?
>> SCOTT: What part do you like"
718;2475533;2477533;"the most?
>> KHLOE: Oh, you can't ask."
719;2477533;2480700;"No, no. But, but he's good.
He won't say "ho" or-- Sorry."
720;2480700;2482700;"Whatever. Uh...
>> KANYE: What parts do you"
721;2482700;2484700;"like?
>> MASON: I just like the whole"
722;2484700;2490000;"thing.
>> KIM: That is so funny."
723;2490000;2493400;"Every time I think that I've
had a crazy year, I live the"
724;2493400;2496433;"next year, (laughs) and it's
even crazier."
725;2496433;2499066;">> KRIS: What did you put in
your dad's ear?"
726;2499066;2501200;">> NORTH: A flower.
>> KRIS: Oh."
727;2501200;2505300;">> SCOTT: That's funny?
♪ ♪"
728;2505300;2508300;">> KOURTNEY: I definitely think
the last year has been a big"
729;2508300;2513567;"growth period for me, in just
figuring out, like, what I want"
730;2513567;2518700;"in life and making it happen.
>> KRIS: Oh! Uh-oh!"
731;2518700;2520600;"♪ ♪"
732;2525066;2527300;">> KENDALL: I think I'm always
learning about who I am, but I"
733;2527300;2529600;"think that this year I learned a
lot."
734;2529600;2532700;"(laughs)
Slowly finding my place in this"
735;2532700;2534734;"world.
>> KYLIE: Tickle, tickle,"
736;2534734;2538734;"tickle.
This last year has definitely"
737;2538734;2543333;"been very transformative, and I
feel like a new person."
738;2543333;2546367;"It's definitely been
life-changing for me."
739;2546367;2549467;">> KOURTNEY: Hey. Hey. (laughs)
♪ ♪"
740;2549467;2551467;"Open up.
>> SCOTT: It took a long time"
741;2551467;2553500;"for me to figure out what's
important."
742;2553500;2556200;"I think I'm closer now with all
the people that I love than I've"
743;2556200;2558333;"ever been.
I'm very happy with where I'm"
744;2558333;2561367;"at, and I just want to keep
building from here."
745;2561367;2565767;"(Khloe laughs)
>> KRIS: We're all crazy."
746;2565767;2568200;"(Khloe laughs)
>> KRIS: The most beautiful"
747;2568200;2570734;"thing that happened to us this
year was the birth of three new"
748;2570734;2573600;"grandkids.
I feel blessed."
749;2573600;2577600;"(Tristan smooching)
>> KHLOE: I have come to a place"
750;2577600;2582133;"in my life where I am super
comfortable, and I really make"
751;2582133;2585633;"a conscious effort to drown out
the white noise that really"
752;2585633;2589100;"doesn't matter.
As long as me and my immediate"
753;2589100;2593266;"family are happy, that's enough,
and that is what makes me happy."
754;2593266;2596400;"♪ ♪
>> KIM: Saint, are you my"
755;2596400;2599400;"favorite boy in the entire
world?"
756;2599400;2604233;"♪ ♪
I feel like I used to live my"
757;2604233;2607767;"life so much about just being
passionate about me."
758;2607767;2613100;"Now my priorities have shifted,
so I'm really excited for this"
759;2613100;2616767;"year and what's to come, and the
more that I can do to help other"
760;2616767;2619000;"people.
Captioning sponsored by"
761;2619000;2621000;"BUNIM-MURRAY PRODUCTIONS
Captioned by"
762;2621000;2623734;"Media Access Group at WGBH
access.wgbh.org"