﻿Number;Start time in milliseconds;End time in milliseconds;"Text"
1;4867;7000;">> KRIS: Can I get you
something to drink?"
2;7000;9433;">> LAMAR: AquaHydrate.
We need AquaHydrate water."
3;9433;10700;"Do we have any?
>> KRIS: Where?"
4;10700;12433;">> KHLOE: On the floor in that
white..."
5;12433;13700;"I'll get it.
>> KRIS: I got it."
6;13700;15734;"Would like some water and ice?
>> KHLOE: He doesn't drink ice."
7;15734;17367;">> LAMAR: No ice.
>> KRIS: Would you like it in a"
8;17367;19100;"glass?
>> LAMAR: Please."
9;19100;20633;">> KRIS: Okay.
>> BRUCE: I never get this"
10;20633;22934;"treatment at the house.
>> KHLOE: My mom is seriously"
11;22934;25934;"obsessed with Lamar.
Come on, people."
12;25934;28600;"There's a time and a place.
And there's like-- you're going"
13;28600;30700;"a little too far.
>> KRIS: So I have a crazy"
14;30700;31967;"question.
>> LAMAR: For me?"
15;31967;35133;">> KRIS: Yeah. Do you get any
extra tickets for playoff games?"
16;35133;37767;"(Lamar coughs)
No, just because there's so"
17;37767;39367;"many of us.
I just wondered if they gave the"
18;39367;41734;"families more tickets when it
gets to, like, the crazy"
19;41734;43200;"playoffs.
>> KHLOE: Oh, well, they don't"
20;43200;45100;"go around to each player and
say, "How many people are in"
21;45100;48200;"your family?"
Let me just make this clear."
22;48200;50700;"I have four tickets.
I get one, and that means I"
23;50700;53934;"have three to give away.
My mom thinks all of a sudden,"
24;53934;56400;"oh, the playoffs-- I should get
more tickets."
25;56400;59033;"No, it doesn't work that way.
>> KRIS: Do you want some"
26;59033;60533;"dessert?
How about a brownie?"
27;60533;62066;">> LAMAR: I would love a
brownie."
28;62066;63767;">> KRIS: Yes.
>> KHLOE: ♪ Let's go Lakers,"
29;63767;68100;"let's go
Let's go Lakers, let's go. ♪"
30;68100;76133;"Captioning sponsored by
 BUNIM-MURRAY PRODUCTIONS"
31;76133;77800;"On Air
with Ryan Seacrest."
32;77800;79467;"And my girls are here.
We've got 'em all."
33;79467;82200;"Khloe, Kourtney, Kim-- looking
beaut..."
34;82200;84033;"I think you look better than
you've ever looked."
35;84033;86033;">> KOURTNEY: I mean, thanks.
>> RYAN: Really."
36;86033;87667;"Well, let's catch up a
little bit."
37;87667;89867;">> KIM: Today, me, Kourtney and
Khloe are on the Ryan Seacrest"
38;89867;92300;"show.
And we have a lot to catch"
39;92300;93867;"up on.
>> RYAN: Let's just fast"
40;93867;95967;"forward a year from now.
What happens in your life,"
41;95967;97633;"Khloe?
>> KHLOE: In a year from now"
42;97633;99000;"I'll be pregnant.
>> KOURTNEY: What a difference a"
43;99000;100300;"year makes.
>> RYAN: You will be pregnant in"
44;100300;101600;"a year?
>> KHLOE: I'm sure."
45;101600;103066;">> RYAN: Kourtney?
>> KOURTNEY: I'll probably have"
46;103066;104400;"a second baby.
>> KHLOE: What?!"
47;104400;106033;">> RYAN: Really?
>> KOURTNEY: No, I just want"
48;106033;109233;"Mason to have a sibling.
Like, Kim and I were 18 months"
49;109233;110800;"apart.
>> KHLOE: Oh, my God, we have to"
50;110800;113433;"sew up her vagina, right?
>> KOURTNEY: Like, you need a"
51;113433;115166;"little friend.
>> RYAN: Kim?"
52;115166;117800;"You are the only single one now.
>> KIM: Yeah."
53;117800;119700;">> RYAN: Okay, are you dating
anybody now?"
54;119700;122133;">> KIM: No, I'm not.
I just, you know..."
55;122133;123867;">> RYAN: There's really no one?
Do you get asked out?"
56;123867;126500;"You got to be...
I mean, come on, people have to"
57;126500;127767;"ask you out.
>> KHLOE: She definitely gets..."
58;127767;129400;">> RYAN: Tell me, who's asking
her out?"
59;129400;130900;">> KHLOE: Literally, every guy
asks her out."
60;130900;133166;">> RYAN: NBA players?
>> KIM: Way too tall for me."
61;133166;135166;"And just not my style.
>> KHLOE: That's another thing--"
62;135166;136800;"she doesn't want too tall
of guy."
63;136800;138834;"Like, Kim's list maybe is...
>> RYAN: It's almost impossible?"
64;138834;140967;">> KHLOE: There's maybe two
people in the entire world."
65;140967;142300;">> RYAN: But she does that on
purpose."
66;142300;143867;"She makes the list impossible.
>> KHLOE: Right."
67;143867;145734;">> RYAN: On purpose."
68;149800;151767;">> KHLOE: Everyone is nuts for
these tickets."
69;151767;153600;"Like, you would have thought I
was, like, dealing crack"
70;153600;156800;"cocaine, and this was...
they've had a hit and they need"
71;156800;158467;"more to keep that high.
Like I've never..."
72;158467;159967;">> KOURTNEY: I feel like you
never invite me."
73;159967;162200;">> KHLOE: I never invite anyone.
It's just honestly, like, first"
74;162200;164066;"come, first serve.
>> KIM: Hey, guys."
75;164066;165900;">> KHLOE: Are you going to get a
championship ring?"
76;165900;169000;">> KIM: I brought us all food.
>> KHLOE: Oh, it's Santa Claus."
77;169000;172367;">> KIM: So now that I'm single,
a lot of my time is freed up,"
78;172367;174800;"and I'm just really excited to
spend more quality time with my"
79;174800;177800;"sisters and to hang out tonight.
So I have the best night planned"
80;177800;180000;"for us.
After dinner, we're going to"
81;180000;182367;"Clueless.
We're going to have, like,"
82;182367;184900;"old-school fun times.
>> KHLOE: I have a date tonight"
83;184900;186834;"with Lamar.
>> KOURTNEY: Scott's actually,"
84;186834;189967;"um, was going to come by to hang
out with Mase and I."
85;189967;192533;"But if you want to have date
night with Mason you can."
86;192533;194500;">> KIM: Do you want to have date
night with me?"
87;194500;197467;"Oh, you're grabbing for me.
You do, you do, you..."
88;197467;200767;">> KOURTNEY: I totally think
that Kim should get out there"
89;200767;205033;"and start dating, because
sitting home on a Friday night"
90;205033;208367;"with Mason, I don't think
there's much of a future there."
91;208367;210500;">> KOURTNEY: All right, I'm
going to go feed him and then"
92;210500;212333;"bring him back for your big
date."
93;212333;214033;">> KIM: I mean, you guys are
really going to leave me alone?"
94;214033;215667;">> KHLOE: Honestly, you can't be
so needy."
95;215667;217633;"You really got to start dating.
You're like the old woman who"
96;217633;219567;"lived in a shoe who had nothing
to do."
97;219567;222200;">> KIM: I do miss things about
being in a relationship."
98;222200;224300;">> KHLOE: Like?
>> KIM: Like I love, like, you"
99;224300;227200;"know, just, like, having someone
that I call every second to tell"
100;227200;229300;"them things.
And knowing that there's just"
101;229300;231600;"always someone there-- like,
you want to go eat together, do"
102;231600;233700;"you want to get a movie...
>> KHLOE: Okay, see, but without"
103;233700;236033;"dating, you can't have those
things back."
104;236033;237900;"It's like ripping off the
Band-Aid."
105;237900;244266;"Well, I am going to go on my
date night with Lam-Lam."
106;244266;246433;"Love ya.
>> KIM: I have a date night with"
107;246433;258467;"Mason, I guess.
>> KHLOE: Have fun with Mase."
108;258467;260567;"(alarm beeping)
>> KRIS: Hey, Kim."
109;260567;265033;">> KIM: Hey, Mom.
>> KRIS: So I've been doing my"
110;265033;266934;"homework and I want to talk to
you about something."
111;266934;268900;">> KIM: Do you think your eyes
are a little too smoky for"
112;268900;271100;"every day?
>> KRIS: Yeah, I'm going through"
113;271100;272967;"a phase.
Is that okay with you?"
114;272967;275233;">> KIM: Sure.
>> KRIS: Okay. I'm also going"
115;275233;278166;"through a phase of trying to
find you a boyfriend."
116;278166;281934;"How about Gerard Butler?
>> KIM: How about barf?"
117;281934;286700;"My mom has made it her mission
to find me a boyfriend, which"
118;286700;289000;"is so pathetic.
Like, I don't need help."
119;289000;290633;">> KRIS: Luke Wilson's pretty
cute."
120;290633;293200;"No?
>> KIM: Absolutely not."
121;293200;295633;">> KRIS: What about Alex
Rodriguez, A-Rod?"
122;295633;297633;">> KIM: I feel like everyone's
boned him. Cute."
123;297633;299934;">> KRIS: I wouldn't be a good
manager or a good mom if I"
124;299934;302700;"didn't find out who's really
single out there and who would"
125;302700;305367;"be a great match for Kim.
Ryan Phillippe?"
126;305367;307633;">> KIM: I don't really want to
date someone in the industry."
127;307633;310300;"Like, I'm over it.
Like, I really don't."
128;310300;313900;"I want, like, a normal person.
I don't know, maybe I should try"
129;313900;317233;"and find a nice Armenian guy
like my dad."
130;317233;321200;">> KRIS: A nice Armenian boy.
Okay, Kim, I'm all over it."
131;321200;323867;">> KIM: Make sure that they're
not too hairy, though."
132;323867;326433;"Laser hair removal is a
necessity."
133;326433;328133;">> KRIS: Okay, another
requirement."
134;328133;331133;"That's fabulous.
>> KIM: It's a must for an"
135;331133;333000;"Armenian."
136;337600;339133;">> KHLOE: Hi.
>> WOMAN: Hey, Khlo."
137;339133;340967;">> KHLOE: How are you?
>> WOMAN: Good."
138;340967;343133;">> KHLOE: I mean, look how sexy
you look."
139;343133;346600;">> KIM: Khloe is getting her
first laser hair removal."
140;346600;349967;"And why it's taken her so long
is beyond me."
141;349967;352767;">> KHLOE: Wait, Kim.
I don't know why you think it's"
142;352767;355333;"okay just to call me and ask me
for Laker tickets."
143;355333;357300;">> KIM: I know, but it's just so
exciting."
144;357300;360033;"I used to like dream of the days
when someone would want to come"
145;360033;363533;"to a Saints game, you know.
>> KHLOE: So I heard Mom is, um,"
146;363533;367800;"hooking you up on some dis-ates.
>> KIM: She's trying to."
147;367800;370166;">> KHLOE: Like, with who?
>> KIM: She just said she wants"
148;370166;371967;"to try to set me up with
someone."
149;371967;373266;">> KHLOE: And you're letting
her?"
150;373266;374567;">> KIM: And she's going to call
around."
151;374567;379433;"I'm looking for someone that has
a six-pack, has a full head of"
152;379433;381934;"hair-- they cannot be balding in
the least."
153;381934;383667;">> KHLOE: She really only
cares about looks."
154;383667;388000;"Kim's standards are ridiculous.
Fabulous body, beautiful back"
155;388000;392633;"and arms and...
Kim is very into appearances."
156;392633;395100;">> KIM: Wait, you have a better,
like, looking vagina than I"
157;395100;396834;"thought.
>> KHLOE: What?!"
158;396834;400100;"(both laughing)
>> KIM: I got a glimpse."
159;400100;402767;">> KHLOE: What did you think my
vagina was going to look like?"
160;402767;404367;">> KIM: I don't know.
I've never looked at your"
161;404367;407633;"vagina, but, you...
I thought it was like a shaved"
162;407633;410400;"rashy vagina.
>> KHLOE: I have a nice ass"
163;410400;412200;"too.
>> KIM: I don't want to look at"
164;412200;414066;"your ass(bleep)."
165;420467;422667;"(toilet flushing)
>> BRUCE: Toilet seat's all"
166;422667;424166;"busted.
Look at that thing."
167;424166;426700;">> KHLOE: I love Kim's perfume.
>> WOMAN: It sells so well."
168;426700;430266;">> KHLOE: Aw, I just, like,
shoved it up my nose."
169;430266;433300;"Bruce is our unofficial
maintenance man."
170;433300;436000;"Normally when we ask Bruce to
fix a lightbulb or whatever,"
171;436000;438633;"he's like, "Okay, I'll come
after golf.""
172;438633;442233;"Seriously, I could not even hang
up the phone before I saw him"
173;442233;443900;"walking in the door.
>> BRUCE: Let's get down to the"
174;443900;445300;"important stuff, Khloe.
>> KHLOE: What?"
175;445300;447200;">> BRUCE: Laker tickets, baby.
Kendall and Kylie, they want"
176;447200;448333;"to go.
>> KHLOE: Come on."
177;448333;449867;">> BRUCE: They want to go.
>> KHLOE: Kendall and Kylie want"
178;449867;451133;"to go?
>> BRUCE: Mm-hmm."
179;451133;453300;"But if one of them can't go,
maybe I'll just go alone."
180;453300;455967;"(Khloe laughing)
What? (stammers)"
181;455967;458300;">> KHLOE: So it's you want to go
with the girls."
182;458300;459900;">> BRUCE: No. I don't know.
>> KHLOE: Okay."
183;459900;461500;">> BRUCE: Not me.
But they would like to go."
184;461500;463133;">> KRIS: Hi, Khloe.
>> KHLOE: Hey, Mom."
185;463133;464767;">> KRIS: What are you doing
here?"
186;464767;466400;">> BRUCE: Fixing the toilet.
What else do I do?"
187;466400;469233;">> KRIS: I knew Bruce would be
over here trying to weasel his"
188;469233;471734;"way into getting Laker tickets.
I don't like competition."
189;471734;475100;"Bruce, go back to the decathlon.
I can handle this one."
190;475100;477300;">> KHLOE: Whose birthday is it?
>> KRIS: It's nobody's"
191;477300;479600;"birthday.
I was just shopping, and I got"
192;479600;482367;"you something that I thought
you'd really like: Lanvin."
193;482367;485100;"(Khloe gasps)
>> KHLOE: Oh, my God!"
194;485100;487233;">> KRIS: Isn't it gorgeous?
>> KHLOE: This is stunning!"
195;487233;489633;">> KRIS: I know. It's their new
bag for summer."
196;489633;491533;">> KHLOE: Oh, I love this bag!
>> KRIS: I know."
197;491533;493200;"I knew you would.
>> KHLOE: What is this for?"
198;493200;494900;">> KRIS: Just 'cause I thought
it looked like you."
199;494900;496500;"You deserve it.
>> BRUCE: You're doing it for"
200;496500;498500;"Laker tickets, aren't you?
>> KRIS: I don't have to do"
201;498500;500066;"anything.
If you love me enough"
202;500066;503500;"to give me a Laker ticket, then
you love me enough to give me a"
203;503500;504600;"Laker ticket.
>> KHLOE: True."
204;504600;505834;">> KRIS: Otherwise, enjoy
your bag."
205;505834;507667;">> BRUCE: By the way, you need
this dusted, Khloe."
206;507667;509533;"Look at this.
>> KRIS: Okay, well, maybe you"
207;509533;511367;"can do that right before the
 game."
208;511367;512633;">> BRUCE: Anything else
you need..."
209;512633;515433;">> KHLOE: You guys are really
shady people."
210;515433;517266;"(women laugh)"
211;520567;523333;"(horn beeps)
>> KRIS: Hello."
212;523333;525000;">> GEORGE: Hi. How are you?
>> KRIS: I'm looking for George"
213;525000;526100;"and Jack.
>> JACK: That's us."
214;526100;527467;">> GEORGE: I'm George.
>> KRIS: You're George?"
215;527467;528834;">> GEORGE: Pleasure. Yes.
>> KRIS: And you're Jack?"
216;528834;530000;">> JACK: Yeah. Very nice
to meet you."
217;530000;531934;">> KRIS: Oh, my son and my
daughter talk about you guys all"
218;531934;533600;"the time.
>> JACK: They're like family"
219;533600;535367;"to us.
>> KRIS: So, I need a new"
220;535367;537467;"sound system in this thing.
George and Jack-- they're both"
221;537467;540200;"Armenian-- so maybe they'll have
a good lead on somebody Kim"
222;540200;542233;"could date.
Here's the thing, I was"
223;542233;546934;"wondering if you guys knew any
really great guys for Kim."
224;546934;548934;">> JACK: That's tough to match
somebody up with Kim."
225;548934;550867;"That's a tough one.
She's uh..."
226;550867;553734;">> GEORGE: Perfect.
 of"
227;553734;556667;"Armenians here in Glendale, so
while I'm in the neighborhood,"
228;556667;559200;"what can it hurt to check out
a few places here?"
229;559200;562066;"It might be a long shot, but
what have I got to lose?"
230;562066;566667;">> KOURTNEY: I see one!
>> KRIS: Oh, stop it."
231;566667;569600;"How cute is this?
Look, Armenian, Arabic, Persian"
232;569600;572000;"and Russian.
Do a lot of single guys come in"
233;572000;575266;"here to get their baklava...?
>> MAN: A lot of single guys, a"
234;575266;576967;"lot of single girls, a lot of
married people."
235;576967;578967;"Everyone loves baklava.
>> KRIS: Do you have any friends"
236;578967;580400;"that are single?
>> MAN: Of course I do."
237;580400;582233;"(chuckles)
>> KRIS: I'm trying to set my"
238;582233;584533;"daughter up with a really cute
Armenian boy."
239;584533;587934;">> MAN: Of course.
>> KRIS: Do you know of any"
240;587934;591266;"really cute, young Armenian men
that are single?"
241;591266;594000;"Do you understand English?
>> WOMAN: A little."
242;594000;596333;">> KRIS: A little.
This is gonna be a really big"
243;596333;598300;"challenge, but it's okay.
I'm up for it."
244;598300;601066;">> KOURTNEY: My mom's looking
for an Armenian man for"
245;601066;602667;"my sister.
>> MAN: You can call."
246;602667;604200;"I'll give you my business
card now."
247;604200;608800;">> WOMAN: Can I give you a hug?
>> KRIS: Sure! Oh! Thank you."
248;608800;610667;"Are you Armenian?
>> WOMAN: No."
249;610667;613066;">> KRIS: No."
250;614667;617367;"I'm looking for a nice Armenian
boy for my daughter."
251;617367;619400;">> MAN: I'm a priest.
>> KRIS: Oh, right."
252;619400;622500;"Hey, Mason, this is the land
of your people."
253;622500;624467;">> KOURTNEY: This is not
the land."
254;624467;629433;"This is Glendale.
>> KRIS: I think we're striking"
255;629433;631100;"out here.
>> KIM: Two blind dates."
256;631100;634000;"My mom is trying to set me up
on a blind date."
257;634000;635767;"Is it the law?
>> KRIS: I've already talked"
258;635767;638166;"to the guy on the phone.
>> KIM: Well, you can untalk"
259;638166;639500;"to him.
>> KRIS: Who'd you invite"
260;639500;640934;"to the game?
>> KHLOE: Rob and Malika!"
261;640934;642233;">> KRIS: So there's one ticket
left."
262;642233;644200;"So, can I have that ticket?
>> KHLOE: Rob's inviting"
263;644200;645600;"someone.
>> KRIS: He shouldn't be able"
264;645600;655600;"to invite a date.
That's not cool."
265;655600;657633;">> KHLOE: Robert, honestly,
your sex scene over here,"
266;657633;659834;"you got to calm down.
>> MALIKA: I mean, like, you're"
267;659834;661900;"just, like, modeling for us.
>> KHLOE: You'd think Rob is in,"
268;661900;663667;"like, a porn video or something.
(phone rings)"
269;663667;666200;"Oh, my God, this is Kylie
calling me, and she's in school."
270;666200;668300;"I guarantee you she's calling me
about Laker tickets."
271;668300;671133;"I can't wait for them to win
that ring 'cause I'm just over"
272;671133;673567;"giving everyone tickets.
It's just more of a hassle to"
273;673567;676800;"have these tickets than it is to
not have the tickets."
274;676800;679300;"But Rob is the best.
Rob literally, like, never asks"
275;679300;681100;"for tickets.
He, like, not annoying about it."
276;681100;683433;"He's, like, "Oh, if you have
an extra ticket, I'll go.""
277;683433;685667;">> ROB: Khloe, I wanted to
bring someone to the game."
278;685667;687834;">> KHLOE: Uh, like who?
Jesse or JJ?"
279;687834;689900;">> ROB: No, I want to bring,
like, a girl."
280;689900;692066;"> MALIKA: What girl?
>> ROB: A friend that I've"
281;692066;693166;"been dating.
>> KHLOE: Rob..."
282;693166;694934;">> ROB: Yeah?
>> KHLOE: of course, you and her"
283;694934;697367;"could come.
Malika and I on a date, you and"
284;697367;701000;"your imaginary friend on a date.
This is perfect for me because"
285;701000;703734;"then I don't have to decide:
Rob, perfect, you have a"
286;703734;707200;"plus-one, go.
We're done."
287;707200;709667;"gay.
>> KHLOE: Robert, make her kiss"
288;709667;711767;"her muscles.
>> MALIKA: Khloe... (laughs)"
289;711767;716166;"(squeals): Khloe, stop!
No!"
290;716166;722000;">> ROB: Khloe...
(Malika screaming playfully)"
291;722000;725000;">> KRIS: Kendall, come in here
and bond with me now."
292;725000;726700;">> KENDALL: What up?
>> KRIS: Pretend like you"
293;726700;727867;"like me.
>> KIM: Hey, Mom."
294;727867;730000;">> KRIS: Hey, Kim.
>> KIM: Ooh, I want a bite of"
295;730000;731800;"the apple.
My car's in the shop again."
296;731800;734133;"I have to go have Shiva pick
it up tomorrow."
297;734133;736800;">> KRIS: Oh, my God, I went to
go see the Platinum guys."
298;736800;738400;">> KIM: Mm-hmm.
>> KRIS: George at Platinum?"
299;738400;741233;"He's doing my iPod thing over
again in the G-wagon."
300;741233;743266;">> KIM: Mm-hmm.
>> KRIS: And he actually says he"
301;743266;745734;"has some really cool guy
to set you up with, like,"
302;745734;749166;"on a blind date.
>> KIM: I don't do blind dates."
303;749166;752633;"My mom is absolutely crazy.
She's trying to set me up on a"
304;752633;756567;"blind date with someone that
 never even seen."
305;756567;759066;"Who is this guy?
Like, details: What does he"
306;759066;761433;"look like?
What does he do? How old is he?"
307;761433;763834;">> KRIS: He's Armenian.
>> KENDALL: Is he a hairy beast?"
308;763834;765967;"(both laugh)"
309;768567;769867;">> KIM (laughing): Should I show
up like that?"
310;769867;772400;">> KRIS: I don't think Kim
really realizes how much work"
311;772400;774600;"and energy goes into finding her
the perfect date."
312;774600;776734;">> KIM: I don't want to go
on a blind date."
313;776734;778433;">> KRIS: You like your routine.
Well, you're gonna go."
314;778433;780100;"I'm gonna make you go.
>> KIM: Ooh, you're gonna"
315;780100;781333;"make me.
Is it the law?"
316;781333;783467;">> KRIS: Well, I've already
talked to the guy on the phone."
317;783467;784834;">> KIM: Well, you can untalk
to him."
318;784834;786066;">> KRIS: Here it is;
Alecko's number."
319;786066;788467;"There you go. You call him.
>> KIM: I am not, I am not"
320;788467;790633;"calling him. Sorry, no.
>> KRIS: Kim, you have to"
321;790633;792433;"call him.
>> KIM: Absolutely not."
322;792433;794500;">> KRIS: All right, I'll e-mail
you this number."
323;794500;797066;">> KIM: Sorry."
324;803467;806800;">> KRIS: I know that the way
into Lamar's heart is through"
325;806800;809300;"his tummy.
So I thought I'd take it upon"
326;809300;811900;"myself to go over and make sure
that their refrigerator was"
327;811900;814333;"stocked with all the things
that they love."
328;814333;817266;"Khloe, have a brownie.
I just made 'em."
329;817266;819900;"They're fresh, fresh, fresh.
Your favorite."
330;819900;822667;">> KHLOE: Mmm, is it mine or
Lamar's favorite?"
331;822667;824600;">> KRIS: Well, it's your
favorite, and now Lamar's."
332;824600;826033;">> KHLOE: Can I have this
recipe?"
333;826033;827266;">> KRIS: Yeah, of course
you can."
334;827266;829467;"Should I type it up for you
and have it delivered?"
335;829467;831734;">> KHLOE: My mom is nuts.
This is how she plays tricks"
336;831734;833867;"on all of us.
Honestly, we got to relax with,"
337;833867;835200;"like, the dramatics in
this family."
338;835200;837800;"So why don't you just come out,
ask me the question?"
339;837800;840200;"I want to hear it straight
from the horse's mouth."
340;840200;843000;"Come on, Mr. Ed, tell me.
>> KRIS: Well, I don't think"
341;843000;845533;"there's any harm in trying to
butter you up a little bit"
342;845533;848533;"in case I just happen to want
to go to the Laker game"
343;848533;850166;"this week.
>> KHLOE: The ticket's already"
344;850166;852633;"spoken for.
You made this a little too late."
345;852633;854467;">> KRIS: What? Who'd do invite
to the game?"
346;854467;856266;">> KHLOE: Rob and Malika!
>> KRIS: So there's one"
347;856266;857867;"ticket left.
So, can I have that ticket?"
348;857867;859867;">> KHLOE: Rob asked me.
He wants to bring a date."
349;859867;861834;"I said, "Fine, bring a date."
>> KRIS: A date?!"
350;861834;863567;"He shouldn't be able to invite
a date."
351;863567;865333;"That's not cool.
>> ROB: Um, I highly disagree"
352;865333;866633;"with you.
>> KRIS: You see what happens"
353;866633;868100;"first.
>> ROB: I never go to any"
354;868100;869734;"games 'cause you guys always
want to go."
355;869734;871533;"Everyone always asks Khloe, and
she takes all you guys."
356;871533;873133;"I don't understand why you need
to go."
357;873133;874400;"You don't know anything about
basketball."
358;874400;876133;">> KRIS: I've been going to
basketball games, Robert, since"
359;876133;879367;"before you were born, so sorry.
>> ROB: Oh, my gosh."
360;879367;880700;"I actually enjoy the game.
>> KRIS: And they were Laker"
361;880700;883266;"games, okay, with Auntie Shelly.
You know what? I'm outta here."
362;883266;885800;"You go to the game with your
little date, and you go"
363;885800;887400;"have fun.
>> ROB: Mom, I'm not gonna go"
364;887400;888600;"if you're gonna make...
>> KHLOE: Wait!"
365;888600;890333;">> KRIS: I'm taking... No!
I'm taking my brownies."
366;890333;892700;"When Lamar comes home,
 a snack."
367;892700;895767;"He'll appreciate me.
>> KHLOE: Who out of you six and"
368;895767;897900;"a half think they're going
to the game tonight?"
369;897900;902300;"News flash, everyone.
>> KOURTNEY: If you haven't even"
370;902300;904133;"called this guy, that's kinda
rude."
371;904133;905967;"(phone rings)
>> KIM: I'm not going"
372;905967;912333;"on this date.
>> ALECKO: Hello?"
373;912333;914333;"Captioned by 
 Media Access Group at WGBH"
374;914333;917200;"access.wgbh.org"
375;918734;922300;">> KOURTNEY: Hi.
Want some baklava?"
376;922300;925300;">> KIM: Actually, I do.
>> KOURTNEY: Mom said that"
377;925300;927266;"George from Platinum told her
about this guy."
378;927266;929166;">> KIM: Mm-hmm.
>> KOURTNEY: So have you talked"
379;929166;930166;"to him yet?
>> KIM: No."
380;930166;932433;"I don't want to be set up on a
blind date."
381;932433;934166;">> KOURTNEY: Why?
>> KIM: It's weird."
382;934166;936200;"I mean, I don't know anything
about this guy."
383;936200;938300;"I just know his name's like
Alecko."
384;938300;940533;"What does he do?
>> KOURTNEY: He plays for the"
385;940533;943200;"L.A. Galaxy.
>> KIM: He's a sports guy and"
386;943200;944800;"Armenian?
>> KOURTNEY: Yes."
387;944800;948433;"I'm usually not one to go along
with my mom's crazy schemes, but"
388;948433;951700;"I actually don't think it's such
a terrible idea for Kim to go"
389;951700;954667;"out with this guy and just see
what he's like."
390;954667;956633;">> KIM: I don't want to talk to
him."
391;956633;958333;">> KOURTNEY: Call him right now.
>> KIM: Can you call and pretend"
392;958333;960333;"you're me, please?
>> KOURTNEY: Hi. I'm Kim"
393;960333;964333;"Kardashian.
(phone ringing)"
394;964333;967200;">> ALECKO: Hello.
>> KIM: Hi. Is this Alecko?"
395;967200;970800;">> ALECKO: This is Alecko.
>> KIM: Hi. It's Kim Kardashian."
396;970800;972700;">> ALECKO: Hi, Kim.
How you doing?"
397;972700;975533;">> KOURTNEY: I'm good.
Just eating some baklava with"
398;975533;978600;"my sister.
>> ALECKO: (laughing)"
399;978600;981600;"That's awesome.
>> KOURTNEY: Where are you from?"
400;981600;983533;">> ALECKO: I'm born and raised
in Jersey."
401;983533;986967;">> KIM: Do you know anyone from
 like Snooki?"
402;986967;990367;">> ALECKO (laughs): No, no.
>> KOURTNEY: So what kind of"
403;990367;991700;"name is Alecko?
Is it Armenian?"
404;991700;994066;">> ALECKO: It's actually a
Greek name."
405;994066;996934;">> KOURTNEY: Well, that's cool.
>> KIM: And this is like, so,"
406;996934;999667;"just embarrassing, that my mom
is, like, out trying to, like,"
407;999667;1002500;"set me up on a date.
>> ALECKO: I think that-- I"
408;1002500;1004834;"think that's great.
That shows that she loves you."
409;1004834;1007000;"She cares about you, right?
>> KIM: Yeah."
410;1007000;1010266;">> ALECKO: I wanted to see if
you were free tomorrow night."
411;1010266;1012266;"I was thinking maybe we could go
grab some dinner."
412;1012266;1014533;">> KIM: I mean, it is really
awkward, like, my mom trying to"
413;1014533;1017200;"set me up on a date.
We don't really have to go."
414;1017200;1019633;">> ALECKO: Oh, no problem.
I was actually thinking about a"
415;1019633;1023433;"place called Carousel.
It's an Armenian restaurant in"
416;1023433;1025467;"Glendale.
>> KIM: It's my favorite"
417;1025467;1027200;"restaurant.
That's where we used to go with"
418;1027200;1030200;"my dad, like, all the time.
Every birthday..."
419;1030200;1032700;"It's one of our favorite places.
>> ALECKO: I've been there a few"
420;1032700;1034867;"times, so figured it'd be the
perfect place to go."
421;1034867;1036934;">> KIM: Okay, for sure.
Let's do it."
422;1036934;1039500;">> ALECKO: Okay, sounds good.
>> KIM: Okay, bye."
423;1039500;1041266;">> KOURTNEY: It was meant to be.
>> KIM: Yeah. I mean, he was"
424;1041266;1043066;"really nice.
I'm excited."
425;1043066;1047233;"Why not?
Like, what else am I doing?"
426;1047233;1049800;">> KHLOE: Duel workout.
Duel workout."
427;1049800;1051967;"Duel workout.
>> KYLIE: Khloe!"
428;1051967;1053867;">> KHLOE: Yeah?
>> KYLIE: When are you getting"
429;1053867;1056033;"me my tickets?
>> KHLOE: Don't press your luck,"
430;1056033;1058367;"Kylie.
Today is the day of the game."
431;1058367;1062266;"I invited everyone over, so we
could establish who's going to"
432;1062266;1065100;"get these Laker tickets.
I made my choice, and hopefully"
433;1065100;1067767;"they like my decision.
Who out of you six and a half"
434;1067767;1070166;"think they're going to the game
tonight?"
435;1070166;1074900;">> KRIS: I'm all dressed.
>> KHLOE: News flash, everyone."
436;1074900;1077133;"None of us are going to the
game today."
437;1077133;1080033;"Not one of us.
We're going to go upstairs in"
438;1080033;1083633;"our beautiful purple and gold
theater room and we are going to"
439;1083633;1087033;"enjoy the Laker game.
>> KRIS: Mason's not happy."
440;1087033;1090767;"Khloe is crazy.
She knows how we all wanted to"
441;1090767;1093166;"go to the game, and we've all
been begging for tickets."
442;1093166;1095900;">> KHLOE: Oh, come on.
>> KRIS: (laughing)"
443;1095900;1098066;"Laker ticket.
>> KHLOE: Okay..."
444;1098066;1099600;">> ROB: You've never had a
good arm."
445;1099600;1101367;"Yo, Khloe's not much of an
athlete."
446;1101367;1102834;">> KHLOE: This is what I mean.
Fine."
447;1102834;1104233;">> KRIS: What?
>> KHLOE: Give it to me, give it"
448;1104233;1105734;"to me, give it...
>> ROB: Yes."
449;1105734;1107834;">> KHLOE: This is my point.
You guys are acting like dogs"
450;1107834;1109900;"over meat.
This is something that's, like,"
451;1109900;1112533;"a luxury that we're all supposed
to enjoy."
452;1112533;1115100;"This is supposed to be fun.
And something family-oriented"
453;1115100;1117700;"that brings us closer together,
not further apart."
454;1117700;1120533;"So if you guys really want to go
that badly, then go on your own."
455;1120533;1122734;"Or whoever wants these tickets.
I'm off it."
456;1122734;1128266;"This could be your last time you
ever go to the game then."
457;1128266;1130300;"So...
>> BRUCE: I vote for family."
458;1130300;1132066;">> KHLOE: Fine.
>> BRUCE: And we'll miss all"
459;1132066;1134767;"that traffic.
>> KHLOE: Exactly. No traffic."
460;1134767;1137767;"That was one of the cheesiest
speeches I've ever made."
461;1137767;1140000;"But at least it got them to
listen."
462;1140000;1141000;">> KENDALL: Go.
>> KYLIE: Go."
463;1141000;1142033;">> KENDALL: Go.
>> KYLIE: Go."
464;1142033;1143333;">> KENDALL: Go.
>> KYLIE: Go."
465;1143333;1145200;"(cheering)"
466;1153033;1155700;">> KIM: Hi.
How are you?"
467;1155700;1157633;">> MAN: Good. How are you?
>> KIM: I just want to get a"
468;1157633;1160633;"seat at the bar.
>> MAN: Sure. Right this way."
469;1160633;1163100;">> KIM: I'm really hoping this
date is just low-key and I get"
470;1163100;1165633;"to meet someone cool.
>> ALECKO: Hi, stranger."
471;1165633;1167467;">> KIM: Hey. How are you?
>> ALECKO: How's it going?"
472;1167467;1169100;">> KIM: Good to see you.
>> ALECKO: Good to see you, too."
473;1169100;1170667;"Nice to finally meet you.
>> KIM: Nice to meet you."
474;1170667;1172066;">> ALECKO: How you doing?
>> KIM: Good."
475;1172066;1173567;"Let me grab my purse.
>> ALECKO: Yeah, absolutely."
476;1173567;1175233;">> KIM: You want to sit down?
>> ALECKO: Let's do it."
477;1175233;1177133;">> KIM: Okay.
>> ALECKO: I mean, I don't know"
478;1177133;1179567;"you that well, obviously, but I
feel like you have so many"
479;1179567;1181233;"different, like, projects
and stuff."
480;1181233;1183533;"So how do you balance out, like,
everything?"
481;1183533;1185800;">> KIM: I don't really have
a life."
482;1185800;1188066;"That's why I don't really
like, you know, dating."
483;1188066;1189734;"It's so awkward.
>> ALECKO: It's a lot of"
484;1189734;1191967;"pressure, right?
>> KIM: Thanks for dealing with"
485;1191967;1195233;"my embarrassing mom.
Do they have arranged marriages"
486;1195233;1197600;"in Armenia?
>> ALECKO: I mean, back in the"
487;1197600;1199500;"day I'm sure they did.
Not anymore."
488;1199500;1202033;">> KIM: Have you been?
You've never been to Armenia?"
489;1202033;1204734;"Oh, my God.
Neither have I."
490;1204734;1206667;">> ALECKO: I know.
We got to teach you some"
491;1206667;1208333;"Armenian.
You don't know any words?"
492;1208333;1210200;"You've got to know some words.
>> KIM: A few."
493;1210200;1211633;">> ALECKO: What do you know?
>> KIM: Like, (speaking"
494;1211633;1213567;"Armenian) and (speaking
Armenian)."
495;1213567;1215567;"The basics.
>> ALECKO: You say it right,"
496;1215567;1217734;"though.
>> KIM: I'm actually having a"
497;1217734;1219600;"lot more fun than I thought I
would."
498;1219600;1221467;"Alecko's a really cool guy.
>> ALECKO: Here's to blind"
499;1221467;1223333;"dates.
>> KIM: Here's to blind dates."
500;1223333;1225200;"(laughing)"
501;1234533;1236967;">> KHLOE: Popcorn.
You want popcorn?"
502;1236967;1239066;">> KYLIE: Oh, my God, I do!
>> BRUCE: Of course I do."
503;1239066;1240967;">> KRIS: Hey, Khloe, could you
get me a glass of wine?"
504;1240967;1243000;">> KHLOE: Sure, Mom.
>> KOURTNEY: This is such a"
505;1243000;1245367;"better way to watch the Laker
game than stressed out over"
506;1245367;1248066;"tickets.
Definitely more my style."
507;1248066;1250867;"(cheering)
>> KHLOE: Go, Lamby."
508;1250867;1252367;">> BRUCE: Oh, and Lamar does
it again."
509;1252367;1255467;">> KIM: Hey, guys.
>> KRIS: Hey, Kim."
510;1255467;1259133;"Kimmy, how was it?
>> KIM: It definitely, like,"
511;1259133;1263166;"made me see that, like, dating
doesn't have to be so awkward,"
512;1263166;1264700;"and I'm totally down to...
>> KHLOE: It's not so bad"
513;1264700;1266233;"after all?
>> KIM: Yeah, it's not so bad"
514;1266233;1268000;"after all.
>> KHLOE: So you didn't"
515;1268000;1269500;"have fun?
>> KIM: No, I had fun."
516;1269500;1270800;"It was entertaining.
It was something to do."
517;1270800;1272700;">> KHLOE: But there's not going
to be a second date?"
518;1272700;1274133;">> KIM: No.
>> KHLOE: No double dating?"
519;1274133;1276266;">> KIM: No.
Seriously though, I wanted to"
520;1276266;1278934;"thank you for, like pushing me
to date."
521;1278934;1280667;">> KRIS: Yeah?
>> KIM: Yeah."
522;1280667;1282934;"I should be going out on dates.
I shouldn't just be sitting"
523;1282934;1284367;"at home.
>> KRIS: I know."
524;1284367;1285867;"That's what I've been trying to
tell you forever."
525;1285867;1287433;">> KIM: I mean, but...
>> KHLOE: Get your ass off"
526;1287433;1289166;"my chair.
>> KIM: It's the right place and"
527;1289166;1292066;"the right...
(laughing)"
528;1292066;1294500;">> BRUCE: Kim is open to dating.
There we go."
529;1294500;1296834;">> KIM: I may not have found a
love connection with Alecko, but"
530;1296834;1299633;"I had a great time.
And I realize dating isn't"
531;1299633;1301967;"that scary.
I'm really looking forward to"
532;1301967;1304767;"seeing what else and who else is
out there."
533;1304767;1306433;"Why didn't you guys go to
the game?"
534;1306433;1308100;"Why are you watching it here?
>> KHLOE: Family time."
535;1308100;1309700;">> KRIS: You don't want to
hear it."
536;1309700;1311300;"Just have some popcorn...
>> BRUCE: Yeah."
537;1311300;1314200;">> KRIS: ...and call it a night.
>> KYLIE: Go Lakers!"
538;1314200;1317867;">> KRIS: Let's go! Whoo!
 Keeping Up"
539;1317867;1321500;"with the Kardashians:
Where the hell is my ring?"
540;1321500;1323400;">> KRIS (over phone): What's
going on?"
541;1323400;1325367;">> KHLOE: I cannot find my
engagement ring."
542;1325367;1328367;">> KRIS: You put a (bleep)
motorcycle in my house?!"
543;1328367;1331700;">> KENDALL: Maybe you and Dad
are going to split up or"
544;1331700;1333467;"something.
>> BRUCE: I'm just getting sick"
545;1333467;1336800;"and tired of all of this."