﻿Number;Start time in milliseconds;End time in milliseconds;"Text"
1;4266;6300;">> KRIS: Hey, Khloe.
>> KHLOE: Hey, Mom."
2;6300;8066;"You look cute.
>> KRIS: Thank you."
3;8066;10700;"What are you doing?
>> KHLOE: Just online shopping."
4;10700;13734;">> KRIS: Oh, that's fun.
>> KHLOE: So, what is this dumb"
5;13734;16266;"thing that we're doing?
BG what?"
6;16266;19900;">> KRIS: BG5.
It's five girls who used to be"
7;19900;23333;"called the Beach Girls Five,
but they got a little bit older"
8;23333;25700;"and so now they call themselves
the BG5."
9;25700;27300;"(Khloe scoffs)
They're going to have a music"
10;27300;29633;"video that they're doing, so
we're going to go over there"
11;29633;31533;"soon.
>> KHLOE: Who's we?"
12;31533;32834;">> KRIS: You're going to go
with me."
13;32834;34100;">> KHLOE: Why?
>> KRIS: Because I want to see"
14;34100;35667;"what you think.
>> KHLOE: Why are you feeling"
15;35667;38333;"the need to manage other people?
>> KRIS: My friend Kenneth Crear"
16;38333;40767;"who I've known since he was
Janet Jackson's manager, asked"
17;40767;44567;"me to help him co-manage a new
band that he's discovered called"
18;44567;46667;"the BG5.
>> KENNETH: Your business mind"
19;46667;49600;"and savvy and just having that
knack with the females."
20;49600;52233;">> KRIS: My ex-husband Robert
Kardashian was in the music"
21;52233;55300;"business, and it was always my
intention to get involved in the"
22;55300;58533;"business with him, but once we
started having kids, I decided"
23;58533;60967;"to dedicate myself solely to the
family."
24;60967;64200;"As much as I enjoy being a
"momager," I think it would be"
25;64200;66967;"really amazing to have an
identity outside of my own"
26;66967;69133;"family.
I really think I could take"
27;69133;71834;"these girls to the next level.
>> KHLOE: Mom, you're our"
28;71834;74834;"manager, not theirs, so don't.
>> KRIS: Are you jealous, Khloe?"
29;74834;76800;">> KHLOE: No.
But you're not supposed to be"
30;76800;80500;"anyone else's manager,
Especially someone named R2-D2."
31;80500;84166;">> KRIS: BG5.
And they're really cute, and I"
32;84166;87100;"really love these girls.
>> KHLOE: Mom, you love anyone"
33;87100;88967;"who gives you ten percent."
34;95767;98433;">> KHLOE: Why the (bleep) are we
here?"
35;98433;99934;"(Kris laughs)
Stop."
36;99934;101266;"They're my...
>> KRIS: Whoo."
37;101266;103066;">> KHLOE: I'm not, like, a beach
girl."
38;103066;105266;"What is this?
Kris talked me into coming to"
39;105266;108433;"the pier with her so she could
oversee BG5's music video"
40;108433;111433;"shoot.
This is like death on a stick."
41;111433;113567;"This is really not what I had in
mind for a night out."
42;113567;114800;"Hi.
>> KRIS: This is Khloe."
43;114800;115934;">> KENNETH: Kenneth Crear.
Nice to meet you."
44;115934;117000;">> KHLOE: Khloe.
Nice to see you."
45;117000;118967;">> KENNETH: Nice to see you.
>> KRIS: This is who's managing"
46;118967;120934;"the BG5.
>> KENNETH: The girls should be"
47;120934;122333;"here somewhere.
>> KRIS: There they are."
48;122333;124266;">> KENNETH: Here they come.
>> KRIS: Hey, girls!"
49;124266;126233;"You guys look great.
>> BG5: Hi!"
50;126233;128500;">> KRIS: How are you?
>> KHLOE: I'm Khloe."
51;128500;130033;"Nice to meet you.
Is this your first video?"
52;130033;131700;">> BG5: Yeah.
>> KHLOE: As a group?"
53;131700;133066;">> BG5: Yeah.
>> KHLOE: Oh, that's so cool."
54;133066;134567;">> KRIS: So you guys know what
you're doing?"
55;134567;136033;">> BG5: No.
>> BG5: Not really."
56;136033;139300;">> We know we're frolicking in
the water."
57;139300;140834;">> Let's go.
Picture's up."
58;140834;146533;">> ALL: Go!
♪ ♪"
59;146533;149600;">> KRIS: So we don't have to pay
any of the extras?"
60;149600;153233;">> KENNETH: No.
>> KRIS: I love this."
61;153233;155266;"We have to get the style for
them going."
62;155266;157500;"Every one of their personalities
needs to come out and shine."
63;157500;159600;">> KENNETH: This can be your new
daughters, your new handful."
64;159600;161867;">> KRIS: I know, right?
Reminds me of when my girls were"
65;161867;164533;"just kind of getting started
with what they're doing."
66;164533;169200;"Suck it up, girls!
>> KHLOE: Why the (bleep) are we"
67;169200;171333;"here?
Kris told me we were going to"
68;171333;173233;"the Santa Monica Pier.
(Khloe squeals)"
69;173233;175066;"I never would have gotten this
dolled up to go to the"
70;175066;179700;"freakin' sandy beach.
Is this a joke?"
71;179700;182667;"(sighs)
There's no (bleep) chairs up"
72;182667;184166;"here.
>> KRIS: What are you doing?"
73;184166;186767;">> KHLOE: I need to stand on
some hard ground."
74;186767;188967;">> KRIS: Well, most people don't
wear six-inch Louboutins to the"
75;188967;190734;"beach.
>> KHLOE: I thought there was"
76;190734;192967;"going to be a carnival, like the
Santa Monica Pier."
77;192967;195500;"I thought I was going to get
cotton candy and win games."
78;195500;197867;">> KRIS: Okay, well, if you come
down and be a good girl, I'll"
79;197867;200066;"buy you a hot dog.
>> KHLOE: If I ruin my shoes,"
80;200066;202533;"Mom, are you going to buy me a
new pair?"
81;202533;204567;"Mom?
>> KRIS: I'm a little busy,"
82;204567;206600;"Khloe.
I'm working."
83;206600;208800;"(Khloe grunts)
Yay, girls!"
84;208800;210000;">> BG5: You want a hug?
>> KRIS: How was..."
85;210000;211600;"Uh, no.
(all laughing)"
86;211600;213133;"No more hugging.
>> BG5: Are you sure?"
87;213133;214900;"Are you sure?
>> KRIS: No, no, but I'm proud"
88;214900;216734;"of you guys.
You did a great job."
89;216734;218467;"(engine starts)
You could have waited for me,"
90;218467;220367;"Khloe.
>> KHLOE: Bye!"
91;220367;223300;">> KRIS: Open the door.
Khloe, come on."
92;223300;226667;"Khloe, Khloe.
Khloe."
93;226667;229900;"I totally just wet my pants.
(both laughing)"
94;229900;234600;"I just wet my pants.
>> KHLOE: Mom, do you need"
95;234600;236834;"diapers now?
This is disgusting."
96;236834;238867;"You and Mason shop at the same
stores."
97;238867;240967;"Okay, you got to wear a pair of
diapers."
98;240967;242800;">> KRIS: Okay, I'll wear a
diaper."
99;242800;244533;">> KHLOE: And walk around the
house, and I'm timing you."
100;244533;246133;">> KHLOE: Okay, done.
>> KHLOE: Say you promise."
101;246133;248000;">> KRIS: Promise.
Okay, good."
102;248000;250133;"I'll wear the diaper.
Let me in the car."
103;250133;253100;">> KRIS: Oh, my God, Khloe.
 Captioning sponsored by"
104;253100;258400;"BUNIM-MURRAY PRODUCTIONS
>> KYLIE: Rob, you're sitting"
105;258400;259800;"next to me.
I already planned it."
106;259800;261133;">> ROB: All right, all right,
all right."
107;261133;262834;">> MALIKA: Now, now, don't
fight, girls."
108;262834;265433;">> ROB: Malika can sit here.
>> MALIKA: Thank you."
109;265433;268200;">> KHLOE: Open up the chair for
Malika, I see ya."
110;268200;270900;">> KRIS: You look nice, Rob.
I like your hair longer."
111;270900;273433;">> MALIKA: I do, too.
I told you that yesterday,"
112;273433;274867;"didn't I?
>> ROB: I might shave it this"
113;274867;276233;"week.
>> MALIKA: Stop!"
114;276233;280066;"Try this?
>> ROB: Yeah, but..."
115;280066;282900;">> KHLOE: Rob and Malika have
this weird chemistry."
116;282900;284934;"I don't know what it is.
I don't know if it's sexual"
117;284934;286834;"energy, whatever.
>> MALIKA: Robert."
118;286834;289400;"(giggles)
(shrieks)"
119;289400;291567;"(grunts)
Hold-- just hold it like this?"
120;291567;294567;">> ROB: Yeah.
>> KHLOE: Did you hear that Rob"
121;294567;297867;"and Malika are obsessed with
each other and it's disgusting?"
122;297867;300533;"Rob will just tell us they
really want to bone or, like, "I"
123;300533;304367;"want her to be my girlfriend."
But now I love messing with"
124;304367;306567;"them, 'cause either one of them
is irritated, one gets"
125;306567;309200;"uncomfortable.
Like, I think it's funny, so"
126;309200;311467;"it's a game.
They put their tongues down each"
127;311467;313233;"other's throats in front of me.
>> ROB: No, we don't."
128;313233;314867;">> KHLOE: They get naked.
>> KRIS: What?"
129;314867;317400;">> ROB: No, we don't, Mom.
She does this to us all the"
130;317400;319533;"time.
Malika is an attractive woman,"
131;319533;321900;"I'm not gonna lie.
But I would never date Malika,"
132;321900;324400;"because she's Khloe's best
friend and personal assistant."
133;324400;327000;"It's just, it's too weird.
>> KHLOE: They rub each other"
134;327000;329100;"all day long.
They're always whispering to"
135;329100;330934;"each other.
>> ROB: Everywhere we go, Khloe"
136;330934;333900;"makes comments on how Malika and
I should hook up or start"
137;333900;336367;"kissing, and it's just starting
to get really old."
138;336367;338934;">> KHLOE: How do you feel about
these two having sexual"
139;338934;340967;"intercourse on a regular basis?
>> KRIS: Khloe!"
140;340967;342467;">> ROB: Kendall, Kylie, tell her
to stop."
141;342467;344467;">> MALIKA: Put your hand over
your sister's mouth."
142;344467;351233;">> KHLOE: Touch my face, I'll
beat you."
143;351233;352834;"(Mason cooing)
>> BRUCE: Oh, you want to do"
144;352834;354500;"this yourself, don't you?
Okay, do it yourself."
145;354500;356500;"There you go.
Do it yourself."
146;356500;358767;"Come on, get it in there.
Hey, that was pretty good."
147;358767;361400;">> KRIS: Hi, Masey Mase.
What are you doing?"
148;361400;365433;">> BRUCE: Mase just had a meal.
>> KRIS: Do you have a boogie?"
149;365433;367467;"Do you have a boogie?
>> BRUCE: Run from her, run from"
150;367467;368667;"her!
>> KRIS: It's almost out."
151;368667;370533;">> BRUCE: Leave the poor child
alone. This is child abuse!"
152;370533;372200;">> KRIS: This is not child
abuse."
153;372200;375633;"It's a booger.
Today we're having a family"
154;375633;378433;"barbeque, and I've invited the
BG5 girls over to meet the"
155;378433;380834;"family.
I have a really big decision to"
156;380834;383667;"make about the possibility of
me managing these girls."
157;383667;385667;"(doorbell rings)
>> BRUCE: Hello, everybody."
158;385667;388333;">> GIRLS: Hi!
>> GIRL: How are you?"
159;388333;390433;">> GIRLS: Hi.
>> KRIS: Welcome!"
160;390433;392333;"Kendall and Kylie, why don't you
get the girls something to"
161;392333;393900;"drink.
>> BRUCE: Get them a shot and a"
162;393900;395300;"beer.
(laughter)"
163;395300;397233;">> GIRL: I like this guy.
>> BRUCE: You can hang with"
164;397233;398667;"me, yeah.
(laughter)"
165;398667;400767;">> KRIS: What's going on?
>> GIRL: Taking over the world."
166;400767;402500;">> KRIS: What a coincidence, so
am I!"
167;402500;403467;"(laughter)"
168;404867;407266;"I know.
What have you guys got going on,"
169;407266;409867;"as far as, like, your hair and
makeup glam team?"
170;409867;411600;">> GIRL: We are our own glam
team."
171;411600;413934;">> GIRL: Pretty much everything,
styling, everything is..."
172;413934;416633;">> GIRL: Comes from our closets.
>> KRIS: Okay."
173;416633;419734;"We have to talk about getting a
little look together, you know."
174;419734;422133;"Sooner or later, you know, you
can mix it up."
175;422133;424800;"But at first, getting so
where-- like, they know that's"
176;424800;426967;"you and that's your look.
>> GIRL: Yeah, that's where"
177;426967;428433;"we...
>> GIRL: Have trouble."
178;428433;430467;">> GIRL: Yeah, because-- and
would really trust you."
179;430467;432300;">> KRIS: You have to start
thinking about that, and that's"
180;432300;434500;"how you create your brand.
Like, what's your look, what's"
181;434500;436867;"gonna be your signature thing.
>> GIRL: Right."
182;436867;438433;">> GIRL: Who's out there?
>> KRIS: The baby."
183;438433;441166;">> GIRL: Oh.
>> KRIS: These girls are so"
184;441166;443433;"sweet, and I love hanging out
with them."
185;443433;445900;"But I have to figure out whether
or not this is the right"
186;445900;449100;"business decision for me.
Thank you."
187;449100;451300;"And I'll talk to Kenneth.
Kenneth, call me tomorrow"
188;451300;453100;"morning.
>> GIRLS: Bye!"
189;453100;455500;">> KRIS: Bye, have fun.
>> GIRL: Thanks for having us."
190;455500;457567;"(door closes)
>> BRUCE: How much experience do"
191;457567;459600;"you have in managing music
groups?"
192;459600;461600;">> KRIS: I have a lot of
experience managing girls."
193;461600;463667;">> KOURTNEY: Hey, even if you
bought CDs, doesn't mean that"
194;463667;465700;"you know the music business.
>> KENDALL: When was the last"
195;465700;467700;"time you listened to a song?
>> BRUCE: You listen to the same"
196;467700;469700;"tape-- Luther Vandross...
>> KRIS: I wasn't born in the"
197;469700;471700;"Dark Ages.
>> KENDALL: Okay, but..."
198;471700;473700;">> BRUCE: Maybe you should buy
the..."
199;473700;475700;">> KRIS: I actually know what
I'm talking about once in a"
200;475700;477700;"while.
>> KOURTNEY: My mom has always"
201;477700;479834;"had more on her plate than she
can handle."
202;479834;481834;">> KRIS: Hello.
I'll do that for you right now."
203;481834;483834;">> KIM: She books me on an
audition and a photo shoot on"
204;483834;486333;"the same day.
>> KRIS: Oh, my God."
205;486333;488433;"Excuse me.
Excuse me. Sorry."
206;488433;490467;"Obviously, I made a mistake
today."
207;490467;492467;">> KOURTNEY: Well, yeah, you
shouldn't take on too many"
208;492467;494467;"responsibilities that you can't
handle."
209;494467;496900;"I mean, she's managing our
entire family, and now she wants"
210;496900;500033;"to manage this band.
What does she even know about"
211;500033;502266;"the music business anyway?
>> KRIS: Are you actually going"
212;502266;504266;"to do this?
You're working 18 hours a day,"
213;504266;506266;"and you want to take on
something else?"
214;506266;508266;"Are you kidding me?
That's just what we need."
215;508266;512200;"More girls around here.
>> MALIKA: Hey, what are you"
216;512200;514333;"doing, other than stuffing your
face?"
217;514333;516367;">> ROB: I'm trying to load the
dishwasher."
218;516367;519066;">> MALIKA: Okay, Robert, what is
wrong with your sister?"
219;519066;521166;">> ROB: She's insane.
Look at her-- that evil little"
220;521166;523567;"(bleep).
I'm really sick and tired of"
221;523567;527300;"Khloe always embarrassing me
about hooking up with Malika."
222;527300;529867;"There's got to be a way to get
her to stop."
223;529867;532133;">> MALIKA: If we really were,
like, seeing each other..."
224;532133;534133;">> ROB: Mm-hmm.
>> MALIKA: ...she would (bleep)"
225;534133;536600;"her pants.
>> ROB: Yeah. So are you saying"
226;536600;539600;"we're gonna start hooking up?
>> MALIKA: I'm not saying for"
227;539600;541600;"real, Robert. Focus.
>> ROB: Right."
228;541600;543834;">> MALIKA: We need to make her
think that we're, like,"
229;543834;545900;"seriously dating, and she's got
something to worry about."
230;545900;548367;">> ROB: You are kind of like my
sister, though."
231;548367;550367;">> MALIKA: She'd be disgusted if
we were really sleeping"
232;550367;552367;"together.
She really want this?"
233;552367;554367;">> ROB: Yeah, she will lose it.
>> MALIKA: Oh, she's not even"
234;554367;556400;"gonna know what to do with
herself, honestly."
235;556400;558533;"The best way to get back at
Khloe for embarrassing us is to"
236;558533;560567;"give her a taste of her own
medicine."
237;560567;562734;"You want to see us date, we're
gonna date."
238;562734;564767;"And you're gonna hate it.
>> ROB: Two in the (bleep)."
239;564767;566867;"One in the steak.
Two in the (bleep)."
240;566867;568900;"One in the steak.
(Malika laughs)"
241;568900;571767;">> MALIKA: This guy is a sicko."
242;576200;579467;">> KRIS: Hey. How are you?
Hey, guys."
243;579467;581734;">> GIRL: I'll kiss you through
the glass."
244;581734;583734;">> KRIS (gasps): This is
awesome."
245;583734;586233;"I'm stopping by the studio today
to talk to the girls about"
246;586233;588667;"working together.
I've made my decision, and now I"
247;588667;591700;"just hope it's the right one.
I think that you guys are so"
248;591700;595133;"amazing as a group.
I know you guys have, um, asked"
249;595133;597834;"me to be a part of your little
family here."
250;597834;604266;"I'm gonna have to just, um,
pass."
251;604266;606934;"Because I'm just overwhelmed
with what's going on with my"
252;606934;609734;"girls right now, and I wouldn't
do something unless I could give"
253;609734;613133;"it 150%.
I wish I could take these girls"
254;613133;617166;"on, because I adore them, but
it's just not the right time,"
255;617166;620166;"and it makes me really sad.
Really, I'm getting choked up,"
256;620166;623467;"because you're so adorable, and
I want to see you guys do well."
257;623467;625700;"All right, give me a hug.
Bye, you guys."
258;625700;627767;">> WOMEN: Bye.
>> KRIS: Ugh! That was hard."
259;627767;629834;"That was really, really hard.
>> KENNETH: You know, let this"
260;629834;631867;"pass.
>> KRIS: I don't know why I'm so"
261;631867;633867;"emotional.
You've got a really good thing"
262;633867;636000;"here, and I just wish you all
the best."
263;636000;638033;"Bye, Kenneth.
>> KENNETH: Bye-bye."
264;638033;640033;">> ROB: I love hickeys.
>> KHLOE: Come on."
265;640033;642834;"We're trying to watch a movie.
Stop!"
266;642834;645166;"Ew!
>> SINGER: ♪ Take"
267;645166;647834;"A little moment to live... ♪
>> KRIS: I feel so bad."
268;647834;659066;"I just don't think I made the
right decision."
269;659066;661066;">> MALIKA: Rob?
>> KHLOE: Hi, Malik."
270;661066;663066;"What are you doing?
>> MALIKA: I'm coming to pick up"
271;663066;665100;"Rob.
We're going to dinner."
272;665100;667100;">> KHLOE: Are you kidding, or
being serious?"
273;667100;669100;"Why don't you invite me?
>> MALIKA: It's date night, and"
274;669100;671767;"you can't come.
Robert!"
275;671767;674467;"Come on, let's go!
You ready?"
276;674467;677867;">> ROB: Ooh, you look beautiful!
>> MALIKA: Thanks, Robby."
277;677867;679867;"Love a man in black.
>> MALIKA: I love a woman who's"
278;679867;681867;"black.
(Malika laughs)"
279;681867;683867;">> ROB: This is great.
She is just going to go ape"
280;683867;685867;"(bleep).
>> KHLOE: You're (bleep) with"
281;685867;687867;"me, right?
>> ROB: No. We're going to"
282;687867;689867;"dinner.
Do you want anything?"
283;689867;691867;"I'll bring it back for you.
>> KHLOE: Can I come?"
284;691867;693867;">> ROB: No.
I need to get to know your"
285;693867;701834;"friend a little better.
Don't wait up for me, beautiful."
286;701834;704367;">> LAMAR: Queen Khloe, have
you seen Rob?"
287;704367;706367;">> KHLOE: He's still on his
date."
288;706367;708367;"Why? You want to play video
games?"
289;708367;710367;">> LAMAR: Yeah. Duh.
It's either that, or lay down"
290;710367;712600;"with my beautiful wife.
So Rob went on a date with"
291;712600;714600;"Malika.
>> KHLOE: I know."
292;714600;716734;">> LAMAR: I mean, they're
definitely gonna get together."
293;716734;718734;">> KHLOE: Lamar...
>> LAMAR: I can see her probably"
294;718734;720734;"giving him a nice little tug.
>> KHLOE: Rob and Malika have"
295;720734;722900;"been on this date for almost
three hours."
296;722900;724900;"What the hell are they doing?
>> LAMAR: She's not gonna tell"
297;724900;726900;"you everything.
(phone ringing through)"
298;726900;728900;">> KHLOE: It's Malika.
She tells me everything all the"
299;728900;730900;"time.
>> MALIKA: Hello?"
300;730900;732934;">> KHLOE: Malika.
>> LAMAR: Malik. Oh."
301;732934;734934;">> MALIKA: Hi.
>> KHLOE: So, are you guys going"
302;734934;736934;"on another date, or...?
>> MALIKA: Um, yeah."
303;736934;738934;">> KHLOE: What?!
>> MALIKA: We'll go on another"
304;738934;742166;"date.
>> KHLOE: No, you are not."
305;742166;744567;">> MALIKA: Why not?
>> KHLOE: That's incest."
306;744567;747400;"That is disgusting.
>> LAMAR: It's not incest, yo."
307;747400;749400;"We should embrace this.
(Malika laughs)"
308;749400;751400;">> KHLOE: Okay, you know, I have
to go."
309;751400;753400;"I can't...
Love you. Got to go. Bye."
310;753400;755400;">> LAMAR: Holler.
>> ROB: Click."
311;755400;757400;">> KHLOE: You encourage this.
>> LAMAR: It's going to be"
312;757400;760066;"serious.
Malika can probably get him by"
313;760066;763300;"the little (bleep).
(Lamar laughs)"
314;763300;770600;">> KHLOE: That is disgusting.
>> LAMAR: I'm just playing."
315;770600;772834;">> KOURTNEY: Mom?
>> KRIS: Hey, Kourt."
316;772834;775233;"I'm in the office.
What's going on?"
317;775233;778066;">> KOURTNEY: Nothing.
Just, um, dropped Mason off to"
318;778066;780166;"hang out with Scott.
What's going on?"
319;780166;782166;"You seem like something's
bothering you."
320;782166;786867;">> KRIS: I feel kind of down,
and I turned down the BG5 Girls."
321;786867;789200;">> KOURTNEY: I mean, it's a lot
of work."
322;789200;792166;"And I think that you have so
much going on right now."
323;792166;796467;"I mean, you're doing it for me,
Kim, Khloe, Bruce, Kendall,"
324;796467;798633;"Kylie, you know.
>> KRIS: Yeah."
325;798633;800800;">> KOURTNEY: It doesn't stop.
>> KRIS: I know."
326;800800;803800;">> KOURTNEY: I know my mom's
upset about her decision to not"
327;803800;806500;"manage BG5, but I honestly think
it will be for the best in the"
328;806500;808934;"long run.
You have plenty going on."
329;808934;811700;">> KRIS: I do have to show up at
their showcase."
330;811700;814000;"So will go with me?
>> KOURTNEY: Yeah."
331;814000;815934;"I mean, you can always support
them."
332;815934;817600;"So we'll go.
It'll be fun."
333;817600;820700;">> KRIS: Okay, good.
Let's shake on it."
334;820700;822567;"Whoo.
>> KOURTNEY: Okay."
335;822567;826867;">> KRIS: Love you, doll.
>> KOURTNEY: You're welcome."
336;826867;829200;">> MALIKA: Hey, K.K.
>> KHLOE: Hi, sugar."
337;829200;831567;">> MALIKA: What are you doing?
You organizing my mess?"
338;831567;834433;">> KHLOE: Yes.
My phone cut out with Lauren,"
339;834433;837000;"so... She'll probably call back.
>> MALIKA: Okay."
340;837000;838633;">> ROB: What's up?
>> MALIKA: Got it, got it."
341;838633;840734;">> KHLOE: Oh, my goodness.
>> MALIKA: Why are you...?"
342;840734;842100;">> ROB: How you doing?
>> KHLOE: I actually forgot you"
343;842100;843500;"were here.
>> MALIKA: Hi."
344;843500;845367;">> ROB: I just-- I did cleaning,
because your husband..."
345;845367;846867;">> MALIKA: You're cleaning in
your underwear."
346;846867;848533;">> ROB: No, I was just out of
the shower and I almost slipped"
347;848533;850800;"because Lamar spilled tea last
night."
348;850800;852433;">> KHLOE: Yeah, he made me tea.
>> ROB: All over."
349;852433;854367;">> MALIKA: That's sweet of him.
>> ROB: Nice to see you."
350;854367;858200;">> MALIKA: Good to see you, too.
>> KHLOE: You guys are so weird"
351;858200;860266;"together.
So do you, like, actually like"
352;860266;863066;"Rob? Like, I'm confused.
>> MALIKA: Of course I like Rob."
353;863066;865333;"I've always liked Rob.
>> KHLOE: Ew."
354;865333;867734;">> MALIKA: Rob's a good kisser.
>> KHLOE: Malika, you are"
355;867734;872233;"disgusting, seriously.
So did you guys have sex?"
356;872233;875300;">> MALIKA: He looks great naked.
>> KHLOE: Ew!"
357;875300;878934;"Seriously, you are disgusting!
Not only are they together, but"
358;878934;880734;"now they're doing it in my
house?"
359;880734;882567;"This is a nightmare."
360;886467;892033;"(lasers, explosions over TV)
(Malika giggling)"
361;892033;894033;">> ROB: That's just...
>> KHLOE: I can't watch this."
362;894033;896033;">> LAMAR: Give him-- like,
really tongue it down."
363;896033;897300;">> KHLOE: Stop.
>> MALIKA: I was just kissing"
364;897300;898900;"him.
>> KHLOE: You guys, watch the"
365;898900;900700;"movie.
This is, like, movie night, not"
366;900700;902367;"kissing night.
>> ROB: Okay, so let's all watch"
367;902367;904066;"it.
>> KHLOE: This is disgusting,"
368;904066;906767;"and my brain is gonna crumble
'cause I cannot take information"
369;906767;908233;"like this.
>> ROB: Hey, Khloe."
370;908233;909734;">> KHLOE: What?
>> ROB: Guess where I'm touching"
371;909734;911533;"Malika right now.
>> KHLOE: Rob."
372;911533;912900;">> LAMAR: Who gets the first
guess?"
373;912900;915600;">> ROB: If you know what kind of
man I am, you would know."
374;915600;917667;">> KHLOE: Ew.
>> ROB: I love hickeys on my"
375;917667;918967;"neck.
>> KHLOE: Come on, we're trying"
376;918967;920867;"to watch a movie! Stop!
I can't hear."
377;920867;922734;"(Rob chuckles)
>> ROB: You know, I'm actually"
378;922734;925800;"having a lot of fun playing with
Khloe, messing with her mind."
379;925800;928600;"But getting a rubdown from
Malika is an added bonus."
380;928600;930033;">> MALIKA (baby talking): Who's
the belly?"
381;930033;932367;"Whose belly is this?
>> ROB: It's my belly."
382;932367;934433;">> MALIKA: Whose belly is this?
(Rob chuckles)"
383;934433;935900;">> ROB: Now go a little bit
lower."
384;935900;937166;"(Rob and Malika laugh)
>> KHLOE: Oh, come on."
385;937166;939700;"Stop.
>> ROB: I think my penis got a"
386;939700;940934;"little hard.
>> KHLOE: Come on."
387;940934;942500;">> MALIKA: I have that effect on
people."
388;942500;944633;">> LAMAR: That's crazy.
That kid is funny."
389;944633;946533;"(Malika shrieks)
>> KHLOE: Ew!"
390;946533;949867;">> MALIKA: Watching Khloe get
this upset makes all this that"
391;949867;952900;"much more rewarding.
Payback's a bitch."
392;952900;954867;">> KHLOE: I'm just getting
nauseous now."
393;954867;957433;"(kissing noises)
>> MALIKA: Did she really leave?"
394;957433;959300;">> KHLOE: That was disgusting!"
395;963467;965200;"(girls laughing)
>> KRIS: I think it'll be fun"
396;965200;967300;"for us, right?
Hey, everybody."
397;967300;970800;"It's a little awkward being at
the BG5 showcase, since I've"
398;970800;973166;"turned them down.
But this is the first time I've"
399;973166;975667;"ever seen them perform live, so
I'm really excited."
400;975667;978266;"Oh, my, girls.
Look how cute they look."
401;978266;981867;">> BG5: ♪ Take a little moment
To leave all your tension"
402;981867;985467;"♪ If I scratch your back
You need to scratch mine"
403;985467;989100;"♪ You need to get yours
I need to get mine"
404;989100;992667;"♪ So scratch
DJ, do it, DJ, DJ"
405;992667;996433;"♪ Just scratch
Look around, ooh, ooh, ooh"
406;996433;998667;"Scratch ♪
>> KRIS: These girls are"
407;998667;1002033;"amazing.
I'm so loving this, but I just"
408;1002033;1005166;"feel so sad that I can't be on
board and help them reach their"
409;1005166;1008100;"full potential.
(music fades)"
410;1008100;1010266;"(cheering, applause)
>> GIRL: Thank you."
411;1010266;1012934;">> KRIS: Good job, girls.
>> GIRL: Bye, people. We're BG5."
412;1012934;1015800;"Thank you for coming.
(cheering, applause)"
413;1015800;1018500;">> KRIS: Come outside with me
for a minute."
414;1018500;1021667;"I'm just so emotional.
I can't-- I just don't even know"
415;1021667;1025967;"why I'm this emotional.
I seriously feel so bad that I"
416;1025967;1028800;"might not be a part of that.
I just don't think I made the"
417;1028800;1032700;"right decision.
>> ROB: We were thinking of, uh,"
418;1032700;1040433;"moving in, like, finding a place
together."
419;1040433;1042433;"Captioned by
 Media Access Group at WGBH"
420;1042433;1047767;"access.wgbh.org 
>> KRIS: I'm just so emotional."
421;1047767;1050567;"I can't-- I just don't even know
why I'm this emotional."
422;1050567;1055100;"And I seriously feel so bad that
I might not be a part of that."
423;1055100;1057000;">> KRIS: Don't laugh at me.
I really feel this way."
424;1057000;1058700;">> KENDALL: I'm really trying
not to."
425;1058700;1061633;">> KRIS: I just don't think I
made the right decision."
426;1061633;1064166;">> KOURTNEY: Seeing how
emotional my mom is getting"
427;1064166;1066734;"makes me realize I was being a
little bit selfish."
428;1066734;1069667;"I guess I just didn't realize
these girls mean so much to her."
429;1069667;1071700;"I mean, I didn't know that you
felt this way."
430;1071700;1073533;">> KRIS: I didn't either.
I mean, sitting in there"
431;1073533;1076533;"watching them, it's like I kind
of, like, discovered for the"
432;1076533;1083000;"first time.
(people chattering)"
433;1083000;1086667;">> KRIS: And Kenneth, you.
Little powwow."
434;1086667;1088300;"Kourtney, you want to come with
me?"
435;1088300;1092100;"Be my little support system.
You guys are really amazing, and"
436;1092100;1095033;"I get such a great feeling and a
great energy."
437;1095033;1098000;"And I just got so emotional
watching you guys perform."
438;1098000;1101467;"And I think, if you guys will
still have me, I would love to"
439;1101467;1104734;"be your co-manager with Kenneth.
>> GIRL: Absolutely."
440;1104734;1108200;">> GIRLS: Yes!
(cheering)"
441;1108200;1111600;">> KRIS: So exciting!
I'm so happy that these girls"
442;1111600;1115600;"have embraced me and believe in
me, because I really believe"
443;1115600;1118467;"in them.
And this is gonna be a wonderful"
444;1118467;1122200;"relationship.
I'm so excited to be co-manager"
445;1122200;1127400;"of the BG5 girls.
(cheering)"
446;1127400;1141433;"Yay!
I have a new job!"
447;1141433;1144867;">> ROB: Let's just tell her,
like, we're gonna get-- I don't"
448;1144867;1147100;"know, like, I got you pregnant
or we're gonna move in together"
449;1147100;1148533;"or some (bleep).
>> MALIKA: Okay, okay."
450;1148533;1151266;">> ROB: Watching Khloe squirm
all week and just be disturbed"
451;1151266;1155567;"by Malika and I, um, has been
wonderful, but I think it's"
452;1155567;1157533;"time to take it to the next
level."
453;1157533;1160900;">> MALIKA: K.K.
Hi."
454;1160900;1163333;">> KHLOE: What now?
Seriously."
455;1163333;1166633;">> MALIKA: You gonna tell her?
>> ROB: We just-- I'm being"
456;1166633;1168967;"serious right now.
This is no (bleep)."
457;1168967;1175667;"We're thinking of, uh, moving in
together."
458;1175667;1177133;"Okay, is that gonna weird you
out?"
459;1177133;1179500;"I mean, I thought you would like
me to get out of your space..."
460;1179500;1182834;">> KHLOE: Yeah, no, sounds like
a good idea."
461;1182834;1184500;">> ROB: You want me out of the
house."
462;1184500;1186166;">> KHLOE: Is this real?
Like, you guys really are gonna"
463;1186166;1191667;"go?
>> ROB: I'm in love with you."
464;1191667;1194333;">> MALIKA: Joke's on you, chick.
>> KHLOE: What, that you guys"
465;1194333;1196266;"are moving in together?
>> MALIKA: Khloe, we're kidding."
466;1196266;1198500;">> KHLOE: About what?
>> MALIKA: About all of this."
467;1198500;1202633;"We've been (bleep) the whole
time."
468;1202633;1207433;">> KHLOE: It's just not funny.
Say you're (bleep) sorry!"
469;1207433;1210233;"Who is the queen (bleep) bitch?
>> ROB: You and Malika."
470;1210233;1212533;">> MALIKA: Good answer.
>> KHLOE: Now you're afraid,"
471;1212533;1214867;"huh?
>> MALIKA: Khloe!"
472;1214867;1217367;"I told you to stop!
>> ROB: (bleep) bitch!"
473;1217367;1219333;"(laughter)
>> KHLOE: I am so relieved that"
474;1219333;1223333;"they really were just (bleep)
with me, because I realized I do"
475;1223333;1225900;"not ever want them to hook up.
(screams)"
476;1225900;1228433;"Ow.
>> ROB: Bye."
477;1228433;1231734;"(Khloe screaming)
>> MALIKA: Never play with us"
478;1231734;1239700;"again.
>> KHLOE: Ew!"
479;1239700;1241533;">> BRUCE: Where you going?
>> KHLOE: I have to go have a"
480;1241533;1242867;"meeting.
>> KRIS: Where are they going?"
481;1242867;1244934;">> BRUCE: I don't know.
>> KHLOE: Okay, I didn't tell"
482;1244934;1248867;"you, when Mom made me go see the
BG5 girls, she peed on herself."
483;1248867;1251133;"She's, like, running.
She's, like, "Khloe, I really"
484;1251133;1252734;"have to pee."
Like, she was-- Bible-- like,"
485;1252734;1254367;"holding her vagina.
I'm like, "Well, that's not my"
486;1254367;1256233;"problem."
So I bought Depends earlier,"
487;1256233;1257967;"'cause I knew you guys...
>> KOURTNEY: So where are they?"
488;1257967;1259400;">> KHLOE: They're here.
>> KENDALL: Wait, can I open"
489;1259400;1260667;"them?
>> KHLOE: Do you think a"
490;1260667;1262433;"small-medium's gonna fit her?
>> KOURTNEY: Yeah."
491;1262433;1264633;">> KHLOE: But you guys have to
help me, like, make her do it."
492;1264633;1267367;">> KOURTNEY: No, she's doing it.
Even though my mom is the new"
493;1267367;1270600;"manager for the BG5 girls, we're
definitely not gonna let her"
494;1270600;1273266;"forget who her real bosses are.
>> KHLOE: We have an"
495;1273266;1275166;"announcement to make.
>> BRUCE: Oh, gosh, what?"
496;1275166;1278433;">> KHLOE: So, the other day, Mom
peed on herself."
497;1278433;1280367;">> ROB: Mom peed on herself?
>> KHLOE: Bible-- she peed on"
498;1280367;1281633;"herself.
So I made a deal."
499;1281633;1284033;"I said, "If you want to come
back into this car, you're gonna"
500;1284033;1287567;"have to wear one of these
beautiful adult Depend diapers.""
501;1287567;1290033;">> KRIS: I'm not going to wear a
diaper."
502;1290033;1291834;">> KHLOE: Yeah, Mom, we shook on
it."
503;1291834;1293800;"We made a deal.
>> BRUCE: Put on the diaper!"
504;1293800;1295200;">> ALL (chanting): Diaper!
Diaper!"
505;1295200;1296967;">> KRIS: I'm not putting on a
diaper!"
506;1296967;1299467;"I'm not gonna do this.
>> KHLOE: Well, um, actually,"
507;1299467;1301934;"you are.
>> KRIS: I'm actually not."
508;1301934;1304433;"I don't want to wear a diaper!
>> ROB: It's really on."
509;1304433;1307467;"You look crazy!
>> KRIS: Khloe, stop it!"
510;1307467;1309333;"You're cutting my leggings,
Khloe!"
511;1309333;1312100;"You're gonna cut my skin!
Look at all of you, you're"
512;1312100;1313500;"crazy.
>> ROB: Look at you, you're"
513;1313500;1316100;"wearing a diaper.
>> BRUCE: That does not look"
514;1316100;1318467;"sexy, honey.
 Keeping Up"
515;1318467;1320633;"with the Kardashians:
We can't just have sex just to"
516;1320633;1322967;"have sex.
I need to get pregnant ASAP."
517;1322967;1325467;">> KRIS: I spot Scott butt
naked."
518;1325467;1327233;">> KOURTNEY: Oh... my God.
>> KRIS: Yeah."
519;1327233;1328934;">> BRUCE: We have rules in this
house."
520;1328934;1330934;"No boys up here.
>> KYLIE: Dad, just leave!"
521;1330934;1332967;">> KENDALL: What are you doing
here?"
522;1332967;1334967;">> KOURTNEY: Mom and Dad know
you're here?"
523;1334967;1336834;">> KENDALL: No."