﻿Number;Start time in milliseconds;End time in milliseconds;"Text"
1;3033;5367;"Keeping
Up with the Kardashians..."
2;5367;9633;">> ♪♪♪
>> KHLOE: So I could teach her"
3;9633;12000;"to swim?
>> ROB: Yeah!"
4;12000;15300;"Six-ten point guard can't swim.
Ow! (bleep)."
5;15300;17767;">> RYAN: Kim, you are the
only single one."
6;17767;20734;">> KIM: Yeah.
>> KRIS: This is Kim's new"
7;20734;22734;"bodyguard.
>> BODYGUARD: We have to work"
8;22734;25667;"professionally.
>> WOMAN: Someone who wanted to"
9;25667;28100;"get set up with you.
He plays football."
10;28100;29900;">> KIM: I don't want to date
another football player."
11;29900;35600;">> KHLOE: Who cares?
>> KIM: Miles Austin."
12;35600;38233;">> SCOTT: My wish would be to
get the hell away from"
13;38233;40700;"her family.
>> KIM: Kourt, are you moving"
14;40700;43233;"to New York?
>> KRIS: She's going"
15;43233;45000;"to leave us.
>> KOURTNEY: If we're together,"
16;45000;47367;"you don't text other
(bleep) whores!"
17;47367;50533;">> KRIS: This feels really good.
>> BRUCE: I don't want my wife"
18;50533;52567;"fooling around with some
young kid!"
19;52567;54400;">> KRIS (voice breaking): I just
feel like everything happens"
20;54400;56633;"for a reason.
>> KYLIE: We've never seen you"
21;56633;59033;"and Dad fight like that.
>> BRUCE: I'm just sick and"
22;59033;63900;"tired of all of this!
>> KRIS: I need a little help,"
23;63900;65800;"you guys, with what we're having
for dinner."
24;65800;67900;"I'm just gonna make Kendall's
favorite pasta if nobody else"
25;67900;69734;"has a vote.
>> KENDALL: It's not my favorite"
26;69734;71233;"pasta anymore.
You make it every single"
27;71233;73200;"night, Ma.
>> KRIS: Okay, well, I don't"
28;73200;74967;"make it every night.
>> KHLOE: You actually do make"
29;74967;77100;"the same food every
single night."
30;77100;79200;">> KRIS: Okay, now nobody gets a
vote because I'm tired of the"
31;79200;81767;"bitch, bitch, bitch, bitch.
>> BRUCE: May I have your"
32;81767;83467;"attention?
>> KOURTNEY: What?"
33;83467;85834;">> BRUCE: As some of you may 
know, a few weeks ago..."
34;85834;89633;">> KHLOE: You won a gold medal.
>> BRUCE: No. My wedding ring"
35;89633;91367;"broke.
>> KHLOE: What?!"
36;91367;93000;">> KOURTNEY: It did?
>> BRUCE: I've never had my"
37;93000;95300;"wedding ring off in 19 and a
half years."
38;95300;98800;"I got the ring back.
I think what we should do is we"
39;98800;102700;"should have a little ceremony,
renew our vows."
40;102700;105367;"Come on in here, honey.
>> KRIS: I just (bleep) up"
41;105367;108467;"the cake, so just hang on,
Romeo."
42;108467;110200;">> KOURTNEY: What an annoying
woman."
43;110200;112100;">> KHLOE: Are you sure you want
to get remarried right now?"
44;112100;114300;">> KRIS: Okay, let's do this.
I gotta make pasta."
45;114300;115400;">> BRUCE: All right, stand
right here."
46;115400;117834;"Hold Mason.
He's my best man."
47;117834;120133;"He holds the ring.
>> KOURTNEY: Kim, don't do that!"
48;120133;121834;">> KRIS: Come on, honey.
I'm wearing white."
49;121834;125266;">> BRUCE: She's wearing white.
>> KHLOE: I have gathered you"
50;125266;128834;"all here today for this joyous
occasion."
51;128834;131400;"I, with this ring...
>> KRIS: I, with this ring..."
52;131400;133066;">> KHLOE: ...promise to love
you..."
53;133066;134367;">> KRIS: ...promise to love
you..."
54;134367;136233;">> KHLOE: ...be kind to you...
>> KRIS: ...be kind to you..."
55;136233;137700;">> KHLOE: ...always have
sex with you."
56;137700;139467;">> KRIS (laughing): ...always
have sex with you."
57;139467;143000;">> KHLOE: Please say, "I do."
>> BOTH: I do."
58;143000;145166;"Yay!
>> KOURTNEY: You have to kiss"
59;145166;146533;"first.
>> KHLOE: I don't think he"
60;146533;148934;"can lift her.
>> KENDALL: This is all awkward."
61;148934;151266;">> BRUCE: You weren't this
heavy before."
62;151266;155567;">> KHLOE: This is weird.
 Captioning sponsored by"
63;155567;159433;"BUNIM-MURRAY PRODUCTIONS"
64;162100;165734;">> (Mason crying)
>> KRIS: He wants a boob, honey."
65;165734;170333;"You don't have a boob, okay?
(New York accent): Hi, how are"
66;170333;173400;"you?
What are ya doin'?"
67;173400;176600;">> KOURTNEY: Mom, one time we
were fighting about Scott, and"
68;176600;180133;"she was like saying that
that's how Scott talks."
69;180133;181533;">> KHLOE: Scott doesn't talk
like that."
70;181533;183367;">> KRIS (New York accent): He's
a gangsta."
71;183367;185233;">> KHLOE: Scott doesn't have
an accent, but he has a"
72;185233;188000;"high-pitched voice.
>> KRIS (New York accent): No,"
73;188000;190266;"he has an accent.
And he wants a piece of pizza."
74;190266;192767;">> KOURTNEY: Ever since Scott
and I got back from Miami, we"
75;192767;195066;"probably see each other every
couple days."
76;195066;197767;"I think it's important that
Scott sees Mason whenever"
77;197767;201066;"he wants.
Scott has definitely been making"
78;201066;204266;"some great steps towards
bettering himself."
79;204266;206767;"He's been sober since Miami.
>> SCOTT: Hi, buddy."
80;206767;209600;">> KOURTNEY: I'm also selling my
condo right now, and I've"
81;209600;213533;"decided that it's best that I
live with Khloe for now, where"
82;213533;216000;"Rob's there, Khloe's there,
Lamar's there."
83;216000;218767;"There's plenty of extra hands to
help me out with Mason."
84;218767;222233;">> KHLOE: I've given Scott so
many chances."
85;222233;226767;"I used to live with Scott.
It's all, but he's always,"
86;226767;228600;"(mimics Scott) "I'm trying,
I'm trying.""
87;228600;231100;"It's always that.
I'm over it."
88;231100;234233;"Like you know what?
It's-- people have their limits."
89;234233;238667;"Scott has messed up
consistently."
90;238667;240967;">> (mirror shatters)
>> KHLOE: Literally, it's like"
91;240967;243700;"a merry-go-round.
It happens every"
92;243700;245967;"four to six months.
>> SCOTT: Can I get you to shut"
93;245967;248867;"your (bleep) up?
>> KHLOE: So if anyone thinks"
94;248867;252867;"that I'm being a little harsh, a
little aggressive, please spend"
95;252867;255633;"a day in my shoes, and maybe
you'll feel the exact same way."
96;255633;258633;">> KRIS: We're supposed to
accept who he is and these"
97;258633;260900;"outbursts and things that
happen."
98;260900;265300;"And then it's our turn to have
a moment, he gets to walk away."
99;265300;267800;"I mean, why are we supposed
to put up with it and not"
100;267800;271100;"walk away?
>> BRUCE: In the big picture,"
101;271100;274967;"when you are dating somebody,
it's as good as the relationship"
102;274967;277200;"will ever get.
>> KRIS: Ever."
103;277200;279433;">> BRUCE: Ever.
You get married to him, it's"
104;279433;282300;"only gonna make it more
difficult 'cause now you got a"
105;282300;284100;"contract."
106;288767;292700;">> KRIS: This is so beautiful.
This is like we're in Italy,"
107;292700;294333;"honey.
 like in Italy."
108;294333;297667;">> KRIS: It's gorgeous.
(knocking)"
109;297667;299633;">> KIM: Come in!
>> KRIS: Hey, Kim, this is"
110;299633;303633;"absolutely gorgeous!
>> KIM: Thank you!"
111;303633;307600;"Do you love it?
>> KRIS: This is amazing!"
112;307600;310333;">> KIM: So a lot has gone on
in the past month or so"
113;310333;313467;"since Miami.
Reggie and I broke up."
114;313467;316033;"And at first it was really
tough living your life so"
115;316033;321000;"public, seeing your relationship
play out in all the tabloids."
116;321000;325900;"But now I am over it.
I'm single and I am absolutely"
117;325900;332233;"loving life.
>> (people clamoring)"
118;332233;335266;">> KIM: Since I'm not in a
relationship, the one thing I've"
119;335266;338633;"just been diving into and
obsessed with right now is my"
120;338633;340800;"new house.
>> BRUCE: Hey, the Maceman"
121;340800;342433;"is here.
What's happening, buddy?"
122;342433;345300;">> KOURTNEY: Kim, this looks so
amazing."
123;345300;347200;">> KIM: It's kind of like
my relationship."
124;347200;350433;"All my clutches will go there.
>> KOURTNEY: (gasps) Oh, my God,"
125;350433;353533;"I love the chandelier!
>> KIM: I'm like nurturing it"
126;353533;356266;"and spending a lot of time there
and just making sure that"
127;356266;358900;"everything is perfect.
>> KHLOE: Masey, look what you"
128;358900;361367;"left at home!
>> BRUCE: Mr. Roberto..."
129;361367;363400;">> KIM: It's my new boyfriend.
(chuckles)"
130;363400;365433;">> KHLOE: This house is
stunning."
131;365433;367333;">> KIM: You guys need to get out
of here."
132;367333;369533;"This room is just to look at,
not to sit in."
133;369533;371500;">> BRUCE: Let's check the
backyard out before we get in"
134;371500;375934;"trouble for sitting on
the furniture."
135;375934;377800;">> KIM: All right, let's go.
There's the path."
136;377800;381266;">> BRUCE: Yeah.
>> KRIS: This is fantastic."
137;381266;383400;">> KIM: Do you guys have to wear
your heels and stuff on the"
138;383400;385333;"grass?
>> BRUCE: Actually, you should"
139;385333;387266;"walk on the grass with your
heels 'cause it will aerate"
140;387266;388934;"the lawn.
>> KIM: Okay, seriously, you're"
141;388934;391233;"getting crumbs everywhere.
Look at this!"
142;391233;393700;">> KRIS: So let's not eat
anymore in Kim's house."
143;393700;396700;"This'll be fun.
>> KIM: Kourtney!"
144;396700;398700;"When my whole family
comes over, they are nothing"
145;398700;401033;"but obnoxious.
Fingerprints, fingerprints,"
146;401033;404400;"people.
Seriously, guys, paws off."
147;404400;406433;"Paws off the window.
>> KHLOE: Oh, why did you"
148;406433;408500;"invite us over?
>> KIM: I want you to see it."
149;408500;410500;"I said, "Look, don't touch.""
150;419066;420567;">> KOURTNEY: Hi.
>> ERICA: Hi."
151;420567;422100;">> KOURTNEY: How are you?
>> ERICA: Good. How are you?"
152;422100;425433;"So, basically, I wanted to go
back to what you were saying"
153;425433;428900;"initially in terms of your
insecurities and being thrust"
154;428900;432266;"into this bigger family.
>> SCOTT: Right."
155;432266;434467;">> KOURTNEY: While Scott and I
are kind of working on things,"
156;434467;437000;"we've been going to therapy
twice a week."
157;437000;440667;"I don't know where our
relationship stands, but we're"
158;440667;442700;"both working on it.
I love Scott."
159;442700;446000;"He's Mason's father, and we're
both doing our best."
160;446000;448300;">> ERICA: How do you feel about
being part of a big family?"
161;448300;451400;"I mean, is that something that
is attractive to you, or is it"
162;451400;453867;"something that like, "Get me out
of here"?"
163;453867;455333;">> SCOTT: Yeah, that's not
for me."
164;455333;457166;">> ERICA: It's not for you.
>> KOURTNEY: Him and my brother"
165;457166;459200;"used to be close.
Him and my sister Khloe used"
166;459200;460767;"to be close.
We used to all three"
167;460767;462633;"live together.
They like despise each other"
168;462633;464300;"now.
>> ERICA: How do you feel"
169;464300;465967;"about that?
How do you deal with it?"
170;465967;468900;">> KOURTNEY: It's like I have to
live two different scenarios."
171;468900;471300;">> ERICA: Right, two separate
lives, in essence, with"
172;471300;473000;"your partner.
>> KOURTNEY: Right."
173;473000;475433;">> ERICA: I'd like to know from
 your"
174;475433;477934;"your
needs in the relationship?"
175;477934;482367;">> SCOTT: The only thing I want
is to be treated like the man"
176;482367;485000;"that everybody's asking of me.
>> ERICA: Once you've broken"
177;485000;489033;"trust, and you start thinking in
your mind, "I want to be a"
178;489033;491367;"better person, I want to be
a better dad," people aren't"
179;491367;493700;"automatically gonna go, "Oh,
Scott, that's so great!"
180;493700;496000;"We're so happy for you."
You know, they're gonna be"
181;496000;498400;"really cautious.
That becomes challenging for the"
182;498400;501467;"two of you."
183;512600;514567;">> KRIS: Hey, Kim.
>> KIM: Hey, Mom."
184;514567;517600;">> KRIS: What are you doing?
>> KIM: Just organizing."
185;517600;519934;">> KRIS: You still unpacking?
>> KIM: Yeah."
186;519934;521600;">> KRIS: Do you know what I
realized when I was driving"
187;521600;523100;"up here?
>> KIM: What?"
188;523100;524900;">> KRIS: I drove by the house
that Daddy and I used to"
189;524900;526467;"live in.
And then Bruce and I used to"
190;526467;528000;"live next door.
>> KIM: I know."
191;528000;529400;">> KRIS: That was our first
house."
192;529400;531200;"We rented that house before we--
>> KIM: That's why I knew that"
193;531200;533800;"this was like meant to be.
We have like the best memories"
194;533800;535633;"here.
>> KRIS: Kim, you have to have"
195;535633;538567;"like a housewarming party.
>> KIM: I don't want anyone"
196;538567;541400;"over, never.
>> KRIS: You have a huge,"
197;541400;543567;"beautiful new house.
>> KIM: It won't be too"
198;543567;545900;"beautiful after everyone comes
and messes it up."
199;545900;547834;">> KRIS: It's a party-- with
adults."
200;547834;549800;"It's not a bunch of teenagers
running around."
201;549800;553400;">> KIM: I know, but like I just
don't like people in my space,"
202;553400;556066;"you know?
>> KRIS: Kim, I'll make it easy."
203;556066;558467;"I'll do all the planning.
We'll have everybody over."
204;558467;561033;"It'll be fun.
Have some fun once in a while."
205;561033;562867;">> KIM: Fine.
Okay, but it has to be like"
206;562867;564834;"normal hours.
I don't want to like piss off"
207;564834;566767;"my neighbors.
 Animal"
208;566767;569033;"House.
>> KIM: Yes, it is."
209;569033;570533;">> KRIS: All right, I'll do
a list."
210;570533;572066;"I'll bring Lisa over.
I'll get the caterer."
211;572066;574133;"We're having cocktails and
hors d'oeuvres, that's it."
212;574133;577266;"Everybody out of here by 10:30.
>> KIM: Fine."
213;577266;578433;">> KRIS: All right."
214;590200;592433;">> (phone ringing)
>> KOURTNEY: Ooh, think that's"
215;592433;595567;"the gate.
Hello."
216;595567;598967;"Khlo, how do I open the gate?
>> KHLOE: For who?"
217;598967;601400;">> KOURTNEY: Scott's here to
take us to lunch."
218;601400;603233;">> KHLOE: I'll just buzz you out
when you go out there."
219;603233;604767;">> KOURTNEY: Well, he was going
to come help me get out of the"
220;604767;607467;"house.
>> KHLOE: I do believe Scott has"
221;607467;610033;"a lot of negativity around him.
>> KOURTNEY: How do I open it?"
222;610033;611567;">> KHLOE: You don't.
Just turn it off speaker."
223;611567;613967;">> KOURTNEY: You're mature.
>> KHLOE: And since Lamar's in"
224;613967;616066;"the playoffs, and the last thing
he needs is negative energy."
225;616066;619100;"Scott is not allowed in my
house, point-blank."
226;619100;622233;"He's a negative awful person, so
yeah, I don't want him in here."
227;622233;625000;">> KOURTNEY: Khloe is being
extremely immature, and won't"
228;625000;628367;"even let Scott drive on her
driveway."
229;628367;631600;"Which only burdens me.
What is Scott going to do in"
230;631600;634567;"here by helping me out the door?
I don't need things to make my"
231;634567;636767;"life any harder.
>> KHLOE: Bye, Kourt."
232;636767;638834;">> KOURTNEY: Thanks, gem.
>> KHLOE: You're welcome."
233;638834;643567;"Kourtney is so annoying.
>> KIM: There's red wine here."
234;643567;645600;"I didn't want to have this
party, so you need to help me"
235;645600;647367;"clean up.
This was your bright idea."
236;647367;650633;">> KRIS: Merry maid Kim is like
turning into a lunatic."
237;650633;652834;">> KHLOE: Why would I want
someone like that in my house?"
238;652834;655367;">> KOURTNEY: Scott just wants to
come say good night to his son."
239;655367;657033;">> KHLOE: If you want to stay at
my house, he can't come there."
240;657033;658900;"There's rules.
>> KOURTNEY: Okay, well, I don't"
241;658900;661400;"need to be living under rules.
>> KHLOE: Fine, then don't."
242;661400;663133;"Bye-bye."
243;672066;675100;">> (knocking)
>> ROB: Hey, what are you doing?"
244;675100;678333;">> KOURTNEY: I just hate staying
in this nasty house."
245;678333;681800;">> ROB: Why?
>> KOURTNEY: Because Khloe is so"
246;681800;684633;"damn immature.
She just needs to worry about"
247;684633;688500;"herself and Lamar and like her
own life, and stop putting all"
248;688500;691200;"this negative energy on mine.
>> ROB: I'm not taking sides."
249;691200;693600;"Like, yeah, Scott pisses me off
sometimes, but Scott's the"
250;693600;695967;"father of your child.
She's got to be understanding"
251;695967;700100;"and be supportive and she's not.
Mason's the number one priority."
252;700100;701600;">> KOURTNEY: Right, and I'm
trying to do what's best"
253;701600;703300;"for him.
If Scott isn't what's best for"
254;703300;705266;"him, I'm not going to have him
in his life."
255;705266;707000;">> ROB: Khloe needs to learn
that what she's doing isn't"
256;707000;709567;"fair, especially to her sister.
>> KOURTNEY: Right."
257;709567;711333;">> ROB: I love you.
>> KOURTNEY: Love you."
258;711333;713100;"Good night."
259;718166;720834;">> (knocking)
>> BRUCE: Kimmy, it's me."
260;720834;724533;"Kim.
Are you still unpacking?"
261;724533;727066;">> KIM: Yes.
I've asked Bruce to come over to"
262;727066;730734;"help me party-proof my house
before my mom gets there,"
263;730734;733567;"because as soon as she gets
there, all my ideas will be"
264;733567;735934;"thrown out the door.
I rented these things right"
265;735934;738233;"here, you know, like from a
movie theater."
266;738233;739767;">> BRUCE: Go ahead.
>> KIM: And I want to put them"
267;739767;743266;"in front of like the grass
area and in front of my--"
268;743266;745300;">> BRUCE: You mean like nobody
can walk on the grass?"
269;745300;748900;">> KIM: I know I'm being way
over the top, but I need to have"
270;748900;751333;"some control at some point."
271;754567;756700;"Voilà!
>> KIM: Can we set up the shoe"
272;756700;758767;"racks?
>> BRUCE: You're actually going"
273;758767;761000;"to have people take their shoes
off when they come to the party?"
274;761000;762567;">> KIM: Of course."
275;768667;773567;">> BRUCE: Ooh, we got gas.
Aw, oh, oh."
276;773567;775500;">> KRIS: Hello?
>> KIM: Hey, Mom."
277;775500;777600;">> KRIS: Hey, Kim.
>> KIM: Wait, shoes off."
278;777600;780433;"On the racks, on the racks.
>> KRIS: Everyone is not coming"
279;780433;783066;"to your party in a cocktail
dress, Kim, and taking off their"
280;783066;785700;"shoes.
And Bruce is taking these stupid"
281;785700;788400;"things out to the garage.
They're not staying here while"
282;788400;791500;"your guests come in and have
barriers so they can't get into"
283;791500;793100;"your rooms.
It's rude."
284;793100;794633;">> KIM: I don't want people in
there."
285;794633;796667;"There are sprinklers out that
side."
286;796667;799433;"They're going to get mud all
over my brand-new white carpets."
287;799433;801200;">> KRIS: Kim, you're turning
into an old lady."
288;801200;803633;"Why don't you just put plastic
on your couches?"
289;803633;805633;"Kim, if you're going to own a
home, you have to learn how to"
290;805633;807333;"entertain."
291;811100;813600;">> KHLOE: Hello?
>> KOURTNEY: Hey, Khlo."
292;813600;815834;">> KHLOE: Where are you?
>> KOURTNEY: Up here."
293;815834;817800;">> KOURTNEY: Kim, you've got to
get ready."
294;817800;819567;">> KIM: You know what?
I'm totally fine."
295;819567;822900;"Me and Masey are just chillin'.
>> (phone ringing)"
296;822900;826367;">> KOURTNEY: Hello.
I'm just hanging out at Kim's."
297;826367;831000;"Yeah, that would be nice.
We'll be at Khloe's after."
298;831000;833133;">> KHLOE: Who's that?
>> KOURTNEY: Scott."
299;833133;834800;">> KHLOE: Scott's not coming
over."
300;834800;836667;"I'm serious.
Tell him no."
301;836667;838367;">> KOURTNEY: All right, I'll
call you when I leave here."
302;838367;840467;">> KHLOE: It's my house.
>> KOURTNEY: Love you. Bye."
303;840467;842333;"Why would you care if you're not
going to be there?"
304;842333;844000;">> KHLOE: Because it's still my
house."
305;844000;845934;"Do you not get it?
Why would I want someone like"
306;845934;849033;"that in my house?
I just came before the game-- I"
307;849033;851633;"wanted to say congrats on your
housewarming."
308;851633;854033;"Have fun.
And Kourt, he's just not coming"
309;854033;856166;"over.
So I would call him back."
310;856166;858000;">> KOURTNEY: That doesn't even
make sense."
311;858000;860066;"Like why would that affect you
in any way?"
312;860066;861867;">> KHLOE: I didn't think this
was continuously going to be"
313;861867;863633;"such an issue.
Just respect that I don't want"
314;863633;865967;"him over and don't bring him by
and try to be shady."
315;865967;867934;"If you want to stay at my house,
he can't come there."
316;867934;870166;"There's rules.
>> KOURTNEY: Okay, well, I'm 31."
317;870166;872200;"I don't need to be living under
rules."
318;872200;873834;">> KHLOE: Fine, then don't.
Bye-bye."
319;873834;875900;">> KOURTNEY: Have fun."
320;878800;881367;">> KIM: I am so upset with my
mom right now."
321;881367;885233;">> KRIS: Here we go!
>> KHLOE: What are you doing?"
322;885233;887400;">> KOURTNEY: Finishing packing.
>> KHLOE: Come on, Kourtney."
323;887400;889233;">> KOURTNEY: I'm getting out of
Khloe's house."
324;889233;898133;">> KHLOE: I don't want some
negative person in our home."
325;898133;900133;"Captioned by
 Media Access Group at WGBH"
326;900133;904533;"access.wgbh.org 
>> WOMAN: Hi! How are you?!"
327;904533;907734;">> KRIS: So good to see you.
>> KIM: You look gorgeous."
328;907734;916667;">> WOMAN: So do you.
>> BRUCE: My girls are here."
329;916667;925400;">> MAN: I didn't do it!
I didn't do it!"
330;925400;927266;">> KIM: Is this your beer?
>> MAN: No."
331;927266;930433;">> KIM: Crumbs, crumbs, crumbs.
There's red wine here."
332;930433;934633;">> KRIS: Stop. Stop!
Merry maid Kim is like turning"
333;934633;937133;"into a lunatic.
>> KIM: I didn't want to have"
334;937133;938867;"this party, so you need to help
me clean up."
335;938867;941166;"This was your bright idea.
>> KRIS: It's embarrassing."
336;941166;942667;">> (both laugh)
>> MAN 1: I'm already getting"
337;942667;944700;"drunk.
>> MAN 2: I know, man."
338;944700;946600;">> KRIS: Kim.
>> KIM: What?"
339;946600;948467;">> KRIS: Rob, all of his friends
have shown up..."
340;948467;950066;">> KIM: And he's not here.
>> KRIS: He is at the"
341;950066;951200;"Laker game.
>> KIM: Kick all of his"
342;951200;954567;"friends out.
I am so upset with my mom"
343;954567;956667;"right now.
This is exactly what I said"
344;956667;959333;"I didn't want.
>> KRIS: What's going on here?"
345;959333;961000;">> MAN: Jesse drafted you to
our team."
346;961000;964166;"All you have to do is throw that
ball into any cup you want."
347;964166;967433;">> KRIS: Okay.
>> (all exclaim)"
348;967433;970567;">> KRIS: Sorry, fellas!
Here we go!"
349;970567;976567;">> (all exclaim)
>> KIM: I'm cleaning up, and I"
350;976567;981667;"red wine stain
on my couch pillow."
351;981667;984734;"I cannot handle this anymore.
I want everyone to go."
352;984734;988333;"I'm just gonna lock myself in my
room because this is just too"
353;988333;994667;"much anxiety for me.
>> (guests clamoring)"
354;994667;997100;">> BRUCE: Kim?
>> KIM: Yeah?"
355;997100;1001200;">> BRUCE: What are you doing?
>> KIM: Trying to clean up."
356;1001200;1003133;">> BRUCE: But the party's still
going on."
357;1003133;1006300;">> KIM: I know, but my pillow's
ruined."
358;1006300;1010200;">> BRUCE: (sighs) All right, 
come here."
359;1010200;1012633;">> KIM: What?
>> BRUCE: Have a seat."
360;1012633;1014834;"I've been watching you.
You're not enjoying yourself"
361;1014834;1016667;"one bit.
>> KIM: No, and I'm not going"
362;1016667;1018834;"down there anymore.
The party's over."
363;1018834;1020533;">> BRUCE: The party is actually
just getting started."
364;1020533;1023266;">> KIM: No, for me, it's over.
This is my dream home."
365;1023266;1025400;"Everything about this house is
brand-new."
366;1025400;1028100;"It's exactly what I wanted.
>> BRUCE: It's perfect."
367;1028100;1030867;">> KIM: And if anyone was gonna
mess it up, it has to be me."
368;1030867;1033567;">> BRUCE: I... (chuckles)
I understand."
369;1033567;1035633;"You know, you built
a great house."
370;1035633;1038400;"You gotta kind of break it in.
A house is to enjoy."
371;1038400;1040967;"It's about building memories,
having a good time."
372;1040967;1044934;">> KIM: It's just my house, and
how I live is under my control."
373;1044934;1048633;"So when it gets out of order,
I feel like not myself."
374;1048633;1050333;">> BRUCE: You just have to
remember that anything that"
375;1050333;1053767;"happens, we can fix, you know?
The pillow, you know, we can get"
376;1053767;1055834;"another pillow.
Pillows are easy, but you can't"
377;1055834;1059867;"get other, you know, memories.
It's to live in, you know?"
378;1059867;1062100;">> KIM: Yeah, you're right.
>> BRUCE: The only person I'm"
379;1062100;1065934;"concerned about is your mom.
She's probably down there right"
380;1065934;1069700;"now ruining this place. (laughs)
>> KIM: I need to go get her."
381;1069700;1071667;">> BRUCE: Yeah, let's go
get her."
382;1071667;1075033;">> MAN: Yeah!
>> KRIS: Whoo!"
383;1075033;1082166;"Okay, I'm going inside.
Love you guys."
384;1082166;1086433;"I am so proud of you showing off
your little cupcake,"
385;1086433;1093700;"and I think...
>> (guests exclaiming)"
386;1093700;1097467;">> KRIS: Kim...
>> KIM: No! Mommy, no!"
387;1097467;1101200;">> KRIS: Really? Really?
You don't want to mess with"
388;1101200;1106633;"me, bitch!
>> (guests exclaiming)"
389;1106633;1109600;">> KRIS: Are people welcome to
your new house, Kim?!"
390;1109600;1116266;">> (all cheering)
>> KRIS: Everybody, grab a"
391;1116266;1119567;"broom.
>> KIM: Everyone, I'm gonna get"
392;1119567;1122266;"in the shower, so enjoy
yourselves!"
393;1122266;1124567;"I wanted to thank you all
for coming."
394;1124567;1126900;"You're all welcome to come any
time you want."
395;1126900;1131233;">> (all cheering)
>> KIM: Just don't spill"
396;1131233;1151800;"anything else.
The cleaning crew's coming."
397;1151800;1154233;">> (knocking)
>> KOURTNEY: Come in."
398;1154233;1156233;">> KHLOE: Kourt?
>> KOURTNEY: Yeah?"
399;1156233;1158000;">> KHLOE: What are you doing?
>> KOURTNEY: Just finishing"
400;1158000;1160400;"packing.
>> KHLOE: Where are you going?"
401;1160400;1162266;">> KOURTNEY: To Kim's.
>> KHLOE: Why?"
402;1162266;1166667;">> KOURTNEY: Because I don't
feel like having this negative"
403;1166667;1170100;"energy in my life right now.
>> KHLOE: Oh, come on, Kourtney."
404;1170100;1171967;">> KOURTNEY: I'm getting out of
Khloe's house."
405;1171967;1174667;"This isn't the best environment
for Mason and I."
406;1174667;1177533;"So I think that Mason and I
living with Kim is the best"
407;1177533;1179967;"thing for everyone.
>> KHLOE: What am I supposed to"
408;1179967;1182967;"do if I don't want some negative
person in our home?"
409;1182967;1184700;">> KOURTNEY: That's not what
it's about."
410;1184700;1189133;"If he needs to see his son, and
he can't drive in the driveway"
411;1189133;1194000;"to make it easier for me to get
my stuff in the car, I don't"
412;1194000;1197867;"need the little backhanded
comments every second in my ear."
413;1197867;1201667;"I've tried to manage the
situation with Khloe and Scott"
414;1201667;1206700;"not getting along, but right
now I think I just need to keep"
415;1206700;1209166;"them two separate parts
in my life."
416;1209166;1213066;"As hard as that is, I know that
it's a lot easier than living"
417;1213066;1215133;"with Khloe and trying to
manage it."
418;1215133;1217967;">> KHLOE: Bottom line is, I
don't want this interfering with"
419;1217967;1220266;"our relationship.
I feel like lately our"
420;1220266;1224166;"relationship has not been what
it is because of Scott, and you"
421;1224166;1226767;"know if this is gonna save our
relationship, then great."
422;1226767;1228834;"And I'm married.
I don't need all of my brothers"
423;1228834;1231633;"and sisters living in my house
with my husband."
424;1231633;1232934;">> KOURTNEY: And I'm 31 years
old."
425;1232934;1234900;"I don't need to be living
somewhere that I have rules."
426;1234900;1238233;"You know, I could try it out
at Kim's and see how it goes."
427;1238233;1240667;">> KHLOE (laughing): Well, do
you need any help packing?"
428;1240667;1244000;"I'm not trying to rush you out,
but you know, if you need help,"
429;1244000;1246934;"I'm here to help.
I definitely hate to see Mason"
430;1246934;1249700;"and Kourtney go.
Let's sleep together tonight."
431;1249700;1251734;"We're sisters.
I love her with all my heart,"
432;1251734;1254200;"but you know, if this is gonna
make our relationship better,"
433;1254200;1257934;"then maybe that's the best.
Kourtney!"
434;1257934;1271533;">> KOURTNEY: Khloe...
(indistinct)"
435;1271533;1275467;"bébé.
I'll bring this and this."
436;1275467;1277633;">> KHLOE: We could make a second
trip if need be."
437;1277633;1279166;">> KOURTNEY: I think we got
it all."
438;1279166;1281333;"Do you have a bellman?
>> KHLOE: Yeah, Robert's the new"
439;1281333;1283000;"and improved Bruce."
440;1286200;1289133;">> ROB: Mason? Mason?
>> KHLOE: Mason, one day, kid,"
441;1289133;1291767;"you're gonna be doing this
dance."
442;1291767;1294166;"Kourtney and I at this point in
our lives aren't gonna ever see"
443;1294166;1297300;"eye-to-eye on this situation.
Call me when you get to Kim's."
444;1297300;1299100;">> KOURTNEY: Okay.
>> KHLOE: I just get frustrated"
445;1299100;1301400;"'cause I feel like everything
kind of turns back to Scott."
446;1301400;1305433;"And it's hard and it's sad,
especially if she's having so"
447;1305433;1308000;"many problems with Scott.
Like why is she still letting"
448;1308000;1310467;"him drive a wedge between us,
too?"
449;1310467;1317934;">> ROB: Bye.
>> KHLOE: Bye, Kourt, love ya."
450;1317934;1319734;"Keeping Up with
the Kardashians..."
451;1319734;1321533;">> RYAN: You are the only
single one."
452;1321533;1323367;">> KIM: Yeah.
My mom is trying to set me up"
453;1323367;1325467;"on a blind date.
>> KRIS: I've already talked to"
454;1325467;1328500;"the guy on the phone.
Do you get any extra tickets"
455;1328500;1330800;"for playoff games?
>> BRUCE: Laker tickets, baby."
456;1330800;1332333;">> KHLOE: Come on.
>> ROB: I never go to any games"
457;1332333;1335166;"'cause you guys always wanna go.
>> KHLOE: You guys are acting"
458;1335166;1337066;"like dogs over meat."