﻿Number;Start time in milliseconds;End time in milliseconds;"Text"
1;4667;7567;">> KHLOE: Previously on Keeping
Up with the Kardashians..."
2;7567;10600;"(both screaming)
>> KOURTNEY: I am really happy"
3;10600;13133;"that Scott came.
It's really important for the"
4;13133;15767;"kids, and for our relationship
in general."
5;15767;17667;">> SCOTT: Get out of here, this
is your-- my find."
6;17667;20400;">> KHLOE: That's not what I
choose to do on my Sundays."
7;20400;22767;"Be pulled away from True to take
a picture."
8;22767;25333;"Kylie and Kendall pushed back
the Halloween photo shoot."
9;25333;26767;">> KOURTNEY: But it's not my
fault, you-you agreed."
10;26767;28667;">> KHLOE: I never said it was.
>> KOURTNEY: You're a (bleep)"
11;28667;30533;"grown adult woman.
You can say no."
12;30533;32266;">> KHLOE: Kourtney's (bleep)
annoying."
13;32266;35700;"She's not listening to what I'm
saying."
14;35700;38433;"Maybe it's not what we say, it's
how we say it?"
15;38433;41266;"Just all, like, the passiveness
I felt that was going on."
16;41266;43567;">> KOURTNEY: I don't know.
I'm not paying attention."
17;43567;45433;">> KHLOE: What'd you say?
>> KOURTNEY: I'm not paying"
18;45433;48233;"attention.
>> KHLOE: Thank you."
19;48233;51533;">> KOURTNEY: The dynamic duo.
Peanut butter and jelly."
20;51533;53567;">> KHLOE: Tomato soup and
grilled cheese."
21;53567;55500;">> KOURTNEY: Yep.
>> KHLOE: Mm-hmm."
22;55500;57333;"♪ ♪"
23;76633;78467;"♪ ♪"
24;80767;85200;">> KIM: Look it, North, we found
a starfish!"
25;85200;87467;"What about this for your ankle?
>> NORTH: One for my hand and"
26;87467;92033;"one for my ankle.
>> KIM: Thank you."
27;92033;94467;">> KOURTNEY: Mase, what do you
think of Bali?"
28;94467;98633;">> MASON: I like it.
I'll push you."
29;98633;100734;">> KOURTNEY: You know what I'm
working on here?"
30;100734;102667;">> MASON: What?
>> KOURTNEY: Is being-- having"
31;102667;105467;"better relationships with
others."
32;105467;108200;">> MASON: What do you mean?
Like... like-like hitting on"
33;108200;109567;"people?
>> KOURTNEY: No."
34;109567;111266;"Like with you guys, with my
kids, with my..."
35;111266;112767;">> MASON: Oh. I thought you
meant, like..."
36;112767;115400;">> KOURTNEY: ...with KoKo, with
KiKi, with Dad."
37;115400;119233;"Our first few days in Bali, I
feel like we haven't really had,"
38;119233;122300;"like, a great trip, because I
didn't really realize the"
39;122300;124767;"tension that kept building
between me and Khloe."
40;124767;128266;"But, you know, I'm really trying
to live in the present and see"
41;128266;132000;"how I can be a better sister, a
better mother, and really use"
42;132000;135400;"the rest of the trip to work on
myself."
43;135400;138233;"Whoo!
Is there anything I can do to be"
44;138233;142233;"a better mommy to you?
>> MASON: Be a little bit less"
45;142233;144333;"strict.
>> KOURTNEY: Less strict?"
46;144333;147400;">> MASON: Yeah.
>> KOURTNEY: Okay, what else?"
47;147400;152066;">> MASON: Maybe tighten up the
curse words."
48;152066;155533;">> KOURTNEY: Yes, okay.
>> MASON: And maybe stop, like,"
49;155533;160667;"looking at stuff on Instagram.
>> KOURTNEY: Wow."
50;160667;164533;"The fact that Mason is now
telling me that I'm not present,"
51;164533;168033;"I need to take a moment and,
like, really look inside of"
52;168033;172000;"myself.
Good talk, Mase."
53;172000;173667;"♪ ♪"
54;181734;184266;"♪ ♪
>> SCOTT: Mase, you gonna get"
55;184266;186300;"started?
>> KOURTNEY: Looks delicious."
56;186300;189533;">> SCOTT: You have to admit, it
does feel really good here."
57;189533;191000;">> KIM: Yeah, it does feel
really good here."
58;191000;194266;">> REIGN: I like it.
I feel like I'm in heaven."
59;194266;196033;">> KOURTNEY: You do?
>> REIGN: Yeah."
60;196033;198533;">> KIM: That's sweet.
>> KHLOE: Speaking of heaven, I"
61;198533;203100;"am... going one day,
(chuckles): but..."
62;203100;206767;"in L.A., people say that I have,
like, an ability, or, like, they"
63;206767;208667;"could tell that I have, like...
>> KIM: Medium powers?"
64;208667;211333;">> KHLOE: ...a good intu-- I
definitely have premonitions, I"
65;211333;213567;"definitely have dreams.
There's definitely spirits and"
66;213567;216500;"greater things in the world, and
I just love to connect with that"
67;216500;219333;"if I can.
Kim and I love being able to"
68;219333;221367;"connect to the other side.
>> KIM: It's, like, our thing."
69;221367;223567;">> KHLOE: I feel like it's
different spiritual doorways in"
70;223567;225700;"Bali, and what they're
practicing."
71;225700;228066;"And it's not taboo, it's
completely acceptable."
72;228066;230133;">> KIM: They believe in
reincarnation here."
73;230133;233033;"Oh, I can't wait to just soak it
all in and hear what they have"
74;233033;235667;"to say.
I feel really bad that there's"
75;235667;238300;"so much food here.
>> KOURTNEY: You guys, let's"
76;238300;240066;"take all the extra food to the
village tomorrow."
77;240066;241533;">> KHLOE: Uh-- how are you
taking my idea?"
78;241533;243333;"Why do you look like a saint
when I'm the one..."
79;243333;245033;">> KOURTNEY: I just thought, we
have all this extra food..."
80;245033;246500;">> KHLOE: ...who thought of it
earlier?"
81;246500;249000;">> KOURTNEY: We should share it
with the village."
82;249000;250700;">> KIM: All right, guys, I have
the best idea."
83;250700;253533;"(Scott laughs)
There's so much extra food."
84;253533;255633;"Let's take all this food and
bring it to the all the people"
85;255633;258100;"in the village.
>> MASON: I have the best idea."
86;258100;261166;"We go to the village and give
our food to them."
87;261166;262734;">> KHLOE: Aum...
>> SCOTT: Wait, I have the"
88;262734;264100;"craziest idea.
>> MASON: What?"
89;264100;266000;">> SCOTT: There's so much food.
We should bring it to the"
90;266000;267633;"village tomorrow and give it to
the people that are hungry."
91;267633;269133;">> MASON: That is actually a
great idea."
92;269133;270667;">> SCOTT: Right?
>> MASON: I think I just thought"
93;270667;272166;"of it.
>> SCOTT: All right."
94;272166;275400;">> KIM: Stop stealing my ideas.
(Khloe trilling)"
95;275400;281600;">> KHLOE: ...hrum.
♪ ♪"
96;281600;287066;">> KHLOE: Look how beautiful.
Okay, I love you, I got to go."
97;287066;289734;"Say hi to Keeks.
>> KOURTNEY: Hi. How are you?"
98;289734;291433;">> WAYAN: Hi. I'm Wayan.
>> KOURTNEY: Kourtney."
99;291433;292700;">> WAYAN: Kourtney?
Nice-nice to meet you."
100;292700;294767;">> KOURTNEY: Nice to meet you.
>> CONCIERGE: So he's going to"
101;294767;296567;"be your translator.
>> KOURTNEY: Okay, perfect."
102;296567;300100;"Well, let's go.
I literally have not ridden a"
103;300100;302633;"bike in years.
>> KHLOE: Do I have to switch"
104;302633;305400;"gears?
>> WAYAN: So the concept of"
105;305400;309500;"karma is still very strong here.
You can just leave your valuable"
106;309500;310633;"stuff...
>> KHLOE: Right."
107;310633;312567;">> WAYAN: ...in front of your
house and it's still there the"
108;312567;314600;"next morning.
>> KHLOE: That is a beautiful"
109;314600;318033;"thought.
>> WAYAN: So we're gonna stop to"
110;318033;320600;"see what a traditional village
looks like, yeah?"
111;320600;323533;"This is a typical traditional
house."
112;323533;326166;">> KHLOE: It's so beautiful.
>> WAYAN: So this house is,"
113;326166;329734;"like, belongs to a community.
We, like, the whole community"
114;329734;331567;"feel like a family.
>> KOURTNEY: Do you know"
115;331567;334133;"everybody, pretty much? Yeah.
>> WAYAN: Oh, yeah, I-I mean, we"
116;334133;337000;"have a system where everybody
takes part."
117;337000;339133;"It's our responsibility to help
others."
118;339133;340633;">> KOURTNEY: Hmm.
>> WAYAN: Because it's also"
119;340633;342100;"helping you.
>> KOURTNEY: Mm-hmm."
120;342100;345000;">> KHLOE: That's so beautiful.
>> WAYAN: So there's three thing"
121;345000;347133;"that is, like, cause happiness
in our daily life."
122;347133;349000;">> KOURTNEY: Mm-hmm.
>> WAYAN: Which is your"
123;349000;352133;"relationship with each other,
with nature surrounding you and"
124;352133;354700;"with spiritual, with God.
>> KOURTNEY: Amazing."
125;354700;357133;">> WAYAN: You know, the-the hope
is, the philosophy, that you'll"
126;357133;359533;"be a better person.
>> KOURTNEY: Mm-hmm."
127;359533;363133;"After what happened with Khloe
and what Mason said, this is"
128;363133;367233;"exactly what I really need.
>> WAYAN: So spirituality has"
129;367233;369467;"played in a very crucial roles
in our-our life here."
130;369467;372433;">> KHLOE: Yeah.
>> KOURTNEY: To learn this kind"
131;372433;375266;"of knowledge, and he's telling
me about, you know, the three"
132;375266;378033;"pillars, the secret to
happiness."
133;378033;381700;"It's about nurturing your
relationship with others, God"
134;381700;384133;"and nature.
(dog barking)"
135;384133;386166;">> KHLOE: Hi, puppy.
You're so cute."
136;386166;389133;"I saw you on my way over here.
(barking)"
137;389133;392533;"All right, all right.
(Wayan chuckles)"
138;392533;394367;"♪ ♪"
139;398066;400500;">> KHLOE: Nice.
Nice to meet you."
140;400500;402600;">> TRANSLATOR: I don't know what
they told you about us."
141;402600;406734;"Uh, Mas Joko is a healer.
Uh, we were asked to maybe be"
142;406734;411066;"able to help with some life
problems."
143;411066;414133;">> KHLOE: Mas Joko has come so
highly recommended."
144;414133;417200;"People from the States fly to
Bali to see this man."
145;417200;419600;">> KIM: Hi.
I love connecting with the"
146;419600;421200;"spirit world.
>> KHLOE: We just are so open to"
147;421200;422533;"whatever.
>> KIM: Yeah."
148;422533;424200;">> KHLOE: And we just take it
for what it is."
149;424200;426467;">> KIM: Yeah.
I believe in everything."
150;426467;429000;">> KHLOE (laughs): I believe...
Except for unicorns."
151;429000;431767;"You don't.
And mermaids."
152;431767;434700;"They're real.
>> KIM: I don't know..."
153;434700;437133;"(Mas Joko speaking Bali)
>> TRANSLATOR: Try not to think"
154;437133;442500;"too much, and inhale slowly
and then retain, and then exhale"
155;442500;445133;"through the mouth.
(Mas Joko speaking Bali)"
156;445133;448467;"He says there is a
lack of kapur with your knees."
157;448467;450333;"(Mas Joko inhaling)"
158;458300;460700;">> KHLOE: This is definitely
not what I thought was gonna"
159;460700;463700;"happen during this reading.
(Mas Joko inhaling)"
160;463700;467000;"The straw-sucking with my knee,
I didn't know all that was"
161;467000;470700;"happening.
>> KIM: I think I was looking"
162;470700;473633;"more to, like, connect with
people that had passed on."
163;473633;475767;">> TRANSLATOR: Please inhale
very deeply."
164;475767;478100;">> KHLOE: I really felt like I
was in a time-out, like we were"
165;478100;479767;"misbehaving.
>> TRANSLATOR: He's getting a"
166;479767;483233;"problem that he sees with you.
Do not repeat previous mistakes."
167;483233;486567;"As we say, the donkey never hits
the same stone twice."
168;486567;488633;"(Mas Joko speaking Bali)
For you, he says there is a"
169;488633;492066;"problem with stomach acids.
And he says if he could use a"
170;492066;496633;"little bit of your hair, uh...
>> KIM: Yeah, it's fake, though,"
171;496633;499100;"so does it matter if this is not
my real hair?"
172;499100;500734;">> TRANSLATOR: It's not your
own?"
173;500734;505000;">> KIM: It's, like, extensions.
(translator speaks Bali)"
174;505000;507200;">> MAS JOKO: Huh?
>> KIM: I can probably cut a"
175;507200;509667;"little piece.
So I think it was just a"
176;509667;511367;"different kind of reading than I
expected."
177;511367;513133;">> KHLOE: Yeah.
Thank you, thank you."
178;513133;514767;">> TRANSLATOR: Thank you for
your cooperation."
179;514767;518700;"He extracted something negative
from you, but only you can dump"
180;518700;521633;"the water with the seawater.
>> KIM: In this?"
181;521633;524000;">> TRANSLATOR: Yeah.
>> KIM: All right."
182;524000;531000;"Here we go.
Dirty water, in the ocean."
183;531000;534133;">> TRANSLATOR: Uh, Scott?
>> SCOTT: Yes? How are you?"
184;534133;536266;">> TRANSLATOR: Very well.
>> SCOTT: Hey. Nice to meet you."
185;536266;539367;">> MAS JOKO: Yeah.
>> KOURTNEY: I normally don't"
186;539367;544166;"like this type of stuff, but I'm
really trying to connect and"
187;544166;546734;"improve my relationships.
>> TRANSLATOR: His technique"
188;546734;549300;"can be intrusive.
You basically have no secrets"
189;549300;551033;"for him.
>> KOURTNEY: Okay."
190;551033;554033;">> TRANSLATOR: So Kourtney
had the idea of having you,"
191;554033;556300;"you come together?
>> SCOTT: So, I..."
192;556300;558100;">> KOURTNEY: His idea.
>> SCOTT: Yeah."
193;558100;560300;">> KOURTNEY: Scott and I are
reading together to see if he"
194;560300;562633;"would say anything about the
kids or how we can parent the"
195;562633;567667;"kids together.
(Mas Joko speaks Bali)"
196;567667;570700;">> TRANSLATOR: With you two,
he sees a strong bonding."
197;570700;573734;"You guys are together in this
life and you've been for a"
198;573734;575400;"while, right?
>> KOURTNEY: Mm-hmm."
199;575400;577567;">> TRANSLATOR: For a long time,
right?"
200;577567;580000;"It's because there's something
attracting you."
201;580000;582367;"You, you have a very kind of
deep bond."
202;582367;587000;"You guys are two old souls in
previous life that keep meeting."
203;587000;589200;">> KOURTNEY: Wonder what we
were."
204;589200;590633;"(laughs softly)
>> TRANSLATOR: Do you want"
205;590633;595600;"to know that?
>> KOURTNEY: Um... yeah."
206;595600;597467;"(Mas Joko speaking Bali)"
207;601066;605166;">> TRANSLATOR: Okay, so he
says that one was the son of"
208;605166;608767;"a minister of a kingdom, and
the other the child of a high"
209;608767;612667;"official in another kingdom.
And you went into a"
210;612667;615200;"relationship.
It caused problems."
211;615200;618100;"There was a tragedy that
happened."
212;618100;620734;"After the tragedy, that-that
bond was broken."
213;620734;623367;"You came back here now, in this
life."
214;623367;628333;"That's why you are here in this
room together, with us."
215;628333;631233;"Every soul will have a soul
mate."
216;631233;634266;"It's up to you how you want to
end up this life."
217;634266;636767;"Together or not together.
>> KOURTNEY: This is getting"
218;636767;638633;"deep."
219;643700;647667;"(percussion playing)
(Khloe whoops)"
220;647667;650000;">> KHLOE: Oh, my gosh!
Kourtney is living her"
221;650000;651367;"best life.
>> KIM: Kourtney is living life."
222;651367;653233;"She loves the weirdest things.
>> KHLOE: She's like a pig in"
223;653233;657433;"(bleep).
>> KOURTNEY: And the guy was"
224;657433;659767;"saying in a past life, we're
soul mates. past life, we're"
225;659767;661633;"(Kim gasps)
>> KHLOE: What?"
226;661633;664000;">> KOURTNEY: Whole soul mate
thing comes up, I think..."
227;664000;665700;"I don't know.
It's just, like, a lot to think"
228;665700;667533;"about."
229;671200;673300;"♪ ♪"
230;676500;680767;">> TRANSLATOR: Mas Joko says you
guys are two old souls."
231;680767;684233;"Every soul will have a soul
mate."
232;684233;687700;"It's up to you how you want to
end up this life, together or"
233;687700;694300;"not together.
If you have the desire for a"
234;694300;698367;"certain type of future, he can
invoke a prayer to make it"
235;698367;704066;"happen, but it only will work if
you want it."
236;704066;705734;"So we don't know what you want."
237;710133;715200;"What do you request?
>> SCOTT: I know for a very long"
238;715200;719300;"time, her and I were in a
relationship romantically and we"
239;719300;725100;"had three children, and then we
split about three years ago, and"
240;725100;729266;"for the past couple years, we've
been trying to make things work,"
241;729266;733367;"and I think we're doing a much
better job now than we were, and"
242;733367;737400;"I don't want to hit any speed
bumps if I could protect our"
243;737400;740767;"relationship in any what way.
>> KOURTNEY: Can we do, like, a"
244;740767;744400;"blessing just on us for, like,
whatever's meant to be or"
245;744400;746233;"something?
>> TRANSLATOR: What he can do,"
246;746233;749166;"he can neutralize.
Something that was negative in"
247;749166;750333;"the past.
>> KOURTNEY: Yeah."
248;750333;752567;">> TRANSLATOR: And then ask for
a grace of what's best-best to"
249;752567;754100;"come.
>> KOURTNEY: Yeah."
250;754100;755567;">> TRANSLATOR: Will that change
you?"
251;755567;758233;"Yes, it will, but for the
better."
252;758233;760767;">> SCOTT: When the spiritual
healer tells Kourtney and myself"
253;760767;763266;"that we're soul mates, it's a
lot to hear."
254;763266;765467;">> TRANSLATOR: He's gonna write
what they call "racha," the"
255;765467;767500;"requests.
>> SCOTT: I don't really know"
256;767500;770266;"what to think.
I'm in another relationship."
257;770266;774266;"I just want to take whatever
good away from it as I can."
258;774266;776567;"I'm one with the land out here.
>> KOURTNEY: Hmm?"
259;776567;778767;">> SCOTT: I'm one with the land
out here."
260;778767;782033;">> KOURTNEY: Mm.
I feel like were gonna get our"
261;782033;787033;"eggs confused.
Mas Joko gives us these eggs to"
262;787033;791400;"neutralize anything negative,
and so we're just going with it."
263;791400;794266;"I think I'll eat this egg.
>> SCOTT: I'm gonna go to the"
264;794266;796100;"room and be with P.
>> KOURTNEY: Okay."
265;796100;800066;"I just really wasn't expecting
that this is what was gonna come"
266;800066;802467;"out of this reading.
I don't know if this is well"
267;802467;805633;"hard-boiled.
It might be soft-boiled."
268;805633;810133;"It's a lot to take in, and I
feel really claustrophobic or"
269;810133;812300;"something.
I'll give him his egg and then"
270;812300;829033;"I've got to go to bed.
♪ ♪"
271;829033;831166;">> SCOTT: Let me get your ears.
There's nothing worse than"
272;831166;834200;"getting sunburned.
You got a nice ear on you, kid."
273;834200;836033;"Reminds me of my own."
274;839133;841233;">> MASON: What is that?
>> SCOTT: That's to rub it all"
275;841233;842567;"in.
>> MASON: Is this the new?"
276;842567;844300;">> SCOTT: That's to make sure
it's all in."
277;844300;847433;"Check, try it. See?
Works every time."
278;847433;849400;">> MASON: Works.
>> SCOTT: I can't hear now."
279;849400;851367;">> MASON: Can't?
>> SCOTT: No, what'd you say?"
280;851367;853467;">> MASON: (chuckles) Oh, crap.
>> SCOTT: What?"
281;853467;856300;">> MASON: You can hear me.
>> SCOTT: Ah, crud."
282;856300;858367;">> KHLOE: So I've been "dahling"
to see you."
283;858367;860333;">> KOURTNEY: So how was yours?
>> KHLOE: No, no, I need to"
284;860333;861700;"hear...
>> KOURTNEY: No, yours first."
285;861700;863367;">> KHLOE: No! Kourtney, come on.
>> KOURTNEY: Just tell me about"
286;863367;866300;"yours.
You went first, so tell me."
287;866300;870533;">> KIM: He makes me cut my hair.
So I had to cut off a piece of"
288;870533;874333;"my real hair, put it in a bowl.
So then he pulls my toe so"
289;874333;877433;"(bleep) hard, I almost was
like, "Dude, you got to stop,"
290;877433;879533;"like, this isn't normal."
>> KHLOE: Mine, I walked in"
291;879533;883400;"there, I was so excited, sit
down, he lifted up my pants,"
292;883400;886500;"took a straw and sucked out
stuff from my knee, and he spit"
293;886500;888600;"it into a bowl.
>> KIM: Splashes water all on my"
294;888600;890533;"face like this, and I'm just
like..."
295;890533;892667;">> KHLOE: He would literally
picking up my kneecap through my"
296;892667;894600;"skin.
I finally was like, "Ow!"
297;894600;896367;"Okay, okay."
It was-- he's a very strong"
298;896367;898467;"little man.
>> KIM: What was your"
299;898467;900467;"experience?
>> KOURTNEY: Scott came in, and"
300;900467;905367;"then the guy was basically
saying that in a past life that"
301;905367;909133;"we were together and that we're
soul mates."
302;909133;911533;"So he was like, "You have to
decide if you want to be"
303;911533;914700;"together or not be together."
>> KIM: Wait, what?"
304;914700;918734;">> KHLOE: What?
I'm surprised from Kourtney's"
305;918734;923633;"recap, because Kim and I
literally got nothing"
306;923633;927633;"emotionally from our reading.
>> KIM: They just got such deep"
307;927633;929367;"information.
Like, why didn't that happen to"
308;929367;931066;"us?
>> KHLOE: You didn't even want"
309;931066;932500;"this.
We wanted it, and we didn't even"
310;932500;934633;"get that.
>> KIM: Yeah."
311;934633;938300;"We were jealous.
>> KHLOE: Yeah, jealous bitches."
312;938300;941567;">> KOURTNEY: And, so, he was
saying, "If you agree and you"
313;941567;944700;"feel like this is something you
guys want to do," he could do a"
314;944700;947633;"blessing for us.
And all of a sudden, this is,"
315;947633;954500;"like, too much pressure on me.
I don't know what I want."
316;954500;957533;"We've come to such a good place.
Like, we're finally able to"
317;957533;960667;"travel together as a family.
There's so many positives."
318;960667;965266;"But the whole soul mate thing
comes up, I think, like, I don't"
319;965266;967600;"know.
It's just, like, a lot to think"
320;967600;968433;"about."
321;971734;975667;">> PRODUCER: Do you believe in
soul mates?"
322;975667;980400;">> KOURTNEY: Yeah.
He was like, "There was a"
323;980400;985200;"tragedy, and then you guys found
each other in this life again.""
324;985200;987200;">> KIM: Oh, that's the kind of
stuff I want to hear."
325;987200;989200;"I want to hear about my past
life."
326;989200;991000;"I want to know if people...
>> KOURTNEY: Well, you have to"
327;991000;992266;"ask.
>> KHLOE: Can you...?"
328;992266;994600;"Scott, come here.
Come here."
329;994600;997633;"Come here.
No, no, no."
330;997633;1000300;"Come here.
One minute, come here."
331;1000300;1007533;"Come here!
You (bleep) dick suck."
332;1007533;1010266;">> RATU: Hi. Ratu.
>> KIM: Hi. Kim."
333;1010266;1012700;"We didn't get the connection we
were looking for with our first"
334;1012700;1016467;"healer, so we were recommended
to somebody named Ratu."
335;1016467;1021500;">> KHLOE: This is the one.
>> KIM: This is it."
336;1021500;1025333;">> SCOTT: On three!
>> KIM: Kourtney and Scott are"
337;1025333;1027700;"in a really good place.
>> KHLOE: I just hope they don't"
338;1027700;1030667;"do anything they will regret.
They will always have, like,"
339;1030667;1034367;"this attraction because they
were together for so long, and"
340;1034367;1035667;"they do make a good couple."
341;1041767;1043600;"♪ ♪"
342;1047567;1049467;">> WAYAN: Welcome to Soori Bali.
>> KIM: How are you?"
343;1049467;1051233;">> RATU: Fine.
>> KIM: Hi. So nice to meet you."
344;1051233;1052667;"I'm Kim.
>> RATU: Ratu."
345;1052667;1054467;">> WAYAN: You want to start?
>> KHLOE: Yeah, I'm excited."
346;1054467;1056233;">> KIM: Sure, yeah.
>> WAYAN: Want to start?"
347;1056233;1057767;">> KHLOE: This is the type of
man I wanted to meet."
348;1057767;1060667;">> KIM: So, we didn't really get
the emotional connection we were"
349;1060667;1064000;"looking for with our first
healer, so we were recommended"
350;1064000;1067500;"to somebody named Ratu.
(Ratu coughs)"
351;1067500;1070266;"And I could just feel that we're
gonna get exactly what we want"
352;1070266;1072266;"from this.
>> KHLOE: The bun."
353;1072266;1074367;"The jewelry.
>> KIM: The long beard."
354;1074367;1076300;">> KHLOE: The long beard of
knowledge and wisdom."
355;1076300;1078000;">> KIM: It's so, like... Yes.
That's what I feel."
356;1078000;1080033;">> KHLOE: It's like, "Hmm, let
me get a vibe.""
357;1080033;1083400;"This is the one.
>> KIM: This is it."
358;1083400;1085233;"(Ratu burping)"
359;1092533;1097567;"Okay, if there's one thing I
can't handle, it's burping."
360;1097567;1099367;"(Ratu continues burping)
>> WAYAN: He is cleaning you."
361;1099367;1101000;"He's cleaning.
>> KHLOE: He's cleaning me?"
362;1101000;1102667;">> WAYAN: Yeah.
>> KHLOE: I second that emotion."
363;1102667;1104467;">> WAYAN: He says you're
charming."
364;1104467;1109400;">> KIM: Oh, thank you.
(Ratu continues burping)"
365;1109400;1113066;"Like, that is crazy.
>> WAYAN: Now we're gonna do"
366;1113066;1117533;"something to you both.
(Ratu speaking foreign language)"
367;1117533;1120767;"(Ratu burps)
>> KIM: What the (bleep)?"
368;1120767;1123667;"(Ratu speaking foreign language)
(Ratu burps)"
369;1123667;1126767;"I'm scared.
(Ratu burping)"
370;1126767;1130533;"Oh, my God.
I cannot handle this."
371;1130533;1132567;"Oh, my God.
Like, I-I hadn't experienced"
372;1132567;1134333;"anything like this.
>> KHLOE: Maybe they're (bleep)"
373;1134333;1136033;"with us.
Maybe they're like, "Oh, look at"
374;1136033;1137633;"these Americans.
Let's torture them, and we'll"
375;1137633;1139433;"call this healing."
>> KIM: Yeah. Beauty."
376;1139433;1143033;">> KHLOE: That's just not our
(bleep) thing, huh?"
377;1143033;1145100;">> KIM: I think we didn't even
know what a healer was."
378;1145100;1146700;"We're not looking to be healed.
>> KHLOE: Yeah, I don't think"
379;1146700;1148467;"we're healers.
>> KIM: We wanted readings."
380;1148467;1151433;"I think the whole problem is,
we've been saying that we want"
381;1151433;1153433;"to see a healer.
But I think we've been wanting"
382;1153433;1155767;"to see a medium.
>> KHLOE: Right."
383;1155767;1158033;">> KIM: After a while, I was
like, "What's going on?""
384;1158033;1159734;">> KHLOE: I really thought
someone on the beach had a"
385;1159734;1161533;"(bleep) sniper.
>> KIM: Our heads are about to"
386;1161533;1163467;"be chopped off.
>> KHLOE: I was like, "The red"
387;1163467;1165333;"dot is gonna be somewhere on our
forehead.""
388;1165333;1166767;">> KIM: Yeah.
>> KHLOE: I think there's just,"
389;1166767;1168567;"like, a language barrier. Right.
>> KIM: I think it's a different"
390;1168567;1170633;"thing. Yeah.
But it's good to see the culture"
391;1170633;1173100;"and to see and just to be
blessed by some cool people."
392;1173100;1175000;">> KHLOE: He was the jolliest
man."
393;1175000;1176667;"I love that guy.
>> KIM: Yeah."
394;1176667;1178467;">> KHLOE: The beads in his man
bun."
395;1178467;1180133;">> KIM: Yeah.
>> KHLOE: The diamonds on his"
396;1180133;1181667;"finger with the rubies and the
gems."
397;1181667;1184000;"He's literally, like, who I
would envision a..."
398;1184000;1186333;">> KIM: All right, I'm tired
now."
399;1186333;1191600;">> KHLOE: Yeah. Bye.
(Ratu burps)"
400;1191600;1193433;"♪ ♪"
401;1198400;1200133;">> KIM: Hi.
>> IDA: Hello."
402;1200133;1201734;"(speaking foreign language)
>> KOURTNEY: Hi."
403;1201734;1203500;">> IDA: Welcome to Bali and
welcome to the Gunung Kawi"
404;1203500;1205133;"temple.
>> KOURTNEY: Thank you."
405;1205133;1207567;"I'm continuing my pillars
journey today."
406;1207567;1211400;"And I've already been working on
my relationship with others, so"
407;1211400;1214767;"today is connecting with God
here at the water temple."
408;1214767;1226367;"(bell ringing)
(Ida vocalizing)"
409;1226367;1231133;"My last task is to embrace
nature, and what better way than"
410;1231133;1234500;"being in the earth?
>> KOMANG: Welcome to Mepantigan"
411;1234500;1239567;"place.
Now we go into the mud, yes?"
412;1239567;1244633;">> KHLOE: Oh, my God.
(all shout)"
413;1244633;1246633;">> KOMANG: Stand up.
>> KOURTNEY: Okay."
414;1246633;1249767;">> KOMANG: Yes.
(Khloe laughs)"
415;1249767;1252734;"(Khloe whoops)
>> KHLOE: Oh, my gosh!"
416;1252734;1254633;"Kourtney is living her best
life."
417;1254633;1256400;">> KIM: Kourtney is living life.
She loves the weirdest things."
418;1256400;1259567;">> KHLOE: She's like a pig in
(bleep)."
419;1259567;1261700;"Eat Pray Love, babe.
>> KOURTNEY: North, come."
420;1261700;1264667;"This is your dream.
Okay, North and Reign, look"
421;1264667;1268233;"who's coming.
(woman gasps)"
422;1268233;1271200;"Getting in the mud is kind of
freeing."
423;1271200;1273567;">> KHLOE: Honestly, 'cause I was
watching, the bird (bleep) on"
424;1273567;1275700;"the back of your head.
>> KOURTNEY: No, it did not."
425;1275700;1279633;">> KHLOE: Yes, it did.
>> KOURTNEY: I really needed"
426;1279633;1281700;"this pillars journey for my
soul."
427;1281700;1285533;"I feel like I've been much more
self-aware, and I can't wait to"
428;1285533;1290033;"bring everything that I've
learned back home with me."
429;1290033;1292433;"(all cheer)
>> KHLOE: Uh-oh, is it Northie's"
430;1292433;1294433;"turn?
>> KOMANG: You."
431;1294433;1308633;">> NORTH: Uh-oh.
(Kim laughs)"
432;1308633;1312033;"(whooping)
>> KIM: Can you believe it?"
433;1312033;1314467;">> KHLOE: Cannot believe that
you got in the mud pit."
434;1314467;1318033;"Yeah, she went down!
I'm really proud of you."
435;1318033;1320033;">> KIM: Ooh.
>> KHLOE: Mm-hmm."
436;1320033;1322033;"Go, Mommy, go.
>> KIM: I think it's a really"
437;1322033;1325633;"good example for our kids to
show them that we're down to"
438;1325633;1327700;"have fun and get dirty.
>> KOURTNEY: I've got to say"
439;1327700;1329700;"I've fully connected with nature
here."
440;1329700;1331734;">> KHLOE: Oh, yeah, you guys are
one, definitely."
441;1331734;1334300;">> KOURTNEY: Yes.
(percussion playing)"
442;1334300;1343200;"(indistinct chatter)
(whooping)"
443;1343200;1345200;">> SCOTT: And who the heck peed
in this pool?"
444;1345200;1347066;">> PENELOPE: Ah.
>> SCOTT: Was it you, Penelope?"
445;1347066;1351133;"(Penelope laughing, screaming)
Penelope!"
446;1351133;1354600;">> KHLOE: I've actually loved
having Scott here."
447;1354600;1357066;"He said he's so happy that he
is, like, back on the trip."
448;1357066;1359066;">> KIM: I know. He's so happy.
>> KHLOE: He said, he was like,"
449;1359066;1361266;""Man, it feels so good to be
around the family again.""
450;1361266;1363533;">> KIM: But it's wild that he...
Like, the roles are reversed."
451;1363533;1365734;"He's literally, like, the best
dad."
452;1365734;1367734;">> KHLOE: You know, he put
himself first."
453;1367734;1370166;"Now he's like, "I want to be a
good dad, and it's about my"
454;1370166;1372300;"kids, and let's spend time with
them.""
455;1372300;1375767;"He's an active, involved parent.
>> SCOTT: On three!"
456;1375767;1379166;">> KOURTNEY: All right.
>> SCOTT: We need some more"
457;1379166;1382300;"power than this.
Look. On three!"
458;1382300;1386166;"(Penelope shrieks)
>> KHLOE: I think they genuinely"
459;1386166;1389266;"enjoy each other's company, and
I think that they will always"
460;1389266;1392100;"have, like, this attraction.
They're just in two different"
461;1392100;1394233;"spaces.
>> KIM: Yeah."
462;1394233;1397300;"I like Kourtney and Scott being
separate."
463;1397300;1400500;"You could have soul mates in
your life, but then reality"
464;1400500;1404300;"sets in, and I do think they are
separated for a reason, and I"
465;1404300;1406367;"hope things don't get awkward."
466;1410633;1412767;">> WAYAN: Your father's here.
>> KIM: My father?"
467;1412767;1415133;">> KHLOE: Wayan doesn't want us
to leave Bali without getting"
468;1415133;1419100;"the experience that we want.
>> KOURTNEY: What did yours say?"
469;1419100;1423633;">> KHLOE: That Tristan is a
cheater."
470;1423633;1426567;"If I was Sofia, I would be so
insecure."
471;1426567;1430000;">> SCOTT: I don't want to hurt
anybody, but I owe Kourtney for"
472;1430000;1437000;"the times when I wasn't the best
partner to her."
473;1437000;1440567;">> KHLOE: That's my guy.
The big bottle."
474;1440567;1444033;">> SCOTT: The big bonjour.
>> KHLOE: Is it just not so"
475;1444033;1447033;"nice?
>> SCOTT: It's beautiful."
476;1447033;1451600;"We did pull off a pretty low-key
trip, to say the least."
477;1451600;1453667;">> KHLOE: We did, right?
How have you and Kourt been?"
478;1453667;1456600;"Has it been awkward?
>> SCOTT: Awkward?"
479;1456600;1458734;">> KHLOE: Just, like, you two on
your first, like, family trip"
480;1458734;1460734;"together since...
>> SCOTT: Yeah."
481;1460734;1462734;">> KHLOE: I mean...
>> SCOTT: I think it's,"
482;1462734;1466300;"honestly, been better than ever.
>> KHLOE: I think you two"
483;1466300;1471000;"co-parent phenomenally, and it's
gotten to that point so much"
484;1471000;1473033;"faster than most people would.
>> SCOTT: Yeah."
485;1473033;1475066;">> KHLOE: Like, my dad and my
mom took years and years."
486;1475066;1478333;">> SCOTT: All we could really
want, you know, at the end of"
487;1478333;1482066;"the day was, if it couldn't be
us, but we could still do"
488;1482066;1484200;"everything that we've set out
to do."
489;1484200;1486734;"I mean, it's unbelievable.
>> KHLOE: If I was Sofia, I"
490;1486734;1488734;"would be so insecure.
>> SCOTT: Yeah."
491;1488734;1490700;">> KHLOE: I don't care how
confident you are."
492;1490700;1492667;">> SCOTT: Yeah.
>> KHLOE: It's weird if you're"
493;1492667;1494600;"Sofia.
>> SCOTT: I mean, Sofia knew"
494;1494600;1496700;"going into this that I was
extremely close with Kourtney."
495;1496700;1499200;"She was like, "Listen, I will
never get in between you and"
496;1499200;1501433;"your family and your children.
Just speak to me and make me"
497;1501433;1503433;"comfortable."
>> KHLOE: That's very mature of"
498;1503433;1505333;"her.
I don't know if I could do it."
499;1505333;1507233;"That's very...
>> SCOTT: I-I couldn't."
500;1507233;1509033;"I'll tell you right now.
>> KHLOE: Yeah, it's very mature"
501;1509033;1510667;"of her, and that's...
>> SCOTT: She's a better person"
502;1510667;1512667;"than I am.
I thought for a very long"
503;1512667;1514667;"time...
>> KHLOE: Mm-hmm."
504;1514667;1517066;">> SCOTT: ...that I was gonna
live a very miserable life."
505;1517066;1519200;"I didn't think that I was gonna
have happiness again."
506;1519200;1522100;"My biggest thing to Kourtney
was, no matter who we're with,"
507;1522100;1526367;"even though our children might
not see everything, they do feel"
508;1526367;1528367;"it and they can hear it.
>> KHLOE: Totally."
509;1528367;1530367;">> SCOTT: And the energy, and
everyone needs to be okay with"
510;1530367;1532633;"each other.
>> KHLOE: But do you think the"
511;1532633;1536333;"healer that you met with, him
saying that about, like, the"
512;1536333;1538367;"soul mates or whatever-- does
that bother her?"
513;1538367;1541100;"Like, will that create a fight
later in your relationship?"
514;1541100;1545300;">> SCOTT: I definitely don't
want to disrespect my"
515;1545300;1548066;"relationship with Sofia, because
it means a lot to me."
516;1548066;1551266;"I mean, whether Kourtney and I
are soul mates or not, I feel"
517;1551266;1556033;"like I owe a lot to Kourtney for
the times that I missed when I"
518;1556033;1561166;"wasn't the best partner to her.
So I feel like I will forever be"
519;1561166;1564200;"making up for that lost time for
the rest of her life."
520;1564200;1568066;"I think it's unbelievable that
me and Kourtney are able to live"
521;1568066;1571266;"the way we are and be able to
open up to each other."
522;1571266;1574133;"And a lot of people, including
us, didn't know that we were"
523;1574133;1576467;"gonna be able to do it or work
it out like this."
524;1576467;1579100;"I thank God every day for it,
because, you know, my kids and"
525;1579100;1581133;"my family are the most important
thing to me."
526;1581133;1583433;"And I think, at first, when you
hear "soul mates," you assume"
527;1583433;1587300;"two people must be together.
We obviously aren't, and we're"
528;1587300;1590533;"doing very well.
But I'm not exactly sure what it"
529;1590533;1593734;"meant to her, and I don't really
know exactly how she's gonna"
530;1593734;1596433;"take it.
I mean, at the end of the day, I"
531;1596433;1600100;"don't want to hurt anybody.
Sofia knows that we're raising"
532;1600100;1603433;"three kids together.
And until our kids are 100, I'll"
533;1603433;1606734;"still be making sure that
Kourtney and our kids are a"
534;1606734;1617700;"priority in my life.
>> KHLOE: Yeah."
535;1617700;1621166;">> SCOTT: It's very, very
relaxing here."
536;1621166;1628000;">> KOURTNEY: Oh, this is cool.
>> SCOTT: Quite nice."
537;1628000;1630367;">> KOURTNEY: A couple of days
have passed since the healer"
538;1630367;1634066;"told us that we are soul mates.
You know, I think we've kind of"
539;1634066;1637100;"been putting off having a
conversation, but I definitely"
540;1637100;1640300;"think it's important to talk
about it before we leave Bali."
541;1640300;1642333;">> SCOTT: I feel like this is
probably one of the best trips"
542;1642333;1645467;"we've had together in years.
>> KOURTNEY: Mm-hmm."
543;1645467;1648000;">> SCOTT: Right?
>> KOURTNEY: Yeah, 'cause Costa"
544;1648000;1651300;"Rica wasn't so great.
It's when you got exiled from"
545;1651300;1656333;"the family trips.
>> SCOTT: Listen... I could be"
546;1656333;1660233;"the bad guy of that whole
scenario, but I had my reasons,"
547;1660233;1663500;"and I'll stick to that.
I'm not proud of my actions."
548;1663500;1666500;">> KOURTNEY: Hmm.
>> SCOTT: But at the time, I was"
549;1666500;1670033;"just trying to take my mind off
of you, and evidently that's"
550;1670033;1672500;"how I had to do it.
>> KOURTNEY: Okay."
551;1672500;1675233;"You could have not come on the
trip."
552;1675233;1678100;">> SCOTT: Yeah.
Evidently, I still wanted to be"
553;1678100;1682767;"around you... and it was tough
for me dealing with..."
554;1682767;1685367;"you being with somebody else at
the time, and it was very fresh"
555;1685367;1687767;"and new, and it was very hard
for me."
556;1687767;1692367;"I'm not proud of it, but I was
just upset that you just weren't"
557;1692367;1695066;"being honest with me.
>> KOURTNEY: Did we have... even"
558;1695066;1698066;"have a conversation?
>> SCOTT: Yeah, I would try to"
559;1698066;1701100;"speak to you about our personal
life all the time, and you would"
560;1701100;1704233;"hide information, and just,
like, you should have just been"
561;1704233;1706200;"honest.
>> KOURTNEY: I think I probably"
562;1706200;1708133;"didn't want to set you over the
edge."
563;1708133;1710367;">> SCOTT: By the way, hiding it
and letting me find out the way"
564;1710367;1713066;"I did, obviously was gonna set
me over the edge way more than"
565;1713066;1715266;"you just being completely
honest, which is the only thing"
566;1715266;1717533;"I've ever wanted from you.
>> KOURTNEY: Yeah."
567;1717533;1720133;">> SCOTT: Even if it's hard.
Do you know what I'm saying?"
568;1720133;1723100;"And I think now we're at a
place, luckily, that we're both"
569;1723100;1725133;"mature enough that we can be
honest with each other about"
570;1725133;1728533;"everything, and it's great.
>> KOURTNEY: Yeah."
571;1728533;1733066;"Um...
so what did you think about the"
572;1733066;1734700;"healer?"
573;1739533;1744000;">> SCOTT: How did I take it?
>> KOURTNEY: Yeah."
574;1744000;1747266;">> SCOTT: I kind of think it's
one of those things that..."
575;1747266;1751066;"you could take it any way you
want to take it."
576;1751066;1756300;"You could be negative and think
the guy's full of crap and feel"
577;1756300;1760266;"nothing came of it, or you could
take it positive and just feel"
578;1760266;1763600;"like he's wishing nothing but
good upon you, your life, and"
579;1763600;1766433;"your future.
>> KOURTNEY: Yeah."
580;1766433;1768567;">> SCOTT: He wasn't really
telling us anything we don't"
581;1768567;1771033;"know."
582;1776066;1778433;">> KHLOE: We have the most epic
photos."
583;1778433;1781567;"When can you say five sisters
got to be legit Victoria Secret"
584;1781567;1786033;"Angels?
(Jeno speaking foreign language)"
585;1786033;1788567;">> WAYAN: There's something that
is, uh, hurting you."
586;1788567;1791533;"Sometimes you don't trust the
person that you are with now."
587;1791533;1794200;"Sometimes you feel fear."
588;1798500;1802700;">> SCOTT: For me, I mean, I feel
like the only thing I took is"
589;1802700;1805567;"that he thought that you and I
had met in past lives."
590;1805567;1809333;"That seems interesting.
Do I think that that's true?"
591;1809333;1812734;"I don't know.
Other than that, I don't..."
592;1812734;1815333;"didn't think I took a ton from
it."
593;1815333;1818500;"I mean, we have three children,
we love each other, and we're"
594;1818500;1824300;"family, and I'm happy with that.
>> KOURTNEY: I left the healer,"
595;1824300;1828133;"you know, thinking about life,
definitely at a great place."
596;1828133;1830266;">> SCOTT: Yeah.
>> KOURTNEY: And we're very"
597;1830266;1832367;"lucky.
>> SCOTT: I don't love the"
598;1832367;1835500;"phrase, when people call what
we're doing just "co-parenting.""
599;1835500;1837600;"It's not like you drop them to
me, I drop them to you, case"
600;1837600;1840600;"closed, don't speak to me.
>> KOURTNEY: Yeah."
601;1840600;1842533;">> SCOTT: We're very much on the
same with everything."
602;1842533;1846266;">> KOURTNEY: Yeah.
Feels like we're entering a more"
603;1846266;1850533;"transparent phase of our
co-parenting relationship."
604;1850533;1853533;"I like the vibe that, like, if
we're having dinner at the"
605;1853533;1855667;"house, and you want to come meet
with us, you can."
606;1855667;1858333;">> SCOTT: Of course, and if you
wanted to go do something or go"
607;1858333;1860767;"on a date or whatever it might
be, like, I will take them and"
608;1860767;1863266;"I'm there for them.
You know what I mean?"
609;1863266;1866166;">> KOURTNEY: I don't know what
the definition of "soul mate""
610;1866166;1869500;"is, but Scott and I-- we're
going to be in each other's"
611;1869500;1872700;"lives forever.
Like, we are soul mates in a"
612;1872700;1875767;"sense, you know, no matter what,
whether we're ever together"
613;1875767;1878233;"again or not.
>> SCOTT: How are you feeling?"
614;1878233;1880200;"(Kourtney laughs softly)
>> KOURTNEY: I feel good."
615;1880200;1884266;"I'm happy we're in Bali, but I
haven't been doing my exercises."
616;1884266;1886533;">> SCOTT: Can I see 'em?
>> KOURTNEY: Yeah, if I"
617;1886533;1890200;"remember.
One of them..."
618;1890200;1892400;"is..."
619;1893567;1896166;">> SCOTT: Oh.
(Kourtney laughs softly)"
620;1896166;1898433;"Feel like your balance is a bit
off."
621;1898433;1901667;">> KOURTNEY: Number two is...
>> SCOTT: Ooh."
622;1901667;1904633;"I feel like you're taking the
bad energy out of me, too."
623;1904633;1908166;"Ooh!
(Scott laughs)"
624;1908166;1910533;"I'm not gonna lie.
What I just witnessed was an"
625;1910533;1913000;"absolute miracle.
(Kourtney laughs)"
626;1913000;1918367;"Hell, yeah.
♪ ♪"
627;1918367;1920467;">> KOURTNEY: Wayan, this is
Scott."
628;1920467;1922433;">> WAYAN: Hi, Scott.
>> SCOTT: Nice to meet you."
629;1922433;1924333;">> WAYAN: Nice to meet you.
I'm Wayan."
630;1924333;1926200;">> SCOTT: Nice to meet you.
>> KOURTNEY: Told him we're long"
631;1926200;1928700;"friends, old friends.
>> WAYAN: Old friends."
632;1928700;1931200;"So, how's your time in Bali,
guys, for these past few days?"
633;1931200;1933333;">> SCOTT: It's been great.
>> KOURTNEY: I love it."
634;1933333;1936333;"This is actually my favorite
part, I think, riding bikes"
635;1936333;1938467;"through all this.
(children shouting)"
636;1938467;1940467;"This is the community hall?
>> WAYAN: Yeah, this community"
637;1940467;1942467;"hall-- this is where we're
going."
638;1942467;1944734;">> KOURTNEY: Before we leave
Bali, I really wanted to donate"
639;1944734;1948266;"food, but instead of donating
food, Wayan thought it would be"
640;1948266;1950633;"a great idea to bring some
school supplies."
641;1950633;1954367;">> CHILDREN: Hi!
>> KOURTNEY: Oh, say hi."
642;1954367;1958000;"And it's really important for
me, too, to show my kids, you"
643;1958000;1961767;"know, how other kids live in the
world and that others live with"
644;1961767;1965066;"so much less and that we really
have to be so grateful."
645;1965066;1967367;"Want to start giving them stuff,
Mase?"
646;1967367;1969367;"Come on.
>> MASON: Okay."
647;1969367;1971233;">> KOURTNEY: Do you guys want
stuff?"
648;1971233;1973467;">> GIRL: Thank you.
>> KOURTNEY: Oh, you're welcome."
649;1973467;1975500;"Reigny, will you hand out some
books?"
650;1975500;1977500;"(Wayan speaking foreign
language)"
651;1977500;1981000;"(indistinct chatter)
I'm definitely leaving Bali"
652;1981000;1984433;"feeling more balanced.
The people in Bali all seem so"
653;1984433;1988567;"happy, and I really want to
adopt their way of life."
654;1988567;1991667;">> WOMAN: Suksma mewali.
>> KOURTNEY: Suksma mewali."
655;1991667;1994000;"(woman chuckles)
I really needed this pillars"
656;1994000;1997300;"journey for my soul.
It was a good reset after my"
657;1997300;2000700;"fight with Khloe, and I feel
like I've been much more"
658;2000700;2004767;"self-aware and focusing on my
kids, Scott, and my sisters."
659;2004767;2007567;"I can't wait to bring everything
that I've learned back home with"
660;2007567;2009567;"me.
Bye-bye!"
661;2009567;2012533;">> CHILDREN: Bye-bye!
>> WAYAN: I think they like him."
662;2012533;2015000;">> KOURTNEY: Yeah, they love
Reign."
663;2015000;2017333;">> SCOTT: He just kissed a girl.
(children giggling)"
664;2017333;2019333;"Hold on!
(laughter)"
665;2019333;2021767;"Hold on, hold on.
(laughter)"
666;2021767;2025700;"Oh-ho!
Uh-oh! Oh!"
667;2025700;2028133;"♪ ♪"
668;2032633;2035000;">> WAYAN: Hi.
>> KHLOE: Hi."
669;2035000;2036667;">> WAYAN: Nice to see you again.
>> KIM: Hi. How are you?"
670;2036667;2038567;">> KHLOE: Wayan, it's our third
time."
671;2038567;2040567;">> KIM: Hi.
>> WAYAN: Ready to see me?"
672;2040567;2042767;">> JENO: Good.
>> KHLOE: Third time."
673;2042767;2045734;"Wayan doesn't want us to leave
Bali without getting the"
674;2045734;2048367;"experience that we really want.
>> KIM: And he says he knows the"
675;2048367;2051300;"best woman.
>> KHLOE: Heard that before."
676;2051300;2053533;"(chuckles)
>> WAYAN: She cannot see."
677;2053533;2056000;">> KIM: Okay.
>> WAYAN: She's blind, and..."
678;2056000;2058066;">> KHLOE: I'm not trying to be
skeptical, but, um..."
679;2058066;2059767;"(quietly): she's a blind palm
reader."
680;2059767;2061667;">> KIM: Why are you whispering?
She's not deaf."
681;2061667;2064700;"(Jeno chuckles)
>> KHLOE: Like, who is blind and"
682;2064700;2067467;"can read palms?
(Jeno speaks foreign language)"
683;2067467;2069100;">> WAYAN: Uh, come closer.
>> JENO: Uh, come closer."
684;2069100;2073033;">> KIM: Okay.
>> JENO: Mm-mm."
685;2073033;2075033;"(speaking foreign language)
>> WAYAN: She's talking with"
686;2075033;2079767;"somebody.
Grandmother want to come and"
687;2079767;2084000;"want to say hi to you.
Are you-- Do you allow her to..."
688;2084000;2086000;">> KIM: Yes.
>> WAYAN: ...to visit?"
689;2086000;2090567;"(translates)
(Jeno speaks foreign language)"
690;2090567;2094533;">> WAYAN: So, ev-everyone up
there loves you."
691;2094533;2097467;"She has given you a-a rings.
Where is it?"
692;2097467;2101767;">> KIM: My grandma?
Um, I have them, actually."
693;2101767;2105400;"(Wayan translates)
(Jeno speaks foreign language)"
694;2105400;2108367;">> WAYAN: I love that ring.
(Jeno speaks foreign language)"
695;2108367;2112133;"Don't give it to other people.
>> KIM: My mom, right before"
696;2112133;2115133;"Bali, gave me a ring of my dad's
mom."
697;2115133;2117133;"There's no way she could have
known this."
698;2117133;2119133;"(Wayan and Jeno speaking foreign
language)"
699;2119133;2122066;">> WAYAN: Your father's here.
>> KIM: My father?"
700;2122066;2125533;">> WAYAN: He came.
(Jeno speaks foreign language)"
701;2125533;2128767;"You have a second boy?
>> KIM: I have a boy that's"
702;2128767;2132500;"coming in May.
(Jeno speaks foreign language)"
703;2132500;2134734;">> WAYAN: That's where he's
gonna be reincarnated."
704;2134734;2138166;">> KIM: Oh, wow.
>> KHLOE: Publicly, nobody knows"
705;2138166;2140467;"that Kim's having a fourth
child."
706;2140467;2144066;"For her to know about just all
these things, it's crazy."
707;2144066;2147133;"Hello.
>> JENO: Hello."
708;2147133;2153467;"Mm.
(speaks foreign language)"
709;2153467;2155700;">> WAYAN: Sometime you didn't
have self-confidence."
710;2155700;2159100;"(Jeno speaks foreign language)
But you're very smart."
711;2159100;2164667;"(Jeno speaks foreign language)
Sometime people-people love you."
712;2164667;2169767;"(Jeno speaks foreign language)
But you feel sad."
713;2169767;2173767;"(Jeno clicking tongue)
(speaks foreign language)"
714;2173767;2176667;"There's something that is, uh,
hurting you in your mind."
715;2176667;2179233;"(Jeno speaks foreign language)
And that you feel traumatic"
716;2179233;2182166;"experience.
And I-- What happened in the"
717;2182166;2185100;"past, then you're kind of
feeling uncomfortable and angry."
718;2185100;2187567;">> JENO: Yeah.
(speaks foreign language)"
719;2187567;2189633;">> WAYAN: You cannot forget
that."
720;2189633;2192767;"(Jeno speaks foreign language)
Sometime, sometime you don't"
721;2192767;2194767;"trust the person that you are
with now."
722;2194767;2199133;"Sometime you feel fear.
And, um, that's why it kind of"
723;2199133;2202467;"causing you this, like,
unstable."
724;2202467;2205700;"(Jeno speaks foreign language)
That's the one that, like, kind"
725;2205700;2210166;"of controlling your mind, that's
make you changing."
726;2210166;2213467;">> KHLOE: Ever since what's
happened between Tristan and I,"
727;2213467;2218033;"nobody knows I fight an inner
battle with myself in regards to"
728;2218033;2221500;"what is the best thing to do for
my relationship and for me."
729;2221500;2225500;"This woman is spot-on with me,
and it's kind of freaking me"
730;2225500;2227600;"out."
731;2232266;2234533;">> KIM: Wait, let's see what
time it is in L.A."
732;2234533;2236533;"Oh, it's 6:00 a.m.
She's up."
733;2236533;2238533;"(line rings)
Hey."
734;2238533;2240533;">> KRIS: Hey.
>> KIM: So, we just had a"
735;2240533;2243567;"reading about reincarnation
with, like, a medium."
736;2243567;2249233;"She told me that my dad would be
reincarnated in my second son."
737;2249233;2252100;">> KRIS: What?!
I can't wait till he's born."
738;2252100;2254233;">> KHLOE: Oh, my God.
>> KIM: Should I-- should I name"
739;2254233;2258200;"him Roberto?
>> KRIS: Yes! Yes, please!"
740;2258200;2260734;">> KIM: Okay, love you.
>> KRIS: Um, you froze."
741;2260734;2262734;">> KIM: Okay, love you.
>> KRIS: Oh-- I love you, too."
742;2262734;2264734;">> KIM: Ha-Have a good workout.
>> KRIS: Okay."
743;2264734;2268233;"Thank you.
>> KIM: Bye."
744;2268233;2270233;"(knocking)
>> KHLOE: Just open it."
745;2270233;2272233;"Mason's in there.
>> KIM: Hey, guys."
746;2272233;2275133;"Oh, you're all in here.
>> KHLOE: Oh, my God, it's-- You"
747;2275133;2277033;"guys, we just had...
>> KIM: The best reading."
748;2277033;2278633;">> KHLOE: ...the best reading!
>> KIM: From a reincarnation"
749;2278633;2281266;"person.
So, we met with this old lady."
750;2281266;2285100;"She had, like, half of a blue
eye, and she told me that I'm"
751;2285100;2288767;"gonna have another son and that
it's gonna be my dad"
752;2288767;2292133;"reincarnated.
Isn't that insane?"
753;2292133;2296600;">> KOURTNEY: What did yours say?
>> KHLOE: Basically that Tristan"
754;2296600;2299734;"is a cheater and I can't figure
out what to do and I fight all"
755;2299734;2303166;"the time with myself, going back
and forth."
756;2303166;2307266;"Then she said I'm fighting
making a decision."
757;2307266;2309533;"Yeah...
>> KOURTNEY: Did she give you"
758;2309533;2313266;"advice if you should stay or go?
>> KIM: No, we didn't think to"
759;2313266;2316033;"ask questions.
>> KHLOE: Were we supposed to?"
760;2316033;2318300;">> KIM: I don't know.
>> KHLOE: Meeting with all these"
761;2318300;2320633;"different healers, I realize
that I'm suppressing a lot of my"
762;2320633;2322633;"emotions and I'm pushing them
down."
763;2322633;2326100;"On this trip, I just wanted to
be in the moment and just be"
764;2326100;2329233;"happy about everything, even
though I don't feel my best."
765;2329233;2332266;"But now it's time to think about
all that stuff."
766;2332266;2336700;"What I'm dying to do right now.
>> KIM: This is the kind of"
767;2336700;2339033;"stuff I'm into-- reincarnation
and, like..."
768;2339033;2341033;">> SCOTT: Yeah.
>> KIM: What if he looks just"
769;2341033;2343033;"like Dad?
Just kidding."
770;2343033;2345266;">> KHLOE: A little Armenian man
coming out?"
771;2345266;2348166;"Like Mason.
>> KIM: I know."
772;2348166;2350567;">> KHLOE: A little Armo.
>> SCOTT (accented): Armenia,"
773;2350567;2352700;"here we are.
>> KHLOE: (chuckles) Let's"
774;2352700;2355233;"baptize him in Armenia.
Or just go to Inglewood."
775;2355233;2365767;"That's where Dad was from.
♪ ♪"
776;2365767;2369767;"Oh, my God, this guy is amazing.
>> KOURTNEY: Mart."
777;2369767;2373133;">> KHLOE: Oh, there you go!
Gucci man."
778;2373133;2375433;">> KOURTNEY: Look at you!
You look so handsome."
779;2375433;2378367;"You're killing it.
>> KHLOE: I love this place."
780;2378367;2380700;">> KOURTNEY: No, me, too.
>> KHLOE: This has been so"
781;2380700;2383200;"phenomenal.
>> SCOTT: All there is is"
782;2383200;2386333;"positives here.
Like, everyone's so nice."
783;2386333;2388367;"Everyone-- It's just, like, an
amazing feeling."
784;2388367;2390600;"(percussion playing)"
785;2393300;2397333;"Stop.
(whooping)"
786;2397333;2400600;">> KOURTNEY: Oh, my gosh.
Crazy."
787;2400600;2404367;">> KHLOE: I honestly had one of
the best trips of my life."
788;2404367;2408333;"Bali is the most spiritual,
soul-lifting place."
789;2408333;2410200;"I feel like I'm completely
reenergized."
790;2410200;2412767;">> KIM: Yeah, you just feel
completely calm and completely"
791;2412767;2416767;"just at ease, and that's just
what we needed."
792;2416767;2419333;"Dragon energy.
>> KHLOE: Kourtney has really"
793;2419333;2421233;"been making an effort to be more
engaged, and I want to"
794;2421233;2423100;"reevaluate what's important to
me and what I want to put my"
795;2423100;2424734;"time into.
>> KIM: And I would really want"
796;2424734;2426367;"to go back.
>> KHLOE: Oh, I would go back,"
797;2426367;2428166;"hands down.
>> KIM: Yeah."
798;2428166;2430100;">> KHLOE: I definitely think
it's genuinely food for your"
799;2430100;2432233;"soul.
(performers shout)"
800;2432233;2434667;">> KOURTNEY: Oh, my gosh.
(Khloe whooping)"
801;2434667;2437266;"That's crazy.
>> KHLOE: That is so scary."
802;2437266;2439266;">> KIM: I love this.
>> SCOTT: It's so cool that"
803;2439266;2441233;"we've all been able to be
together throughout all these"
804;2441233;2442667;"weird journeys.
(Khloe chuckles)"
805;2442667;2444133;"(fireworks popping)
>> KHLOE: Oh, my God!"
806;2444133;2446233;">> SCOTT: Oh!
Yeah, hello!"
807;2446233;2449266;">> KOURTNEY: Oh, my gosh.
(Khloe whoops)"
808;2449266;2454633;"♪ ♪
(whooping)"
809;2454633;2458000;">> KHLOE: That was so exciting!
(loud boom)"
810;2458000;2460767;"Oh, (bleep).
(laughs)"
811;2460767;2463033;"♪ ♪"
812;2470767;2474166;"This trip was so good.
But in true Kardashian"
813;2474166;2477367;"tradition, we never stop.
And so the first thing we're"
814;2477367;2481066;"gonna do when we get home is the
Victoria's Secret photo shoot."
815;2481066;2484300;"(sighs)
I have to make everybody happy."
816;2484300;2488266;"Are you excited to go home?
Did you have a fun time?"
817;2488266;2491333;"It was awesome.
>> KOURTNEY: How do you feel"
818;2491333;2494033;"after the medium last night?
>> KHLOE: I don't feel like I"
819;2494033;2496033;"have an answer.
Like, okay, I'm gonna be with"
820;2496033;2498066;"Tristan forever or I'm gonna
break up with him."
821;2498066;2502700;"I don't-- I still feel like,
God, when will I ever know?"
822;2502700;2508200;"It's hard to overcome cheating.
It's hard to, you know, gain the"
823;2508200;2511066;"trust back.
Just-- You wonder, like, will it"
824;2511066;2513166;"ever be the same?
Will you ever really get back to"
825;2513166;2516233;"where you were prior to this
whole cheating scandal?"
826;2516233;2519033;"With Tristan, I didn't suspect
anything."
827;2519033;2522266;"So I'm really just trying to
reevaluate what's important to"
828;2522266;2524266;"me and to, hopefully, make the
right decision."
829;2524266;2527166;"But, yeah, you don't know.
(chime)"
830;2527166;2529033;"(children chattering)"
831;2531433;2533667;"♪ ♪"
832;2541333;2543333;">> KOURTNEY: What the heck is
this?"
833;2543333;2546200;"Look how cool.
Khlo, what about that long one?"
834;2546200;2548367;">> KHLOE: I'm wearing one of the
long ones, but I will be the"
835;2548367;2550367;"only one without wings.
>> KOURTNEY: I would wear that."
836;2550367;2553266;"That's so sick.
Now that we're back from Bali,"
837;2553266;2556000;"we're doing a photo shoot for
Halloween, where we're all"
838;2556000;2558166;"dressing up as Victoria's Secret
Angels."
839;2558166;2560166;">> KENDALL: If anyone's ready,
come out."
840;2560166;2562467;">> KOURTNEY: I can barely walk,
guys."
841;2562467;2565166;">> KHLOE: She's like a little
ant."
842;2565166;2581333;"(chuckling)
♪ ♪"
843;2581333;2583600;">> KHLOE: Honestly, we have the
most epic photos."
844;2583600;2585600;"What are we gonna do next year
to s-- to now live up to this?"
845;2585600;2587533;">> KIM: I don't know.
I don't know."
846;2587533;2589333;"(chuckles)
>> MAN: Looks hot."
847;2589333;2591600;">> MAN 2: Oh, my God, I love.
>> MAN 3: Yes! Yes!"
848;2591600;2594266;">> KIM: On the next episode...
>> SCOTT: You're gonna be the"
849;2594266;2596400;"new sexy artist.
I think I'm gonna take"
850;2596400;2598500;"everything to an art appraiser.
Let me know how rich I am."
851;2598500;2600433;">> APPRAISER: I really don't
know what someone would pay for"
852;2600433;2602600;"these.
>> KHLOE: How was the appraisal?"
853;2602600;2605400;">> SCOTT: Uh...
>> JESSICA: According to the"
854;2605400;2609300;"California Bar, you can actually
become a lawyer without going to"
855;2609300;2612767;"law school.
>> KIM: My goal would be to"
856;2612767;2615567;"fight for people and do
everything I can to help."
857;2615567;2618066;">> KANYE: The universe really
wants this to happen."
858;2618066;2619600;"It's beautiful.
Captioning sponsored by"
859;2619600;2621433;"BUNIM-MURRAY PRODUCTIONS"