﻿Number;Start time in milliseconds;End time in milliseconds;"Text"
1;5100;7367;">> KIM: Tonight on Keeping Up
with the Kardashians..."
2;7367;9433;">> KYLIE: What are you doing in
here?"
3;9433;11433;">> KRIS: This is my new massage
chair."
4;11433;13433;"Kylie's been so, like,
territorial."
5;13433;16533;"I'm not sure what's going on.
Where the (bleep) is my stuff?"
6;16533;19433;">> KYLIE: Oh, my God.
>> KENDALL: Kourtney came with"
7;19433;22700;"me and my friends on a ski trip,
but, to be honest, I felt like"
8;22700;25166;"she was a bit rude.
>> KOURTNEY: She called me"
9;25166;27433;"yesterday.
Oh, my God, she was so annoyed"
10;27433;30400;"with me, like, she's being
really overly dramatic."
11;30400;32567;">> KENDALL: I don't understand
how my own sister is, like,"
12;32567;34767;"talking (bleep) about me.
>> KOURTNEY: I didn't even know"
13;34767;37533;"there was a problem.
Kendall! Stop it!"
14;37533;43700;"(both scream)
♪ ♪"
15;43700;46567;">> KENDALL: Truey!
>> KHLOE: Mama."
16;46567;49166;">> KENDALL: Your-your daughter
is literally your twin."
17;49166;51433;">> TRISTAN: That's my baby girl.
>> KHLOE: Look who just came"
18;51433;54433;"back from the fire station.
>> TRISTAN: Look at her."
19;54433;58667;"Went to the fire station?
>> KENDALL: Hey, girl."
20;58667;61533;"You little unicorn.
>> KHLOE: Hi, boo."
21;61533;64166;"How was your trip?
How did it go?"
22;64166;66367;">> TRISTAN: Baby True!
(True cooing)"
23;66367;69433;"(Kendall and Khloe chuckling)
(Tristan smacking lips)"
24;69433;72500;">> TRISTAN: Look at you, True.
>> KENDALL: Oh, oh!"
25;72500;75567;">> TRISTAN: There she is.
>> KHLOE: Ba-dum, ba-dum."
26;75567;77700;"Ba-dum, ba-dum, ba-dum.
Bum, ba-dum, ba-dum."
27;77700;79567;">> KENDALL: Am I your horse?
>> KHLOE: Ba-dum, ba-dum,"
28;79567;81600;"ba-dum.
>> KENDALL: But you're the"
29;81600;84533;"unicorn.
>> KHLOE: Unicorns ride horses."
30;84533;87600;"(Kendall laughs)
Go like this. Show Auntie Kenny."
31;87600;89633;"Let's dance.
(whoops)"
32;89633;91667;"Do it.
>> KENDALL: Do it."
33;91667;93734;">> KHLOE: Come on.
Go, True. Go, True."
34;93734;96600;"Go, Mama. Go, Ma...
Oh, you're about to."
35;96600;101500;"Okay, one, two, three.
(whooping)"
36;101500;103734;"Okay, whatever.
>> KENDALL: She's, like, halfway"
37;103734;119533;"there.
♪ ♪"
38;119533;121400;"♪ ♪"
39;126667;130266;">> KIM: Look, you guys.
Who's a matching family in gray?"
40;130266;133333;"Who's a part of the matching
gray family?"
41;133333;135400;">> SAINT: Chi and me.
>> KIM: And me."
42;135400;137767;"Look at my pants and my shoes.
>> SAINT: A shirt."
43;137767;139767;">> KIM: Oh, look it.
Is she a part of our matching"
44;139767;143767;"gray family?
>> KHLOE: Wow. The gray family."
45;143767;146734;"(Kim smooching)
Hi, guys."
46;146734;149700;"(Kim grunting)
>> KIM: Who's my favorite boy?"
47;149700;152066;"(Saint laughing)
What am I gonna say when baby"
48;152066;156767;"brother gets here?
Who's my favorite... baby boy?"
49;156767;161233;"And who's my favorite big boy?
>> SAINT: Me."
50;161233;164600;">> KIM: That's you.
My face is on fire."
51;164600;166667;">> KHLOE: What's wrong with your
face?"
52;166667;169400;">> KIM: Psoriasis.
>> KHLOE: On your face?"
53;169400;171767;">> KIM: Yeah, it's all over my
face."
54;171767;174400;"And it's all here.
I'll try this dress on and"
55;174400;176533;"you'll see.
I'm supposed to wear this"
56;176533;179667;"tonight.
I have psoriasis and, you know,"
57;179667;183734;"I've obviously had it for about
eight years now, but I've never"
58;183734;187533;"had it like this.
Like, I can't even..."
59;187533;190066;">> KHLOE: Oh, your poor legs.
>> KIM: Do you see that?"
60;190066;192000;">> KHLOE: Yeah.
>> KIM: And then it's, like,"
61;192000;194266;"literally, like, all over my
body."
62;194266;196667;">> KHLOE: Oh, my gosh.
>> KIM: I've never had it"
63;196667;199266;"on my hands. Look.
It's going all up my hands, all"
64;199266;201667;"up my arms.
It's all in my hair."
65;201667;203667;"It's, like, on my ears.
>> KHLOE: In your ears."
66;203667;205600;">> KIM: It's so gross.
>> KHLOE: Yeah, it sucks."
67;205600;207567;">> KIM: Let me go get my body
makeup."
68;207567;210567;">> KHLOE: Well, it looks like
you have, like, the chicken pox."
69;210567;212734;">> KIM: I don't even know if I
can cover it up at this point."
70;212734;215333;">> KHLOE: You have to do this
every time before you go out?"
71;215333;218000;"And, like, if you change your
clothes, it will get all over"
72;218000;221066;"your clothes and...
>> KIM: Yeah, but what can I do?"
73;221066;224533;"Ugh. I'm just not gonna go out,
then, tonight in this outfit."
74;224533;227667;"I just don't, honestly, have the
energy to do this."
75;227667;230767;"I don't even know what will
work, but there's no cure, so..."
76;230767;234033;"I have to, like, just figure it
out."
77;234033;236700;">> KHLOE: That looks beyond
painful."
78;236700;239500;">> KIM: Just, like, my face
right now feels like it's"
79;239500;243467;"Flamin' Hot Cheetos.
(Khloe chuckles)"
80;243467;245300;"♪ ♪"
81;249667;253133;">> KYLIE: Here to see Kris
Jenner."
82;253133;255600;">> ASSISTANT: Welcome to Kylie
Cosmetics."
83;255600;258066;">> KYLIE: Thank you.
>> KRIS: Hi."
84;258066;260367;"Let me take you on a tour.
I'm gonna be jamming over here,"
85;260367;262700;"and I want to keep an eye on
everything, so I'll be here"
86;262700;266066;"probably every day.
Look at your little..."
87;266066;268066;">> KYLIE: "It's on, mother
(bleep).""
88;268066;270100;">> KRIS: This is you.
>> KYLIE: I've got to take a"
89;270100;272734;"picture of that.
>> KRIS: Kylie and I have been"
90;272734;275500;"building Kylie Cosmetics
Headquarters for about the last"
91;275500;279066;"year.
But this is the first time that"
92;279066;283467;"Kylie is able to see how the
progress is going."
93;283467;286333;"We'll share this temporarily,
and then we move into our major"
94;286333;289533;"offices later.
Clements Design are doing the"
95;289533;293600;"entire project with us.
Everything is beautiful and well"
96;293600;297000;"thought out, and we are so
excited."
97;297000;299066;">> KYLIE: You in the waiting
room?"
98;299066;301500;">> KRIS: Well, I had to make a
little appearance."
99;301500;304500;"It's that one.
>> KYLIE: Mom, that's so"
100;304500;306767;"embarrassing, but I love it.
>> KRIS: All right, come on,"
101;306767;314633;"let's go.
♪ ♪"
102;314633;318500;">> KHLOE: Mm. Wow.
Hershey's Kiss is pretty epic."
103;318500;320567;">> KENDALL: Really?
>> KHLOE: I haven't had one in"
104;320567;322734;"such a long time.
>> KENDALL: I've never had one."
105;322734;327166;">> KHLOE (laughs): That's crazy.
Anyway, how was your..."
106;327166;329567;"Where'd you go, Mammoth?
>> KENDALL: Yeah, we went to"
107;329567;331567;"Mammoth.
>> KHLOE: How was it?"
108;331567;335233;">> KENDALL: To be honest, it was
kind of a lot for me."
109;335233;337567;">> KHLOE: Why?
>> KENDALL: A lot of the trip,"
110;337567;340667;"people were picking on me, and
by people, I mean Kourtney most"
111;340667;343133;"of the time.
And whether she thought she was"
112;343133;347533;"joking, I didn't really think it
was a joke."
113;347533;350633;"This past weekend, Kourtney came
with me and my friends on a ski"
114;350633;352667;"trip.
You know, Kourtney and I have"
115;352667;355767;"been getting a bit closer over
the past couple years, and I"
116;355767;358533;"love that she hangs out with me
and my friends, but, to be"
117;358533;361633;"honest, I felt like there were
just some moments where she was"
118;361633;365667;"a bit rude and it really started
to get to me at a certain point."
119;365667;369600;"I just felt like she was trying
to be cool in front of my"
120;369600;374133;"friends and, like, younger
people that are cool at my"
121;374133;376767;"expense.
Like, when we were getting in"
122;376767;379433;"the car, she sat in the middle
'cause she's the smallest."
123;379433;381667;"She immediately put her feet
up on my center console, and,"
124;381667;384033;"mind you, it's, like, rainy and
muddy outside."
125;384033;386200;"I go, "Kourt, can you not put
your feet up on my thing?""
126;386200;388734;"And she goes, "Kendall, it's a
(bleep) vehicle.""
127;388734;391600;"And I go, "So? Like, I don't
want your shoes all over my"
128;391600;393700;"car."
And then, like, she goes like"
129;393700;396033;"this, and, like, puts her feet
onto the head boards."
130;396033;398166;">> KHLOE: It's so rude.
>> KENDALL: That happened, and"
131;398166;400233;"then, like, later in the trip,
we were, like, getting out of"
132;400233;402500;"the car.
I'm like, "Fai, I don't have a"
133;402500;404433;"zip pocket.
Can you take my car key and put"
134;404433;406266;"it in one of your pockets?"
>> KHLOE: Is this skiing or no?"
135;406266;408233;">> KENDALL: Yeah, we're going
skiing."
136;408233;410133;"And I was like, "Are you sure
you have a zip pocket?"
137;410133;412166;"I don't want it to fall out or,
like, lose it, or get, like,"
138;412166;414600;"damage it or whatever.
I mean, literally, how would we"
139;414600;416734;"get home if we've lost the key?
>> KHLOE: Yeah."
140;416734;419266;">> KENDALL: And Kourtney goes,
"Kendall, chill the (bleep) out."
141;419266;421600;"It's a key."
And then my friends, all of them"
142;421600;423700;"laugh with her.
None of them took my side."
143;423700;425734;"They're all just, like, laughing
together, and then she feels..."
144;425734;427600;">> KHLOE: But they probably
think that's your banter."
145;427600;429467;">> KENDALL: ...that validation.
Right. I'm not blaming my"
146;429467;431233;"friends at all.
They're not doing it because..."
147;431233;433233;">> KHLOE: You're not mad at
them, but you're more mad that"
148;433233;435200;"she even puts you in the
situation."
149;435200;437200;">> KENDALL: Right.
Like, she was, like, putting me"
150;437200;440467;"down to make herself feel higher
or cooler."
151;440467;443233;">> KHLOE: That is just so weird.
>> KENDALL: I know."
152;443233;445467;">> KHLOE: Have you guys hung out
since?"
153;445467;447600;">> KENDALL: No.
I still haven't even addressed"
154;447600;450533;"it.
>> KHLOE: I'm so annoyed with"
155;450533;452767;"Kourtney.
She is supposed to be the older"
156;452767;456066;"sister, but it just seems like
Kourtney was bullying Kendall"
157;456066;458567;"the entire time.
I mean, that's so lame for"
158;458567;460400;"anyone to do that."
159;463266;465266;">> KIM: This is my husband,
Kanye."
160;465266;467500;"He is the Medical Medium.
You want to do a reading?"
161;467500;469500;">> KOURTNEY: Do you want to
do it? It's better if you stand."
162;469500;471500;">> KANYE: Okay, okay, cool.
>> KIM: Yeah, you have to stand."
163;471500;473600;">> ANTHONY: Take a look at you.
All right, find the spirit"
164;473600;476233;"right now and just...
Got a conversation going"
165;476233;478233;"right here.
Nothing wrong there."
166;478233;480500;"I mean, you look good.
You look good."
167;480500;484633;">> KANYE: I could do that.
(Kim and Kanye laugh)"
168;484633;486633;">> KENDALL: When did you guys
get here?"
169;486633;489533;">> FRIEND: Oh, small world.
>> KENDALL: Hey, small world."
170;489533;492667;"I thought maybe Kourtney would,
you know, apologize for the way"
171;492667;496166;"she was acting on the trip, but
it seems to me that she's pretty"
172;496166;498100;"oblivious."
173;501734;503567;"♪ ♪"
174;510400;512400;">> KIM: Hi.
>> KOURTNEY: Hi."
175;512400;514734;"The place looks great.
>> KIM: So good, right?"
176;514734;517233;">> KOURTNEY: Mm-hmm.
>> KIM: I know. I love it."
177;517233;520166;"Have you heard of the Medical
Medium?"
178;520166;523033;">> KOURTNEY: No.
>> KIM: Well, I don't know if"
179;523033;526100;"he's a real medium, but everyone
would send me him and send me,"
180;526100;529767;"like, "Look it."
The Medical Medium can talk to"
181;529767;534300;"spirit, but he is not a real
doctor."
182;534300;537300;"I am all about mediums.
I'm so obsessed."
183;537300;540166;"Anyone that knows me knows I
love connecting to the spirit"
184;540166;542333;"world.
So, yeah, if he can tell me"
185;542333;545734;"anything about my psoriasis and
how to fix it, I'm down to see"
186;545734;547633;"what happens.
>> ANTHONY: Hey. Hi."
187;547633;549266;"How are you?
>> KIM: Hi. How are you?"
188;549266;551066;">> ANTHONY: Great to meet you.
>> KIM: I'm Kim."
189;551066;553133;">> KOURTNEY: Nice to meet you.
>> ANTHONY: Nice to meet you."
190;553133;555200;">> KIM: I've had really, really,
really bad psoriasis flare-ups"
191;555200;557200;"lately.
>> ANTHONY: Yeah."
192;557200;560300;">> KIM: And when I hear
someone's name more than once, I"
193;560300;564233;"think I have to check them out.
So your name came up from, like,"
194;564233;567667;"my cousin sending me, like
screenshots of your Instagram,"
195;567667;571066;"and then other people just
sending me your name, and then,"
196;571066;573166;"like, okay.
What does it hurt?"
197;573166;576066;"I'm gonna try it.
And then you... we DM'd, and I"
198;576066;578300;"was like, "Oh, my God, it's
meant to be.""
199;578300;581233;"You're in L.A., but I don't know
much about you."
200;581233;583433;"Are you a real medium?
>> ANTHONY: Yeah. I'm the"
201;583433;585667;"Medical Medium.
Been doing this forever."
202;585667;587433;"I mean, since I was a kid.
So, yeah, I'll take a look"
203;587433;589433;"at you.
I'll have you stand up for a"
204;589433;592233;"minute. Are you okay with that?
>> KIM: Okay. Yeah."
205;592233;594233;"I wore a skirt so you could see
all my psoriasis."
206;594233;596400;">> ANTHONY: Yeah.
>> KIM: That's my big spot."
207;596400;598667;"And now it's like that size and
now I'm just getting them all"
208;598667;601166;"over, and now on my face.
>> ANTHONY: Yeah, no. We..."
209;601166;603133;">> KIM: When it gets to my face,
there's a problem."
210;603133;605066;">> ANTHONY: We have to get rid
of this, no question."
211;605066;607000;"I'm just gonna take a little
short here, we're talking to"
212;607000;610133;"spirits, so just going through
every organ, looking for the"
213;610133;612200;"problem.
With you, it's definitely the"
214;612200;615166;"liver.
You have really high deposits of"
215;615166;617266;"copper.
I know it probably sounds so"
216;617266;620767;"far-fetched, right?
>> KIM: No. I believe in it."
217;620767;623100;">> ANTHONY: Heart looks good.
Brain looks good."
218;623100;625233;"There's nothing in there.
(chuckling)"
219;625233;627367;"Nothing I'm worried about.
Take a deep breath."
220;627367;629367;"(inhales)
Hope I'm not scaring you."
221;629367;631367;">> KIM (exhaling): No.
>> ANTHONY: Okay."
222;631367;633400;"Yeah, you can sit down.
I had you up for a long time."
223;633400;635400;">> KIM: Amazing.
>> ANTHONY: So, what's happening"
224;635400;637433;"is you got these deposits of
copper inside the liver."
225;637433;640400;"That's a derma toxin, so that's
a poison that's floating to the"
226;640400;643166;"skin.
So celery juice is gonna"
227;643166;645734;"neutralize that copper.
Your psoriasis will start going"
228;645734;648200;"away, and that's why I want you
on it."
229;648200;653033;">> KIM: I'm a little skeptical,
but I'll try the celery juice."
230;653033;656233;"If it works, it's so worth it.
This is my husband, Kanye."
231;656233;658133;">> KANYE: What's up, bro?
>> ANTHONY: Nice to meet you."
232;658133;660100;"Good to see you.
>> KIM: He is the Medical"
233;660100;662000;"Medium.
He does, like, a reading on you,"
234;662000;663400;"and I think it's really
interesting."
235;663400;665166;">> KANYE: Okay.
>> KOURTNEY: Do you want to"
236;665166;666433;"do it?
>> KIM: You want to do a"
237;666433;668033;"reading?
>> KOURTNEY: It's better if"
238;668033;669333;"you stand.
>> KANYE: Okay, okay, cool."
239;669333;671200;">> KIM: Yeah, you have to stand.
>> ANTHONY: Yeah, we'll do a"
240;671200;673166;"little reading here.
Take a look at you."
241;673166;675166;"All right.
Find the spirit right now and"
242;675166;677367;"just...
Got a conversation going right"
243;677367;680033;"here.
So, a spirit's saying with you,"
244;680033;682300;"I got to worry about heart
problems with you later on."
245;682300;684433;"Yeah.
>> KANYE: Fried chicken."
246;684433;688066;">> ANTHONY: Little bit of a
neurotransmitter deficiency on"
247;688066;690066;"the left side.
>> KANYE: For my brain?"
248;690066;691734;">> ANTHONY: Yeah.
You have to be on high"
249;691734;693533;"electrolytes.
That's because he runs hot up"
250;693533;696467;"here because he's creating and
creating and creating."
251;696467;699066;"But it's nothing scary.
Nothing wrong there."
252;699066;701467;"I mean, you look good.
You look good."
253;701467;708467;">> KANYE: I could do that.
(all laugh)"
254;708467;721333;"Can I do this on you?
♪ ♪"
255;721333;725500;"(deep humming)
>> KYLIE: Mom."
256;725500;729500;"What are you doing in here?
>> KRIS: I'm getting a massage."
257;729500;731500;">> KYLIE: What in the world is
this?"
258;731500;733734;"I've never even seen this.
>> KRIS: This is my new massage"
259;733734;735734;"chair.
>> KYLIE: How am I supposed to"
260;735734;737734;"work right here with you getting
a massage?"
261;737734;741467;"I can't even get in my seat.
>> KRIS: You're banging my"
262;741467;744400;"chair.
There's a tree on the other side"
263;744400;747400;"of the room, so I had to put it
over here."
264;747400;752166;"It was the only space.
Oh, my God, this feels good."
265;752166;756333;">> KYLIE: Oh, my God.
My new thing is prerecording my"
266;756333;759500;"reveals because it's way too
hard to do it the day of, so I"
267;759500;761600;"got to prerecord them.
>> KRIS: Are you supposed to"
268;761600;764300;"record something today?
>> KYLIE: Yeah, I'm gonna just"
269;764300;766533;"record some stuff.
Just please keep it down."
270;766533;771100;"Two seconds.
So, I'm launching with a new"
271;771100;774233;"collection really soon.
I can't wait to finally show you"
272;774233;776233;"guys this one. Um...
(phone rings)"
273;776233;778333;">> KRIS: Oh.
>> KYLIE: Mom."
274;778333;780467;">> KRIS: Hi.
>> KYLIE: I'm trying to make a"
275;780467;783367;"video.
>> KRIS: Mm-hmm."
276;783367;785367;">> KYLIE: All right, I'm
launching with a collection"
277;785367;787367;"really soon.
>> KRIS: What does that even"
278;787367;789200;"mean, though?
I'm not... I'm just so unsure."
279;789200;791100;">> KYLIE: I can't do this with
you."
280;791100;793367;"Can you please take the phone
call somewhere else or"
281;793367;795166;"something?
>> KRIS: Uh-huh."
282;795166;796633;">> KYLIE: Do you not see me
trying to..."
283;796633;798400;">> KRIS: Sorry, I have to leave
my own office for a second."
284;798400;800200;"Let me just take this call
outside."
285;800200;802100;">> KYLIE: I might as well be
home."
286;802100;807100;"I can't get anything done here.
Jesus."
287;807100;809133;"That's just, like, Kris Jenner
for you."
288;809133;811633;"Loud phone calls.
She's nonstop."
289;811633;816066;"I appreciate everything that she
does, but it is a lot for me"
290;816066;818233;"when I'm trying to do what I'm
trying to do."
291;818233;823333;">> KRIS: Megan, do you know what
photo shoot this is from?"
292;823333;825166;"♪ ♪"
293;831033;835166;">> KOURTNEY: My birthday is in
between both Coachella weekends,"
294;835166;837500;"so I'm trying to decide what to
do."
295;837500;839600;"It's a big birthday for me.
>> KENDALL: When did you guys"
296;839600;841600;"get here?
>> HARRY: Oh, small world."
297;841600;845400;">> KENDALL: Hey, small world.
>> HARRY: Good to see you."
298;845400;849467;">> KENDALL: I invited my friends
Fai and Harry over for dinner."
299;849467;852233;"I honestly wasn't expecting
Kourtney to be there, but I"
300;852233;854133;"think maybe one of them invited
her."
301;854133;855667;"We're gonna be done with dinner
by the time Fai gets here."
302;855667;857667;">> KOURTNEY: He's like, "I'm
gonna get my hair cut at 7:00.""
303;857667;859667;">> KENDALL: Oh, he's getting his
hair cut?"
304;859667;864567;">> KOURTNEY: Ha ha, I know more
than Kendall."
305;864567;867433;">> FAI: Hello, hello.
>> KENDALL: Oh, he's here."
306;867433;869433;">> FAI: I'm here.
>> KOURTNEY: Your hair looks"
307;869433;871433;"good.
>> FAI: What's up?"
308;871433;873600;"Hi, Six.
I'm so sorry I'm late."
309;873600;875467;"I feel so bad now.
I have to eat in silence."
310;875467;877266;"(all laugh)
>> KOURTNEY: Cheers."
311;877266;878700;"Harry wanted to cheers you.
>> FAI: Cheers."
312;878700;880467;">> HARRY: I did want to cheers
you."
313;880467;882266;"I've got a little bit left.
>> FAI: Cheers."
314;882266;883700;">> KOURTNEY: Cheers, too.
>> KENDALL: Wow, you guys"
315;883700;885467;"cheersed without me?
>> FAI: Oh."
316;885467;887266;">> HARRY: You left your water.
>> FAI: You left."
317;887266;889266;">> KENDALL: Wow.
Wow."
318;889266;892567;"I thought maybe Kourtney would,
you know, apologize for the way"
319;892567;895567;"she was acting on the trip.
>> FAI: Mammoth was so fun."
320;895567;898533;">> KOURTNEY: Yeah, such a fun
trip."
321;898533;902333;">> KENDALL: But it seems to me
that she's pretty oblivious."
322;902333;905467;"She has no idea what's going on.
>> KOURTNEY: Ken."
323;905467;907467;">> KENDALL: What?
>> KOURTNEY: There's plastic"
324;907467;910433;"bags that are biodegradable.
>> KENDALL: What?"
325;910433;912467;">> KOURTNEY: Ziplocs.
>> KENDALL: Oh, really?"
326;912467;918166;"I want her to go home so bad.
It's just awkward right now, and"
327;918166;920633;"I'm just a little over it.
>> KOURTNEY: Oh, you guys, I'm"
328;920633;922667;"locked in.
>> HARRY: Ha ha, that's exactly"
329;922667;925100;"what we wanted, baby.
>> FAI: We locked you in."
330;925100;927100;">> HARRY: Foreplay, baby.
This is how it's done."
331;927100;929233;">> KOURTNEY: Oh, my God.
>> HARRY: Are you serious?"
332;929233;932700;"It was so easy to get over it.
It was so easy to unlock it."
333;932700;936533;">> KOURTNEY: That was more fun.
>> KIM: I literally have"
334;936533;938533;"psoriasis, just on my groin
on one spot."
335;938533;940633;">> KHLOE: Oh.
>> KIM: I'm not even joking."
336;940633;943266;"Sorry, I'm not trying to be
gross, but I know exactly where"
337;943266;945166;"it is.
I have to put this on it."
338;945166;948533;">> KHLOE: What?
What is that?"
339;948533;952166;"Kendall told me about how
miserable the trip was."
340;952166;954266;">> KOURTNEY: We go to the
grocery store."
341;954266;958133;"She goes, "We cannot go off the
grocery list.""
342;958133;960533;">> KENDALL: I did not say one
thing about steering off of a"
343;960533;962266;"(bleep) list."
344;965734;967600;"♪ ♪"
345;969700;972734;">> KOURTNEY: Congrats on the new
vehicle."
346;972734;977500;">> KHLOE: Thank you.
So, Kendall told me about how"
347;977500;979400;"miserable the trip was.
>> KOURTNEY: Well, what did you"
348;979400;981200;"hear?
I had a great time."
349;981200;983467;">> KHLOE: She said that you were
bullying her a lot."
350;983467;987233;"You will do, like, little digs
to make her friends laugh, but"
351;987233;990300;"it's always at her expense.
I don't think Kourtney's even"
352;990300;993734;"aware that Kendall is so upset
with her."
353;993734;997600;"Kendall isn't confrontational
towards Kourtney, and I feel"
354;997600;1000333;"like she would just keep getting
hurt by Kourtney rather than"
355;1000333;1002467;"asking her to stop picking on
her."
356;1002467;1004500;">> KOURTNEY: I'm just gonna tell
you the examples of what I'm"
357;1004500;1008333;"digging at her, okay?
So, we get in the car, and I put"
358;1008333;1010200;"my feet here.
>> KHLOE: Oh, I heard this"
359;1010200;1011633;"story.
>> KOURTNEY: And she doesn't"
360;1011633;1013433;"want my feet here.
>> KHLOE: So, then you put the"
361;1013433;1015767;"feet by her head or something?
>> KOURTNEY: Oh, I put my foot"
362;1015767;1018400;"here and here as a joke.
>> KHLOE: But that's, like,"
363;1018400;1020100;"rude.
>> KOURTNEY: Like, I was doing"
364;1020100;1021600;"the splits, and I went, like,
up."
365;1021600;1024600;"It was, like, a joke, because I
couldn't sit for five hours with"
366;1024600;1027467;"my legs just like this.
Literally, my legs had to be,"
367;1027467;1030700;"like, half the time, like, over
Fai's legs, half the time over"
368;1030700;1032767;"Luka's legs.
Like, we were getting very cozy"
369;1032767;1034767;"in the back.
>> KHLOE: Okay."
370;1034767;1037533;">> KOURTNEY: So, then we go to
the grocery store."
371;1037533;1042600;"She goes, "You guys, we cannot
go off the grocery list."
372;1042600;1045400;"We have to only get what's on
the list.""
373;1045400;1047066;">> KHLOE: Why?
>> KOURTNEY: She made a full"
374;1047066;1048633;"list.
Fai's like, "Can we buy"
375;1048633;1050767;"potatoes?"
And Kendall's like, "We are not"
376;1050767;1052767;"buying potatoes."
>> KHLOE: But why can't you?"
377;1052767;1054767;">> KOURTNEY: She's so (bleep)
annoying, now that I'm thinking"
378;1054767;1057767;"about this.
Fai goes, "I think potatoes are"
379;1057767;1060000;"nice with the chicken that I'm
making.""
380;1060000;1062500;"I go, "Guess what, guys."
>> KHLOE: Who's buying them?"
381;1062500;1064500;">> KOURTNEY: It's on me.
And I go, "It's on me.""
382;1064500;1066300;">> KHLOE: Right, who cares?
>> KOURTNEY: I'm paying."
383;1066300;1068300;"But I'm kind of making fun of
her, but, like, it's funny."
384;1068300;1070467;">> KHLOE: Well, she never
mentioned the groceries."
385;1070467;1073500;"Maybe this is why, because I
would have been like, "Kendall,"
386;1073500;1075500;"who even cares?"
>> KOURTNEY: Right."
387;1075500;1078734;">> KHLOE: Like, have fun.
>> KOURTNEY: I definitely think"
388;1078734;1081734;"it was unfair for Kendall to say
that I was bullying her."
389;1081734;1084033;"Like, we were just having a good
time."
390;1084033;1087433;"She's just way more uptight than
I thought, 'cause I wasn't"
391;1087433;1089433;"trying to make fun of her at
all."
392;1089433;1091734;"Like, it's just my personality
to make jokes."
393;1091734;1095033;"So, I pay for the groceries.
We come home."
394;1095033;1100533;"The next day, we go skiing.
She gives Fai her car key, and"
395;1100533;1104000;"she goes, "Please put this in
your pocket."
396;1104000;1107400;"Do not fall, okay?
I cannot ruin my key.""
397;1107400;1110734;"And she's dead serious.
Fai and I looked at each other,"
398;1110734;1114000;"and we're like, "Don't fall?"
Like, don't not break your leg"
399;1114000;1117667;"skiing, but please protect my
key."
400;1117667;1121533;">> KHLOE: So, I have no idea
what trip Kendall and Kourtney"
401;1121533;1123700;"were on, but they were not on
the same trip."
402;1123700;1126667;"Their stories are so polar
opposite."
403;1126667;1130033;"I'm not saying anyone's lying.
It's just they have very"
404;1130033;1133367;"different ideas of what
happened."
405;1133367;1136500;">> KOURTNEY: Trusseldorf.
>> KHLOE: Did you just wake up?"
406;1136500;1140500;"Hi, boo.
>> KOURTNEY: Trusseldorf, hi."
407;1140500;1143600;"(True sneezes)
Bless you."
408;1143600;1156700;">> KHLOE: What was that?
♪ ♪"
409;1156700;1165633;">> KYLIE: Who is in my spot?
What in the world?"
410;1165633;1169734;""Reserved for Kris"?
What?"
411;1169734;1173400;"(line rings)
>> KRIS: Hello?"
412;1173400;1176100;">> KYLIE: I show up, and there's
a "reserved for Kris" sign in"
413;1176100;1178100;"pink.
>> KRIS: Do you know how much"
414;1178100;1180400;"older I am than you?
>> KYLIE: Mom."
415;1180400;1183066;">> KRIS: Your space is right
down the row."
416;1183066;1185734;"It's number 15, and I thought
you would love that one."
417;1185734;1187734;">> KYLIE: Number 15?
>> KRIS: Yeah."
418;1187734;1191066;">> KYLIE: Hold on, I know 15.
I know this is not my sign over"
419;1191066;1193467;"here.
I know this does not say"
420;1193467;1197734;""reserved for Kylie" ten spaces
down from my office."
421;1197734;1200166;">> KRIS: Isn't the sign cute?
>> KYLIE: Mom, no."
422;1200166;1201734;">> KRIS: I got you a really
great sign."
423;1201734;1203533;">> KYLIE: I'm not playing with
you."
424;1203533;1206166;"This is my spot.
I worked really hard to finally"
425;1206166;1208500;"have my dream office.
You gots to go."
426;1208500;1210500;">> KRIS: I think we have a bad
connection."
427;1210500;1213433;"I can't hear you.
(speaking gibberish)"
428;1213433;1215767;"Bad connection.
>> KYLIE: I'm removing it."
429;1215767;1219700;"Weak-ass Velcro.
Kris Jenner hanging her giant"
430;1219700;1224700;"photo in the entryway, fine.
But her parking in my parking"
431;1224700;1228600;"space is just one thing that I'm
not gonna let go."
432;1228600;1241200;"I can't believe this (bleep).
♪ ♪"
433;1241200;1245500;">> KHLOE: Here, Kenny June.
>> KENDALL: Oh, thanks."
434;1245500;1251633;">> KHLOE: There you go, doll.
Um, so I talked to Kourt about"
435;1251633;1256400;"your trip.
She has a night-and-day version"
436;1256400;1258734;"as to what you have.
>> KENDALL: All right."
437;1258734;1261433;"Uh, what did she say?
>> KHLOE: The whole foot thing."
438;1261433;1263700;"She was like, "I'm in the back,
and I can't sit like this.""
439;1263700;1266400;"So, she was like, "I did it,
like, for one second.""
440;1266400;1269533;"Like, it was very, like, played
down, how her version of it was."
441;1269533;1272633;">> KENDALL: She put them back up
on the way home."
442;1272633;1275633;"I don't think she would ever
straight-up say, "Yeah, I do"
443;1275633;1278500;"things to Kendall to make myself
feel better or make her"
444;1278500;1281767;"friends laugh or get validation
from other people.""
445;1281767;1285000;"But I know everything that I
felt is true and real."
446;1285000;1288667;">> KHLOE: Your feelings are very
valid, especially when it's"
447;1288667;1291200;"feeling like someone's bullying
you."
448;1291200;1294000;"You shouldn't have to be talked
out of that feeling."
449;1294000;1295700;"Someone should just stop
bullying you."
450;1295700;1297700;">> KENDALL: Exactly.
>> KHLOE: Oh, and a big thing,"
451;1297700;1300266;"the grocery store, which you
never told me this story."
452;1300266;1302433;">> KENDALL: What happened at the
grocery store?"
453;1302433;1305734;">> KHLOE: You guys couldn't
steer off of this list, and"
454;1305734;1309166;"Fai really wanted potatoes.
And you said no to potatoes."
455;1309166;1310734;">> KENDALL: Shut the (bleep) up
she said that."
456;1310734;1313467;"I didn't say anything about
steering off of a list."
457;1313467;1315533;">> KHLOE: Shut up.
>> KENDALL: Bible. I did not say"
458;1315533;1318133;"one thing about steering off of
a (bleep) list."
459;1318133;1319767;"This is gonna make me mad right
now."
460;1319767;1321233;">> KHLOE: Okay, I'm not trying
to make you mad."
461;1321233;1322767;">> KENDALL: I hate that she's,
like, trying to make herself"
462;1322767;1326100;"look better to make me look
(bleep) crazy."
463;1326100;1330734;">> KHLOE: Again, these are
wildly conflicting stories."
464;1330734;1333700;"I don't know.
I am so confused."
465;1333700;1336734;"Her version was, someone was,
like, shaking for the potatoes"
466;1336734;1339000;"and so afraid to ask you.
>> KENDALL: That is the biggest"
467;1339000;1341233;"sack of (bleep) ever.
We ended up with, like, three"
468;1341233;1343633;"carts of filled carts, and I'm
like, "Guys, we're here for two"
469;1343633;1345633;"days."
My biggest thing is wasting"
470;1345633;1347300;"food.
I don't want to waste food."
471;1347300;1349500;"If I saw something that didn't
seem too necessary, I was like,"
472;1349500;1351100;""Who got this?
Do you really, really want it?""
473;1351100;1353133;"If they said yes, I left it.
If they were like, "No, I don't"
474;1353133;1355233;"need it," I put it back in the
cart. Never once did I say we"
475;1355233;1357233;"cannot stray off the list.
I was just making a point on"
476;1357233;1359233;"not wasting food.
>> KHLOE: That's wild."
477;1359233;1361233;"You guys need to definitely
talk, 'cause the conflicting..."
478;1361233;1363233;">> KENDALL: Oh, I would love to
have a conversation with her."
479;1363233;1366033;"Love to.
This is, again, my point, is"
480;1366033;1369667;"that she will go out of her way
to make me look crazy, because"
481;1369667;1374066;"she's insecure about what she
did, or whatever the (bleep)."
482;1374066;1383533;"No.
>> KHLOE: Oh, my God."
483;1383533;1387300;">> KENDALL: Kourtney, we never
had an argument out loud about"
484;1387300;1389500;"potatoes.
>> KOURTNEY: I never said we had"
485;1389500;1391500;"an argument.
>> KENDALL: You made it seem to"
486;1391500;1393633;"Khloe-- and this is what Khloe
told me-- is that there was a"
487;1393633;1396767;"huge scene that was caused in
the grocery store because of"
488;1396767;1400166;"some list, and you're making
it seem like I was some devil"
489;1400166;1401734;"running around the store being
like..."
490;1401734;1404066;">> KOURTNEY: I'm not making it
up-- it happened."
491;1404066;1407133;">> KENDALL: No way, Kourtney.
>> KOURTNEY: Everyone was making"
492;1407133;1409166;"a joke out of it.
>> KENDALL: If that's what"
493;1409166;1411300;"everyone was really thinking,
whether it happened behind my"
494;1411300;1414333;"back, I have no idea, but that
makes me feel like (bleep)."
495;1414333;1416333;">> KOURTNEY: Everyone was
tiptoeing around you to buy"
496;1416333;1418133;"anything.
>> KENDALL: That's literally not"
497;1418133;1420100;"the case.
Daniel was going around grabbing"
498;1420100;1422266;"whatever the (bleep) he wanted.
>> KOURTNEY: Listen, I don't"
499;1422266;1424600;"have time to talk with a
lunatic."
500;1424600;1427133;"You can come when you're ready
to talk like an adult."
501;1427133;1431533;">> KENDALL: Wow.
>> KRIS: Kylie's been so, like,"
502;1431533;1434133;"territorial.
I'm not sure what's going on."
503;1434133;1437700;"Where the (bleep) is my stuff?
>> KYLIE: We moved your things."
504;1437700;1441533;">> KRIS: Mother (bleep).
>> KHLOE: You guys are sisters."
505;1441533;1443533;"You've got to, like, discuss the
issue."
506;1443533;1445133;">> KOURTNEY: Are we not over
this yet?"
507;1445133;1448300;">> KENDALL: You are doing things
to make you seem funnier, to"
508;1448300;1450734;"make you seem cooler.
>> KOURTNEY: Maybe I just am"
509;1450734;1453133;"funnier and cooler."
510;1457033;1461333;"♪ ♪
>> KOURTNEY: I'm brainstorming"
511;1461333;1464433;"my name for my site.
How do you feel about the name"
512;1464433;1466433;""Kourt"?
>> KHLOE: I don't think it"
513;1466433;1469133;"should be your name.
>> KOURTNEY: What about "Woo"?"
514;1469133;1472133;">> KHLOE: No.
What are some things that are"
515;1472133;1474133;"special to you?
>> KOURTNEY: I wrote "25," my"
516;1474133;1476133;"favorite number.
>> KHLOE (sighs): Who has a"
517;1476133;1478433;"favorite number past the age of
ten, by the way?"
518;1478433;1480200;">> KOURTNEY: Do you?
>> KHLOE: No."
519;1480200;1483066;">> KOURTNEY: Kim does. Six.
>> KHLOE (whispers): Wow."
520;1483066;1487367;"(ringtone plays)
>> KOURTNEY: Hi."
521;1487367;1489633;">> FAI: Hi.
>> KOURTNEY: Are you going on"
522;1489633;1492266;"Kendall's Palm Springs
adventure?"
523;1492266;1494033;">> FAI: No, I'm not.
I'm not going."
524;1494033;1495433;">> KOURTNEY: Who is she going
with?"
525;1495433;1497200;">> KHLOE: Anyone but the Mammoth
crew."
526;1497200;1499233;">> FAI: Um... what's her name?
>> KOURTNEY: Khloe said,"
527;1499233;1501467;""Anyone but the Mammoth crew."
(Kourtney and Fai laugh)"
528;1501467;1504233;">> FAI: No, she called me, like,
an hour ago, and she was like,"
529;1504233;1505767;""Do you want to come?"
But I can't go."
530;1505767;1507367;">> KHLOE: Were you invited,
Kourt?"
531;1507367;1509367;">> KOURTNEY: No, I was not.
I don't think I'm ever invited"
532;1509367;1511367;"again.
(Fai laughs)"
533;1511367;1514166;"She called me yesterday.
Oh, my God, she was so annoyed"
534;1514166;1516700;"with me.
Like, she's being really overly"
535;1516700;1518633;"dramatic.
>> FAI: Well, you... we got"
536;1518633;1521400;"yelled at for talk-- I'm putting
this in quotes-- "talking behind"
537;1521400;1524667;"her back."
>> KHLOE: I totally get that"
538;1524667;1528700;"Kourtney and Kendall are upset,
but it's ridiculous that this"
539;1528700;1531700;"fight has gotten to this level.
>> KOURTNEY: I told Kim and..."
540;1531700;1533300;">> FAI: She's calling me right
now!"
541;1533300;1535300;">> KOURTNEY: Oh, my God, okay,
go answer. Hurry."
542;1535300;1537066;"Don't tell her you were talking
to me."
543;1537066;1539066;">> FAI: Okay.
>> KOURTNEY: I'm just kidding."
544;1539066;1541100;"Okay, bye.
>> KHLOE: "I'm just kidding.""
545;1541100;1544000;">> KOURTNEY: "I'm just kidding."
>> KHLOE: Kourtney is kind of"
546;1544000;1546233;"cracking jokes at Kendall's
expense, but I don't think it's"
547;1546233;1548700;"maliciously.
Like, I don't think Kourtney"
548;1548700;1551266;"realizes that's what she's
doing."
549;1551266;1554233;"They just need to come together
and figure out why they each"
550;1554233;1557100;"feel the way that they feel.
I mean, they're sisters, and"
551;1557100;1559100;"this is stupid at the end of the
day."
552;1559100;1562300;"Like... come on.
>> KOURTNEY: Hi."
553;1562300;1565166;">> KHLOE: Is she just silly?
>> KOURTNEY: Can I make your"
554;1565166;1569367;"cheeks shake?
(gasps) Look at these cheeks."
555;1569367;1572700;"Make me your favorite aunt.
>> KHLOE: She's like, "Bitch,"
556;1572700;1575266;"get away from me."
>> KOURTNEY (laughs): Yeah."
557;1575266;1577200;"♪ ♪"
558;1582734;1585467;">> KIM: What level are you on
on Word Connect?"
559;1585467;1587467;">> KOURTNEY: Would you like to
know?"
560;1587467;1589734;">> KIM: Yeah.
I haven't played in days."
561;1589734;1592734;">> KOURTNEY: I am on level...
348."
562;1592734;1595700;">> KIM: I'm on 410.
>> KOURTNEY: It's so addicting."
563;1595700;1599066;"Ooh, this is getting good.
I got "orgy.""
564;1599066;1601266;">> KIM: I literally have
psoriasis."
565;1601266;1604166;"Just on my groin, on one spot.
>> KHLOE: Oh."
566;1604166;1606300;">> KIM: I'm not even joking.
Sorry, I'm not trying to be"
567;1606300;1608066;"gross, but I know exactly where
it is."
568;1608066;1611300;"I have to put this on it.
>> KHLOE: What?!"
569;1611300;1613433;"What is that?
>> KIM: It's a psoriasis"
570;1613433;1617300;"machine.
Today I canceled a photo shoot,"
571;1617300;1620233;"because my psoriasis is getting
worse and worse, and it's so"
572;1620233;1624467;"embarrassing.
Oh, my God, the celery juice..."
573;1624467;1627433;"so gross.
>> KOURTNEY: Has it helped?"
574;1627433;1630400;">> KIM: No.
The celery juice was not the"
575;1630400;1635200;"answer, so I've been trying
everything and anything to make"
576;1635200;1636767;"it better.
>> ANTONIA: This is one serving"
577;1636767;1639333;"of tea.
>> KIM: One? Oh..."
578;1639333;1641100;">> ANTONIA: You need to do two a
day."
579;1641100;1645200;"I drink it as quickly as
possible."
580;1645200;1649467;">> KIM: The tea...
Oh, my God, it's, like, the"
581;1649467;1652200;"worst.
It's so bitter and so gross."
582;1652200;1656200;"But I will do anything.
>> MELISSA: This shape is a"
583;1656200;1661133;"very, very healing shape.
>> KIM: So far, nothing is"
584;1661133;1665033;"helping, so thank God I started
law school."
585;1665033;1667467;"I might have to give up my
public life if I can't figure"
586;1667467;1669166;"out how to clear this."
587;1671100;1673433;"It's so ugly.
>> KOURTNEY: It's really not"
588;1673433;1676333;"that bad.
>> KIM: I cannot... fit this"
589;1676333;1678433;"thing in my pants.
>> KOURTNEY: It looks like"
590;1678433;1680066;"you're, like...
>> KHLOE: Kimberly, I don't"
591;1680066;1681533;"understand what's happening.
>> KIM: I just have one more"
592;1681533;1683233;"side of my leg to get, but it's
fine."
593;1683233;1687000;"I'll do it later.
I'm at home, like, in bed,"
594;1687000;1690367;"it's ridiculous.
(Khloe chuckles)"
595;1690367;1692200;"♪ ♪"
596;1699533;1702233;"(Khloe whistling)
>> KOURTNEY: Hi."
597;1702233;1705000;">> KHLOE: Hi.
What's happening in here?"
598;1705000;1707533;">> KOURTNEY: It's just a mess.
>> KHLOE: Do you want all your"
599;1707533;1710300;"books displayed like that?
>> KOURTNEY: No."
600;1710300;1712066;">> KHLOE: Okay.
>> KOURTNEY: Penelope did that."
601;1712066;1713367;">> KHLOE: Oh, okay.
>> KOURTNEY: Okay?"
602;1713367;1715133;">> KHLOE: I didn't know what
this new thing is."
603;1715133;1719467;"Hey...
I told Kendall to come over."
604;1719467;1722633;">> KENDALL: How are you?
(Khloe and Kendall sigh)"
605;1722633;1725600;">> KHLOE: ♪ We are the three
best friends that anybody ever"
606;1725600;1730166;"had. ♪
I'm not gonna let this tension"
607;1730166;1733533;"between Kourtney and Kendall
linger on and drag out."
608;1733533;1736433;"They just need, like,
a little "Kumbaya" moment."
609;1736433;1738533;">> KOURTNEY: Are we not over
this yet?"
610;1738533;1743200;">> KHLOE: There would be no
resolution if I don't come in"
611;1743200;1745567;"and play therapist.
You guys are sisters."
612;1745567;1749467;"You've got to, like, discuss the
issue so we can just move on."
613;1749467;1751333;">> KOURTNEY: Okay.
>> KHLOE: You're hurting."
614;1751333;1754166;"Why are you hurting?
What did you do to make me hurt?"
615;1754166;1758600;">> KENDALL: It seems like you
are saying or doing things to"
616;1758600;1761633;"bring you up at my expense.
Like, to make you seem funnier"
617;1761633;1764333;"or to make you seem cooler.
>> KOURTNEY: Maybe I just am"
618;1764333;1767100;"funnier and cooler.
>> KENDALL: It's not a"
619;1767100;1769166;"competition, like...
>> KOURTNEY: It's not, but I"
620;1769166;1773200;"feel like you're so sensitive.
>> KHLOE: I do get, though, why"
621;1773200;1776066;"Kendall feels that way, 'cause
when I saw you on the phone"
622;1776066;1778200;"with Fai, you were, like,
bashing her."
623;1778200;1781133;">> KENDALL: I don't understand
how my own sister is, like,"
624;1781133;1783133;"talking (bleep) about me with my
friends."
625;1783133;1784367;"And I get it...
>> KOURTNEY: I'm not talking"
626;1784367;1786300;"(bleep).
>> KENDALL: But also the things"
627;1786300;1788300;"that you were telling Khloe, and
the way that you were kind of"
628;1788300;1790600;"exaggerating a story and making
it seem like I'm some crazy..."
629;1790600;1792133;">> KOURTNEY: I-I'm not an
exaggerator!"
630;1792133;1793400;">> KENDALL: But, yes, you are!
>> KOURTNEY: Am I an"
631;1793400;1795033;"exaggerator?
>> KENDALL: What are you talking"
632;1795033;1796166;"about?
>> KHLOE: And that's the thing,"
633;1796166;1797467;"you both are not liars, no.
>> KOURTNEY: Right."
634;1797467;1799066;"Khloe's a (bleep) exaggerator.
So are you exaggerating it to"
635;1799066;1800600;"her?
>> KHLOE: No, I told her"
636;1800600;1803333;"exactly... No, I'm not.
>> KOURTNEY: Because I'm not an"
637;1803333;1805266;"exaggerator.
>> KHLOE: I told her exactly"
638;1805266;1808600;"what happened.
I told her what you were saying"
639;1808600;1812300;"about her, and vice versa.
>> KOURTNEY: Why are you telling"
640;1812300;1814200;"the story back and forth to
everybody? Are you..."
641;1814200;1815600;">> KHLOE: 'Cause you two are so
(bleep)..."
642;1815600;1817533;">> KOURTNEY: ...in third grade?
>> KHLOE: Are you in third"
643;1817533;1819433;"grade, where you can't address a
problem with your sister?"
644;1819433;1821200;">> KOURTNEY: I didn't even know
there was a problem."
645;1821200;1823100;">> KHLOE: So, are you in third
grade, where you can't even"
646;1823100;1824633;"address a problem with your
sister?"
647;1824633;1826233;">> KENDALL: I'm here, aren't I?
I'm the one that called her."
648;1826233;1828633;">> KHLOE: No, I brought you
here."
649;1828633;1830633;">> KOURTNEY: This is actually
getting really annoying."
650;1830633;1833500;"I know that Khloe's trying to be
helpful, but it's not helpful."
651;1833500;1837200;"Like, I told her all this stuff
in confidence, and for her to go"
652;1837200;1841266;"tell Kendall exactly what I'm
saying to her, like, it's only"
653;1841266;1844633;"gonna make the situation worse.
>> KHLOE: If it wasn't for me,"
654;1844633;1846567;"you both would have just...
>> KOURTNEY: I didn't think it"
655;1846567;1848266;"was an issue.
>> KHLOE: Right. And then I told"
656;1848266;1850500;"you...
>> KOURTNEY: Do you want to know"
657;1850500;1852467;"who I am?
>> KHLOE: Would you have said"
658;1852467;1854133;"anything?
>> KOURTNEY: No."
659;1854133;1855600;">> KHLOE: Right, because you're
(bleep) socially awkward."
660;1855600;1858233;"Now she's socially awkward.
>> KENDALL: I can't deal with"
661;1858233;1859533;"this anymore.
>> KOURTNEY: I don't need to"
662;1859533;1861266;"have a confrontation.
>> KHLOE: But this is weird!"
663;1861266;1863100;"You guys should (bleep) talk.
>> KOURTNEY: Well, now you're"
664;1863100;1865166;"making a confrontation.
>> KHLOE: No, you have to"
665;1865166;1867500;"sometimes go through things to
get out on the other side."
666;1867500;1869367;"This wasn't even supposed to
be this (bleep) dramatic."
667;1869367;1871600;"And now you're blaming me,
saying that I exaggerated the"
668;1871600;1874734;"(bleep) story.
>> KOURTNEY: You for sure did."
669;1874734;1876433;"Of course you did."
670;1879233;1881400;">> KHLOE: Wait.
Where's your mom?"
671;1881400;1884266;">> PENELOPE: Outside.
They're having a fight."
672;1884266;1887300;">> KHLOE: She knows...
Oh, (bleep). Oh, my God."
673;1887300;1893166;">> KOURTNEY: Stop it!
>> KHLOE: What the (bleep)?"
674;1893166;1897266;"♪ ♪
(line ringing)"
675;1897266;1899367;">> KRIS: Hi.
>> KOURTNEY: What are you doing?"
676;1899367;1902700;">> KRIS: I'm just at the office
right now, um, trying to finish"
677;1902700;1905000;"a few things up before I go
home."
678;1905000;1907300;">> KOURTNEY: How's the office?
I have to come see it."
679;1907300;1909700;">> KRIS: Oh, you're gonna love
it, but lately, Kylie's been so,"
680;1909700;1912734;"like, territorial.
I'm not sure what's going on."
681;1912734;1917633;">> KYLIE: Kris Jenner is just
doing too much with my office."
682;1917633;1919700;">> KHLOE: What office?
>> KYLIE: My office that I just"
683;1919700;1922333;"got and pay way too much a month
and have spent so much time"
684;1922333;1926233;"making it perfect.
What? What?"
685;1926233;1927767;">> KHLOE: Stop.
Me and Scott went there."
686;1927767;1929467;">> KYLIE: Stop.
>> KHLOE: Mom's been talking"
687;1929467;1930767;"about these offices...
>> KYLIE: What?"
688;1930767;1932367;"I told her not to show any of
you guys until I was there and"
689;1932367;1935200;"could give you the grand tour.
>> KHLOE: Oh. I got the grand"
690;1935200;1936667;"tour, honey.
>> KYLIE: Stop."
691;1936667;1938600;">> KRIS: So, this is my office.
>> KHLOE: Of course it is."
692;1938600;1940734;">> KRIS: I get a text on my
phone every time somebody"
693;1940734;1943000;"changes shifts, so I know who's
here."
694;1943000;1945000;"And if I'm coming over to work
late at night, they meet me"
695;1945000;1947300;"here.
This is my new photo studio."
696;1947300;1950000;">> SCOTT: Oh, my God.
>> KYLIE: It's Kylie Cosmetics."
697;1950000;1952767;"How is she gonna hide this when
my office is done, and you walk"
698;1952767;1955600;"up, and the door is glass,
my logo?"
699;1955600;1957633;"She's there in my parking spot.
>> KHLOE: Like, respect whose"
700;1957633;1959633;"it is.
>> KYLIE: It's just... yeah, I'm"
701;1959633;1961633;"just like, "Why are you in my
parking spot?""
702;1961633;1963767;">> KRIS: In front of everybody
at the office, she's like,"
703;1963767;1966266;""Don't ever park in my parking
space again."
704;1966266;1968533;"It's the one thing that means
something to me."
705;1968533;1972600;"I've worked so hard."
And I'm like, "Oh, my goodness.""
706;1972600;1975734;"I was on an important call, and
she locked me out of the office"
707;1975734;1978000;"because she needed to do her
work."
708;1978000;1980500;">> KHLOE: Makes sense, 'cause
it's your office."
709;1980500;1982467;"She definitely doesn't think
that."
710;1982467;1984500;"It's her office.
>> KYLIE: Yeah, it's just"
711;1984500;1986667;"getting out of hand.
>> KHLOE: Okay, go on."
712;1986667;1989000;">> KOURTNEY: She has this, like,
entitlement."
713;1989000;1991767;"No one says anything, because
she's Kylie "Billionaire""
714;1991767;1994033;"Jenner.
>> KHLOE: Listen, bitch, there's"
715;1994033;1996233;"no (bleep) friends and loyalty
in the game of being a"
716;1996233;1998600;"billionaire.
>> KRIS: It's wild over here."
717;1998600;2000734;">> KOURTNEY: Definitely don't
let her boss you around."
718;2000734;2005500;"You're Kris MF Jenner.
You are her mother."
719;2005500;2009567;">> KRIS: Yeah. I'm important.
I've helped build this business"
720;2009567;2013000;"with Kylie.
And I'm older. I'm the mom."
721;2013000;2015400;"I deserve a little bit of
respect."
722;2015400;2019533;"Well, in that case, I'm gonna go
turn my massage chair back on."
723;2019533;2022066;">> KOURTNEY: You should
absolutely do whatever you got"
724;2022066;2024633;"to do.
>> KRIS: That's right."
725;2024633;2027066;">> KHLOE: She's crazy.
You've got to love her."
726;2027066;2030266;"There's really not many other
options."
727;2030266;2032400;"♪ ♪"
728;2039400;2041433;">> PHOTOGRAPHER: Welcome to the
desert."
729;2041433;2043433;">> KIM: Ooh, this is gonna be
really pretty."
730;2043433;2047033;"I can tell.
I am doing a collab with me and"
731;2047033;2052066;"Winnie Harlow for KKW Beauty.
Winnie Harlow is a model, and"
732;2052066;2056567;"she has a skin condition named
vitiligo, which is an autoimmune"
733;2056567;2060367;"issue.
And Winnie asked me about doing"
734;2060367;2064100;"a collab, and I thought it was,
honestly, the best idea."
735;2064100;2068600;"It is so cute how North is,
like, obsessed with Winnie."
736;2068600;2070767;"Did I tell you?
She was looking on my Instagram,"
737;2070767;2074066;"and she was like, "Mom, who is
this girl?""
738;2074066;2076367;"And I was like, "Oh, it's this
model named Winnie.""
739;2076367;2078700;"And she was like... I go, "Why?
Do you think she's pretty?""
740;2078700;2081066;"And she's like, "No."
And I go..."
741;2081066;2084066;"And she's like, "I think she's
beautiful.""
742;2084066;2087700;">> MARIO: Aw, that's so cute.
>> KIM: To me, why I really"
743;2087700;2092100;"wanted to do this with her is
just 'cause she is so confident."
744;2092100;2096066;"And someone like her, if my... I
mean, I have psoriasis all over,"
745;2096066;2099000;"and I, you know, freak out all
the time and cover it."
746;2099000;2101567;"And, you know, sometimes I give
up and I don't."
747;2101567;2104700;"But just... she's so confident.
>> MARIO: And a good role model,"
748;2104700;2107066;"I think, you know?
>> KIM: Yeah. That's what I want"
749;2107066;2110066;"to know from her, is how did she
get to be so confident that she"
750;2110066;2115500;"was like, "I am going to take
over the world and be a model.""
751;2115500;2119066;"North has made me realize that I
really shouldn't be insecure"
752;2119066;2123600;"about all of my psoriasis spots.
And sometimes you do have to"
753;2123600;2127000;"just, like, try to be confident,
just no matter what your"
754;2127000;2130767;"surroundings are and just not
really worry so much about what"
755;2130767;2134767;"other people think.
Your hair looks so good."
756;2134767;2137367;">> MAN: Thank you.
>> WINNIE: Thank you."
757;2137367;2139367;"No, bitch. She said my hair.
(laughs)"
758;2139367;2141367;">> MAN: Oh, wow.
(laughter)"
759;2141367;2144367;">> KIM: No, it looks so good.
>> WINNIE: Oh, my God, this is"
760;2144367;2146367;"gonna be insane.
>> KIM: It's gonna be so good,"
761;2146367;2149000;"right?
>> WINNIE: Holy crap."
762;2149000;2151233;"♪ ♪"
763;2164200;2166233;">> KRIS: Hello.
>> KYLIE: Um..."
764;2166233;2168233;"Hold on one second.
I'll call you back."
765;2168233;2171233;">> KRIS: Where's all my stuff?
>> KYLIE: We moved your things,"
766;2171233;2173633;"because my dogs needed some
room."
767;2173633;2176100;"I'm taking control over here,
'cause things have just gotten"
768;2176100;2178467;"way too out of hand...
(Kris coughing)"
769;2178467;2180667;"...to say the least.
Are you okay? I mean, don't..."
770;2180667;2183467;">> KRIS: I'm just in shock.
(coughing)"
771;2183467;2185700;">> KYLIE: Are you okay?
>> KRIS: No. Where the (bleep)"
772;2185700;2187767;"is my stuff?
>> KYLIE: All of your things are"
773;2187767;2189533;"in a safe place.
Calm down. Don't worry."
774;2189533;2191500;"We got it handled.
>> KRIS: Where's my little..."
775;2191500;2194734;"My whole file cabinet's gone?
>> KYLIE: I'm taking control."
776;2194734;2196767;"And I had a long talk with my
sister Khloe."
777;2196767;2199166;">> KRIS: Oh, your sister Khloe?
Does she run Kylie Cosmetics?"
778;2199166;2201133;">> KYLIE: I do!
>> KRIS: And who helps you do"
779;2201133;2203000;"that?
>> KYLIE: You! I appreciate"
780;2203000;2205000;"everything that you do for me.
>> KRIS: Uh-huh."
781;2205000;2207200;">> KYLIE: But this is everything
I've built in one place, and"
782;2207200;2210166;"you're taking over, where I
can't even get my own things"
783;2210166;2212233;"done.
>> KRIS: You just chose your"
784;2212233;2214633;"dogs over me.
>> KYLIE: Yes."
785;2214633;2217166;">> KRIS: Stormi, I get.
She can have all the room in the"
786;2217166;2220633;"middle.
But I need a desk."
787;2220633;2222533;">> KYLIE: You have one.
>> KRIS: Really?"
788;2222533;2224533;">> KYLIE: Go look at it.
>> KRIS: You're not even gonna"
789;2224533;2226266;"show it to me?
>> KYLIE: It's somewhere out"
790;2226266;2228166;"there.
I don't know, really, exactly"
791;2228166;2230567;"where it is, but I told 'em to
set you up nice."
792;2230567;2234433;">> KRIS: Are you kidding me?!
>> KYLIE: Uh-oh."
793;2234433;2237166;"(phone rings)
(indistinct chatter)"
794;2237166;2241100;">> KRIS: You have got to be
joking."
795;2241100;2243266;"Hmm.
I don't know how Kylie thinks"
796;2243266;2247500;"that I can get any work done
here in the common space of our"
797;2247500;2251500;"office, with everybody listening
to every phone call, everybody"
798;2251500;2255533;"watching everything that I do.
How embarrassing that she's"
799;2255533;2259233;"moved all my stuff out here and
everybody was probably watching"
800;2259233;2261500;"her.
Like, that's not good for"
801;2261500;2265200;"company morale.
(door opens)"
802;2265200;2269700;"So, listen, I really appreciate
your hospitality, but I'm gonna"
803;2269700;2272667;"work at home.
You know where to find me."
804;2272667;2276000;"And I will not be treated like
this in my own office."
805;2276000;2279734;"So, have a great day...
bitch."
806;2279734;2283266;">> KYLIE: Oh, my God.
>> KRIS: Mother (bleep)."
807;2283266;2293266;"(bleep) piece of (bleep).
♪ ♪"
808;2293266;2299033;">> KHLOE: Honey stick pretzels
are amazing."
809;2299033;2302333;"Wait. Where's your mom?
>> PENELOPE: Outside."
810;2302333;2306233;"They're having a fight.
>> KHLOE: Oh, (bleep)."
811;2306233;2308533;">> KOURTNEY: Kendall, stop!
>> KHLOE: Oh, my God."
812;2308533;2310166;">> KOURTNEY: Stop it!
>> KHLOE: What the (bleep)?"
813;2310166;2312266;"(Kourtney and Kendall squeal)
>> KOURTNEY: Stop!"
814;2312266;2314767;">> KHLOE: What the (bleep)?
What the hell is going on?"
815;2314767;2316600;">> KOURTNEY: Kendall!"
816;2320266;2322667;">> KOURTNEY: Kendall, stop!
>> KHLOE: Oh, my God."
817;2322667;2324333;">> KOURTNEY: Stop it!
>> KHLOE: What the (bleep)?"
818;2324333;2326633;"(Kourtney and Kendall squeal)
>> KOURTNEY: Stop!"
819;2326633;2329367;">> KHLOE: What the (bleep)?
What the hell is going on?"
820;2329367;2333000;">> KOURTNEY: Kendall!
>> KHLOE: You guys, come on."
821;2333000;2335567;">> KOURTNEY: Stop!
(Kendall gasps)"
822;2335567;2337700;">> KHLOE: Okay, okay, okay.
>> KENDALL: Want your (bleep)"
823;2337700;2342333;"potatoes?
Here are your potatoes."
824;2342333;2345100;">> KOURTNEY: The potatoes!
>> KHLOE: What's going on?"
825;2345100;2347000;"(Kendall chuckles)
>> KOURTNEY: This is for you"
826;2347000;2348700;"interfering!
Do you want to make some French"
827;2348700;2350300;"fries?
>> KHLOE: No."
828;2350300;2353033;">> KOURTNEY: Mashed potatoes?!
>> KHLOE: Are you guys fine?"
829;2353033;2356033;">> KENDALL: We settled things.
>> KOURTNEY: Kendall and I spoke"
830;2356033;2358033;"on our own.
>> KENDALL: And... we're fine."
831;2358033;2361166;">> KHLOE: 'Kay.
>> KENDALL: Once Kourt and I"
832;2361166;2363767;"kind of settled down and got the
opportunity to speak to each"
833;2363767;2366300;"other, just us, we got to hash
everything out."
834;2366300;2369767;"It felt like you were trying to
get laughs from other people at"
835;2369767;2372233;"my expense.
>> KOURTNEY: It's my personality"
836;2372233;2376133;"to be jokey, but I don't ever
want it to be at your expense."
837;2376133;2379200;"I can work on that.
But can I also just ask you to"
838;2379200;2381400;"try to not think that I'm doing
that?"
839;2381400;2383667;">> KENDALL: Yeah.
We came to the conclusion that"
840;2383667;2386734;"Khloe made this a little bit
worse than it needed to be, so"
841;2386734;2390734;"we decided to stage a little
fight to annoy Khloe and freak"
842;2390734;2394000;"her out a bit, for getting into
our business."
843;2394000;2396000;">> KOURTNEY: Stop!
>> KHLOE: Stop? You threw it at"
844;2396000;2397700;"me first!
>> KOURTNEY: Don't throw it at"
845;2397700;2399433;"me-- you're the one who's
causing problems."
846;2399433;2401200;">> KHLOE: How am I causing
problems?"
847;2401200;2403200;">> KOURTNEY: The meddling.
>> KHLOE: I was trying to get"
848;2403200;2405033;"you two to talk.
>> KOURTNEY: You riled us, and"
849;2405033;2406600;"you stirred the pot.
>> KENDALL: You riled us up."
850;2406600;2408233;">> KHLOE: You guys, shut the
(bleep) up."
851;2408233;2410433;">> KENDALL: You're a "riler."
>> KHLOE: I definitely didn't"
852;2410433;2413233;"want you guys to be fighting.
I actually wanted you guys to"
853;2413233;2416166;"not fight.
I thought I was doing a good"
854;2416166;2420100;"thing.
I was sincerely trying to help."
855;2420100;2423000;"But I know, for next time, to
let them figure it out on their"
856;2423000;2425400;"own.
I was just trying to mediate the"
857;2425400;2428700;"situation.
But, apparently, to you guys,"
858;2428700;2431433;"I'm stirring the pot, so...
>> KOURTNEY: It's okay."
859;2431433;2433433;"We forgive you.
>> KHLOE: I forgive you."
860;2433433;2435333;">> KOURTNEY: 'Kay.
>> KHLOE: For your tits hanging"
861;2435333;2437266;"to the floor.
>> KOURTNEY: 'Kay. I don't have"
862;2437266;2439266;"a bra on, and I was running.
>> KHLOE: Right."
863;2439266;2441266;"You were running?
That's your excuse?"
864;2441266;2443333;">> KENDALL: What about me?
>> KHLOE: I forgive you for the"
865;2443333;2445333;"ugliest outfit I've ever seen.
>> KOURTNEY: I love it!"
866;2445333;2447333;">> KHLOE: Only you could make it
cool."
867;2447333;2449400;">> KENDALL: I like my outfit.
>> KOURTNEY: I like it, too."
868;2449400;2451433;">> KHLOE: Don't worry. Kourtney
will be wearing it, Single White"
869;2451433;2453433;"Female-ing you later.
>> KOURTNEY: I'll try to not be"
870;2453433;2464233;"fun and cool.
♪ ♪"
871;2464233;2468467;">> KRIS: Hello!
>> KYLIE: Hi, Mom."
872;2468467;2473100;"My relationship with my mom has
always been great."
873;2473100;2476266;">> KRIS: Oh. Well, well, well.
>> KYLIE: I just love her so"
874;2476266;2478300;"much, and I didn't want to hurt
her feelings."
875;2478300;2482667;"So I am gonna go let her know
how much I love her."
876;2482667;2487033;"Look what I brought you!
>> KRIS (chuckles): So, this is"
877;2487033;2490200;"the new home office.
I have my meetings here."
878;2490200;2493200;"I'm doing my unboxing here.
>> KYLIE: It's really not a bad"
879;2493200;2495200;"place.
>> KRIS: Not bad, right?"
880;2495200;2497266;">> KYLIE: Um...
>> KRIS: It's a little lonely."
881;2497266;2499300;"Not gonna lie.
>> KYLIE: Let's share a doughnut"
882;2499300;2501300;"together.
Why do these look a little"
883;2501300;2503166;"different?
These look, like, medium size."
884;2503166;2505166;">> KRIS: Maybe they're less
calories."
885;2505166;2509433;"Here, cheers.
And they're almost warm."
886;2509433;2512000;">> KYLIE: Mmm...
>> KRIS: Cheers."
887;2512000;2514367;"(clink sound effect)
(Kris snickers)"
888;2514367;2517300;">> KYLIE: Really, I just wanted
to come here and apologize."
889;2517300;2520400;"Because I know it was very
disrespectful of me..."
890;2520400;2522433;">> KRIS: Aw.
>> KYLIE: ...to move all your"
891;2522433;2525533;"things out of... our office.
I really miss you."
892;2525533;2527533;">> KRIS: You miss my little
bossy side, don't you?"
893;2527533;2531433;">> KYLIE: I miss you, and... I
just realized how much I needed"
894;2531433;2534100;"you, and you weren't there.
>> KRIS: Our energy's different"
895;2534100;2536166;"when we're together.
>> KYLIE: Yeah. We're powerful"
896;2536166;2538033;"when we're together.
>> KRIS: I think we are."
897;2538033;2540033;">> KYLIE: Mm-hmm.
>> KRIS: I think we just have to"
898;2540033;2542533;"remember to appreciate one
another and know when it's time"
899;2542533;2545467;"to give each other space.
But I really love working"
900;2545467;2548133;"together, and I love what we do
every day."
901;2548133;2551567;"And I love how creative you are
and how you inspire me to be"
902;2551567;2554300;"better.
So I want to come back to the"
903;2554300;2556133;"office.
>> KYLIE: Well, that's very"
904;2556133;2557600;"sweet.
I would love for you to come"
905;2557600;2560433;"back.
Maybe we won't share an office"
906;2560433;2562767;"this time?
(Kris laughs)"
907;2562767;2565033;">> KYLIE: And...
>> KRIS: Got it."
908;2565033;2567433;">> KYLIE: We can figure it out.
>> KRIS: I'm not gonna lie."
909;2567433;2571767;"I actually got a lot done while
I've been over here."
910;2571767;2576066;"But in the spirit of a
mother-daughter relationship,"
911;2576066;2580500;"I'm going to accept these
doughnuts with a lot of thanks"
912;2580500;2584567;"and hope that, in the future,
our side-by-side offices will"
913;2584567;2590133;"be much more perfect.
>> KYLIE: I love you."
914;2590133;2593100;">> KRIS: Love you, too.
>> KIM: I don't even know if I"
915;2593100;2596233;"should tell you this.
Tristan and Jordyn were all over"
916;2596233;2599066;"each other last night.
♪ ♪"
917;2599066;2602500;">> KYLIE: Oh, my (bleep) God.
>> KHLOE: I mean, I need the"
918;2602500;2605467;"(bleep) whole truth.
>> KIM: Jordyn said that they"
919;2605467;2608767;"did make out.
>> KHLOE: What?"
920;2608767;2611500;">> KYLIE: You can do whatever,
but when it affects, like,"
921;2611500;2614433;"my family, that's when it's
a problem."
922;2614433;2616567;"(paparazzi clamoring)
Captioning sponsored by"
923;2616567;2618567;"BUNIM-MURRAY PRODUCTIONS
Captioned by"
924;2618567;2621400;"Media Access Group at WGBH
access.wgbh.org"