﻿Number;Start time in milliseconds;End time in milliseconds;"Text"
1;3367;5266;">> KIM: Let's go look at the
baby's room, come on."
2;5266;6800;"(exclaims)
You think a baby's going to live"
3;6800;9266;"in here?
Let's hope you're redecorating"
4;9266;11867;"this thing.
>> KRIS: Kourtney, this is not"
5;11867;14667;"even normal.
>> KOURTNEY: This is where the"
6;14667;17600;"clothes go that we can't fit
anywhere."
7;17600;20200;">> KRIS: Kourtney, you're going
to have a baby in two months."
8;20200;22934;"Two months.
It takes more than two months to"
9;22934;25400;"order a crib.
First of all, we need to have"
10;25400;27834;"the room painted.
I happen to think this color is"
11;27834;30100;"so beautiful.
Look at this color."
12;30100;31967;">> KIM: That's a little bright
for me."
13;31967;35000;"That's, like, a Post-It.
That, that's a little more"
14;35000;36633;"subtle.
>> KRIS: So beautiful."
15;36633;38500;"Do that blue.
Do it Aramez blue."
16;38500;40834;"And we can call it the Aramez
Blue Room."
17;40834;43066;"I'm loving this.
I think that this is the"
18;43066;45400;"dresser.
That's the flat screen."
19;45400;48467;"That's the changing table.
That's the crib."
20;48467;51934;"And that's a roll-away bed, or a
mattress and a box spring."
21;51934;53467;">> SCOTT: Done.
>> KRIS: You know, done."
22;53467;55667;">> KOURTNEY: The baby's going
to be here in less than two"
23;55667;58066;"months and there's still so much
to do."
24;58066;60734;"I just feel really overwhelmed.
>> SCOTT: Why don't you just get"
25;60734;62667;"some stuff done?
You think about some stuff here"
26;62667;64533;"alone.
>> KOURTNEY: No."
27;64533;66233;">> SCOTT: Get to work.
>> KOURTNEY: I need my mom..."
28;66233;68000;">> SCOTT: Just start writing
stuff down and figuring it out."
29;68000;69700;">> KOURTNEY: ...to help me with
something."
30;69700;71266;">> SCOTT: I'm all good.
Love ya."
31;71266;78767;"Captioning sponsored by
 BUNIM-MURRAY PRODUCTIONS"
32;78767;82700;">> BRUCE: Honey, I'm home!
Where is everybody?"
33;82700;85834;"Don't all rush to meet me.
Hey, babe. I'm back."
34;85834;87533;">> KRIS: Hi, honey.
What are you doing?"
35;87533;90834;">> BRUCE: I gave the
presentation."
36;90834;92600;">> KRIS: How was it?
>> BRUCE: Uh, good-- sales"
37;92600;94467;"force.
I love sales forces."
38;94467;96934;"They, like, get it.
>> KRIS: So where's your check?"
39;96934;99233;">> BRUCE: My check? You mean...
>> KRIS: Trying to hold out on"
40;99233;100934;"me?
>> BRUCE: ...like this one right"
41;100934;102166;"here?
>> KRIS: Mm-hmm."
42;102166;103700;">> BRUCE: Now, here's the deal.
>> KRIS: Hmm?"
43;103700;106166;">> BRUCE: I was thinking about
opening up my own account."
44;106166;108700;">> KRIS: Your own account?
What do you need an account for?"
45;108700;110900;"Bruce, you haven't written a
check since 1972."
46;110900;112800;">> BRUCE: No, no, no, that's not
the case."
47;112800;115166;"It's just every time I turn
around, it's like I have to beg"
48;115166;118266;"you for money.
I mean, 20 bucks so I can, you"
49;118266;119934;"know, get a coffee in the
morning."
50;119934;121367;">> KRIS: Babe, we got you
a Starbucks card."
51;121367;123266;">> BRUCE: It's, like, I don't
want to have to go to you every"
52;123266;124667;"time.
I'd like to have my own"
53;124667;126133;"little account.
Kris is so controlling,"
54;126133;134333;"especially with the money.
>> KRIS: Just relax."
55;134333;135700;">> BRUCE: Sure.
>> KRIS: Mm-kay."
56;135700;137033;">> BRUCE: Sure.
>> KRIS: All right."
57;137033;138433;">> BRUCE: I'm going to go
change."
58;138433;140266;">> KRIS: All right.
Do you need 20 bucks?"
59;140266;142166;">> BRUCE: Oh, yeah, I need 20
bucks."
60;142166;144734;">> KRIS: Yeah, okay.
I'll give you a loan."
61;144734;147600;"♪ ♪"
62;151934;153734;">> KOURTNEY: What do you think
about this?"
63;153734;156200;">> SCOTT: This seems like I
could use this slash holding the"
64;156200;158900;"baby and also be in a theater
room type feel."
65;158900;161000;">> ROBERT: And get pedicures.
>> SCOTT: Totally, look at this."
66;161000;163033;">> ROBERT: Yeah.
>> SCOTT: Do my nails, bitch."
67;163033;164900;">> KOURTNEY: You guys are so
annoying."
68;164900;168300;"We really need to get all the
furniture for the baby's room."
69;168300;170867;"And I really need Scott to
definitely take this seriously."
70;170867;173233;"This bedding is actually really
cute."
71;173233;175000;">> SCOTT: Rob, test that.
>> ROBERT: Get a security..."
72;175000;177166;">> KOURTNEY: I can't be in here.
>> SCOTT: No, hold on."
73;177166;179934;"I want to show you that I'm
going to be a good dad. Watch."
74;179934;183200;"Boy, I said no more candy in
bed."
75;183200;184700;"No.
Put it down."
76;184700;186500;">> ROBERT: You are a good dad.
>> SCOTT: I'm telling ya."
77;186500;188400;">> ROBERT: You are a good dad.
>> KOURTNEY: You guys are"
78;188400;189867;"annoying.
>> SCOTT: How much weight would"
79;189867;191433;"this hold?
>> KOURTNEY: Does this come in"
80;191433;192900;"black?
>> SCOTT: Will this hold him?"
81;192900;194133;">> KOURTNEY: Come on.
>> SALESMAN: I wouldn't"
82;194133;195633;"recommend it.
>> KOURTNEY: You guys, can you"
83;195633;197233;"go in that room.
I'm trying to ask questions."
84;197233;199166;">> SCOTT: Where are we going to
go? Just get in there."
85;199166;200967;">> KOURTNEY: No. You guys, stop.
>> SCOTT: You could fit."
86;200967;203000;">> KOURTNEY: You can't do that.
That's so rude and"
87;203000;205033;"disrespectful; come on.
>> SCOTT: What are you doing?"
88;205033;206767;">> KOURTNEY: Robert!
We're trying to look at stuff."
89;206767;208333;">> SCOTT: What if he comes over
to babysit?"
90;208333;209567;">> KOURTNEY: You're just so
disrespectful."
91;209567;211033;">> SCOTT: What if he comes over
to babysit?"
92;211033;212300;">> KOURTNEY: He's going to get
in it?"
93;212300;213667;"You're so immature. Grow up.
>> SCOTT: Grow up?"
94;213667;215400;"He's in the...
Grow up, "brah.""
95;215400;217100;">> KOURTNEY: You guys are so
embarrassing."
96;217100;218867;"You're not with me.
>> SCOTT: Embarrassing?!"
97;218867;220800;"I'm about to spend $1,500 on a
crib."
98;220800;222934;"I want to make sure Rob can
sleep in it, too."
99;222934;225800;"♪ ♪"
100;229033;231433;">> KIM: Hello?
>> ROBERT: Yeah?"
101;231433;234800;">> KIM: Hey, Rob.
What are you doing?"
102;234800;239033;"Oh, Adrienne.
Is that your Adrienne folder?"
103;239033;241734;">> ROBERT: Yeah, it's just every
day in India, she would take a"
104;241734;244367;"different picture.
So I was just going through my"
105;244367;247166;"photos.
Adrienne is my ex-girlfriend who"
106;247166;251533;"I was with for two years.
And we lived together."
107;251533;253900;">> ADRIENNE: Please try not to
smack me in the face with the"
108;253900;255600;"box.
>> ROBERT: We were very serious."
109;255600;258700;"Got tattoos, the whole nine.
>> ADRIENNE: I love you."
110;258700;261967;">> ROBERT: Love you, too.
And, um, we aren't together"
111;261967;265200;"because I cheated on her.
Come-- a couch..."
112;265200;266900;">> ADRIENNE: Okay, Rob.
Maybe I'll just go back"
113;266900;270400;"to New York.
>> KIM: You never know what'll"
114;270400;272100;"happen.
>> ROBERT: I mean, I honestly..."
115;272100;273800;">> KIM: Like, Reggie and I got
back together."
116;273800;275467;"I mean, we were only apart two
months."
117;275467;277300;">> ROBERT: Yeah, I understand
all you guys ended up getting"
118;277300;279266;"back together, but, like...
>> KIM: I mean, Kourtney and"
119;279266;281066;"Scott, they were apart six
months."
120;281066;284700;"I mean, you have to follow your
heart and figure out, you know?"
121;284700;287834;"Obviously, right now, you feel
like you can't live without her."
122;287834;290233;">> ROBERT: Yeah.
I just truly do believe that she"
123;290233;292967;"was the one for me and we were
so compatible together."
124;292967;297333;"So, I want to open up her eyes
so I can show her that and treat"
125;297333;299467;"her the way she should have been
treated."
126;299467;301600;">> KIM: Don't worry.
It'll-- whatever's meant to be,"
127;301600;304533;"will be."
128;313066;315400;">> KRIS: Hey, honey.
I need to run by the mall and"
129;315400;318333;"pick some stuff up, so can you
get Kendall and Kylie?"
130;318333;320100;">> BRUCE: Yes.
>> KRIS: Yeah?"
131;320100;321633;">> BRUCE: Not a problem.
>> KRIS: All right."
132;321633;326367;">> BRUCE: Um, by the way, my
other 600 helicopter, um, the"
133;326367;329266;"motor went out on it.
I know you're going to go crazy,"
134;329266;331400;"but, uh, I got to get another
motor for it."
135;331400;333734;">> KRIS: Bruce, all you do is
buy gas and helicopters and"
136;333734;335734;"remotes.
And things are burning out and"
137;335734;337834;"blah-blah-blah.
And it's, like, such a waste."
138;337834;340500;">> BRUCE: I have a good time
doing it, so it's, uh-- to me,"
139;340500;343033;"it's worth it.
But anyway, I've got to spend"
140;343033;345900;"the 500 bucks on it.
And also, I want to get a new..."
141;345900;347734;">> KRIS: 500 bucks?
A new one?!"
142;347734;350033;"How much is a new one?
>> BRUCE: I want to get the 700"
143;350033;353400;"with all the goodie parts in it.
I mean, this is my little hobby."
144;353400;356300;"I just have fun with this.
Used to have big airplanes, now"
145;356300;359100;"I'm down to little airplanes,
you know?"
146;359100;361100;"And I can't spend a few dollars
on them?"
147;361100;362900;"Are you kidding me?
>> KRIS: Can I borrow some"
148;362900;364667;"money?
>> BRUCE: What?"
149;364667;367533;">> KRIS: Do you have 20 bucks?
I'm going to leave."
150;367533;370400;"I don't have any more cash.
>> BRUCE: All right."
151;370400;375867;"Here you go.
>> KRIS: Thank you."
152;375867;379200;"(groans)
And I'm going to take the ATM"
153;379200;381233;"card, so you don't feel tempted.
>> BRUCE: No, you're not going"
154;381233;383033;"to take the ATM card.
>> KRIS: I'm going to help you"
155;383033;384700;"out so you don't waste any
more money."
156;384700;386233;">> BRUCE: No, bring that
card back!"
157;386233;388266;">> KRIS: No!
I don't want to waste any more"
158;388266;390400;"money!
It's crazy."
159;390400;394767;">> BRUCE: Just bring the card
back!"
160;394767;396633;"Jeez."
161;402400;406900;">> KOURTNEY: Uh, do you want to
help me start doing this crib?"
162;406900;410567;">> SCOTT: Hmm...
>> KOURTNEY: I need Scott to"
163;410567;413767;"start taking things a little bit
more seriously when it comes to"
164;413767;418066;"the baby, like getting the room
together, reading baby books,"
165;418066;422367;"just being more involved in
what I'm going through."
166;422367;425600;"I think that we need to do this
together as a team."
167;425600;427834;"Where's the bolts?
Here."
168;427834;429433;">> SCOTT: Why?
>> KOURTNEY: There's bolts"
169;429433;431066;"in here.
>> SCOTT: I don't think I can do"
170;431066;432967;"this, to be honest.
Don't you think we could just"
171;432967;435900;"get somebody to do this for
us for, like 100 bucks?"
172;435900;437867;">> KOURTNEY: It's not about
the money."
173;437867;440233;"It's just doing it yourself.
>> SCOTT: You think the baby's"
174;440233;443567;"going to know if I built this
or not?"
175;443567;446166;">> KOURTNEY: It's just fun.
>> SCOTT: If you think this is"
176;446166;454066;"fun, you can be left alone to
do it."
177;454066;456734;">> ROB: Hey, Adrienne.
It's me again."
178;456734;459500;"Hey, A, it's me again.
Calling to say hi."
179;459500;462400;"I want her to see how much I
truly care and how much I truly"
180;462400;465867;"want to be with her.
>> BRUCE: Why aren't you with"
181;465867;467633;"Kourtney?
>> SCOTT: Look, Bruce, I know"
182;467633;469934;"how to handle my lady and you
know how to handle yours."
183;469934;472467;"We'll be just fine.
>> BRUCE: Nobody knows how to"
184;472467;473867;"handle Kourtney."
185;477867;479734;"♪ ♪"
186;487734;490066;">> KHLOE: What are you doing
here?"
187;490066;491800;"What is this?
>> BRUCE: I have a problem."
188;491800;493633;">> KHLOE: Who knew you had
helicopters that big?"
189;493633;495633;"I thought they started off,
like, this big."
190;495633;498066;">> BRUCE: Oh, well, see, here's
the problem I have, honey."
191;498066;500000;">> KHLOE: Honey?
Who--What is happening?"
192;500000;501800;">> BRUCE: Well, see, I'm being
really nice."
193;501800;503400;"Here's the problem I have.
>> KHLOE: You just called"
194;503400;504867;"me honey.
>> BRUCE: I'm building this"
195;504867;508867;"bigger one right now.
I figured, you know, for 600"
196;508867;512934;"bucks, maybe, I could, like,
you know, be your little slave."
197;512934;515533;">> KHLOE: Wait, so what do you
need?"
198;515533;517333;"I'm just confused.
>> BRUCE: Well, I just need"
199;517333;520467;"cash, that's all.
If I go back to mom and ask her"
200;520467;523600;"for, you know, like, more money,
she's going to absolutely have"
201;523600;525333;"a fit.
Here's the deal with the old"
202;525333;527567;"cash flow.
Obviously, if I write a check,"
203;527567;530433;"she sees it.
If I put it on a credit card,"
204;530433;535266;"she sees it.
I got to kind of go around her."
205;535266;537600;"She kind of controls the
books, and that's always a"
206;537600;539166;"problem for me because I don't
have, like, my own"
207;539166;540500;"checking account.
I don't have, like, my own"
208;540500;541734;"credit cards and stuff
like that."
209;541734;543033;">> KHLOE: You don't have your
own credit card?"
210;543033;544567;">> BRUCE: I don't even have a
credit card."
211;544567;547834;"I know.
>> KHLOE: You are such a little"
212;547834;550133;"girl.
>> BRUCE: I know."
213;550133;552533;"I'm a wuss, yeah.
When it comes to that stuff."
214;552533;554367;">> KHLOE: You're a puss.
>> BRUCE: I'm a puss."
215;554367;556800;">> KHLOE: I feel so bad that
you need to, like, ask me for"
216;556800;558066;"money.
>> BRUCE: Yeah, I know."
217;558066;559367;"I feel bad, too.
How do you think I feel?"
218;559367;560734;">> KHLOE: Like, that's so
embarrassing for you."
219;560734;563300;"I definitely feel sorry
for Bruce."
220;563300;564934;"And I really want to help
him out."
221;564934;566800;"I mean, I want him to feel like
a man."
222;566800;569734;"Like, here's money, buy yourself
something, jeez."
223;569734;571700;">> BRUCE: You're diving in for
the cash?"
224;571700;574100;">> KHLOE: Well, I have $400 on
me now."
225;574100;576300;">> BRUCE: You've got $400?!
>> KHLOE: So you can go..."
226;576300;578600;">> BRUCE: My God, I'm rich.
>> KHLOE: And then if you could"
227;578600;581367;"take out the trash, and then if
you go to Dash, maybe tomorrow"
228;581367;583467;"or whatever, later today and
just..."
229;583467;585667;">> BRUCE: You got a couple more?
I love it."
230;585667;588100;"All right, I'm gonna go start on
my chores."
231;588100;592500;"And remember, don't tell Mom,
okay?"
232;592500;603667;">> KHLOE: Your secret is safe
with me."
233;603667;605834;"Hi.
>> BRUCE: I'm trying to..."
234;605834;607567;">> KHLOE: I see you got started
already on doing all the"
235;607567;609000;"light bulbs.
>> BRUCE: None of them are"
236;609000;610934;"working.
>> KHLOE: Well, you know, all"
237;610934;613467;"these little light bulbs I need
to be changed."
238;613467;615133;"Like, me and Lily can't reach
those."
239;615133;617233;"There's spider webs all on it
and at the very top."
240;617233;619000;"Like, that's sick.
I can't do that."
241;619000;620934;">> BRUCE: All right.
>> KIM: You just need a duster."
242;620934;623867;">> BRUCE: I am the duster.
>> KHLOE: Bruce is doing a"
243;623867;626567;"really good job at everything.
But I just feel bad even telling"
244;626567;628433;"him to do stuff."
245;635800;638266;"That should do it.
>> BRUCE: It's been a pleasure"
246;638266;640066;"doing business with you.
>> KHLOE: Any time, dude."
247;640066;641934;">> BRUCE: Okay."
248;643333;647166;"(phone ringing)
>> ADRIENNE: Hey, I'm"
249;647166;649700;"unavailable to take your call
right now, but if you leave your"
250;649700;652133;"name and number, I'll get back
to you."
251;652133;656333;">> ROB: Hey, it's Rob.
Just wanted to call and say it"
252;656333;658934;"was nice seeing you at the
wedding."
253;658934;660800;"Nice talking to you and
everything."
254;660800;663200;"I've been trying to call
Adrienne, trying to make things"
255;663200;667066;"right, but she won't pick up.
Hey, Adrienne, it's me again."
256;667066;673300;"Hey, it's me again, uh, Rob.
Just wanted to see how your"
257;673300;678333;"day's going.
Uh, it's 9:20."
258;678333;683000;"Just calling to say hi.
Call me back, please."
259;683000;685734;"The reason I'm calling Adrienne
so much is just because I want"
260;685734;689233;"her to see how much I truly
care, and how much I truly want"
261;689233;691934;"to be with her.
I want to get my girl back."
262;691934;695467;"Hey, it's Rob.
I'm just calling you to see"
263;695467;697533;"what's going on.
>> BRUCE: Is that the"
264;697533;699433;"strip club?"
265;706133;708533;">> KIM: When did you start
to get gray hair?"
266;708533;711200;">> KRIS: Like last week.
>> KIM: Oh, please."
267;711200;714400;">> KRIS: I have one gray hair,
and in order for her make it all"
268;714400;717166;"blend, she has to do the whole
head."
269;717166;718800;"Right, K?
>> KENDALL: Right."
270;718800;720767;">> KRIS: Right.
Will you guys look at this new"
271;720767;722900;"dress I have in my closet?
>> KHLOE: Why?"
272;722900;725200;"I'm going to an event tomorrow
night and I need to make sure"
273;725200;726767;"that you guys think my dress
is cute."
274;726767;728734;">> KHLOE: Mom, Kim and I have
told you this before-- you can't"
275;728734;730400;"buy clothes unless you approve
them between us."
276;730400;732066;">> KRIS: I'm asking you to
approve."
277;732066;734667;"I have 24 hours, okay?
It's right over there."
278;734667;736734;"Look at the dress.
>> KHLOE: Is it this one hanging"
279;736734;738367;"right here?
>> KRIS: Yep."
280;738367;740333;">> KIM: Oh, my God.
>> KRIS: What?"
281;740333;743100;">> KIM: It is like $4,000.
>> KHLOE: Mom!"
282;743100;745767;">> KRIS: What?
>> KHLOE: You just spent $4,000"
283;745767;748233;"on a dress?
>> KRIS: I couldn't find"
284;748233;750567;"anything else to wear.
>> KHLOE: Mom, that is"
285;750567;752834;"ridiculous.
Are you kidding?"
286;752834;755600;">> KIM: That's crazy.
That's way too much money, Mom."
287;755600;758100;"You have so many dresses, and
it's just a plain black dress."
288;758100;760233;"It's nothing special.
>> KRIS: I can't keep wearing"
289;760233;762800;"the same dress over and over.
You have to have, like,"
290;762800;764700;"something new every time we go
to an event."
291;764700;766567;">> KHLOE: Kris is such a
hypocrite."
292;766567;769367;"Bruce is not allowed to spend
any money on helicopters because"
293;769367;773867;"it's wasteful, but yet my mom
can go around and spend $4,000"
294;773867;776233;"on a dress that she's only going
to wear once."
295;776233;777700;">> KRIS: Get out of my wallet,
Khloe."
296;777700;780000;">> KHLOE: Credit card...
>> KRIS: Khloe, Khloe..."
297;780000;782600;">> KHLOE: ...credit card, credit
card..."
298;782600;786133;"Ooh, Bruce Jenner's credit card.
No wonder he has no money."
299;786133;788000;">> KIM: Capitol One, Wells
Fargo..."
300;788000;790867;">> KRIS: Put my stuff away.
That is not okay."
301;790867;793066;"You don't go through somebody's
wallet, it's rude and"
302;793066;795133;"disrespectful.
>> KHLOE: Oh, come on, she's too"
303;795133;805467;"sensitive.
Come on, Kim."
304;805467;808100;">> ROB: To wives and mistresses.
>> SCOTT: To goomahs."
305;808100;811700;"To you.
>> JJ: What were you saying"
306;811700;814667;"about last night?
>> SCOTT: Do you know how many"
307;814667;816467;"times he called Adrienne last
night?"
308;816467;818300;">> JJ: 80, I know.
>> ROB: Shut up."
309;818300;820166;">> SCOTT: 70 he told me.
>> JJ: If she doesn't pick up"
310;820166;821900;"after five calls...
I want to know where the other"
311;821900;823734;"65 came from.
>> SCOTT: What is going on with"
312;823734;825734;"you and Adrienne?
Where are you with her"
313;825734;826967;"right now?
>> ROB: To be honest..."
314;826967;828467;">> SCOTT: Do you know what I
mean?"
315;828467;831567;">> JJ: I felt like post-wedding,
you were really close, and"
316;831567;833066;"then you screwed it up.
>> SCOTT: I felt like the"
317;833066;835734;"wedding night he was good, until
she woke up the next day and he"
318;835734;838300;"called her 19 times to see when
she woke up."
319;838300;839900;">> ROB: I deny...
>> SCOTT: Sent nine kinds of"
320;839900;841033;"flowers.
>> ROB: I didn't..."
321;841033;842700;">> SCOTT: He's going to send her
a dog, by the way."
322;842700;844233;">> JJ: Did you send her flowers?
>> ROB: No, I did not."
323;844233;846033;"Before the wedding.
She liked 'em."
324;846033;847800;">> SCOTT: Bet she did, Focker.
What is she going to say, "Hey,"
325;847800;849934;"by the way, I hated your flowers
See you at the wedding."?"
326;849934;852367;">> ROB: You know, JJ and Scott
are constantly making fun of me,"
327;852367;855233;"but little do they know, like
Adrienne and I have a special"
328;855233;857433;"relationship.
>> SCOTT: What do you think is"
329;857433;859467;"going to happen at this point?
I mean, are you stalking her?"
330;859467;861800;">> ROB: No, I'm done.
>> SCOTT: She's probably going"
331;861800;865533;"to have a restraining order
before you know it."
332;865533;867200;">> ROB: She understands how I
am."
333;867200;870166;"She doesn't think I'm crazy.
>> KHLOE: Robert, she definitely"
334;870166;873033;"thinks you're crazy.
This is an intervention, okay?"
335;873033;876066;"We're intervening.
>> KOURTNEY: I'm done."
336;876066;879567;"If you don't start helping me
out and getting on my team, this"
337;879567;881900;"relationship is done."
338;889600;895834;"(phone ringing)
>> KOURTNEY: Is this a joke?"
339;895834;897934;"Answer my phone.
When I call someone, like,"
340;897934;899800;"answer.
>> KHLOE: Who are you calling?"
341;899800;903266;">> KOURTNEY: Scott.
I said I wanted to go to this--"
342;903266;906066;"to these classes, and like, he
doesn't answer."
343;906066;909066;">> KHLOE: Class for what?
>> KOURTNEY: Like breast"
344;909066;911133;"pumping.
>> KHLOE: Maybe that's why he's"
345;911133;913834;"not answering.
>> KOURTNEY: It's still rude."
346;913834;915533;"I said, "Let's go."
>> KHLOE: Yeah, well, he"
347;915533;917767;"shouldn't like, ignore you.
Call him again."
348;917767;919300;">> KOURTNEY: I just called like,
three times."
349;919300;921166;"I don't want to be a stalker.
Answer my call."
350;921166;922800;">> KHLOE: Kourtney, that's
your baby daddy."
351;922800;924800;"You can stalk.
Stalk that ass."
352;924800;926967;">> KOURTNEY: I've called Scott
over and over."
353;926967;930233;"He's totally avoiding my calls,
and I'm really pissed off"
354;930233;933600;"because he's totally flaking on
me to go to this breast feeding"
355;933600;935934;"class.
I mean, I refuse to go alone."
356;935934;939533;">> KHLOE: Honey, why would
anyone want to pump their breast"
357;939533;941700;"by themselves?
I could go with you and give"
358;941700;943734;"you moral support.
I mean, I'm not going to pump"
359;943734;945467;"your breast, but I'll pump mine.
>> KOURTNEY: I don't get it."
360;945467;947133;"And I feel like when I go to
these classes..."
361;947133;948867;">> KHLOE: I wonder if I can.
Can I really be that supportive"
362;948867;951433;"and pump mine, too?
>> KOURTNEY: Bruce told me he's"
363;951433;954066;"tasted breast milk.
>> KHLOE: Bruce I'm sure has."
364;954066;956467;">> KOURTNEY: How sick.
>> KHLOE: Bruce is just very..."
365;956467;958000;">> LILY: By accident?
>> KOURTNEY: Are you going to"
366;958000;960333;"taste mine, just to see what it
tastes like?"
367;960333;962400;">> KHLOE: Drink your breast
milk?"
368;962400;964934;">> KOURTNEY: Not from my boob.
>> KHLOE: Obviously, you sick"
369;964934;967300;"(bleep).
>> KOURTNEY: If I'm... taste it."
370;967300;969500;">> KHLOE: Yeah, I'll taste it.
I'm not sucking on your (bleep)"
371;969500;980600;"though.
>> KOURTNEY: Let's hope."
372;980600;983767;">> BRUCE: What are you doing?
>> KYLIE: Rob told me to bring"
373;983767;986066;"beers for them.
>> BRUCE: To bring beers for"
374;986066;987600;"them?
What are you, their bartender?"
375;987600;990367;">> KYLIE: Yeah.
>> BRUCE: Great."
376;990367;993033;"Okay, get them their beers and
don't be drinking any of it."
377;993033;996133;">> KYLIE: Oh, I will.
>> BRUCE: Sometimes I get real"
378;996133;998800;"disappointed with Scott.
Here he's got a pregnant"
379;998800;1001400;"girlfriend, okay?
Instead, he's over here with my"
380;1001400;1004266;"little Kylie being a little
barmaid, bringing beers out"
381;1004266;1008400;"there so he can work on his tan.
It does not work for me."
382;1008400;1011266;">> SCOTT: Having a little
brewski, Bruce?"
383;1011266;1014033;">> BRUCE: Yeah, I'm trying to
keep up with you guys."
384;1014033;1015867;"Anyway, why aren't you with
Kourtney?"
385;1015867;1018867;">> SCOTT: What?
I mean, I'm always with her."
386;1018867;1021934;">> ROB: The guy needs a little
breather."
387;1021934;1024433;">> BRUCE: Oh?
>> SCOTT: She's doing some class"
388;1024433;1026367;"that doesn't involve me today
anyway."
389;1026367;1028266;">> BRUCE: She say she didn't
want you to go?"
390;1028266;1030100;">> SCOTT: Of course not.
She said she wanted me to go,"
391;1030100;1032200;"but...
I know."
392;1032200;1035300;"I don't need to go.
>> BRUCE: Yeah, well, yes, you"
393;1035300;1038433;"do, you need to go.
>> SCOTT: Look, Bruce, I know"
394;1038433;1041033;"how to handle my lady, and you
know how to handle yours."
395;1041033;1044133;"We'll be just fine.
>> BRUCE: You know how to handle"
396;1044133;1046567;"Kourtney?
Nobody knows how to handle"
397;1046567;1048934;"Kourtney.
>> SCOTT: I handled her well"
398;1048934;1058934;"enough to get her pregnant.
>> BRUCE: Yeah. Good luck."
399;1058934;1066033;">> TEACHER: Hi. How are you?
Hi, come on in."
400;1066033;1067400;">> KHLOE: You don't like your
baby?"
401;1067400;1068800;">> KOURTNEY: This one.
>> KHLOE: Here, you want this"
402;1068800;1072166;"one?
>> KOURTNEY: Yes, thank you."
403;1072166;1075600;">> KOURTNEY: Okay.
I like that one better."
404;1075600;1077066;">> KHLOE: Like a girl.
>> KOURTNEY: Ooh, look at that"
405;1077066;1079133;"one's eyes.
Khloe, look at it."
406;1079133;1081467;"(Khloe baby talking)
>> TEACHER: So, hi, everyone."
407;1081467;1084233;"So today we're gonna take you
through some of the, uh, basics"
408;1084233;1086400;"that you guys need to know, how
to take care of these little"
409;1086400;1088567;"ones.
And we're gonna just, um, talk"
410;1088567;1090467;"about and learn about some of
the things that you're gonna be"
411;1090467;1093567;"doing every day.
Um, so I think hopefully it will"
412;1093567;1095867;"be useful to you.
>> KOURTNEY: How many times a"
413;1095867;1099333;"day does your baby eat?
>> TEACHER: Um, new babies that"
414;1099333;1101967;"are breast-fed, eight to 12
times."
415;1101967;1103500;">> KOURTNEY: No.
>> TEACHER: Yeah."
416;1103500;1104934;">> KOURTNEY: A day?
>> TEACHER: Pretty often."
417;1104934;1107400;"Uh-huh, in 24 hours.
>> KOURTNEY: Going to these"
418;1107400;1111433;"classes makes me more nervous
because it just reminds me of"
419;1111433;1113633;"all the information that I don't
know."
420;1113633;1115633;">> TEACHER: Put the front of the
diaper underneath your baby's"
421;1115633;1117800;"tush so you've got a clean
surface."
422;1117800;1120533;">> KHLOE: Kourtney, his two legs
like this."
423;1120533;1123166;">> KOURTNEY: Sorry.
>> TEACHER: And have that cloth"
424;1123166;1126367;"diaper handy.
Everybody got that?"
425;1126367;1128000;"Perfect.
>> KHLOE: No, you wrap it..."
426;1128000;1130667;">> KOURTNEY: Bingo.
I don't know how to change a"
427;1130667;1132834;"diaper.
I don't know how to swaddle a"
428;1132834;1134867;"baby.
I don't know when you swaddle a"
429;1134867;1137467;"baby.
I don't know even how to hold"
430;1137467;1140400;"the baby.
Just thinking about all these"
431;1140400;1144266;"tasks and things that I'm gonna
need to know just makes me"
432;1144266;1148066;"really nervous and anxious.
Did you do it?"
433;1148066;1149867;">> TEACHER: You guys, how'd you
do?"
434;1149867;1151467;"It looks good.
>> KOURTNEY: I don't think I did"
435;1151467;1152867;"very well.
>> TEACHER: Okay, let's see."
436;1152867;1154500;">> KHLOE: Kourtney's just off
right now."
437;1154500;1156934;"I think she's really getting
stressed, and the pregnancy's"
438;1156934;1160133;"finally starting to hit her and
it's becoming more serious."
439;1160133;1163633;"And also, I think the fact that
she's the only one without a dad"
440;1163633;1165934;"here right now, I think that's
really affecting her."
441;1165934;1168000;">> TEACHER: How are the dads
back there feeling about all of"
442;1168000;1170033;"this going on?
You guys plan to be pretty"
443;1170033;1173433;"involved or...?
Yeah, he's better than you are."
444;1173433;1175834;"How about the rest of you?
Dads involved or...?"
445;1175834;1177533;">> KHLOE: I'm the dad today.
>> TEACHER: Got it."
446;1177533;1179133;"Good.
You're gonna be busy."
447;1179133;1181000;">> KHLOE: Mm.
I will still be the dad, even"
448;1181000;1184800;"when he is around, I'm sure."
449;1190367;1192233;">> SCOTT: Hello."
450;1195834;1200867;"Okay.
What are you up to?"
451;1200867;1203900;"All right, good talking to you.
>> KOURTNEY: I'm sick and tired"
452;1203900;1207200;"of Scott not putting in an
effort with the baby and I."
453;1207200;1210200;"And him not coming to that class
was the last straw."
454;1210200;1212033;">> SCOTT: You have a bad
attitude."
455;1212033;1214900;">> KOURTNEY: Yeah, 'cause you
ditched me in my breast-feeding"
456;1214900;1217600;"class today.
>> SCOTT: It's a woman's"
457;1217600;1219767;"breast-feeding class.
>> KOURTNEY: We learned about"
458;1219767;1221533;"other things.
It wasn't just about"
459;1221533;1224266;"breast-feeding!
You just don't get it."
460;1224266;1226100;"What are you bringing to the
table?"
461;1226100;1227467;"Nothing.
>> SCOTT: Everything."
462;1227467;1229567;">> KOURTNEY: Nothing!
You're not helping with any"
463;1229567;1231567;"(bleep) thing.
I'm done."
464;1231567;1234133;"Like, I am so (bleep) done with
you."
465;1234133;1235867;">> SCOTT: Oh, relax.
You-you don't mean that."
466;1235867;1237033;">> KOURTNEY: Relax?
>> SCOTT: No, okay..."
467;1237033;1238934;">> KOURTNEY: Test me!
(bleep) test me and see."
468;1238934;1240133;">> SCOTT: Test you?
>> KOURTNEY: Yeah!"
469;1240133;1243767;"If you don't start helping me
out and getting on my team, this"
470;1243767;1248867;"relationship is done.
>> KRIS: Where's my dress?"
471;1248867;1252333;">> BRUCE: Bitch, I want my damn
ATM card!"
472;1252333;1254800;">> KIM: So what's, like, your
plan?"
473;1254800;1257367;"Like, where are you gonna stay?
>> ROB: When I get there, I'm"
474;1257367;1259533;"just gonna go get a hotel room
and, uh..."
475;1259533;1262333;">> KIM: I'm just afraid if you
go to New York, you'll come back"
476;1262333;1265000;"hurt.
As much as I don't agree with"
477;1265000;1267633;"Rob going to New York, he's my
little brother."
478;1267633;1282100;"I'm gonna support him no matter
what."
479;1282100;1284000;"(cell phone ringing)
>> ROB: Hello?"
480;1284000;1286533;">> KIM: So I call Rob to see
what's going on with Adrienne."
481;1286533;1289734;">> ROB: I freaked out last night
and I called her, like, 60"
482;1289734;1292867;"times, literally, like crazy.
Like, more than that."
483;1292867;1295734;"Like, from the house and from my
cell."
484;1295734;1298333;">> KIM: Rob, you're crazy.
>> ROB: I think if I show her"
485;1298333;1301367;"that I'm serious about wanting
her back, I think she'll come"
486;1301367;1303467;"back to me.
I don't want to be with anybody"
487;1303467;1305300;"but her.
I don't want to even date."
488;1305300;1308367;"And I can't just be lonely and
single anymore."
489;1308367;1312100;"Literally, every single day, I
send her an e-mail or a text."
490;1312100;1313667;"And I'm not talking about just
one."
491;1313667;1315700;"Like, "Oh, this just reminded me
of you.""
492;1315700;1318700;""I'm so sorry, like, that I
treated you that way.""
493;1318700;1321700;">> KIM: I know he feels that
she's the one, and I get it, but"
494;1321700;1324100;"Rob is taking it to a whole
'nother level."
495;1324100;1327934;"I think that at some point, you
just need to stop calling her."
496;1327934;1330200;"And I think this is now, like,
the turning point."
497;1330200;1333200;"You have to let it go.
>> ROB: All right, I'm gonna"
498;1333200;1334633;"shower.
>> KIM: Bye."
499;1334633;1335567;"(phone beeps)"
500;1344667;1347033;">> SCOTT: Hey, Bruce.
>> BRUCE: Scotty."
501;1347033;1349500;">> SCOTT: Rob here?
>> BRUCE: No, he left."
502;1349500;1352066;">> SCOTT: What?
He just told me to come here."
503;1352066;1353934;">> BRUCE: Did he really?
>> SCOTT: I figure I'll talk to"
504;1353934;1355934;"you then, Bruce, if Rob ain't
here."
505;1355934;1358834;"I need somebody to speak to,
because, you know, it's all"
506;1358834;1360367;"women everywhere.
>> BRUCE: Yeah."
507;1360367;1362100;">> SCOTT: There's nothing but...
>> BRUCE: And you got a pregnant"
508;1362100;1364400;"one.
>> SCOTT: It's not simple,"
509;1364400;1366700;"I've come to realize.
>> BRUCE: You're just realizing"
510;1366700;1368967;"that now?
>> SCOTT: She, I guess, asked me"
511;1368967;1371867;"to go to some class that I
thought I had no part in."
512;1371867;1374200;"Breast-feeding?
I thought that's just her."
513;1374200;1376467;"What-what do I bring to the
table in breast-feeding?"
514;1376467;1378834;">> BRUCE: Support.
>> SCOTT: I mean, I want to be"
515;1378834;1381533;"there for her and be sensitive,
I've just never been this person"
516;1381533;1383767;"before.
>> BRUCE: Scott has really lived"
517;1383767;1386734;"a very easy life.
He's been really very selfish"
518;1386734;1388367;"and just kind of dealing with
Scott."
519;1388367;1391867;"It's time to give a little bit
of advice about being a father."
520;1391867;1395300;"You just got to realize that
it's just not about you anymore."
521;1395300;1396567;">> SCOTT: Yeah.
>> BRUCE: It's not about"
522;1396567;1398433;"Kourtney anymore.
It's about this family"
523;1398433;1400800;"structure.
It's easier now."
524;1400800;1404233;"Because when little guy comes...
>> SCOTT: It's a whole 'nother"
525;1404233;1406867;"level.
>> BRUCE: It's 24 hours a day,"
526;1406867;1409533;"seven days a week, 365 days
out of the year for the next"
527;1409533;1411967;"20 years of your life.
>> SCOTT: I'm getting to realize"
528;1411967;1414834;"that now.
Being an only child, I never"
529;1414834;1417266;"really did care too much about
other people's needs."
530;1417266;1420100;"But I realize, I'm not the most
important person anymore, and I"
531;1420100;1422667;"can't be selfish.
I need to think about my family."
532;1422667;1426367;">> BRUCE: All you can do right
now is just dote on her, take"
533;1426367;1430967;"care of her and just realize
that this stage of pregnancy,"
534;1430967;1433433;"you just got to get through it."
535;1439100;1440867;">> KOURTNEY: They came with me
to look at the..."
536;1440867;1442767;">> KHLOE: Yeah.
Kathy comes with us."
537;1442767;1445600;">> KIM: Yummy.
>> KHLOE: Hey, Rob."
538;1445600;1449567;"Kourt, Kim and I decide that
it's time to intervene on Rob"
539;1449567;1451266;"with this whole Adrienne
situation."
540;1451266;1454967;"Thank God you're here, because
honestly you have a major"
541;1454967;1456400;"problem.
>> ROB: What did I do?"
542;1456400;1463867;">> KHLOE: Uh, you are obsessed
with Adrienne."
543;1463867;1465600;">> ROB: She understands how I
am."
544;1465600;1468133;"She doesn't think I'm crazy.
>> KHLOE: Um, Robert, she"
545;1468133;1470233;"definitely thinks you're crazy.
>> KOURTNEY: Who wouldn't think"
546;1470233;1472667;"someone's crazy if they call
them that many times?"
547;1472667;1474633;">> KHLOE: This is an
intervention, okay?"
548;1474633;1477033;"We're intervening.
>> KOURTNEY: If Rob and Adrienne"
549;1477033;1479166;"are meant to be together,
they'll be."
550;1479166;1481467;"You don't need to try this hard.
I'm over it now."
551;1481467;1483967;"Like, at first, I was like, "Oh,
cute, Rob and Adrienne.""
552;1483967;1486400;"Like, I'm over it, okay?
>> KIM: She knows that you love"
553;1486400;1487667;"her.
What else can you do?"
554;1487667;1490033;"There's nothing else you can do.
>> ROB: The love that Adrienne"
555;1490033;1493100;"and I had doesn't just go away
overnight."
556;1493100;1495934;"It's just so frustrating that my
own family doesn't even"
557;1495934;1499834;"understand their own brother.
I don't feel content and, like,"
558;1499834;1502066;"at peace.
I can't just drop everything and"
559;1502066;1503800;"be cold turkey not talk to her
anymore."
560;1503800;1505133;">> KHLOE: Well, that's not gonna
happen."
561;1505133;1506800;"She went back to New York.
>> KIM: She's in New York."
562;1506800;1509066;">> ROB: Then if I have to go to
New York, I'll go to New York."
563;1509066;1511800;"If I look like an idiot--
How much more stupid can I look?"
564;1511800;1513667;">> KHLOE: You're just gonna go
to her house?"
565;1513667;1515433;">> ROB: I'm gonna go try and
make things right."
566;1515433;1517500;">> KHLOE: You know, honestly,
maybe you need to go to New York"
567;1517500;1520467;"to open up your eyes that you
guys are not meant to be."
568;1520467;1522066;">> ROB: Well, I don't agree with
that."
569;1522066;1529400;">> KHLOE: Enjoy Adrienne in New
York, you freak of the week."
570;1529400;1533433;">> KIM: We should go and get her
dress from the dry cleaners and"
571;1533433;1536533;"hold it captive until she gives
back the ATM card."
572;1536533;1539400;">> ROB: I've decided to fly back
to New York to see Adrienne"
573;1539400;1540934;"face-to-face.
>> KRIS: Does she know you're"
574;1540934;1552233;"coming?
>> ROB: No, she doesn't."
575;1552233;1553800;">> BRUCE: Where'd these cookies
come from?"
576;1553800;1555667;">> KHLOE: They're Armenian
cookies."
577;1555667;1557900;">> BRUCE: What's the difference
between, like, an American"
578;1557900;1561667;"cookie and an Armenian cookie?
>> KHLOE: An Armenian made them."
579;1561667;1563700;">> BRUCE: Oh, that makes them
Armenian cookies?"
580;1563700;1565834;">> KIM: Those pants-- I mean,
are you a doctor?"
581;1565834;1567600;">> BRUCE: Yeah.
>> KHLOE: I mean, do you have a"
582;1567600;1569066;"washing machine?
They're filthy."
583;1569066;1571200;">> BRUCE: They are, but I've
been working all day, moving"
584;1571200;1573533;"stuff for your mother.
>> KHLOE: Don't you have any,"
585;1573533;1575567;"like, balls?
>> BRUCE: No, not with her."
586;1575567;1577300;">> KHLOE: Apparently not.
They're in the blender."
587;1577300;1578834;">> KIM: Balls in a blender.
(laughs)"
588;1578834;1581300;">> KHLOE: Balls in a blender.
Kris already has your balls in a"
589;1581300;1582633;"blender.
>> BRUCE: I know."
590;1582633;1584734;"Well, what are you gonna do?
I'm... (laughs)"
591;1584734;1587033;"I'm scared of her!
>> KHLOE: Honey, she's the one"
592;1587033;1591066;"that walked in with a $5,000
all-black basic dress."
593;1591066;1593233;"Like, hello.
>> BRUCE: Really?"
594;1593233;1595967;">> KHLOE: Yeah, $5,000 for one
black gown."
595;1595967;1598800;"It wasn't even special.
>> BRUCE: Thousands of dollars"
596;1598800;1602500;"she paid, for a dress!
Are you kidding me?!"
597;1602500;1604100;">> KIM: We've got to get her
back."
598;1604100;1608767;"I don't know how, but...
>> BRUCE: Maybe I should trade"
599;1608767;1611300;"in the dress or something, huh?
>> KIM (gasps): Wait, I have the"
600;1611300;1613300;"best idea!
>> KHLOE & BRUCE: What?"
601;1613300;1617367;">> KIM: We should go and get her
dress from the dry cleaners and"
602;1617367;1620000;"hold it captive until she gives
back the ATM card."
603;1620000;1623433;"I really want to help Bruce get
his financial freedom back."
604;1623433;1627200;"He's worked so hard.
There's no way that my mom"
605;1627200;1628800;"should have control over the
money."
606;1628800;1632000;">> BRUCE: So we get her dress
from the cleaners, and we hold"
607;1632000;1641033;"her hostage.
I like it. I'm in."
608;1641033;1642900;"♪ ♪"
609;1649233;1651867;">> SCOTT: I'm gonna show
Kourtney that I'm gonna be there"
610;1651867;1666166;"for whatever she needs, whenever
she needs it."
611;1666166;1668433;">> KOURTNEY: Hey.
>> SCOTT: Hello, hello."
612;1668433;1670467;">> KOURTNEY: What are you doing?
>> SCOTT: Getting this room put"
613;1670467;1672934;"together.
>> KOURTNEY: Oh, that's cute,"
614;1672934;1674834;"with the animals there on the
blanket."
615;1674834;1676834;">> SCOTT: What about the whole
crib is all done?"
616;1676834;1679934;">> KOURTNEY: Oh, no way.
>> SCOTT: I never in a million"
617;1679934;1682600;"years pictured myself putting a
crib together."
618;1682600;1686333;"I know that I'm doing it for my
son, and I'm taking pride in it."
619;1686333;1688767;">> KOURTNEY: It's so cute that
you put those animals out here"
620;1688767;1690967;"like that.
>> SCOTT: Just wanted you to be"
621;1690967;1693066;"happy.
>> KOURTNEY: Thank you."
622;1693066;1702066;"It makes me happy.
(laughs)"
623;1702066;1703934;"♪ ♪"
624;1706934;1709633;">> KHLOE: Our mission is to
teach Kris a lesson and give"
625;1709633;1719033;"Bruce his balls back for life.
So, we're here."
626;1719033;1722066;">> KIM: Hi. We are picking up a
dress under "Kris Jenner.""
627;1722066;1723900;">> Okay.
>> KIM: We're just gonna take"
628;1723900;1725166;"this dress.
>> KHLOE: Thank you."
629;1725166;1726834;">> KIM: You can charge it to
her."
630;1726834;1728500;">> KHLOE: Yeah, charge it to her
account. Bye."
631;1728500;1730734;">> KIM: Bye-bye.
>> KHLOE: Bruce, got it."
632;1730734;1733100;"Come on.
>> KIM: Mission accomplished."
633;1733100;1735500;">> BRUCE: Right.
Should we wait here, or what?"
634;1735500;1737500;">> KHLOE: Yeah, we're gonna wait
here."
635;1737500;1739900;"She said she's on her way.
>> BRUCE: I feel like it's,"
636;1739900;1741667;"like, we're the cops.
We're on stakeout."
637;1741667;1743633;"This is wonderful.
>> KHLOE: This is a stakeout."
638;1743633;1748133;">> BRUCE: This is the stakeout?
>> KHLOE: So, now that we're"
639;1748133;1750000;"playing a waiting game...
>> BRUCE: All right, I can't"
640;1750000;1752266;"see.
I'm gonna move up to the front"
641;1752266;1758900;"seat.
>> KHLOE: Oh, sorry."
642;1758900;1760667;">> BRUCE: All right, where is
she?"
643;1760667;1763233;"And I think you should make...
Oh, you got the phone call"
644;1763233;1764433;"already?
>> KHLOE: Yeah."
645;1764433;1767867;">> BRUCE: Okay.
>> KHLOE: Come on, Kris."
646;1767867;1772567;">> BRUCE: Come on, Kris.
>> KHLOE: Here we are at a"
647;1772567;1775533;"stakeout, and literally it's
been an hour, Kris is still not"
648;1775533;1782567;"here, my ass is numb-- I mean,
being a spy is really hard."
649;1782567;1784633;">> BRUCE: There... she's
parking."
650;1784633;1789367;">> KHLOE: Oh... yeah.
(laughing)"
651;1789367;1792233;"You don't need to show 'em that."
652;1798233;1800633;">> BRUCE: All right, call her.
Now."
653;1800633;1803500;"(line ringing)"
654;1806400;1809667;">> KRIS (over phone): Hello?
>> KHLOE: Kris Jenner..."
655;1809667;1813367;"we have taken your dress from
the cleaners."
656;1813367;1816767;"If you want it back
wrinkle-free, you will listen to"
657;1816767;1820000;"the following instructions.
Do you hear me?"
658;1820000;1822600;"Get in the vehicle.
Make sure you are not followed."
659;1822600;1825867;"Meet us at the 76 gas station on
the corner."
660;1825867;1827400;"Meet us there.
>> KIM: Pronto, Tonto."
661;1827400;1829333;">> KRIS: Khloe, I don't have
time to dillydally and play"
662;1829333;1831100;"these stupid games...
>> KHLOE: Well, we don't have"
663;1831100;1832800;"time to constantly give Bruce
money."
664;1832800;1834700;">> KIM: Over and out.
Be there in five."
665;1834700;1836333;">> KHLOE: Over and out.
Be there in five."
666;1836333;1840166;"If not, this dress is losing an
entire inch off the bottom."
667;1840166;1843767;"Seriously?
>> BRUCE: (laughing)"
668;1843767;1846000;">> KHLOE: Oh, my God, does she
sound pissed."
669;1846000;1848633;"Now we have to rush back to the
house and hide the dress before"
670;1848633;1850500;"Kris comes home."
671;1857000;1858967;"Get the dress.
We've got to hide it before Mom"
672;1858967;1860867;"gets home.
>> KIM: All right, I got it."
673;1860867;1862767;">> KHLOE: Come on.
>> BRUCE: You got to be"
674;1862767;1864066;"kidding me.
(line rings)"
675;1864066;1866700;">> KRIS: Hello?
>> KHLOE: Mission aborted."
676;1866700;1869400;"You may now go to your house
now."
677;1869400;1871533;">> KIM: We are waiting.
>> KRIS: What do you need?"
678;1871533;1874700;">> KIM: Bring a wad of cash.
>> KHLOE: I just hung up on her."
679;1874700;1877200;"(Bruce laughs)
>> KHLOE: Okay, now let's"
680;1877200;1879000;"wait it out.
>> BRUCE: We'll just wait it"
681;1879000;1882066;"out-- she'll come back.
>> KHLOE: I need Midol."
682;1882066;1885333;">> BRUCE (laughs): All right,
I'll wait down here."
683;1885333;1895166;"My God, she's gonna kill me.
♪ ♪"
684;1895166;1897700;"Kris is on her way back.
Kris really doesn't like"
685;1897700;1900100;"practical jokes, especially when
she's the victim."
686;1900100;1902166;"I don't know how she's gonna
handle this thing."
687;1902166;1903734;"Aren't you nervous?
You guys are, like, not paying"
688;1903734;1905367;"any attention.
>> KHLOE: No, we're not nervous."
689;1905367;1907133;">> BRUCE: I'm the one that's
gonna catch hell for this."
690;1907133;1908800;">> KIM: Why are we nervous?
What do we care?"
691;1908800;1910834;">> KHLOE: We're gonna cut the
(bleep) out of that dress if"
692;1910834;1912734;"she tries to pull any crap with
us."
693;1912734;1914500;">> BRUCE: We've got her driving
all over town."
694;1914500;1917000;">> KHLOE & KIM: Who cares?
>> KIM: She stole your ATM card."
695;1917000;1919300;">> KHLOE: This is why you're a
little be-yotch and she has"
696;1919300;1922367;"your balls in a... in a device.
In a thing."
697;1922367;1924100;">> BRUCE: A vice.
It's called a vice."
698;1924100;1925734;">> KHLOE: Okay, a vice.
>> BRUCE: There you go."
699;1925734;1927900;"You got it.
>> KOURTNEY: Why are you scared"
700;1927900;1929734;"of her?
>> BRUCE: I'm scared to death of"
701;1929734;1931667;"her.
>> KHLOE: Do you even have a"
702;1931667;1933500;"saus-eege anymore, or did she
cut it off?"
703;1933500;1936200;">> BRUCE (laughs): Eh, what's
left of it."
704;1936200;1938066;"♪ ♪"
705;1946133;1948834;">> KRIS: Are you guys serious?
Where's my dress?"
706;1948834;1951033;"Listen, I've been... I have
things to do."
707;1951033;1953667;"I can't play scavenger hunt all
day long."
708;1953667;1955300;"I need my dress, because...
(Kris, Kim and Khloe talking)"
709;1955300;1959900;">> BRUCE: Hold it! Hold it!
Everybody stop! Hold it!"
710;1959900;1966000;"Bitch, I want my damn ATM card!
>> KRIS: If this is what you"
711;1966000;1968667;"really want to do, and if this
is what you think is gonna get"
712;1968667;1972367;"her to respond to you, then I
think you should go."
713;1972367;1974300;">> KIM: So, what's, like,
your plan?"
714;1974300;1976467;">> ROB: I'll probably hit her up
when I'm out there."
715;1976467;1979200;">> KIM: I'm just afraid if you
go to New York, you'll come"
716;1979200;1981066;"back hurt."
717;1986734;1988400;">> BRUCE: Hey, wait, no, hold
it."
718;1988400;1992533;"Bitch, I want my damn ATM card!
>> KHLOE: Yeah, be-yotch!"
719;1992533;1994800;"(laughing)
>> BRUCE: Was that good?"
720;1994800;1996333;"Was that good?
>> KRIS: It's not funny."
721;1996333;1998133;"Give me my dress.
>> BRUCE: Was I standing up to"
722;1998133;1999734;"her?
>> KRIS: Give me my dress."
723;1999734;2001133;">> BRUCE: I want...
Where's the ATM card?"
724;2001133;2003800;">> KHLOE: Oh, he's mad now.
>> BRUCE: Get my card. Come on!"
725;2003800;2005333;">> KRIS: If you give me the
dress first."
726;2005333;2006834;">> BRUCE: See? Wasn't I good?
Didn't I stand up to her?"
727;2006834;2008200;">> KRIS: You know, you're
ridiculous..."
728;2008200;2010300;">> BRUCE: Where's the ATM card?
>> KRIS: No. Give me the dress,"
729;2010300;2012834;"and I'll give you the card.
>> KIM: No, give him the card..."
730;2012834;2015767;">> KHLOE: Bruce, don't you dare
put those balls back in that"
731;2015767;2018133;"vice, Bruce.
>> KRIS: This family is so"
732;2018133;2020266;"dysfunctional.
We're fighting over a $4,000"
733;2020266;2022033;"Chanel dress.
Where's the dress?"
734;2022033;2023934;">> BRUCE: Show me...
>> KRIS: Just show me where the"
735;2023934;2025533;"dress is.
>> BRUCE: You got to find it."
736;2025533;2027567;">> KIM: Look for it...
>> KHLOE: Go look for it..."
737;2027567;2030200;">> KRIS: Really?
Oh, now I'm on another one of"
738;2030200;2033400;"your little scavenger hunts?
You go to the cleaners and"
739;2033400;2035767;"hijack my dress?
You guys are out of your minds."
740;2035767;2037867;"No wonder I drink.
>> KIM: Your yappity voice is"
741;2037867;2039667;"giving me a headache!
>> BRUCE: Show me the ATM, and"
742;2039667;2041400;"I'll show you where the dress
is."
743;2041400;2043333;">> KRIS: No. This isn't funny.
>> BRUCE: Give me the card,"
744;2043333;2045000;"and I'll give you hints.
Give me the card."
745;2045000;2046467;"Give me the card.
>> KRIS: Stop it."
746;2046467;2048600;"You're really annoying.
>> BRUCE: Card. Card. Card."
747;2048600;2050700;">> KRIS: This isn't getting old.
Bruce, come on."
748;2050700;2052700;">> BRUCE: Give me the card.
>> KRIS: No. Where's the dress?"
749;2052700;2054767;">> BRUCE: First of all, here you
go-- honey, honey, honey..."
750;2054767;2056633;">> KRIS: What? What?
>> BRUCE: ...honey, stop, stop."
751;2056633;2058433;"Here's the deal, okay?
>> KRIS: Yeah."
752;2058433;2060800;">> BRUCE: If I'm cutting back,
you're cutting back, too."
753;2060800;2063000;"Okay? It's just fair.
>> KRIS: Where's my dress?"
754;2063000;2065333;">> BRUCE: Give me the ATM, and
I'll show you where the dress"
755;2065333;2067600;"is.
>> KRIS: I'll give you the ATM"
756;2067600;2069967;"card at the same time you hand
me my dress."
757;2069967;2071900;"I'm not handing over the ATM
card..."
758;2071900;2073333;">> BRUCE: I want to see the ATM
card."
759;2073333;2076000;">> KRIS: I want to see the
dress-- and it better be in"
760;2076000;2077834;"perfect condition.
>> BRUCE: All right."
761;2077834;2080300;"Here's the deal.
There's the dress."
762;2080300;2081967;">> KRIS: Mm-hmm.
>> BRUCE: Okay?"
763;2081967;2084133;">> KRIS: Okay.
>> BRUCE: There's the dress,"
764;2084133;2086400;"and... where's the ATM card?
>> KRIS: Is it wrinkled?"
765;2086400;2087867;">> BRUCE: No, it's not wrinkled
at all."
766;2087867;2091500;"Ooh, there it is, huh?
Okay, I'll tell you what?"
767;2091500;2092867;"Ready?
>> KRIS: Just give me..."
768;2092867;2094467;"give me the dress. (laughs)
>> BRUCE: Give me the ATM..."
769;2094467;2096367;">> KRIS: No, at the same time.
>> BRUCE: That's right, put it"
770;2096367;2097767;"out.
>> KRIS: You better give it to"
771;2097767;2099200;"me.
>> BRUCE: I will."
772;2099200;2101133;"It's right here.
>> KRIS: Swear? Swear?"
773;2101133;2103700;">> BRUCE: Right here.
Fair deal. All right."
774;2103700;2105600;">> KRIS: All right.
>> BRUCE: I'm gonna go to the"
775;2105600;2109100;"hobby store. See ya.
>> KHLOE: Yay!"
776;2109100;2111667;"Whoo! Yay!
>> KIM: You got your card!"
777;2111667;2115066;">> BRUCE: Good work, girls!
Good work! All right! Good work!"
778;2115066;2133600;">> KRIS: Don't get so excited--
it has a $2,000 limit!"
779;2133600;2136700;">> ROB: I've decided to fly back
to New York to see Adrienne"
780;2136700;2140133;"face-to-face and just tell her
how I feel, and I know I've told"
781;2140133;2143166;"her that hundreds of times,
but to really show her and go to"
782;2143166;2146066;"her door.
I don't want her to move on and"
783;2146066;2152533;"start a whole new relationship
and forget what we had."
784;2152533;2154300;">> KRIS: Does she know you're
coming?"
785;2154300;2156667;">> ROB: No, she doesn't.
>> KRIS: What are you going to"
786;2156667;2159533;"do, you're just going to
show up?"
787;2159533;2161567;">> ROB: Yeah, I'm going to show
up, Mom, and I'm going to try"
788;2161567;2164667;"and make things right instead of
just sitting here and being"
789;2164667;2167000;"miserable every single
day and..."
790;2167000;2168633;">> KRIS: I know you are, Rob.
>> ROB: And it's not..."
791;2168633;2171934;"It's not okay, so...
>> KRIS: If this is what you"
792;2171934;2174700;"really want to do, and if this
is what you think is going to"
793;2174700;2177200;"get her to respond to you, then
I think you should go."
794;2177200;2180600;">> ROB: I believe that she's
the one for me, I truly do."
795;2180600;2184033;"And so, you know, I'm a big
believer in that."
796;2184033;2186533;">> KRIS: I think that you should
go tell her how you feel so that"
797;2186533;2190166;"you know that you did everything
you could to see if this could"
798;2190166;2193500;"work out.
Rob's always telling Adrienne,"
799;2193500;2196066;""I love you," and "I miss you,"
and, "I'm sorry.""
800;2196066;2200066;"Well, okay, get on the plane and
go get your girl."
801;2200066;2201867;"I really do, Rob.
I think you're doing the right"
802;2201867;2217333;"thing.
♪ ♪"
803;2217333;2221033;">> KOURTNEY: Scott and I go to a
Lamaze class together."
804;2221033;2223700;">> TEACHER: Back labor is when
the baby's back of the head is"
805;2223700;2227467;"pushing on your maternal spine.
So I'm going to demonstrate."
806;2227467;2230233;"Got your tennis ball?
Tell me if this hurts, okay?"
807;2230233;2232433;"But it should feel nice.
You're going to get in there."
808;2232433;2234767;">> SCOTT: Of course.
>> TEACHER: All across and"
809;2234767;2237767;"you're going to give as much
pressure with that ball as"
810;2237767;2247600;"she says.
♪ ♪"
811;2247600;2251200;">> TEACHER: Everything is gentle
in and gentle out."
812;2251200;2253066;"♪ ♪"
813;2255533;2258233;">> TEACHER: So I want you to
take a deep breath through"
814;2258233;2262767;"your nose.
Open your mouth and relax it."
815;2262767;2264633;"♪ ♪"
816;2271900;2274533;">> KOURTNEY: I believe that
everything's going to be okay."
817;2274533;2279266;"We're both totally on the same
page now, and just moving"
818;2279266;2290567;"forward in the right direction.
♪ ♪"
819;2290567;2292433;"♪ ♪"
820;2299467;2302066;">> KIM: So, what's, like,
your plan?"
821;2302066;2303900;"Like, where are you going
to stay?"
822;2303900;2305934;">> ROB: When I get there, I'm
just going to go get a hotel"
823;2305934;2309867;"room and, uh, I'll probably hit
her up when I'm out there, and"
824;2309867;2312166;"just let her know, like, "Look,
I'm out here."
825;2312166;2315467;"I came out here to see you, and
like, I'm being for real.""
826;2315467;2317800;">> KIM: I'm just afraid if you
go to New York, you'll come"
827;2317800;2320467;"back hurt.
As much as I don't agree with"
828;2320467;2323667;"Rob going to New York, I really
get what Rob is going through"
829;2323667;2326500;"because I used to go and fly to
see Reggie when we were"
830;2326500;2328667;"broken up.
He's my little brother."
831;2328667;2331433;"I'm going to support him no
matter what."
832;2331433;2335934;"(cell phone ringing)
>> KIM: Hey, okay."
833;2335934;2339333;"I am just taking Rob to the
airport."
834;2339333;2341433;"I'm going to call you as soon as
I'm done."
835;2341433;2343834;"Bye.
>> ROB: I just got this email"
836;2343834;2345734;"from Adrienne.
>> KIM: What?"
837;2345734;2348333;"What does it say?
>> ROB: Wait, pull over."
838;2348333;2352066;"All of a sudden, I get an email.
>> KIM: What's going on?"
839;2352066;2355300;"Why are you making me pull over?
>> ROB: Because I just got an"
840;2355300;2357166;"email that's from her."
841;2367300;2369500;">> ROB: I just got this email
from Adrienne."
842;2369500;2371567;">> KIM: What?
What does it say?"
843;2371567;2373633;">> ROB: Wait, pull over.
>> KIM: What's going on?"
844;2373633;2376500;"Why are you making me pull over?
>> ROB: Because I just got an"
845;2376500;2379734;"email that's from her.
"Don't take this email the wrong"
846;2379734;2382800;"way, but this is from the new
man in her life.""
847;2382800;2384800;">> KIM: What?
>> ROB: Yeah."
848;2384800;2387266;""We're trying to start off
on the right note and you're"
849;2387266;2390533;"really not making it easy.
Her Blackberry goes off every"
850;2390533;2393400;"minute and it's you almost
every time."
851;2393400;2396834;"I can't imagine what you guys
really have to discuss after all"
852;2396834;2398367;"this time.
It's honestly annoying and"
853;2398367;2401967;"unhealthy for our relationship.
I respect what you guys had"
854;2401967;2406033;"in the past, but according to
her, it's clearly over."
855;2406033;2410033;"Thanks, Dogs1."
>> KIM: Why can't she have"
856;2410033;2413166;"the, like, guts to tell
you herself?"
857;2413166;2414900;"I'm turning around.
Like, you're not even going to"
858;2414900;2416700;"New York.
I'm sorry."
859;2416700;2418433;">> ROB: You just...
>> KIM: On our way to the"
860;2418433;2421300;"airport, on our way to the
airport, you get an email from"
861;2421300;2424767;"him, like, "Sorry."
But this isn't the biggest sign?"
862;2424767;2427300;">> ROB: I've done every
single thing."
863;2427300;2429333;"I've made myself look like
an idiot."
864;2429333;2432333;"I made myself, you know...
>> KIM: And that's what you do"
865;2432333;2434834;"for someone that you love.
You do it and if you've tried"
866;2434834;2439133;"everything you can, and they're
not, you know, giving you back"
867;2439133;2441433;"what you need in return...
>> ROB: And it sucks."
868;2441433;2443433;">> KIM: After you've tried
everything, then now you know"
869;2443433;2445300;"you have to move on.
And this was the biggest sign"
870;2445300;2447667;"ever.
>> ROB: As hard as it is to let"
871;2447667;2451300;"go of the love of my life, I
needed to learn that cheating"
872;2451300;2454066;"isn't acceptable.
I'll never, ever do this to my"
873;2454066;2457834;"wife, to my future girlfriend.
It sucks so much and I'm, like,"
874;2457834;2463800;"in so much pain, but I have to
move on and it just... sucks."
875;2463800;2467233;"I just...
I'm, like..."
876;2467233;2470967;"I just can't believe that, like,
I loved her so much."
877;2470967;2472834;"♪ ♪"
878;2489967;2491834;"(wind howling)"
879;2503700;2507000;">> BRUCE: All right, we're here.
>> KRIS: Okay, show me your"
880;2507000;2510633;"fabulous toy store, honey.
>> BRUCE: Come on."
881;2510633;2512467;">> KRIS: I feel really bad.
I really didn't look at the big"
882;2512467;2517433;"picture of Bruce's spending, so
I have the perfect way to make"
883;2517433;2520467;"this whole thing up to Bruce.
>> BRUCE: I'm very excited about"
884;2520467;2522734;"this.
Don't dampen my enthusiasm."
885;2522734;2525700;"It's like a good pair of Manolo
Blahniks."
886;2525700;2528600;">> KRIS: Knock yourself out.
>> BRUCE: Think of it that way."
887;2528600;2530567;"We need that in the house.
The kids would like that."
888;2530567;2532333;">> KRIS: No, we don't need that
in the house."
889;2532333;2534567;"Okay, show me what the 700
looks like."
890;2534567;2536767;">> BRUCE: Well, there it is,
honey."
891;2536767;2538600;">> KRIS: It's beautiful.
>> BRUCE: And you're buying it"
892;2538600;2540066;"for me.
>> KRIS: Okay, great."
893;2540066;2542633;"I'm happy to do that.
All right, so how much is this"
894;2542633;2545066;"helicopter?
>> CLERK: Close to $3,000."
895;2545066;2547333;">> KRIS: $3,000?
>> CLERK: Mm-hmm."
896;2547333;2549166;">> KRIS: $3,000?
>> CLERK: Yeah."
897;2549166;2551467;">> KRIS: For this--
For this toy?"
898;2551467;2553767;">> BRUCE: Well, it's not a toy,
honey, this is a very"
899;2553767;2555433;"sophisticated piece
of equipment."
900;2555433;2557967;"I mean, this is like what the
pros use."
901;2557967;2560033;">> KRIS: There you go, honey.
>> BRUCE: Throw it down."
902;2560033;2561900;">> KRIS: Have a good time.
>> BRUCE: Thanks."
903;2561900;2563600;"(clerks chuckling)
>> KRIS: You work really hard"
904;2563600;2566433;"and you deserve to have what you
want and to have fun in life and"
905;2566433;2568333;"this is your hobby, so go
for it."
906;2568333;2570600;"I think it's cool.
>> BRUCE: All right."
907;2570600;2573967;"Okay.
I have no problem with that."
908;2573967;2577000;"I guarantee, no matter what I
spend here, it's a lot less than"
909;2577000;2579533;"what you do.
>> KRIS: Honey, I think it's"
910;2579533;2582100;"good you put your foot down.
I think actually, you getting"
911;2582100;2584200;"mad at me was actually kind
of sexy."
912;2584200;2585333;">> BRUCE: Really?
>> KRIS: Yeah."
913;2585333;2586934;">> BRUCE: I got to try that
more often."
914;2586934;2588667;">> KRIS: I know, you ought to
try that more often."
915;2588667;2591300;"Get your toy and let's go.
>> BRUCE: Okay, thank you."
916;2591300;2592800;"Thank you, honey.
>> KRIS: Let's go, baby."
917;2592800;2594500;">> BRUCE: You're so sweet,
honey."
918;2594500;2595867;">> KRIS: I know.
So are you."
919;2595867;2597867;">> BRUCE: See you guys later.
I promise I won't crash it."
920;2597867;2603667;">> KRIS: Bye, everybody.
Thank you!"
921;2603667;2605800;">> KHLOE: So, are we not going
to the movies?"
922;2605800;2607700;"'Cause no one's doing anything.
I don't get it."
923;2607700;2610133;">> ROB: I'm actually trying to
save this movie for this date"
924;2610133;2612333;"that I have.
>> KHLOE: Yeah, right."
925;2612333;2614300;"Well, what?
When did you meet her?"
926;2614300;2617300;"I'm so proud of you.
>> ROB: Look, she gave this to"
927;2617300;2621467;"me at Katsuya.
An Armenian girl."
928;2621467;2623667;">> KHLOE: "Call me. Violet."
With a happy face."
929;2623667;2626533;"So, by going on this movie
date, does that mean you are"
930;2626533;2629734;"over Adrienne?
>> ROB: I mean, it's my way of"
931;2629734;2632633;"getting over her.
>> KHLOE: I told you."
932;2632633;2635033;"Cutting yourself off from the
outside world and, like,"
933;2635033;2636767;"waiting for Adrienne, that's
never going to do anything"
934;2636767;2638100;"for you.
So, wait."
935;2638100;2640967;"So that means no movie for us.
>> ROB: No, it isn't."
936;2640967;2642600;">> KHLOE: You're saving it?
>> SCOTT: We could still go,"
937;2642600;2644433;"Khlo.
>> KYLIE: Can I come?"
938;2644433;2646467;">> KHLOE: We'll all just go.
>> ROB: Yeah."
939;2646467;2649734;">> KHLOE: Well, Rob,
I'm so happy you're moving on."
940;2649734;2651633;">> ROB: There's more love
out there."
941;2651633;2653967;">> KHLOE: There is and it begins
with us."
942;2653967;2656166;">> ROB: With Kylie.
>> KHLOE: Kylie, don't go"
943;2656166;2659066;"to him.
Kylie, pick or choose, now."
944;2659066;2660934;">> KYLIE: You're mean to me.
>> KHLOE: I'm mean?"
945;2660934;2662533;">> KYLIE: Robert would never--
>> ROB: All right, all right,"
946;2662533;2668500;"all right.
>> KHLOE: You're dead, Kylie."
947;2668500;2669533;"Keeping Up With
the Kardashians:"
948;2669533;2671200;">> KIM: I found the dog walking
around in Calabasas."
949;2671200;2673900;">> WOMAN: She has a condition
called pyometra."
950;2673900;2677734;">> KIM: I can't watch that.
>> ROB: Just do it, bro."
951;2677734;2681100;">> BRUCE: Rob moving back in--
not a good thing."
952;2681100;2682667;"Hey, what the hell are you guys
doing?!"
953;2682667;2684033;"I'm sick and tired of you
babying this little kid."
954;2684033;2686633;">> KRIS: I don't baby him.
>> BRUCE: He's 22 years old!"