﻿Number;Start time in milliseconds;End time in milliseconds;"Text"
1;3400;4767;">> KHLOE: Don't leave.
I'm just kidding."
2;4767;6433;">> KOURTNEY: I don't care.
I don't care. I'm tired."
3;6433;7800;">> KHLOE: No, we're just
playing."
4;7800;9200;">> SCOTT: Khloe, stop!
>> KHLOE: We're just playing."
5;9200;11133;">> SCOTT: Khloe, she's pregnant.
Can you just get your hands off"
6;11133;12500;"her?
>> KHLOE: Don't touch her!"
7;12500;13967;">> SCOTT: Khloe!
>> KOURTNEY: That's not even"
8;13967;15500;"funny. I'm leaving.
>> KHLOE: Kourt! Kourt!"
9;15500;19834;">> SCOTT: Just get away from us!
(door slamming)"
10;19834;21700;">> KHLOE: I mean, honestly, he
grabbed Kourtney."
11;21700;24266;"I was-- it's my sister.
>> KIM: He just went, "Come on,""
12;24266;26500;"like this.
He didn't go, "Get over here,"
13;26500;28400;"woman."
>> ROBERT: We had such a nice"
14;28400;31567;"dinner, then you just (bleep) it
all up."
15;31567;38467;"Captioning sponsored by
 BUNIM-MURRAY PRODUCTIONS"
16;38467;41300;">> KRIS: Roya, I think we should
give these away like a free gift"
17;41300;42734;"with purchase.
>> ROYA: Okay."
18;42734;44266;">> KRIS: Okay, to anybody
like..."
19;44266;45700;">> KOURTNEY: Hey, guys.
>> KRIS: Hey, Kourt."
20;45700;47333;"What are you doing?
>> KOURTNEY: Just coming to get"
21;47333;49400;"my stuff.
I'm just going to work from home"
22;49400;50734;"today.
>> KRIS: Why?"
23;50734;53033;">> KOURTNEY: Khloe's psycho,
and I don't want to see her."
24;53033;56633;"She's, like...
Last night, like, literally"
25;56633;60633;"slaps Scott across his face.
>> KRIS: I knew she was mad at"
26;60633;63633;"Scott, but I never expected that
she would really take out"
27;63633;66700;"everything she had inside and
hit him."
28;66700;68667;"Kourtney, what did Scott say
though?"
29;68667;71000;"I mean, was he...?
>> KOURTNEY: Nothing."
30;71000;73433;"He wasn't doing anything.
They were just playing around,"
31;73433;76033;"but then she, like, took it to
the next level."
32;76033;78700;"Khloe hitting Scott totally
crossed the line."
33;78700;81433;"I don't want anything to do with
her right now."
34;81433;84333;"I don't want to look at her.
I don't want to talk to her."
35;84333;86233;">> KRIS: I'm tired of everybody
fighting."
36;86233;89066;"I'll go talk to her.
This is just something that"
37;89066;91667;"really needs my attention right
now, and I'm going to have to"
38;91667;95033;"step in and see if I can get the
two of them to work it out."
39;95033;98133;"Hey, Khloe.
>> KHLOE: Hello, gov'ner."
40;98133;100967;">> KRIS: What are you doing?
>> KHLOE: Nothing."
41;100967;102767;"It's hot in here.
>> KRIS: You know, I need to"
42;102767;104800;"talk to you about something.
>> KHLOE: What?"
43;104800;107567;">> KRIS: I just heard that you
slapped Scott last night."
44;107567;109834;">> KHLOE: Oh, my God.
It's not even that big of a"
45;109834;111667;"deal.
>> KRIS: Khloe, it is a big"
46;111667;113400;"deal.
>> KRIS: I don't care how mad"
47;113400;115367;"you are at somebody, you don't
hit somebody."
48;115367;118934;"That's abusive.
You know, I know that he's not"
49;118934;120567;"the idea situation...
>> KHLOE: So."
50;120567;122433;">> KRIS: ...but he is a part of
our family."
51;122433;124300;"It's going to be a different
dynamic between you and"
52;124300;125900;"Kourtney, because there's going
to be a baby."
53;125900;127967;">> KHLOE: I love that it's so
easy to preach when you're the"
54;127967;130200;"one that is so mean to Scott.
You yell at him every second."
55;130200;132800;"And now that I get angry one
time 'cause he grabbed me for"
56;132800;136066;"sister, you're going
to now criticize me and blame me"
57;136066;137533;"for something?
That's ridiculous."
58;137533;139266;">> KRIS: Look how angry you're
getting."
59;139266;141200;">> KHLOE: My whole family is so
hypocritical."
60;141200;144033;"Everyone's pointing the finger
at me for slapping Scott."
61;144033;146400;"I'm just doing what they all
wish they would do."
62;146400;149133;">> KRIS: Well, you work on your
anger and I'll try and work on"
63;149133;152100;"mine, and we'll change our
attitudes together."
64;152100;156367;"Happy family."
65;160600;162633;">> LISA: What's going on with
Khlo since the wedding?"
66;162633;164767;"I haven't even seen her.
>> KRIS: I think it's really"
67;164767;168300;"good for Khloe to kind of be
away from Kourtney a little bit."
68;168300;171433;"Khloe needs to concentrate on
being married and being a"
69;171433;177433;"newlywed and making babies.
>> LISA: Oh, God."
70;177433;181734;"Talking about sex-- do you
remember I told you I went to"
71;181734;183367;"Betsy's birthday dinner?
>> KRIS: Yeah."
72;183367;185300;">> LISA: The party favors,
you're going to die."
73;185300;188066;"These were at every one of our
seats."
74;188066;190400;">> KRIS: What is it?
>> LISA: They're little male"
75;190400;194200;"enhancement sex pills.
>> KRIS: Oh... sex pills."
76;194200;196133;">> LISA: I am not kidding you.
>> KRIS: And I thought my"
77;196133;198800;"friends were crazy.
Lisa's friends gave out organic"
78;198800;202467;"male enhancement pills that, I
guess you can buy over the"
79;202467;204166;"counter.
>> LISA: I wouldn't mind trying"
80;204166;207734;"it. I mean...
>> KRIS: Bruce is never going to"
81;207734;209233;"go for this.
>> LISA: Just take it."
82;209233;211367;"Just take it.
All I want to know is, I want a"
83;211367;213133;"report afterwards.
>> KRIS: A report?"
84;213133;214867;">> LISA: Yeah.
And I'll give you one."
85;214867;216633;">> KRIS: Stand by for that.
You might be waiting a really"
86;216633;223433;"long time.
(laughs)"
87;223433;225967;"(touch-tone dialing)
>> KRIS: I'll wear it."
88;225967;227567;"No. I think it'll...
>> KHLOE: Whose is it?"
89;227567;229533;">> KRIS: It's mine.
>> KHLOE: Unh-uh, it's Kim's."
90;229533;231667;">> KRIS: But I took it.
She doesn't need another one."
91;231667;233333;"She'll never know.
>> KHLOE: Wait, did you really"
92;233333;235033;"take-- I knew you took it
from Kim."
93;235033;236400;">> KOURTNEY: Hello?
>> KHLOE: You're so evil."
94;236400;238233;">> KRIS: Hey, Kourt.
I'm with Khloe."
95;238233;239734;">> KHLOE: Hey, Kourt.
>> KOURTNEY: Hi, guys."
96;239734;242200;">> KRIS: So, we're going to
leave here in about 15 minutes"
97;242200;244900;"and go to the sale at Barney's.
You want to go with us?"
98;244900;249033;">> KOURTNEY: Um, no, thanks.
I'm... have-- really busy."
99;249033;251033;">> KHLOE: You have been so MIA
lately."
100;251033;253567;"What the hell is wrong with you?
>> KOURTNEY: Why would you think"
101;253567;255533;"I would want anything to do with
you?"
102;255533;257367;"You slapped Scott across the
face."
103;257367;259233;">> KHLOE: You are Sensitive
Sally."
104;259233;261567;"Seriously, calm down.
>> KOURTNEY: All right."
105;261567;265033;"Have fun. I'm super busy.
>> KRIS: She's really serious."
106;265033;267533;"Right?
>> KHLOE: Kourtney has never"
107;267533;270133;"spoken to me this way.
I don't want to apologize to"
108;270133;273200;"Scott, but I know the only way I
can hang out with Kourtney again"
109;273200;277066;"is if I apologize."
110;283767;287100;"(knocking)
>> SCOTT: Yeah?"
111;287100;288900;">> KHLOE: Hi, Scott.
Can I come in?"
112;288900;292200;">> SCOTT: For what?
>> KHLOE: Well, I came here to"
113;292200;295400;"talk to you in person.
Hey, Kourt."
114;295400;298400;"I came here to apologize about
what happened."
115;298400;301567;"I mean, honestly, I think we all
overreacted."
116;301567;304100;">> SCOTT: I overreacted, Khloe?
I wasn't the one assaulting"
117;304100;306867;"people, if you don't remember.
>> KHLOE: I felt like you were"
118;306867;308467;"invading my space with my
sister."
119;308467;311467;">> SCOTT: Invading your space?
You physically attacked me."
120;311467;314667;"Until you do something, I don't
need you around me or around"
121;314667;316300;"her.
>> KHLOE: He's brainwashing"
122;316300;318300;"you...
>> SCOTT: She's not brainwashed!"
123;318300;320667;">> KHLOE: You are disgusting and
you're going way too overboard."
124;320667;322433;"I have to go.
>> SCOTT: If you hit"
125;322433;324567;"somebody else that wasn't me,
you could get sued."
126;324567;326400;">> KHLOE: Scott, shut up.
>> SCOTT: Shut up?"
127;326400;328533;"Why don't you get mad again?
Go hitting somebody!"
128;328533;330400;"(door slams)"
129;341266;343567;">> KRIS: I know I probably
shouldn't do this."
130;343567;349767;"If I put one little pill in his
coffee, what's the harm?"
131;349767;351100;"Hey, honey.
>> BRUCE: Good morning."
132;351100;353033;"Hey, how's it going?
>> KRIS: Here, honey."
133;353033;354567;"Here's your coffee.
>> BRUCE: Thank you."
134;354567;357333;">> KENDAL: Good morning! Hi.
>> KRIS: Okay, what are you guys"
135;357333;359233;"going to have-- bagels?
>> BRUCE: You guys want to go to"
136;359233;360900;"the mall today?
Is that what you want to do?"
137;360900;362767;">> KENDAL: Actually, I do.
>> ROBERT: We're all going to"
138;362767;365734;"the mall.
We're all going to the mall."
139;365734;367867;">> BRUCE: Kendal and Kylie,
they're growing up."
140;367867;370834;"If I want to spend time with my
little girls, now teenagers,"
141;370834;374100;"where do I go?
To the mall."
142;374100;376834;">> KRIS: Hey, honey.
Why would you clean the pool if"
143;376834;378800;"we have a pool man?
What's going on?"
144;378800;380934;">> BRUCE: What are you doing?
>> KRIS: Can I help you clean"
145;380934;383200;"the pool?
I have a little bit of time"
146;383200;386166;"before I go to the mall.
Let's see if this pill even"
147;386166;388133;"works.
>> BRUCE: What, are you into the"
148;388133;389467;"pool guy?
>> KRIS: Yeah."
149;389467;390800;">> BRUCE: Are you into the pool
thing?"
150;390800;392333;">> KRIS: I have a pool man
fantasy."
151;392333;393834;">> BRUCE: Really?
>> KRIS: Yeah. You want to play"
152;393834;395333;""I'm the housewife and you're
the pool man"?"
153;395333;396667;"(Bruce laughs)
Huh?"
154;396667;398367;">> BRUCE: I think that might
work out very well."
155;398367;402100;"Yeah, that's...
Maybe we should."
156;402100;404567;">> KRIS: We've got 20 minutes.
I've got to take a shower."
157;404567;406600;">> BRUCE: Longer than that.
I'm in no rush."
158;406600;412400;"(door closes)
>> KRIS: Yeah?!"
159;412400;415367;">> ROBERT: We're ready.
>> KRIS: Okay, Rob, give me five"
160;415367;417967;"more minutes.
>> ROBERT: What are you guys"
161;417967;424600;"taking so long for?
>> KRIS: Rob, go away!"
162;424600;426166;">> KYLIE: Mom?
>> KRIS: What?"
163;426166;429533;">> KYLIE: The kitchen's on fire.
>> KRIS: What? What?!"
164;429533;431967;">> ROBERT: What do you mean
what?"
165;431967;433567;">> KRIS: We're busy, Rob.
>> BRUCE: I'll tell you what--"
166;433567;435633;"why don't you take them?
Rob, here's a credit card."
167;435633;445400;">> ROBERT: You guys are bad
people."
168;445400;447000;">> KRIS: So how's everything
going?"
169;447000;449033;"What's going on, everybody?
>> SCOTT: We've been good."
170;449033;452000;"Everything's good except your
one psychotic daughter, Khloe."
171;452000;455667;"She's, like, angry at the world.
>> KIM: She's not angry at the"
172;455667;457467;"world.
>> KOURTNEY: I do miss Khloe,"
173;457467;459767;"though.
I'm just over this whole drama"
174;459767;463934;"and fighting.
I just want to get it resolved"
175;463934;468567;"and have it back to normal.
>> KIM: There's just, you know,"
176;468567;471633;"this, like, separation between
the two of them, and I think"
177;471633;473900;"they miss each other.
>> KRIS: So has anybody talked"
178;473900;476300;"to Khloe?
>> SCOTT: I mean, she tried to"
179;476300;479867;"come to our house and apologize,
but I just said until she got,"
180;479867;481934;"like, help, I don't want her
around me or her."
181;481934;484133;"I think she needs to go to some
kind of anger management."
182;484133;485867;">> KIM: That's crazy.
She does not need anger"
183;485867;487600;"management.
She was just, like, drunk and"
184;487600;490133;"just messing around with you...
>> SCOTT: And you think that's"
185;490133;491900;"fine just to go around being
like that?"
186;491900;493800;">> KRIS: I understand where
Scott is coming from."
187;493800;496166;"I mean, he's just trying to
figure out a way to set"
188;496166;499100;"boundaries with Khloe, and let
her see that there's"
189;499100;502767;"consequences for her actions.
I'll tell her that, you know,"
190;502767;508133;"maybe it would be a good idea to
kind of mend this rift you guys"
191;508133;511633;"have going on.
And maybe it wouldn't hurt her"
192;511633;513433;"to go to a class.
>> KOURTNEY: Mm-hmm."
193;513433;515333;">> SCOTT: Perfect.
>> KRIS: Done."
194;515333;516667;">> SCOTT: Done.
>> KOURTNEY: Done."
195;516667;518233;"I'm such a genius.
>> SCOTT: Let's eat."
196;518233;518934;">> KIM: Let's eat."
197;523233;526800;">> KRIS: Honey, thank you for a
special day today."
198;526800;529500;">> BRUCE: I don't know what it
is about Kris, but she's acting"
199;529500;536767;"pretty hot.
She wants it in the kitchen!"
200;536767;539767;"(exclaiming)
What?"
201;539767;541700;">> KENDAL: What do you mean
what?!"
202;541700;544000;">> KRIS: Why is it that I'm
feeling a little dirty right"
203;544000;547266;"now?
>> BRUCE: That's good, honey."
204;547266;549100;"I like dirty!"
205;552934;557500;"♪ ♪
>> KRIS: Come over here and sit"
206;557500;559800;"down with me.
I want to have a talk with you."
207;559800;562800;"Anybody who knows Khloe, knows
that she's not going to do"
208;562800;566000;"anything she doesn't want to do.
Now, it's my job as her mom to"
209;566000;569967;"convince Khloe to go to anger
management."
210;569967;572734;"Kim and I decided that we wanted
to have a talk with you."
211;572734;576934;"Listen, you and Kourtney out of
everybody in our family are"
212;576934;579300;"the two closest.
And I really need you to help me"
213;579300;582633;"fix the piece in the family.
And maybe you should just"
214;582633;587533;"consider making everybody happy
and going to, like, an anger"
215;587533;590867;"management program.
>> KOURTNEY: Khloe is, like,"
216;590867;592533;"MIA.
>> SCOTT: I'm still here."
217;592533;594734;">> KOURTNEY: I just miss my
sister."
218;594734;597333;">> DOCTOR: I think the next step
is going to be for you to go"
219;597333;599767;"into the emergency room.
>> KRIS: I feel so guilty."
220;599767;610266;">> BRUCE: This is about as dumb
as you've gotten so far."
221;610266;612734;">> KRIS: Maybe you should just
consider going to, like, an"
222;612734;616333;"anger management program.
I know it sounds stupid, but if"
223;616333;619533;"you just go along with them and
just go one time."
224;619533;622433;">> KHLOE: Okay, fine.
I'll go to anger management if"
225;622433;625600;"that means everyone will shut up
about this and move on, and it"
226;625600;628767;"will make everybody happy.
Honestly, this (bleep) I have to"
227;628767;632300;"do in this family is "ridic."
>> KIM: You just are too strong"
228;632300;635100;"for your own good.
Like, you just don't even know."
229;635100;646266;"Like, you know?
>> KHLOE: Oh, Kim."
230;646266;650667;">> KRIS: I feel so guilty, but
Bruce and I are having so much"
231;650667;653133;"fun.
>> ROBERT: Morning, Mother."
232;653133;654900;">> KRIS: Hey, Rob.
Are you hungry, sweetie?"
233;654900;657333;"You want some breakfast?
>> ROBERT: Yes, please."
234;657333;659767;"You're making such a nice
breakfast, Mom."
235;659767;662233;">> BRUCE: He's starving.
>> ROBERT: 'Cause you guys have"
236;662233;664433;"been boning so much.
>> KRIS: Rob! Rob! Rob! Rob!"
237;664433;666600;"Rob!
It's not cool to be talking to"
238;666600;668467;"your mother like this.
Come on."
239;668467;675100;"Just go get dressed.
>> ROBERT: Okay, thanks."
240;675100;677533;">> KRIS: Hey, honey, I have your
coffee."
241;677533;679734;">> BRUCE: Yeah."
242;686433;688767;">> KOURTNEY: Can you measure me?
Waist?"
243;688767;690700;">> SCOTT: You want me to measure
you?"
244;690700;692667;">> KOURTNEY: Yes, get a
measuring tape."
245;692667;695800;">> SCOTT: I'll go grab one.
Got one."
246;695800;697867;">> KOURTNEY: Duh, what the
(bleep) is that?"
247;697867;701033;"You need, like, a fabric one.
>> SCOTT: This is what I use."
248;701033;703633;">> KOURTNEY: Fine, let's just
try it."
249;703633;707500;"Oh, you're worthless.
>> SCOTT: That's worth...?"
250;707500;709900;"I was sleeping.
>> KOURTNEY: This is what I need"
251;709900;712100;"Khloe for, and Khloe is, like,
MIA."
252;712100;713967;">> SCOTT: I'm still here.
>> KOURTNEY: I know."
253;713967;716266;">> SCOTT: I'm sitting here
reading a million baby books all"
254;716266;717934;"morning.
>> KOURTNEY: I just miss my"
255;717934;720333;"sister."
256;728100;733000;">> ROBERT: So I wake up from a
nap and my penis is (bleep)."
257;733000;737834;"And this would not go away.
I don't know why I can't control"
258;737834;740300;"myself right now.
I haven't had an erection"
259;740300;742700;"problem since I was in middle
school."
260;742700;745600;">> KRIS: Rob, where are you?
>> ROBERT: Mom."
261;745600;748667;"Mom, don't come in here.
>> KRIS: What are you doing?"
262;748667;749967;">>ROBERT: Mom, don't come in
here."
263;749967;751767;">> KRIS: What are you doing?
>> ROBERT: Shut the door,"
264;751767;753567;"please.
>> KRIS: Rob, you're acting"
265;753567;757300;"really bizarre.
>> ROBERT: I call Scott out of"
266;757300;760967;"all people, because I just could
not tell my Mom, 'cause that's"
267;760967;764233;"just plain awkward.
I have a (bleep) and it will not"
268;764233;766233;"go away.
>> SCOTT: If you're kidding and"
269;766233;768066;"I get there and you're
sitting..."
270;768066;769734;">> ROBERT: I'm not.
>> SCOTT: ...there with a dildo"
271;769734;771567;"or something weird, I'm not into
it."
272;771567;773300;"I'm tired.
>> ROBERT: This is probably one"
273;773300;775600;"of the most embarrassing things
that could ever happen to me,"
274;775600;778433;"considering I live in a house
with my mother and two little"
275;778433;780533;"sisters.
>> SCOTT: What's the problem?"
276;780533;782934;">> ROBERT: Scotty.
>> SCOTT: Ew!"
277;782934;785333;">> ROBERT: It doesn't look bad
right now."
278;785333;789133;"I've been (bleep) for two hours
at least."
279;789133;791266;">> SCOTT: You've got to go to
the doctor."
280;791266;804100;">> ROBERT: The only doctor I
know is my pediatrician."
281;804100;806467;">> DOCTOR: Just relax.
Does that hurt when I push?"
282;806467;808834;">> ROBERT: No.
>> DOCTOR: No. Okay."
283;808834;810633;"Can you cough for me?
(coughs)"
284;810633;812967;"The good news is, you know,
nothing is turning black and"
285;812967;814734;"blue.
I think the next step is going"
286;814734;816867;"to be for you to go into
the hospital and go into the"
287;816867;818433;"emergency room.
>> ROBERT: Once I hear that I"
288;818433;821367;"may need to go to the hospital,
I definitely need Scott to call"
289;821367;824233;"my mother."
290;827333;830133;">> KRIS: I get a call from Scott
telling me he's got to take Rob"
291;830133;832900;"to the doctor.
I'm supposed to be with Khloe"
292;832900;835066;"and Bruce, and I'm just going to
have everyone meet there."
293;835066;837333;"We're going straight to the
doctor's, so I can make sure"
294;837333;841033;"that Robert's going to be okay.
>> KHLOE: Oh, death!"
295;841033;845367;"Just come on, Robert.
>> DOCTOR: So, how did this all"
296;845367;848767;"start? Did you... wake up with
it? Did you..."
297;848767;852533;">> ROBERT: I literally took a
nap, woke up and that was it."
298;852533;854767;">> DOCTOR: So you're sure you
haven't taken any erectile"
299;854767;856700;"dysfunction medications and that
stuff that you see?"
300;856700;859934;"You know, the Viagras or
Levitras?"
301;859934;861567;">> ROBERT: I haven't taken
anything."
302;861567;863734;">> Okay.
>> ROBERT: The doctor gave me"
303;863734;866700;"some extra strength Tylenol.
And he said if it doesn't go"
304;866700;869734;"down in the next 24 hours, then
you definitely need to go the"
305;869734;873000;"hospital.
He said that obviously I took"
306;873000;875000;"some kind of drug, and I
haven't."
307;875000;877266;">> KRIS: What kind of a drug?
>> ROBERT: An erectile"
308;877266;880967;"dysfunctional...
(Khloe laughs)"
309;880967;883500;">> KRIS: There's definitely
something wrong with my son."
310;883500;887133;"I'm thinking maybe Rob drank
Bruce's coffee."
311;887133;890266;"Is there a way I could have a
little chat with the doctor?"
312;890266;896600;">> RECEPTIONIST: Sure.
>> KRIS: Okay, thanks."
313;896600;898900;">> DOCTOR: Yeah, that's the
idea."
314;898900;902900;">> KRIS: If he was to have taken
some kind of a drug..."
315;902900;907333;"Like one of those things that
you take to get, you know, like,"
316;907333;909734;"a Viagra-- one of those kind of
things."
317;909734;911667;">> DOCTOR: At least that would
give us an explanation."
318;911667;916500;"Um, if this doesn't go away on
its own, then... probably"
319;916500;918567;"gonna go to the hospital.
>> KRIS: Get it checked out."
320;918567;922200;">> DOCTOR: Get it checked out.
>> KRIS: I realize that now I"
321;922200;925567;"have to tell Robert and Bruce
what's really going on."
322;925567;931633;"And this is going to be really,
really hard for me."
323;931633;933500;">> BRUCE: All right, we're out
of here."
324;933500;935600;"All right, did you pay for it?
>> KRIS: Okay, before you go,"
325;935600;939834;"this isn't easy for me to say.
I think that he might've"
326;939834;945033;"accidentally drank some coffee
that I had intended for you to"
327;945033;947066;"drink.
>> BRUCE: Yeah."
328;947066;950100;">> KRIS: That had a little, kind
of, like, a male enhancement,"
329;950100;953934;"little drug thing.
>> BRUCE: You've got to be"
330;953934;955900;"kidding me?
What the hell are you doing?"
331;955900;958467;"Honey... you are a smart lady.
Okay?"
332;958467;960033;">> KRIS: Yeah.
>> BRUCE: But sometimes you do"
333;960033;962967;"the dumbest things.
And this is about as dumb as"
334;962967;965100;"you've gotten so far.
>> ROBERT: I feel like I should"
335;965100;968266;"be really pissed at her.
But I mean, this is, like, so"
336;968266;970834;"ridiculous, I don't even know
how to feel."
337;970834;972600;">> KRIS: You weren't having fun
the last couple of days?"
338;972600;975767;">> BRUCE: Can we just go home?
Let's go."
339;975767;978834;"(Kim screaming)
>> KRIS: Leave her alone."
340;978834;982100;"Stop it.
>> COUNSELOR: Welcome to"
341;982100;988600;"Daybreak Counseling Service.
What brings you to the class?"
342;988600;990633;"Captioned by 
 Media Access Group at WGBH"
343;990633;993500;"access.wgbh.org"
344;995567;999166;">> KIM: So what are you guys
going to do tonight?"
345;999166;1002500;">> LAMAR: She's going to...
>> KHLOE: I have anger"
346;1002500;1004667;"management.
>> KIM: Anger management?"
347;1004667;1007667;">> LAMAR: Anger management.
(gruffly): "Hi, my name is"
348;1007667;1010300;"Khloe."
>> KHLOE: You're coming with me."
349;1010300;1011800;">> KIM: What?
>> KHLOE: You're the one that"
350;1011800;1014066;"decided that I have to go, so
you're coming with."
351;1014066;1015834;"Kim is definitely going with me
to anger management."
352;1015834;1017767;"If I have to go through this, so
does she."
353;1017767;1019667;"I'm not going to be miserable
alone."
354;1019667;1021400;">> KIM: You're taking me with
you?"
355;1021400;1023734;">> BRUCE: You're going to throw
out your back right now."
356;1023734;1026333;"Where are you taking her?
Are you taking her..."
357;1026333;1027967;">> KRIS: Bye, you guys.
Have fun."
358;1027967;1030300;">> BRUCE: Yeah.
>> KIM: Mom!"
359;1030300;1033867;"My shoe!
(muffled): Help!"
360;1033867;1038767;"Mom!
Mom!"
361;1038767;1043734;">> KRIS: Leave her alone.
Leave her alone!"
362;1043734;1047367;">> KIM: My hair! Ow!
>> KRIS: Stop it."
363;1047367;1054567;"Rocky, stop it.
(laughing)"
364;1054567;1058400;">> MAN: People cut me off, I
want to run them down sometimes."
365;1058400;1061066;">> COUNSELOR: Okay, tell me what
would you like to do?"
366;1061066;1063600;">> WOMAN: (bleep), get your
(bleep) ass up out of here!"
367;1063600;1068166;">> COUNSELOR: Okay. All right.
That's aggressive communication."
368;1068166;1072500;">> WOMAN: Things got heated, and
I just started throwing shoes."
369;1072500;1074400;">> COUNSELOR: Okay.
Just have a seat right here,"
370;1074400;1076066;"please.
Thank you."
371;1076066;1079100;"Right on time.
Welcome to Daybreak Counseling"
372;1079100;1081066;"Service.
This is an anger management"
373;1081066;1083233;"class.
What brings you to the class?"
374;1083233;1086734;">> KHLOE: Um, because I got into
a fight with my sister's"
375;1086734;1088867;"boyfriend.
>> COUNSELOR: Tell me about this"
376;1088867;1091066;"fight.
What's going on?"
377;1091066;1092867;">> KHLOE: He's a douche-lord and
I hit him."
378;1092867;1095667;">> COUNSELOR: Okay, one of the
things that we always say in the"
379;1095667;1097867;"class is that "anger is a
secondary emotion.""
380;1097867;1100700;"So what I want you to do...
Come up for a second."
381;1100700;1102934;">> KHLOE: The teacher wants to
do a demonstration where"
382;1102934;1106166;"Kimberly pretends to be Scott
and I am myself."
383;1106166;1110467;"And I have to verbalize my
feelings to Scott."
384;1110467;1113033;">> COUNSELOR: So tell Scott
basically how you feel."
385;1113033;1115533;">> KHLOE: I feel like you are a
major douche-lord."
386;1115533;1117133;">> COUNSELOR: Stop.
>> KHLOE: Oh."
387;1117133;1119400;">> COUNSELOR: Okay.
You're not telling Scott how you"
388;1119400;1122700;"feel inside about...
>> KHLOE: Oh, my emotions."
389;1122700;1125433;">> COUNSELOR: Your emotions.
>> KHLOE: I feel like you're"
390;1125433;1128767;"taking my sister away from me.
>> Okay, so what does that do to"
391;1128767;1132166;"you inside?
>> KHLOE: I feel... it hurts me."
392;1132166;1133867;">> COUNSELOR: How would you
respond to that?"
393;1133867;1135600;">> KIM: Uh, he would just
probably be, like..."
394;1135600;1137066;">> KHLOE: Denial.
>> KIM: Yeah."
395;1137066;1139600;">> COUNSELOR: And that's
perfect, because this formula"
396;1139600;1141100;"doesn't change Scott.
>> KHLOE: Mm-hmm."
397;1141100;1142900;">> COUNSELOR: What it did, it
changed how you interacted with"
398;1142900;1145233;"Scott.
>> KHLOE: During this class, I'm"
399;1145233;1148033;"realizing that, you know, my
anger that I have for Scott is"
400;1148033;1151400;"not really about him.
It's about the fact that I feel"
401;1151400;1153633;"like I'm losing Kourtney, and I
feel like she's being taken away"
402;1153633;1155000;"from me.
>> COUNSELOR: Do you miss your"
403;1155000;1156233;"sister?
>> KHLOE: Mm-hmm."
404;1156233;1158166;">> COUNSELOR: You feel that
loss?"
405;1158166;1162734;"I'm wondering what are you
willing to do to bring her in?"
406;1162734;1166400;">> KHLOE: Try a little harder
and not ignore him."
407;1166400;1169133;"But I don't necessarily have to
go out of my way to be nice to"
408;1169133;1171166;"him.
Just be nice enough to make her"
409;1171166;1172667;"feel comfortable.
>> Right."
410;1172667;1174567;">> KHLOE: Thank you.
>> COUNSELOR: Okay."
411;1174567;1179100;"♪ ♪"
412;1182233;1184133;">> SCOTT: It's called your job
being a woman."
413;1184133;1186000;">> KOURTNEY: It's called...
>> SCOTT: Cooking and cleaning."
414;1186000;1187367;">> KOURTNEY: Yeah?
>> SCOTT: Yeah."
415;1187367;1189700;">> KOURTNEY: See if that ever
happens."
416;1189700;1193000;"I will spray this (bleep) right
on your face, and I know how"
417;1193000;1194300;"much you hate grease.
(doorbell ringing)"
418;1194300;1195967;">> SCOTT: The door is... come
on."
419;1195967;1197667;">> KOURTNEY: Hurry, you'd better
watch out."
420;1197667;1199967;">> SCOTT: Just make me food!
Ay!"
421;1199967;1202166;"Hi.
>> KHLOE: Hi."
422;1202166;1206767;">> SCOTT: How's it going?
What's going on?"
423;1206767;1208633;">> KHLOE: I did take your
advice."
424;1208633;1213433;"I did go to anger management.
And now totally get that I"
425;1213433;1218066;"handled it wrong.
And I almost feel, or felt,"
426;1218066;1222233;"like, almost like you were
taking Kourtney away from me."
427;1222233;1225300;">> SCOTT: I understand what it
must be like for you to not have"
428;1225300;1226967;"Kourtney every day.
>> KHLOE: We're not Siamese"
429;1226967;1228700;"twins.
We can't be together all the"
430;1228700;1230000;"time.
I'm married now."
431;1230000;1232834;"She's having a baby.
But I do want you to know that I"
432;1232834;1236734;"am sorry and I won't hit you
anymore."
433;1236734;1239166;">> SCOTT: I appreciate it.
As long as you realize that..."
434;1239166;1241834;">> KOURTNEY: Aw... how cute!
We're all friends again."
435;1241834;1244633;">> KHLOE: I'm really glad that I
went to anger management class."
436;1244633;1246800;"I don't want to hit Scott
anymore."
437;1246800;1249233;"I love Kourt and I want to be
with her, so therefore..."
438;1249233;1253200;"And I promise to never slap him
again, unless he does something"
439;1253200;1256100;"really bad.
>> SCOTT: Oh, bring it in for"
440;1256100;1258066;"the real thing.
>> KHLOE: I barely hugged you."
441;1258066;1261934;">> KOURTNEY: We're all friends."
442;1269934;1272233;">> KOURTNEY: Only Khloe and I
know what the bunny hop is."
443;1272233;1274033;">> KRIS: I know what the bunny
hop is, honey."
444;1274033;1275767;">> KOURTNEY: No, you don't know
what it is."
445;1275767;1277500;">> KRIS: I invented the bunny
hop."
446;1277500;1279400;">> KHLOE: Mom, you don't know
what we're talking about."
447;1279400;1281633;">> SCOTT: Hey, Kris.
We just had some coffee of yours"
448;1281633;1285033;"that you made us earlier.
>> ROBERT: So I decided I'm, I'm"
449;1285033;1287900;"going to forgive my mom, but I'm
still going to have my fun with"
450;1287900;1290467;"her and give her a hard time.
>> SCOTT: It's so weird, I just"
451;1290467;1292367;"had some coffee.
>> ROBERT: I don't know what it"
452;1292367;1293867;"was, but all of a s...
>> KIM: What are you doing?"
453;1293867;1296200;">> ROBERT: All of a sudden, I
drank something, and my..."
454;1296200;1297900;">> SCOTT: I thought it was
decaf."
455;1297900;1300300;">> ROBERT: ...my penis turned
green."
456;1300300;1303033;">> KRIS: Robert, stick that back
in there."
457;1303033;1304700;">> BRUCE: I found your, uh,
magic pills."
458;1304700;1306967;">> LAMAR: What is this?
>> KRIS: Honey, I'm sorry."
459;1306967;1309000;"You're great with or without the
pills."
460;1309000;1312567;">> BRUCE: Apology accepted.
Everybody, let's eat."
461;1312567;1317533;"Just watch out for the coffee.
 Keeping Up"
462;1317533;1319767;"With the Kardashians:
>> KRIS: Reggie, it feels really"
463;1319767;1321934;"good to have you back.
(all whooping)"
464;1321934;1325333;">> KIM: Reggie and I don't ever
want to be away from each other."
465;1325333;1327500;"(applause)
>> KHLOE: Today Lamar and I are"
466;1327500;1328734;"Chelsea Lately
show."
467;1328734;1330166;">> CHELSEA: And you're not
pregnant?"
468;1330166;1332200;">> KHLOE: I don't think so.
>> KIM: KHLOE is pregnant."
469;1332200;1334200;">> KRIS: She's pregnant?!
>> KIM: Yes."
470;1334200;1335100;">> KRIS: Is that why they got"