﻿Number;Start time in milliseconds;End time in milliseconds;"Text"
1;3800;5400;"Keeping
Up with the Kardashians:"
2;5400;7166;"(Scott laughs)
>> SCOTT: I'm ready to do some"
3;7166;9867;"bad things tonight.
>> KOURTNEY: Ow!"
4;9867;12100;">> KRIS: Now, Scott...
>> ROB: Get off of me!"
5;12100;14066;">> KRIS: Scott!
Scott, stop it."
6;14066;15400;"Stop it, Scott.
>> WAITER: Back off."
7;15400;18467;">> SCOTT: Don't you (bleep) talk
to me like that."
8;18467;21166;">> KOURTNEY: I'm not going to go
tell him anything."
9;21166;23533;"I'm not talking to him.
>> KRIS: Do you want them to"
10;23533;25266;"arrest him?
>> KOURTNEY: I need to do what's"
11;25266;27767;"best for me and my baby.
I'm done."
12;27767;29433;"(phone rings)
(knocking)"
13;29433;31400;"Yeah?
>> SCOTT: Can you just let me"
14;31400;33200;"in?
>> KOURTNEY: No, I changed the"
15;33200;35333;"locks, and you don't need to be
here."
16;35333;38567;"(knocking)
>> SCOTT: Let me in the house."
17;38567;41233;">> KRIS: And tonight, the time
is here for Kourtney's baby."
18;41233;43233;">> KOURTNEY: My water broke.
(laughter)"
19;43233;44633;">> KYLIE: Ew.
The baby's coming."
20;44633;46066;"I'm so excited.
>> NURSE: His head is out."
21;46066;47500;"(Khloe mouthing)
>> DOCTOR: You can do it."
22;47500;49100;"Push it, push it, push it.
Yes, excellent."
23;49100;58266;">> KHLOE: That's not normal.
(baby crying)"
24;58266;61533;"(knocking)
>> SCOTT (hoarsely): Hi."
25;61533;63467;">> KRIS: Come on in.
>> SCOTT: I wanted to talk to"
26;63467;66233;"you for a little, if you're not
busy."
27;66233;69934;"I lost my voice.
>> KRIS: I'm not surprised."
28;69934;72166;"Scott called, begging to talk to
me."
29;72166;76033;"I'm not excited, but I owe it to
my daughter and to my grandchild"
30;76033;80200;"to hear what Scott has to say.
>> SCOTT: I couldn't be any more"
31;80200;84967;"sorry, and I'll never excuse the
way I acted the other night in"
32;84967;88233;"Vegas, but, like, I don't know
what I ever did so bad to, like,"
33;88233;90300;"deserve you to, like, hate me so
much."
34;90300;92133;">> KRIS: I don't hate you.
I-- and I can see how you"
35;92133;94166;"would...
>> SCOTT: You treat Reggie and"
36;94166;96166;"Lamar completely different than
me."
37;96166;98333;">> KRIS: If Scott thinks that I
treat him differently, it's"
38;98333;100867;"because I do.
I'll never be able to trust him"
39;100867;102900;"with my daughter and my
grandchild."
40;102900;108734;"I want the best for my daughter,
and one of the reasons I have"
41;108734;114100;"had an issue with you is that...
(quavering): ...you know, she's"
42;114100;118667;"just always felt like she has to
baby-sit you."
43;118667;122967;"Like, you know, you're going
to... do something that she"
44;122967;126433;"can't handle.
She's my whole life."
45;126433;129834;"I want her to be happy.
I want her to be able to trust"
46;129834;132834;"the person she's with and have
respect for the person she's"
47;132834;137033;"with and have somebody take care
of her, not somebody that she"
48;137033;141433;"has to be ashamed of, and for me
to have to worry, that's just"
49;141433;143967;"not okay with me.
I don't know what he could ever"
50;143967;147667;"say to me to make me understand
his behavior."
51;147667;150900;"I'm not willing to let it go.
I just can't have you in my"
52;150900;153767;"family.
It's too dangerous."
53;153767;156834;"Scott has really crossed the
line."
54;156834;162533;"There's just no place for Scott
in our family anymore."
55;162533;168066;"Captioning sponsored by
 BUNIM-MURRAY PRODUCTIONS"
56;168066;171533;">> SCOTT: I got to get my
(bleep) together, man."
57;171533;173767;"I can't live like this.
My own girlfriend, who's"
58;173767;176233;"pregnant with my child, will not
answer my calls."
59;176233;178467;">> J.J.: You can't have a
conversation that starts off"
60;178467;180934;"with, like, you admitting that
you kind of screwed up a bit?"
61;180934;183500;">> SCOTT: I've tried.
I've left messages, texts,"
62;183500;186000;"e-mail, you name it.
I really miss Kourtney."
63;186000;188433;"All I want to do is just be able
to speak to her."
64;188433;190600;">> VOICEMAIL: At the tone,
please record your message."
65;190600;194533;">> SCOTT: Kourtney, it's Scott.
Please, just call me back."
66;194533;197066;"I know you're going to the
doctor, and it would mean the"
67;197066;198967;"world to me to be there.
We need to speak."
68;198967;201367;"Hey, it's me for the 99th time.
I don't know what it's going to"
69;201367;203533;"take for you to call me back.
(overlapping messages)"
70;203533;205867;"Please, just call me.
I am worried that Kourtney may"
71;205867;208900;"never speak to me again.
I hope you're safe and I hope"
72;208900;218367;"the little one's okay, and you.
Bye."
73;218367;222266;">> KHLOE: Don't you feel kind of
weird that he took you out of"
74;222266;225500;"Mom's vagina, and now he's
looked at all-- your vagina?"
75;225500;228333;"He's like, "Oh, this piece looks
just like your mother's.""
76;228333;230166;"Like...
>> KOURTNEY: What if it doesn't?"
77;230166;231800;">> KHLOE: Well, she did have six
kids; I had none."
78;231800;233734;"I would hope mine's tighter than
hers."
79;233734;235066;"(door opens)
>> KHLOE: Hi."
80;235066;236400;">> DOCTOR: Hello.
>> KOURTNEY: Hi."
81;236400;238166;">> DOCTOR: Hi, girls.
How are you?"
82;238166;240734;">> KHLOE: How are you?
>> DOCTOR: So come on in."
83;240734;243100;">> KOURTNEY: Okay.
Now that I'm in the last month"
84;243100;246600;"of my pregnancy, I usually have
Scott come with me to all my"
85;246600;249667;"appointments, but since he's out
of my life, I'm having Khloe"
86;249667;252166;"come with me to my doctor's
appointment and play the daddy."
87;252166;254166;">> DOCTOR: So your baby is a
little on the big side."
88;254166;255500;">> KOURTNEY: Okay.
(Khloe chuckles)"
89;255500;257600;">> DOCTOR: Slightly.
What we're going to do-- not so"
90;257600;259633;"much today, we still got a ways,
but we're going to really--"
91;259633;263066;"maybe when your husband's here.
Boyfriend, right?"
92;263066;265867;">> KOURTNEY: We're not really
together right now."
93;265867;268867;"Whatever, it's fine.
Scott is officially out of my"
94;268867;272266;"life, and it's really starting
to sink in that I'm going to"
95;272266;275000;"raise my baby alone.
It's just a really scary"
96;275000;277467;"thought.
>> DOCTOR: So here's the head."
97;277467;305800;"Here's the baby's spine.
♪ ♪"
98;305800;308800;">> KHLOE: Hey, Kourt.
>> KOURTNEY: Hey."
99;308800;310967;">> KHLOE: Where are you?
In here?"
100;310967;313633;">> KOURTNEY: In here.
 Hola."
101;313633;317166;"Hi, baby.
Oh, my God, guess what I heard"
102;317166;320500;"today.
Um, Roya told me that Danielle"
103;320500;323700;"called her from Dash Miami.
>> KOURTNEY: Mm-hmm."
104;323700;326400;"(Khloe sighs)
>> KHLOE: And Erica is moving to"
105;326400;328800;"L.A., so she's quitting.
>> KOURTNEY: What?"
106;328800;330667;">> KHLOE: You know, Carrie quit
last week."
107;330667;332333;">> KOURTNEY: This is ridiculous.
>> KHLOE: And, you know, Lenny"
108;332333;334266;"quit a couple months ago, so
we..."
109;334266;335734;">> KOURTNEY: So who's working at
the store?"
110;335734;337500;">> KHLOE: We only have two
girls."
111;337500;339967;">> KOURTNEY: We need people that
we can rely on, not girls that"
112;339967;341934;"are just going to ditch us.
(tea kettle whistling)"
113;341934;343867;">> KHLOE: Guess who came by the
store today."
114;343867;346867;">> KOURTNEY: Who?
>> KHLOE: Scott."
115;346867;349133;">> KOURTNEY: Why?
>> KHLOE: Apologizing and just"
116;349133;351166;"wanting to talk.
>> KOURTNEY: I know that I'm"
117;351166;354233;"going to eventually talk to him.
I'm not just going to ignore him"
118;354233;357433;"forever.
I mean, we are having a child"
119;357433;361066;"together.
90% of the time, he is this"
120;361066;364033;"great guy.
He started working, but then"
121;364033;366800;"he'll go and do that and it
brings it back to how it was"
122;366800;369900;"before where I'm like, "I don't
even want to be with this guy.""
123;369900;372066;">> KHLOE: This is how Scott
always was."
124;372066;374200;"It's not like Scott was, like,
always down the straight and"
125;374200;376300;"narrow road.
He only became good because you"
126;376300;378300;"got pregnant, not because he was
really, like, this great, good"
127;378300;380066;"guy.
Just what do you want?"
128;380066;381900;">> KOURTNEY: I just feel like...
>> KHLOE: Do you want to put up"
129;381900;384066;"with that or are you over it
because you're having a baby?"
130;384066;386433;"Just make up your mind."
131;393300;396567;">> KOURTNEY: Mom.
>> KRIS: Hey, Kourt."
132;396567;398400;">> KOURTNEY: What are you doing?
>> KRIS: I can't untangle the"
133;398400;400066;"chain.
It's pretty..."
134;400066;401800;">> KOURTNEY: No, I thought-- oh,
it is a purple stone."
135;401800;403233;">> KRIS: What are you doing
here, anyway?"
136;403233;405400;">> KOURTNEY: We're going to
dinner with Khloe."
137;405400;407400;"(Kris scoffs)
>> KRIS: I almost forgot."
138;407400;409133;">> KOURTNEY: My house...
(phone beeping and vibrating)"
139;409133;414133;"...is, like, empty.
Ugh, Scott is texting me again."
140;414133;416633;">> KRIS: Have you even talked to
Scott since the whole Vegas"
141;416633;418400;"thing?
>> KOURTNEY: He's just texted"
142;418400;422200;"me; I haven't been responding.
Like, he'll-- definitely woke up"
143;422200;424567;"today-- all these text messages
I'm getting-- feeling"
144;424567;429133;"embarrassed about what he did.
You know, not everyone's"
145;429133;431400;"perfect.
He deals with my moods."
146;431400;435066;"He-He's normally, like,
does everything for me."
147;435066;437900;">> KRIS: I thought we were done
with Scott, but Kourtney has"
148;437900;440567;"already started to make excuses
for him."
149;440567;443567;"It sounds like she's considering
taking him back."
150;443567;446700;">> KOURTNEY: Him and Rob rile
each other up-- and J.J.-- when"
151;446700;450266;"they all get together.
You know, they all..."
152;450266;453133;">> KRIS: But they're 22-year-old
boys straight out of college..."
153;453133;455734;">> KOURTNEY: And he's 26.
>> KRIS: Okay, but sooner or"
154;455734;457667;"later, he's got to grow up,
Kourtney."
155;457667;459633;"I told you this a long time ago,
Kourtney, that you can't..."
156;459633;463100;">> KOURTNEY: Okay, well, don't
you just know everything?"
157;463100;466266;">> KRIS: You should be treated
like a princess."
158;466266;469467;">> KOURTNEY: Okay, but he does
90% of the time."
159;469467;471800;">> KRIS: You're going to spend
the rest of your life making"
160;471800;474567;"excuses for him.
I just want you to be the best"
161;474567;476967;"you can be and have the best
thing going for you."
162;476967;478967;"I'm your mom.
>> KOURTNEY: Okay, I will figure"
163;478967;480967;"it out.
All right, I'm over this"
164;480967;484767;"conversation.
>> KRIS: I have been looking"
165;484767;487333;"forward to giving a baby shower
for one of my kids for as long"
166;487333;489934;"as I can remember.
Scott is not going to ruin this"
167;489934;492800;"day.
What is he doing here?"
168;492800;495633;">> KOURTNEY: My water broke.
It's dripping down my legs."
169;495633;498533;">> DOCTOR: And push again.
That's it. That's it. That's it."
170;498533;500934;">> KHLOE: Oh, my God.
>> DOCTOR: Push again, Kourtney."
171;500934;501834;"Push again."
172;506900;509767;"♪ ♪"
173;519367;521700;">> KOURTNEY: Hey.
>> SCOTT: Hi, doll."
174;521700;523900;">> KOURTNEY: I really don't want
to shut Scott out of my life"
175;523900;526567;"completely, and this isn't just
about me anymore."
176;526567;529567;"We're having a baby, and I need
to do what's best for my baby,"
177;529567;531967;"as well.
>> SCOTT: I'm happy you finally"
178;531967;535367;"let me come see you.
>> KOURTNEY: The way that you"
179;535367;538166;"were acting was scary.
It was, like, a completely"
180;538166;540266;"different side of you that I
have never seen."
181;540266;542734;"You know, my mom's running up to
me, like, "Tell him."
182;542734;544734;"Get him out of here.
Do this, do that.""
183;544734;546834;"And I'm like, "I don't want to
have to do that.""
184;546834;549100;"'Cause it's not my job.
I'm going to... I'm going to be"
185;549100;551367;"a mom now.
 mom."
186;551367;553667;">> SCOTT: There's no excuse for
my behavior in Vegas."
187;553667;555734;"Will I let that happen again?
No."
188;555734;558066;"But you have to understand,
sometimes it's not easy the"
189;558066;560467;"situation I'm put in with your
family."
190;560467;565100;"I feel belittled day after day,
and eventually, it's likely"
191;565100;567800;"that a person can break.
>> KOURTNEY: You just can't"
192;567800;570433;"blame all this on my mom.
Like, I've heard that so many"
193;570433;573266;"times, and this relationship is
about you and I."
194;573266;575266;">> SCOTT: I completely
understand the point you're"
195;575266;577266;"bringing up.
Things were going well."
196;577266;580133;"I happen to have fallen off the
path I was on, and I lost my"
197;580133;582867;"head there for a minute and went
back to my old ways, but in the"
198;582867;586033;"bigger picture, there's nothing
more I want to do than be here"
199;586033;588467;"for you and that baby."
200;590300;595033;">> KOURTNEY: I don't know.
You can be this great guy that I"
201;595033;599533;"see in you every day.
I mean, I obviously love you and"
202;599533;602700;"want to make this work.
Otherwise, I wouldn't be talking"
203;602700;605200;"to you.
People act like Scott is this"
204;605200;608567;"awful, horrible person, but he's
actually really good to me, and"
205;608567;612533;"I really do want to make this
work, and not just for our baby."
206;612533;616100;"I really want to make it work
for me because I love him and I"
207;616100;619667;"want to help him help himself.
So, you know my baby shower's"
208;619667;622233;"tomorrow.
I was going to say that the guy"
209;622233;625367;"usually stops by.
>> SCOTT: I would love that."
210;625367;627433;">> KOURTNEY: Okay.
>> SCOTT: That means a lot to"
211;627433;629600;"me."
212;631700;634000;"You want a piece of me?
>> KOURTNEY: Mm-hmm."
213;634000;647433;">> SCOTT: You do?
Let's get this show on the road."
214;647433;650734;">> KRIS: Let me just start by
saying that Kourtney's doctor is"
215;650734;654734;"the same doctor that delivered
Kourtney is delivering my first"
216;654734;659200;"grandchild, which is one... 
this is, like, such a great day."
217;659200;661266;"Thank you.
Is this a diaper?"
218;661266;663867;"(laughter)
I have been looking forward to"
219;663867;667967;"giving a baby shower for one of
my children for as long as I can"
220;667967;671433;"remember, and I just want
Kourtney to know that she's"
221;671433;675166;"going to have the most amazing
family without Scott."
222;675166;677467;"Okay, I'm going to try not to
cry."
223;677467;680133;"(laughter)
Kourtney, I love you so much."
224;680133;683567;"You're my firstborn.
Thank you for doing this for me."
225;683567;686300;"Uh, just kidding.
>> KOURTNEY: I am so excited"
226;686300;689266;"about my baby shower.
My mom, Kim and Khloe did such"
227;689266;691967;"an amazing job.
>> WOMAN: Hi."
228;691967;695967;"So good to see you.
You look so pretty."
229;695967;698233;">> KOURTNEY: Thanks.
Seeing all my friends who are"
230;698233;700633;"young mothers really enforces
the fact that I want to be a"
231;700633;703700;"career mom.
Lots of young mothers work and"
232;703700;706600;"raise their children, and I'm
confident that I can do both,"
233;706600;709266;"too, even if that means working
in Miami."
234;709266;711767;"Oh, my God.
>> WOMAN: Two Onesies."
235;711767;714367;">> KOURTNEY: This is exactly
what Scott would like."
236;714367;717367;">> KRIS: I know that I shouldn't
feel like this, but hearing"
237;717367;720600;"Scott's name actually makes me
cringe."
238;720600;724367;"Oh, my God."
239;726066;730500;">> KIM: I'm going to get married
whenever the time is right."
240;730500;732533;">> KHLOE: Ooh!
I stepped on you."
241;732533;739467;"Are you okay?
>> WOMAN: Yeah."
242;739467;742934;">> KRIS: What is he doing here?
>> SCOTT: How are you?"
243;742934;746166;"I got to get a water.
>> KRIS: Seriously, what is"
244;746166;748633;"Scott doing here?
>> SCOTT: But I want to say hi"
245;748633;750834;"to my lovely pregnant woman
first."
246;750834;754200;">> KOURTNEY: I didn't tell my
mom that I'm back with Scott and"
247;754200;757433;"that I invited him to the baby
shower because I really don't"
248;757433;761000;"care what my mom thinks.
This is my life and my choice."
249;761000;763934;">> KRIS: What is he doing here?
>> KOURTNEY: Mom, this is my"
250;763934;766500;"baby shower.
He's the father of my baby."
251;766500;768934;">> KRIS: You just keep taking
him back and taking him back."
252;768934;771033;">> KOURTNEY: Okay, Mom, this is
my baby shower, and he's the"
253;771033;773033;"father of my baby.
>> KRIS: I understand that, but"
254;773033;775100;"I want you to have a little
self-respect."
255;775100;777200;">> KOURTNEY: This is my life,
and this is what it is."
256;777200;783400;"You should expect him everywhere
that I am."
257;783400;785967;">> SCOTT: How's the shower been?
>> KOURTNEY: Good."
258;785967;787967;">> WOMAN: Amazing.
>> KOURTNEY: Oh, to put the,"
259;787967;790066;"um...
>> WOMAN: The birth certificate."
260;790066;792066;">> KOURTNEY: Birth certificate.
>> SCOTT: Oh, that's great."
261;792066;794166;">> WOMAN: Oh, that's so sweet.
>> SCOTT: The holy grail."
262;794166;797066;">> KOURTNEY: Oh, that's so cute.
Who's it from?"
263;797066;800100;">> KHLOE: Scott definitely
screwed up with all of us, but"
264;800100;802900;"Kourt wants what she wants.
What can I do?"
265;802900;804934;">> SCOTT: You want a water,
doll?"
266;804934;806934;">> KOURTNEY: Yeah.
I'm so thirsty."
267;806934;809900;">> KRIS: There's nothing I can
do about Scott right now."
268;809900;813800;"It's Kourtney's decision, and I
have to go along with it."
269;813800;816433;"Even though I don't agree with
her, I'm going to accept the"
270;816433;828200;"situation.
For now."
271;828200;830200;">> KOURTNEY: Oh, my God!
My water broke."
272;830200;832233;">> SCOTT: This is kind of a big
deal."
273;832233;834233;">> KOURTNEY: Ooh!
There's water on the bed."
274;834233;836233;">> SCOTT: I think it's time for
you to get ready."
275;836233;838367;">> KOURTNEY: Okay.
It's still leaking, you guys."
276;838367;840900;">> KYLIE: The baby's coming,
and we're packing."
277;840900;842367;"I'm so excited."
278;844133;846133;"Kourtney's leaking all over the
place."
279;846133;848200;">> KOURTNEY: I need a cup.
>> KYLIE: Ew!"
280;848200;850600;">> KOURTNEY: Where's it going?
>> KYLIE: Ew!"
281;850600;852600;">> KOURTNEY: Is anything going
in it?"
282;852600;854600;">> KYLIE: I don't know.
I don't want to see!"
283;854600;856600;">> KOURTNEY: It's dripping down
my legs."
284;856600;858600;">> KYLIE: Shouldn't we be, like,
in the car, like, on the way to"
285;858600;860667;"the hospital?
>> SCOTT: You're doing laundry?"
286;860667;862900;">> KOURTNEY: I always thought,
when your water breaks, it's"
287;862900;865700;"going to be just like you see in
the movies, where everyone gets"
288;865700;869300;"so crazy, racing around, rushing
to the hospital, and for some"
289;869300;872066;"reason, I don't feel like that
at all."
290;872066;874667;"I feel really good and calm and
ready."
291;874667;876433;">> SCOTT: You're gonna shower
before you go into labor?"
292;876433;878867;">> KOURTNEY: I need to shave.
>> SCOTT: Who gets clean before"
293;878867;881500;"they go to the hospital?
>> KYLIE: Let's get clean so we"
294;881500;884000;"get blood all over my vagina.
>> KOURTNEY: I don't want to be"
295;884000;885533;"gross.
>> SCOTT: You're putting makeup"
296;885533;888066;"on to deliver a baby?
>> KOURTNEY: Yes."
297;888066;891100;"There's pictures involved.
Are you nervous?"
298;891100;893333;">> SCOTT: Not as nervous as I
thought I would be."
299;893333;895500;">> KOURTNEY: Really?
>> SCOTT: No, I mean, I kind of"
300;895500;898433;"just want him out already.
>> KOURTNEY: I'm excited to get"
301;898433;910800;"him out, too, but...
>> SCOTT: Me, too."
302;910800;913133;"♪ ♪
>> KOURTNEY: Do we have"
303;913133;915300;"everything?
>> KYLIE: Yeah."
304;915300;925467;">> SCOTT: Let's get this baby on
the road!"
305;925467;928266;">> KYLIE: It's almost 12:00 in
the morning."
306;928266;930266;"Almost the 14th.
>> SCOTT: Are you excited to be"
307;930266;932000;"an aunt?
>> KYLIE: Yeah, so excited."
308;932000;937500;"And the baby's birthday will
probably be December 14."
309;937500;942000;">> SCOTT: It's all happening.
Very soon I'm gonna be a father."
310;942000;943867;"♪ ♪"
311;945834;948000;">> KOURTNEY: Mom.
>> KRIS: How do you feel?"
312;948000;951333;">> KOURTNEY: Fine.
I, um, took a little nap."
313;951333;953667;">> KRIS: Did you take a nap,
Scott?"
314;953667;955367;">> SCOTT: I've been waiting for
her."
315;955367;958367;"What time is it?
>> KYLIE: 3:01 a.m."
316;958367;964467;"Haven't slept yet.
♪ ♪"
317;964467;966367;">> SCOTT: Okay, Bugs?"
318;970367;973367;"It's Aunt Khloe.
>> KOURTNEY: I do feel pressure."
319;973367;975400;">> SCOTT: Did you have your hair
and makeup done to come here?"
320;975400;978166;">> KIM: No, I was in the middle
of a shoot and I left with my"
321;978166;980500;"hair extensions hanging out.
I go, "I gotta go.""
322;980500;984000;"The doctor won't allow more than
two people in the room."
323;984000;987333;"So, I'm hiding in the closet.
I'm peeking out."
324;987333;990266;"I think Kourtney just ultimately
wanted Scott there, my mom,"
325;990266;993433;"Khloe and I.
>> CRANE: Grab your legs and try"
326;993433;996100;"to push the baby down.
And do one more."
327;996100;998166;">> SCOTT: This is happening this
quick?"
328;998166;1000734;">> KIM: Oh, I see his head.
>> SCOTT: The head!"
329;1000734;1003100;">> CRANE: Grab another air, and
push again."
330;1003100;1005133;"That's it, that's it.
>> NURSE: His head is out."
331;1005133;1007000;">> CRANE: You can do it.
Push it, push it."
332;1007000;1017333;"Push it, yes.
Excellent."
333;1017333;1018867;">> CRANE: Push. Come on.
You can push."
334;1018867;1021200;">> NURSE: Three, four, five,
six."
335;1021200;1024533;">> SCOTT: Very, very ready to
have this little..."
336;1024533;1027233;">> NURSE: Let it out.
>> CRANE: That's the baby's head"
337;1027233;1029467;"right there.
>> NURSE: Khloe, do you want to"
338;1029467;1031467;"help with her foot?
I need somebody to hold her foot"
339;1031467;1033233;"back...
>> KHLOE: You really need help?"
340;1033233;1034767;">> SCOTT: Do it, Khloe.
>> NURSE: It's here."
341;1034767;1036800;">> CRANE: All right, deep
breath, and let that air out."
342;1036800;1040133;">> KHLOE: We're so excited.
I'm actually holding Kourtney's"
343;1040133;1043567;"leg while she's giving birth.
It's just beautiful."
344;1043567;1047834;">> CRANE: He's got his eyes
open."
345;1047834;1050500;">> KIM: Kourtney's acting like
nothing is wrong."
346;1050500;1053767;"She just is so calm.
She isn't even crying."
347;1053767;1057433;"I'm crying.
>> KOURTNEY: Oh, my gosh."
348;1057433;1059300;">> SCOTT: I-I..."
349;1061967;1064633;"Oh, my God.
>> KHLOE: Oh, my gosh."
350;1064633;1067667;">> KOURTNEY: Can I pull him out?
>> SCOTT: That is so crazy."
351;1067667;1070667;">> CRANE: There he goes.
>> KOURTNEY: Oh, my..."
352;1070667;1073500;">> CRANE: It's a boy.
There he is."
353;1073500;1075367;">> KOURTNEY: Oh, my gosh."
354;1079000;1081500;">> SCOTT: Okay.
(baby crying)"
355;1081500;1084367;">> KHLOE: He sounds so cute."
356;1086367;1089233;">> CRANE: All right, now let-let
go of that."
357;1089233;1092066;">> KHLOE: Congrats, you guys.
>> KRIS: He's so cute."
358;1092066;1095233;">> KENDALL: I've never seen
Scott react this way."
359;1095233;1097800;">> SCOTT: This is unreal.
>> KENDALL: And it's just"
360;1097800;1100467;"amazing.
I'm just really excited for him"
361;1100467;1103200;"and happy for him.
>> CRANE: What did you name him?"
362;1103200;1108700;">> KOURTNEY: Mason.
My baby is Mason Dash Disick,"
363;1108700;1112500;"born December 14.
He's the most amazing baby"
364;1112500;1115433;"I've ever laid my eyes on.
The experience was so"
365;1115433;1119266;"indescribable and life-changing.
And I can't believe he's all"
366;1119266;1121600;"mine.
How crazy..."
367;1121600;1123834;">> SCOTT: Look at him looking at
you, Bug."
368;1123834;1127600;"This is a huge, huge moment.
When I see my little boy,"
369;1127600;1130834;"I'm overwhelmed with joy.
It's honestly like a little"
370;1130834;1133533;"piece of me was just reborn.
And I'm so happy I'm here with"
371;1133533;1135867;"Kourtney.
And I know it's only gonna get"
372;1135867;1139200;"better in time.
>> KRIS: Kourtney, I am so proud"
373;1139200;1141867;"of you.
And I can't wait to see you"
374;1141867;1145367;"become the mom that you're just
destined to be."
375;1145367;1147734;">> CRANE: You see this, um...
>> KHLOE: How crazy you pulled"
376;1147734;1152266;"out your own baby?
Dr. Crane, he's like, "Oh, your"
377;1152266;1155033;"baby's halfway out.
Do you want to touch the baby?""
378;1155033;1158633;"And Kourtney's like, "Sure."
And she just reaches down and"
379;1158633;1163667;"pulls him out.
And is like, "Oh, my child.""
380;1163667;1166200;"And I'm like... I think you
ripped something."
381;1166200;1171033;"Like, that's not normal.
>> SCOTT: I got a baby, guys."
382;1171033;1173533;">> ROB: Oh!
>> SCOTT: There's Uncle Rob."
383;1173533;1177567;">> ROB: He's got nipples.
>> KIM: He looks exactly like my"
384;1177567;1180800;"dad.
He's so hairy and Armenian."
385;1180800;1185633;"It really shows how strong the
Kardashian genes are."
386;1185633;1187500;"♪ ♪"
387;1194633;1197133;">> KIM: Hello.
>> KHLOE: It's Jo G.O., and her"
388;1197133;1200200;"publicists are coming with her.
>> KOURTNEY: Isn't this a family"
389;1200200;1202200;"meeting?
>> JONATHAN: Don't be jealous"
390;1202200;1204700;"'cause you can't afford us.
>> KHLOE: I am."
391;1204700;1206233;">> JONATHAN: Hi.
>> KOURTNEY: How are you?"
392;1206233;1208600;">> SIMON: Such a family affair.
>> KOURTNEY: Khloe and I decide"
393;1208600;1210934;"to have a meeting 'cause we
need to tell everyone something"
394;1210934;1213667;"very important.
>> KRIS: Why are we all here?"
395;1213667;1216834;">> KOURTNEY: Khloe and I are--
don't cry, everyone-- are going"
396;1216834;1219667;"back to Miami.
>> KRIS: What?"
397;1219667;1222834;"You're going to take my grandson
and go to Miami?"
398;1222834;1224834;">> KOURTNEY: Yes.
>> KRIS: You don't rip a baby"
399;1224834;1228500;"away from its grandmother.
It's sick."
400;1228500;1231700;">> KOURTNEY: We're doing it for
the store and for-- if we ever"
401;1231700;1235066;"want open more Dash stores, we
need this one to be successful."
402;1235066;1236800;">> JONATHAN: So what happened to
Miami?"
403;1236800;1238800;"The whole store like fell apart?
>> KOURTNEY: No, just all the"
404;1238800;1240633;"girls quit.
>> SCOTT: Going to Miami seems"
405;1240633;1243066;"to be the right thing to do.
I mean, half of my friends are"
406;1243066;1245400;"down there and I want to open a
club there."
407;1245400;1247467;"So this works out perfect.
>> BRUCE: Don't you think it's"
408;1247467;1249700;"time you girls get real about
this thing?"
409;1249700;1251100;">> KOURTNEY & KHLOE: What?
>> SCOTT: Uh-oh."
410;1251100;1252800;">> BRUCE: What do you mean what?
>> SCOTT: The Brucenator."
411;1252800;1254667;">> BRUCE: You've been married to
Lamar a couple of months and now"
412;1254667;1256533;"you're gonna leave him?
>> KOURTNEY: I don't want to."
413;1256533;1258033;"At all.
I would rather stay here..."
414;1258033;1259533;">> BRUCE: Are things going that
bad?"
415;1259533;1261233;">> KHLOE: Excuse me?
>> KOURTNEY: There's just not..."
416;1261233;1262767;">> BRUCE: That's what I'm
saying."
417;1262767;1264633;">> KRIS: That is not...
>> SCOTT: That is so rude,"
418;1264633;1266200;"Bruce.
>> BRUCE: Nobody would leave"
419;1266200;1268233;"their husband after four months
and go to Miami."
420;1268233;1270533;"And why are you leaving?
>> KOURTNEY: Dash was my idea,"
421;1270533;1274200;"and I do so much work for the
store still, and it's really"
422;1274200;1277633;"important to me that it succeeds
for Mason as well."
423;1277633;1280066;"I'm doing this for him and his
future."
424;1280066;1282100;">> BRUCE: I think you're both
being irresponsible."
425;1282100;1283633;">> KHLOE: Well, (bleep), I don't
want to go."
426;1283633;1285367;"So don't encourage me to stay
here 'cause I want to stay"
427;1285367;1286900;"here.
>> BRUCE: Why? I think your"
428;1286900;1288600;"marriage is a lot more important
than a store."
429;1288600;1290333;">> KHLOE: I agree.
I think the same thing."
430;1290333;1292433;"I'm not really looking forward
to going back to Miami."
431;1292433;1295467;"Only because I just got married
and Lamar can't come with me"
432;1295467;1297467;"'cause he's in season.
>> KOURTNEY: This is our"
433;1297467;1301400;"business with our name on it.
Like, we can't just let it go"
434;1301400;1303433;"to the ground.
>> KHLOE: I think that whole"
435;1303433;1305900;"store is really so much of you
and I, so I'll go."
436;1305900;1307767;"I'm not gonna stay the whole
time, but I'll-I'll definitely"
437;1307767;1309500;"come back and forth and...
>> KOURTNEY: Okay."
438;1309500;1311200;">> KHLOE: You know, be there to
help."
439;1311200;1312734;">> KOURTNEY: I would appreciate
the help."
440;1312734;1314200;">> KHLOE: I'll be there the
majority of the time."
441;1314200;1317200;"I just, you know, you gotta
work with me, kid."
442;1317200;1319867;"Holla at me.
>> KOURTNEY: I'll work with ya."
443;1319867;1323200;"Holla back.
♪ ♪"
444;1323200;1325233;">> KYLIE: Stop kissing the kid.
>> KIM: You know what?"
445;1325233;1327667;"This is my nephew and I know
what I'm doing."
446;1327667;1329367;"And I kiss him every single day.
>> KHLOE: You know what?"
447;1329367;1331100;"You're my sister.
>> KIM: So leave me alone."
448;1331100;1332834;"Leave me alone.
Stop, Khloe."
449;1332834;1334300;"Khloe, I have...
>> KHLOE: See, look at you."
450;1334300;1335467;"Captioned by
 Media Access Group at WGBH"
451;1335467;1336834;"access.wgbh.org"