﻿Number;Start time in milliseconds;End time in milliseconds;"Text"
1;5100;6767;">> CAITLYN: I was thinking maybe
we could, uh, have it over at"
2;6767;8567;"your place.
>> KRIS: She's gonna give us"
3;8567;10367;"both a facial?
>> CAITLYN: Yeah. You know, I"
4;10367;11900;"thought, hey, what the heck.
We'll try it."
5;11900;13500;">> KENDALL: I think you should
do it."
6;13500;15834;">> KRIS: My emotions are
definitely a roller coaster when"
7;15834;19000;"it comes to Cait, but I
definitely think it's healthier,"
8;19000;21333;"as a family, to have a
relationship."
9;21333;22834;">> KIM: Did Cait bring the book
over?"
10;22834;26367;">> KRIS: I've never been so
angry and disappointed in"
11;26367;29266;"somebody in my whole life."
12;36400;38967;">> KENDALL: Your Internet sucks!
Sorry."
13;38967;41266;"So can you explain to me what
exactly is happening?"
14;41266;43800;">> CAITLYN: You do know about
Jay Leno's Garage."
15;43800;45734;"The question is, how much do you
know about that car, 'cause he's"
16;45734;47233;"gonna ask you about it?
>> KENDALL: I know. I knew that"
17;47233;49066;"was gonna be a thing.
>> CAITLYN: Yeah. Okay, now, how"
18;49066;50734;"much do you know?
>> KENDALL: Oh, no."
19;50734;52734;">> CAITLYN: 'Cause I'll give you
some... I'll give you a few"
20;52734;54734;"things you can say, and you can
get away with it."
21;54734;56400;">> KENDALL: I know that when I
shifted, like, I know, like,"
22;56400;58400;"diff...
I know personal things about the"
23;58400;60400;"car, like, that I've learned.
>> CAITLYN: Like what?"
24;60400;63200;"Like what?
>> KENDALL: I didn't know there"
25;63200;66066;"was gonna be a test.
>> CAITLYN: I can tell some"
26;66066;67867;"funny stories, like you wanted
to paint it gray, and..."
27;67867;69700;">> KENDALL: I still do, so don't
tell that story."
28;69700;71533;">> CAITLYN: But you can't, not
in a mill..."
29;71533;73166;"You don't want to paint it gray.
>> KENDALL: Okay, well, d-don't!"
30;73166;74800;">> CAITLYN: That is the coolest
color in the world."
31;74800;76600;">> KENDALL: Don't make me look
stupid then!"
32;76600;78633;">> CAITLYN: That is...
>> KENDALL: So, don't say that."
33;78633;81600;">> JAY: Hi, kids.
>> CAITLYN: Wait. I'm trying to"
34;81600;83433;"explain to her...
>> JAY: What is that?"
35;83433;85767;">> CAITLYN: If she wanted to
repaint the car..."
36;85767;87767;">> JAY: You can't repaint the
car."
37;87767;89133;"(laughter)
>> CAITLYN: Thank you, Jay."
38;89133;91400;"Thank you. Thank you.
>> JAY: What would be an"
39;91400;93266;"analogy?
You get a Prada bag, you rip off"
40;93266;95133;"the Prada thing.
>> CAITLYN AND KENDALL: Yeah."
41;95133;97100;">> JAY: And you put some other
name on it."
42;97100;98633;">> CAITLYN: Yeah, it's... No.
>> JAY: I'm trying to make an"
43;98633;100467;"analogy.
>> CAITLYN: T-there isn't."
44;100467;103300;"There isn't. Yeah.
So, anyway, we're working on it."
45;103300;105200;">> WOMAN: Okay, quiet on the
set."
46;105200;107200;"Action!
(car engine revving)"
47;107200;110266;"(car horn honks)
>> CAITLYN: Here we are!"
48;110266;111367;"Jay Leno in the house.
>> KENDALL: How are you?"
49;111367;112867;">> JAY: Hi. Good to see you.
>> KENDALL: Nice to see you."
50;112867;114567;">> CAITLYN: Good to see you,
Jay."
51;114567;116233;">> JAY: Caitlyn, how you been?
Everything cool?"
52;116233;118166;">> CAITLYN: No, I've been great.
Oh, so cool, I can't stand it."
53;118166;120200;">> JAY: 265, right?
>> CAITLYN: Yeah. Kendall loves"
54;120200;122066;"driving it.
Now, does it attract any"
55;122066;123967;"attention?
>> KENDALL: So much. I get..."
56;123967;126066;"I got a lot of attention from
old men, which is great."
57;126066;127834;">> CAITLYN: Oh, really?
>> JAY: I'm shocked."
58;127834;129900;">> KENDALL: No, they always...
>> JAY: I'm shocked that creepy"
59;129900;132600;"old guys would be attracted...
>> CAITLYN: Jay, driving a hot"
60;132600;134200;"Corvette?
>> KENDALL: No, but it's so"
61;134200;136100;"funny, 'cause they'll pull up,
and they'll be like, "Such a"
62;136100;137900;"nice car.
It's your dad's, right?""
63;137900;139600;"And I'm like, "No, it's mine."
>> CAITLYN: Oh, is that what"
64;139600;141033;"they say, it's your dad's?
>> KENDALL: Yeah, they're like,"
65;141033;142867;""I'm sure it's your dad's car."
And I'm like, "No, it's actually"
66;142867;144700;"my car."
>> JAY: Well, the great thing"
67;144700;146567;"is, its only got two seats.
>> KENDALL: Yeah. Sorry, Dad."
68;146567;148367;">> JAY: Sorry, pal.
>> CAITLYN: Sorry I can't go."
69;148367;150200;">> JAY: Yeah. Let's go for a
ride, come on."
70;150200;152000;">> KENDALL: Let's do it.
>> CAITLYN: Take it."
71;152000;153533;">> JAY: All right.
>> CAITLYN: Do it exactly like I"
72;153533;155200;"taught you, Kendall.
>> JAY: And you can just yell"
73;155200;157433;"out, "Don't keep my daughter out
too late.""
74;157433;159433;"(Caitlyn laughs)
>> KENDALL: Bye, Dad!"
75;159433;180700;">> CAITLYN: Yeah, good-bye!
>> JAY: Good-bye!"
76;180700;182467;">> KOURTNEY: Yum.
>> KIM: Ooh, my God, can I try"
77;182467;184166;"mint chocolate chunk?
>> WOMAN: Absolutely."
78;184166;186333;">> KIM: Do you want to sit in
the back and eat it?"
79;186333;188333;">> KOURTNEY: Sure.
Let's sit in the back, P."
80;188333;191333;">> PENELOPE: It's spilling.
>> KIM (sing-songy): Spilling."
81;191333;193934;">> PENELOPE: Mom, here.
>> KIM: That ice cream looks"
82;193934;195633;"pretty...
>> PENELOPE: Okay."
83;195633;197800;">> KIM: Okay, she's eating too
much."
84;197800;202433;"Take it away. Hurry.
(ringtone plays)"
85;202433;204367;">> KIM: Caitlyn.
Like, what am I supposed to say?"
86;204367;206100;">> KOURTNEY: Caitlyn called me
last night."
87;206100;209533;">> KIM: Do I answer or no?
She's gonna be like, "I tried to"
88;209533;215467;"call you."
And what do I say?"
89;215467;218100;"Mom is gonna kill me.
Hello."
90;218100;221200;">> CAITLYN: Hello.
How's my little Kimmy doing?"
91;221200;223166;">> KOURTNEY: That kind of
energy..."
92;223166;224867;">> KIM: I'm doing good.
>> KOURTNEY: I just can't."
93;224867;227033;">> KIM: I was out of town this
weekend, so I just got back"
94;227033;229033;"yesterday...
>> CAITLYN: What's your schedule"
95;229033;230867;"like this week?
We should get together for lunch"
96;230867;234734;"or dinner or do something.
>> KIM: Yeah, I, um... I'm not"
97;234734;238800;"sure exactly.
>> CAITLYN: Oh. Okay."
98;238800;241100;">> KIM: But I could find out,
and I'll let you know."
99;241100;244367;">> CAITLYN: Ooh, we can get
together and catch up."
100;244367;246367;">> KIM: Yeah.
>> CAITLYN: Then I'm back to"
101;246367;248266;"work, yeah.
>> KIM: Back to work doing what?"
102;248266;250967;">> CAITLYN: Travelling all over.
I think I'm going to Europe."
103;250967;253467;">> KIM: Like, on a book tour?
>> CAITLYN: Oh, yes."
104;253467;258333;">> KIM: I know my mom is really
hurt by Cait's book, and I want"
105;258333;261233;"to be there for my mom and help
her, like, heal and get over"
106;261233;265767;"this, but I feel really awkward,
'cause I've always been the one"
107;265767;269800;"that likes to keep the peace.
And I feel bad, 'cause Caitlyn"
108;269800;273133;"is Kendall and Kylie's dad, and
I want to be really respectful."
109;273133;275600;"I'll call you in a little bit.
>> CAITLYN: All right, love you."
110;275600;283967;">> KIM: Love you. Bye.
>> CAITLYN: Bye."
111;283967;289033;">> ROB: Khloe? Khloe?
>> KHLOE: Huh? Yeah?"
112;289033;291233;"What?
>> ROB: Stairway to heaven right"
113;291233;293066;"there.
What are you doing?"
114;293066;295767;">> KHLOE: I'm just laying in
bed; I don't feel well."
115;295767;298200;">> ROB: Meeting time, you and
me."
116;298200;300200;">> KHLOE: I just feel like
(bleep)."
117;300200;302600;">> ROB: What do you mean?
>> KHLOE: I have the worst"
118;302600;304500;"cramps!
>> ROB: You tell me all the"
119;304500;306433;"time, "Rob, oh, get up to go to
the gym.""
120;306433;308333;""Oh, Rob get up to go to your
meeting.""
121;308333;310100;"And I say, "Oh, I'm throwing
up.""
122;310100;311900;""Oh, no, you're lying, Rob."
>> KHLOE: 'Cause you are lying."
123;311900;314000;">> ROB: Do you want me to get in
bed with you?"
124;314000;315500;">> KHLOE: Want to go
night-night?"
125;315500;321467;"Come here, Robbie.
No, don't do that."
126;321467;327467;"Don't... don't hug me like that.
(laughs): Okay."
127;327467;331166;"Isn't it weird that we bleed for
five, like... three to five"
128;331166;334066;"days, and we don't die?
Is that normal?"
129;334066;337467;">> ROB: The menstrual cycle, it
just doesn't really sit right"
130;337467;340266;"with me.
That just means you get to lay"
131;340266;344200;"in bed all day and just not do
anything that we planned on"
132;344200;347500;"doing together?
>> KHLOE: Rob couldn't last a"
133;347500;350633;"day with having to deal with
what girls have to deal with."
134;350633;353700;"Right now, I have debilitating
cramps, and I feel nauseous and"
135;353700;357266;"gross and, like, a blimp.
I want to be in sweats eating a"
136;357266;360266;"(bleep) ice cream cake right
now, but I can't."
137;360266;364700;"I have to sit, look cute, put on
this face, be in an interview,"
138;364700;366800;"talking about what a blimp I
look like."
139;366800;370333;"Like, come on.
Do I have a temperature?"
140;370333;372367;">> ROB: You're supposed to use
the back of your hand I think."
141;372367;377967;">> KHLOE: Okay, do it.
>> ROB: Yeah, you do, actually."
142;377967;380300;">> KHLOE: (laughs)
You're (bleep) weird."
143;380300;382533;">> ROB: It could just be because
you have..."
144;382533;383867;">> KHLOE: Do you remember when
you..."
145;383867;385100;">> ROB: ...all this stuff on
you."
146;385100;387600;">> KHLOE: When you (bleep) the
girl that won the Kim Kardashian"
147;387600;389533;"look-alike contest?
>> ROB: Oh, I thought you were"
148;389533;391467;"talking about the girl that
pulled up to your house and was,"
149;391467;393400;"like, butt naked, and then I
went upstairs, had sex with her,"
150;393400;395166;"and she perioded all over in the
bed."
151;395166;397367;"Was like... and then was like,
"Oh.""
152;397367;400133;"Like, and we were completely
fine with it, and then, she just"
153;400133;403166;"left after.
>> KHLOE: I kind of remember"
154;403166;405900;"that story, actually.
Why didn't you ever sleep with"
155;405900;410066;"someone who won a Khloe
Kardashian look-alike contest?"
156;410066;411967;"(laughs)"
157;416066;418734;">> KOURTNEY: Great.
(gasps): Shoot!"
158;418734;422333;"I just dropped half my snack
that I was just making."
159;422333;424967;"(line ringing)
>> KRIS: Hey, Kim."
160;424967;428000;">> KIM: Hey, what are you doing?
>> KRIS: Just in the meeting."
161;428000;430867;"What's going on?
>> KIM: Um, real quick."
162;430867;433400;"I just wanted to get your
permission."
163;433400;438767;"I want to call Caitlyn and ask
her for a copy of her book."
164;438767;441767;">> KRIS: Um, I'd actually love
for you to read it because then"
165;441767;445834;"I'd like to get your take on
what my concerns are, only"
166;445834;450100;"because I spent so many days so
upset and crying about it that"
167;450100;452233;"I, you know, I'm, like,
hysterical..."
168;452233;454233;">> KIM: Yeah.
>> KRIS: ...that this is the way"
169;454233;457633;"that somebody, you know, views
this 25 years together."
170;457633;459400;">> KIM: Yeah.
>> KRIS: It's wild."
171;459400;462700;"And maybe I can see things a
different way."
172;462700;465233;"I just think, you know, I...
>> KIM: Yeah. No, I'll be really"
173;465233;467500;"honest with you if it's like...
if you're overreacting, or"
174;467500;469166;"what's right and what's wrong.
>> KRIS: Yeah."
175;469166;471533;">> KIM: I'll just, like, read it
from start to finish and just"
176;471533;474633;"tell you what I think.
I'm sure Cait has her story, and"
177;474633;478400;"my mom has her story, but I
don't want to be in the middle"
178;478400;481367;"of, like, this drama.
It's just not necessary."
179;481367;486667;"Okay, I'll call her.
>> KRIS: Okay."
180;486667;489133;">> MARIO: Beautiful.
>> KENDALL: I am in India"
181;489133;493200;"shooting with Mario Testino.
His energy is just amazing."
182;493200;497300;">> MARIO: Wow, amazing.
>> KRIS: In the book, writes,"
183;497300;499667;""All of the checks, they all
went to Kris.""
184;499667;502633;"You start talking about how I
was hoarding money, when we"
185;502633;504533;"didn't even have it?"
186;509100;512433;"♪ ♪"
187;519300;521600;">> MARIO: Good morning, Kendall.
>> KENDALL: Good morning."
188;521600;523433;"How are you?
>> MARIO: Very good. Slept late?"
189;523433;525700;">> KENDALL: I feel asleep at
5:00 p.m., and woke up at, like,"
190;525700;527433;"5:00 a.m.
>> MARIO: That's good."
191;527433;531233;">> KENDALL: Yeah.
I am in India shooting with"
192;531233;535000;"Vogue.
And I'm just obsessed with him."
193;535000;537934;"He's the best, his energy is
just amazing."
194;537934;540233;">> MARIO: Yes.
>> KENDALL: I get to travel a"
195;540233;542867;"lot, luckily, and experience new
places."
196;542867;544967;"Being in India, you really do
feel like you're thrown into"
197;544967;546667;"another world.
I landed and there were"
198;546667;549500;"elephants walking down the
street and men riding horses"
199;549500;553300;"around with gems all over them.
I think it's cool."
200;553300;557066;">> MARIO: Wow, it's amazing.
Okay."
201;557066;561967;"I think we have it.
Oh, my God."
202;561967;563867;"♪ ♪"
203;567066;570367;">> KOURTNEY: I feel like my,
like, upper back and stuff has"
204;570367;572600;"definitely been sore.
>> JOE: On a good way, you feel,"
205;572600;574333;"you mean.
>> KOURTNEY: Yeah."
206;574333;575900;">> JOE: Yeah, okay.
>> KHLOE: She doesn't know the"
207;575900;577433;"difference, I've learned.
>> KOURTNEY: I don't really know"
208;577433;579300;"the difference.
>> KHLOE: She thinks she's in"
209;579300;582633;"pain, but I realized it's really
just muscle soreness."
210;582633;587734;">> JOE: Let's go.
♪ ♪"
211;587734;589767;"Eight.
Nine."
212;589767;591667;">> KHLOE: Oh, (bleep).
>> JOE: That's it."
213;591667;593934;"If you want to go faster, go
faster."
214;593934;596567;">> KHLOE: Yeah, Kourt.
>> JOE: Two, one."
215;596567;600767;"And back.
Take your time, then."
216;600767;604200;"That's it.
 Family"
217;604200;609266;"character.
(bleep)."
218;609266;613533;"Where the (bleep) is Robert?
>> KOURTNEY: He's coming here?"
219;613533;616734;">> KHLOE: Yeah.
>> JOE: Two, one."
220;616734;619100;">> KHLOE: He's been so good, so
it's, like, bizarre he's not"
221;619100;621133;"here.
Let me call him."
222;621133;623467;"(line rings)
>> ROB: Yes, baby."
223;623467;625867;">> KHLOE: Why aren't you here?
You've been so good and haven't"
224;625867;629200;"flaked at all recently.
>> ROB: Khloe, you had your"
225;629200;632934;"personal day.
I'm having my personal day."
226;632934;635533;">> KHLOE: Why?
>> ROB: Because I would rather"
227;635533;638867;"(bleep) all day like you do when
you take your personal days."
228;638867;641500;"If you all get a day, I'm-a get
a day."
229;641500;643600;">> KHLOE: You're having a
meriod?"
230;643600;647033;"Rob is definitely delusional.
If he knew how bad and intense"
231;647033;651233;"period cramps are, he would feel
like such a (bleep) idiot for"
232;651233;654100;"saying this.
Like, he has no idea what us"
233;654100;656100;"girls go through.
Rob, come over."
234;656100;659200;"You live down the street.
A meriod is not gonna cut it, my"
235;659200;662400;"brother.
Honestly, it feels like you have"
236;662400;665500;"someone inside your stomach
trying to get out of it."
237;665500;667667;">> ROB: The aliens are gonna get
me!"
238;667667;669633;"(laughs)
>> KHLOE: Okay, Rob."
239;669633;671800;"I got to go.
>> ROB: (screams) Oh, they're"
240;671800;674467;"getting me.
>> KHLOE: He's so weird."
241;674467;676367;"♪ ♪"
242;682767;685533;">> KENDALL: Feel like it's so
random that you got that car."
243;685533;687133;">> KOURTNEY: Me?
>> KENDALL: Yeah, why'd you get"
244;687133;688800;"that car?
>> KOURTNEY: Why, did you see"
245;688800;690367;"it?
>> KENDALL: I just saw it."
246;690367;692567;"It's right out front.
>> KOURTNEY: Oh."
247;692567;696934;"My son's middle name is Aston,
and I just felt the need to own"
248;696934;699100;"one at one point in my life.
>> KENDALL: Yeah."
249;699100;701400;">> KOURTNEY: So I thought why
not do it now?"
250;701400;703934;">> KENDALL: Mm-hmm.
>> KOURTNEY: How was India?"
251;703934;706000;">> KIM: Yeah, I've never been.
>> KOURTNEY: I've never been."
252;706000;708633;">> KENDALL: We stayed at this,
like, 300-year-old palace, but"
253;708633;710800;"now it's a hotel.
It was really cool and really"
254;710800;712433;"beautiful.
>> KOURTNEY: Who did you go"
255;712433;714567;"with?
>> KENDALL: I was shooting for"
256;714567;716333;"Vogue.
I literally was there for, like,"
257;716333;718200;"a day and a half or something.
>> KOURTNEY: Yeah."
258;718200;720333;">> KENDALL: And it was really
cool."
259;720333;724400;"But I actually met this prince.
He's, like, um, the first gay"
260;724400;727800;"prince to come out in India.
>> KIM: Oh, wow."
261;727800;730467;">> KENDALL: And he's really
awesome."
262;730467;733967;"In India, it's not acceptable to
be gay, and it was really"
263;733967;736734;"interesting to meet Prince
Manvendra and kind of hear his"
264;736734;739133;"story.
I think what's really similar"
265;739133;742533;"between my dad and Prince
Manvendra is the bravery and"
266;742533;746100;"being able to take that chance
to come out and hope that"
267;746100;749667;"everything goes all right.
Next time he's in town, though,"
268;749667;751300;"we should, like, set up a dinner
for you guys."
269;751300;752867;">> KIM: Yeah, I just want to
hear."
270;752867;755066;">> KENDALL: His story was
interesting, yeah."
271;755066;757367;">> KOURTNEY: I had the best
matcha tea yesterday."
272;757367;759934;">> KENDALL: Oh, from where?
>> KOURTNEY: From this artist's"
273;759934;761500;"studio.
>> KIM: What's a matcha?"
274;761500;763233;">> KENDALL: I'm not really
supposed to drink matcha"
275;763233;764734;"anymore, but I love it.
>> KOURTNEY: Why?"
276;764734;766767;"He said it's so good for you.
>> KENDALL: 'Cause of my"
277;766767;768233;"migraines.
>> KOURTNEY: Why?"
278;768233;770066;"Caffeine is good for you.
>> KENDALL: No, not for my type,"
279;770066;771567;"at least.
>> KOURTNEY: Oh, really?"
280;771567;773066;">> KENDALL: Like, my aura
migraines, no."
281;773066;775700;">> KIM: You can't have caffeine?
>> KENDALL: Or, sorry."
282;775700;780834;"No, I think that's for my
anxiety."
283;780834;782734;"♪ ♪"
284;787667;790700;"(doorbell rings)
>> CAITLYN: Well, Kimmy."
285;790700;792266;">> KIM: Hey.
>> CAITLYN: There you are."
286;792266;793834;">> KIM: What's going on?
>> CAITLYN: Haven't seen you in"
287;793834;795333;"a while.
How you been?"
288;795333;797166;">> KIM: I've been good.
>> CAITLYN: You're looking"
289;797166;799600;"gorgeous as usual.
>> KIM: Thank you."
290;799600;801600;"Into the hair.
>> CAITLYN: Yeah, I went a"
291;801600;805166;"little curlier this morning.
>> KIM: I'm into it."
292;805166;807767;"So, you got the goods.
>> CAITLYN: I got the goods."
293;807767;811900;"The book.
>> KIM: So, Mom's obviously"
294;811900;816767;"upset about it, so...
>> CAITLYN: I know."
295;816767;819433;"That really bothers me, but I
have to be honest in the book on"
296;819433;821500;"how my feelings are.
>> KIM: Yeah, I mean, if those"
297;821500;823500;"are your feelings, those are
your feelings."
298;823500;826633;"But Mom, like, she feels a way
about you, and she can feel"
299;826633;828767;"however she wants.
>> CAITLYN: Yeah."
300;828767;831266;">> KIM: You both have the right
to feel however you want."
301;831266;833467;">> CAITLYN: And, you know, I'll
always love her."
302;833467;836066;"We'll always have 23 years of
our lives, raising all these"
303;836066;837400;"children.
>> KIM: Yeah."
304;837400;839667;">> CAITLYN: I mean, that's...
I'm not throwing that all out."
305;839667;843800;">> KIM: Well, I think that's
what she thinks."
306;843800;846100;"I'm gonna read it.
I'll tell you honestly if I feel"
307;846100;848700;"like, "You know what? I get why
she's upset," or, "You know"
308;848700;851633;"what? I don't."
>> CAITLYN: This book, it's my"
309;851633;854467;"story.
Everybody has stuff in life that"
310;854467;858500;"they have to deal with, and this
was my stuff, and this is how I"
311;858500;862300;"dealt with it, you know?
And in doing that, and being so"
312;862300;866567;"honest with yourself, and how
freeing that is to not live your"
313;866567;870100;"life with secrets and stuff
inside, is an amazing road to"
314;870100;873667;"travel down.
It's just, it's... it's just"
315;873667;877333;"very fulfilling.
You know?"
316;877333;880100;">> KIM: I mean, I want to give
Cait the benefit of the doubt."
317;880100;882400;"I'm just gonna be hopeful and
I'm gonna read the book for"
318;882400;884667;"myself and see what I really
think."
319;884667;887533;"I'll let you know if I'll still
be speaking to you after I read"
320;887533;889767;"this book.
>> CAITLYN: Read it with an open"
321;889767;892600;"mind.
>> KIM: Talk bad about my mom?"
322;892600;896867;">> CAITLYN: I'm telling you...
>> KIM: I come for you."
323;896867;898734;">> DR. TRUMPI: So, we have eight
electrodes, but we're gonna"
324;898734;900567;"start with two, okay?
>> KHLOE: You want to know what"
325;900567;903367;"a (bleep) period cramp feels
like?"
326;903367;905400;"Be my guest.
>> ROB: Don't torture me."
327;905400;907400;">> DR. TRUMPI: Okay, you ready?
(electrodes buzzing)"
328;907400;910200;">> ROB (chuckles): Ooh.
>> KIM: Caitlyn discredits Mom."
329;910200;912467;"She was insinuating that, like,
Mom took the check and pocketed"
330;912467;913700;"it.
>> KOURTNEY: That sounds"
331;913700;915600;"pathetic."
332;919066;920967;"♪ ♪"
333;924033;926800;">> KIM: My girl!
Get over here!"
334;926800;929266;"How was tennis?
>> NORTH: Good."
335;929266;932600;">> KIM: What'd you do?
>> NORTH: Uh, but, I was trying"
336;932600;935467;"to catch a leprechaun.
>> KIM: You are?"
337;935467;937300;">> NORTH: Yeah.
>> KOURTNEY: Wait, did you say"
338;937300;939734;"hi to me? I don't think so.
>> NORTH: Hi."
339;939734;942266;"I don't squeeze like you!
>> KOURTNEY: Oh!"
340;942266;943934;">> NORTH: Where's P?
>> KOURTNEY: I think they're"
341;943934;947667;"down in the play room.
>> KIM: Um, so Caitlyn brought"
342;947667;949166;"me her book.
>> KOURTNEY: Yeah."
343;949166;951400;">> KIM: And I read it to be
like-- I feel like I'm really"
344;951400;953066;"fair, and like...
>> KOURTNEY: Did you read the"
345;953066;954600;"whole thing?
>> KIM: Yeah."
346;954600;956767;">> KOURTNEY: 'Cause I was
thinking, is Mom exaggerating."
347;956767;959500;">> KIM: That's what I thought;
that's why I wanted to read it."
348;959500;964400;"She's so angry at Mom.
Like, for no reason."
349;964400;967400;"It was like, "I didn't speak to
my sister because of Kris."
350;967400;969667;"I didn't see my kids because of
Kris.""
351;969667;972400;"Like, grow up and say, "I didn't
call my kids.""
352;972400;976200;"And Caitlyn discredits Mom.
She said, "I didn't see a dime"
353;976200;978834;"of my money."
She was insinuating that, like,"
354;978834;981867;"Mom took the check and pocketed
it, and, like, had this huge"
355;981867;984133;"savings.
Like, the part of, like, our"
356;984133;989266;"lives that people don't ever see
is that, for a good, like, ten"
357;989266;993133;"or 15 years, like, while Mom
was, like, when they first moved"
358;993133;995433;"to Hidden Hills, when no one
lived in Hidden Hills, everyone"
359;995433;997700;"thought, "Oh, my God, we're
moving out of Beverly Hills,"
360;997700;999834;"we've got to be broke, we've got
to this.""
361;999834;1002100;"And, like, borrowing money from
Grandma, and, like, couldn't..."
362;1002100;1003767;">> KOURTNEY: From me.
>> KIM: Yeah, couldn't pay the"
363;1003767;1005100;"bills, like...
>> KOURTNEY: Yeah."
364;1005100;1006667;">> KIM: The money wasn't going
in Mom's pocket."
365;1006667;1009600;">> KOURTNEY: They made the money
together, and even when Mom"
366;1009600;1013000;"would book appearances, like, I
worked for her, I would hear her"
367;1013000;1015767;"phone calls in the office.
She would, like, hustle to get"
368;1015767;1019367;"speeches.
She changed her career and she"
369;1019367;1023400;"made her have this motivational
speaker business."
370;1023400;1027900;">> KIM: And then she said, "The
Kardashians were so upset when"
371;1027900;1031166;"their names weren't mentioned in
Diane Sawyer, but it was all"
372;1031166;1034467;"deliberate.
We did research."
373;1034467;1037066;"And any time the word
'Kardashian' was mentioned, they"
374;1037066;1039800;"thought-- they put the word
'Kardashian' with publicity"
375;1039800;1042633;"stunt.
And, so, we deliberately never"
376;1042633;1044800;"put the name in there."
>> KOURTNEY: And that sounds"
377;1044800;1046834;"pathetic.
>> KIM: It's so pathetic."
378;1046834;1049033;">> KOURTNEY: That just sounds,
like, calculated."
379;1049033;1051633;">> KIM: I'm just like, "Honey,
no one knew who you were for the"
380;1051633;1054400;"last few decades.
We got you more life, you know?"
381;1054400;1056934;"The show's not called 'Keeping
up with the Jenners.'""
382;1056934;1060400;"Caitlyn said she invented the
show and she was the only one"
383;1060400;1063066;"that was famous at the time.
But it's just, whatever her"
384;1063066;1066834;"perspective is, have some, like,
class."
385;1066834;1069734;">> KOURTNEY: Yeah, and just,
like, respect for someone that"
386;1069734;1072033;"you've been with for that many
years."
387;1072033;1075700;"In that situation, especially.
>> KIM: Yeah."
388;1075700;1079133;">> KOURTNEY: Never once has she
said, like, "I'm sorry" to Mom"
389;1079133;1081133;"or anything.
>> KIM: But I said, "You're"
390;1081133;1083500;"allowed to feel the way that
you feel, my mom's allowed to"
391;1083500;1085867;"feel the way that she feels.
Then do you want to hang out?"
392;1085867;1088233;"Why do you want to be a part of
the family if you're just gonna"
393;1088233;1090567;"talk (bleep)?"
>> KOURTNEY: So did you say"
394;1090567;1092367;"that?
>> KIM: I haven't talked to"
395;1092367;1094734;"Caitlyn since then.
>> KOURTNEY: Yeah."
396;1094734;1098433;">> KIM: If you turn on my mom
and you continue to bash us, I"
397;1098433;1103066;"can't, for the sake of even my
sisters, spend time with someone"
398;1103066;1106633;"that does not even care about my
mother."
399;1106633;1109700;"It's like, enough already.
You don't have to, like, tear"
400;1109700;1112433;"someone down.
Let's all build each other up."
401;1112433;1114867;">> KOURTNEY: Right.
>> KIM: While she's busy"
402;1114867;1117633;"building herself up and tearing
us down."
403;1117633;1121433;">> KOURTNEY: Yeah.
>> KIM: But using us."
404;1121433;1123333;"♪ ♪"
405;1129300;1133033;">> REIGN: KoKo!
>> KHLOE: Reigny!"
406;1133033;1135800;"Hello! Come here.
I was with him this morning."
407;1135800;1139000;"Oh...
>> SCOTT: KoKo."
408;1139000;1142133;">> REIGN: KoKo.
>> KHLOE: Anyway, Rob, it's nice"
409;1142133;1144333;"to see you.
>> ROB: It's really good to see"
410;1144333;1146934;"you guys.
>> KHLOE: I'm still waiting to"
411;1146934;1149667;"work out with you.
>> ROB: I was on my, uh, meriod,"
412;1149667;1151867;"so...
(Scott chuckles)"
413;1151867;1153867;">> KHLOE: Mm-mm.
>> SCOTT: Are you on birth"
414;1153867;1155767;"control?
'Cause if you are, it'll be a"
415;1155767;1157967;"shorter turn for your meriod.
>> ROB: I'm thinking of getting"
416;1157967;1160033;"the new male birth control.
>> SCOTT: Ooh."
417;1160033;1162367;">> KHLOE: Listen, if you want to
joke about periods so much and"
418;1162367;1164300;"joke that you have one...
>> ROB: I'm talking about birth"
419;1164300;1165800;"control.
>> KHLOE: I think you should"
420;1165800;1167300;"suffer the consequences of them.
'Cause they're not fun."
421;1167300;1168767;">> SCOTT: What are the
consequences?"
422;1168767;1170767;">> ROB: It can't be that bad.
>> KHLOE: You get cramps, you"
423;1170767;1173600;"have nausea, sometimes you throw
up, I get migraines."
424;1173600;1175834;">> KOURTNEY: I don't get any of
those."
425;1175834;1178266;">> REIGN: Me, too.
>> KOURTNEY: Me, too."
426;1178266;1180633;">> KHLOE: Some girls do.
It's, like, really severe."
427;1180633;1183066;"So I think you should know what
it feels like."
428;1183066;1185600;">> ROB: I don't care.
None of that stuff bothers me."
429;1185600;1188734;"I don't fear pain.
>> KHLOE: Okay."
430;1188734;1191867;"Well, I think you should know
what it's really like to feel"
431;1191867;1198400;"what we feel like.
Let's go see Rob menstruate."
432;1198400;1202300;"I know about this device, where
I know, like, a lot of athletes"
433;1202300;1205133;"do it, if you have an injury and
it makes your muscles contract."
434;1205133;1209967;"And if it's put in the wrong
place, I think really make a"
435;1209967;1214500;"good lasting effect on someone.
>> KOURTNEY: Hi. How are you?"
436;1214500;1216900;">> DR. TRUMPI: I'm Dr. Trumpi.
>> KOURTNEY: Hi. Kourtney."
437;1216900;1220166;"Nice to meet you. Come in.
>> KHLOE: So I figure, why not"
438;1220166;1222834;"do this to Rob?
You want to know what a (bleep)"
439;1222834;1226200;"period cramp feels like?
Be my guest."
440;1226200;1228066;"Hi. How are you?
>> DR. TRUMPI: Good."
441;1228066;1229734;"Hey, I'm Dr. Trumpi.
>> KHLOE: Hi, I'm Khloe."
442;1229734;1231266;"Nice to see you.
>> SCOTT: What's gonna go on in"
443;1231266;1232767;"here?
>> DR. TRUMPI: I'm gonna use"
444;1232767;1234900;"this electrical machine and I'm
going to put it on him and it's"
445;1234900;1237900;"going to cause muscular
contractions mimicking cramps."
446;1237900;1240233;">> KHLOE: See, Rob?
You want to make fun?"
447;1240233;1244066;"Wait till you feel this pain.
>> ROB: Khloe enjoys (bleep)"
448;1244066;1246333;"with me.
She obviously doesn't have"
449;1246333;1250633;"anything better to do since
she's on her period or whatever."
450;1250633;1253767;"I'm curious to what this is
gonna feel like, but, regardless"
451;1253767;1256233;"of whatever Khloe's plan is, I
just don't think it's gonna be"
452;1256233;1257700;"that bad.
>> DR. TRUMPI: We're gonna hook"
453;1257700;1259367;"these up, a little bit of
electrodes on you, so you can"
454;1259367;1261567;"have some empathy and sympathy
for all your females around you,"
455;1261567;1263233;"right?
Okay, what you need to do is"
456;1263233;1264834;"just relax here.
We're gonna put these here"
457;1264834;1266867;"first, okay?
We're gonna start just with two."
458;1266867;1268867;"So we have eight electrodes, but
we're gonna start with two,"
459;1268867;1270667;"okay?
So hold on to something."
460;1270667;1272333;"Hold her hand, okay?
>> ROB: Oh, (bleep)."
461;1272333;1275700;"Don't torture me.
>> DR. TRUMPI: Okay, you ready?"
462;1275700;1278100;"(electrodes buzzing)
>> MANVENDRA: I knew that my"
463;1278100;1280800;"coming out would definitely make
a difference, you know?"
464;1280800;1282900;">> KIM: But you still got
married to a woman?"
465;1282900;1287066;">> MANVENDRA: Living with her, I
realized that, uh, I-I have made"
466;1287066;1290200;"the biggest mistake.
>> KIM: She just literally"
467;1290200;1293100;"started three families with
three different people and"
468;1293100;1296467;"(bleep) everyone over.
>> KRIS: 100%. But doesn't..."
469;1296467;1299533;"can't handle that negative
publicity, so I'm gonna be the"
470;1299533;1301767;"scapegoat.
She's gonna throw me under the"
471;1301767;1303667;"bus."
472;1307133;1308600;">> DR. TRUMPI: We're gonna start
just with two."
473;1308600;1310066;"So we have eight electrodes, but
we're gonna start with two,"
474;1310066;1311734;"okay?
So hold on to something."
475;1311734;1313266;"Hold her hand, okay?
>> ROB: Oh, (bleep)."
476;1313266;1315100;"Don't torture me.
>> DR. TRUMPI: Okay, you ready?"
477;1315100;1317200;"Okay, I'm gonna go real slow, so
just so you get a sensation of"
478;1317200;1319133;"what it feels like, okay?
>> ROB: All right."
479;1319133;1320734;"(electrodes buzzing)
>> DR. TRUMPI: I'm gonna turn it"
480;1320734;1322867;"up a little bit.
I'm gonna go slow."
481;1322867;1324834;">> ROB (laughs): Just a little.
>> SCOTT: Could this... could"
482;1324834;1327633;"this stimulate him to, like,
ejaculate or anything?"
483;1327633;1329767;">> DR. TRUMPI: Not this time.
>> ROB: Oh, not this time."
484;1329767;1332967;"(laughter)
>> DR. TRUMPI: Okay, ready?"
485;1332967;1334467;">> ROB: And I'm touching my
sister's hand."
486;1334467;1335934;">> DR. TRUMPI: Okay, I'm gonna
keep going."
487;1335934;1337600;"Tell me when...
>> ROB: I just contract when I"
488;1337600;1339233;"laugh when I'm not trying to
think about it."
489;1339233;1340800;">> DR. TRUMPI: Relax a little.
>> ROB: That's what I do in the"
490;1340800;1342900;"tattoo appointments.
(groaning)"
491;1342900;1345467;">> KHLOE: Does it really hurt?
>> DR. TRUMPI: Does it hurt?"
492;1345467;1346800;">> ROB: Yeah.
>> KHLOE: Does it really?"
493;1346800;1349133;">> DR. TRUMPI: All right.
>> KHLOE: Apparently, my meriod"
494;1349133;1352900;"cramp device worked.
And it's not that I want my"
495;1352900;1356800;"brother to endure pain, but I
want him to know what I have to"
496;1356800;1360133;"go through every single month.
So I feel like I need this cramp"
497;1360133;1363266;"device in my back pocket for
whenever he has an excuse."
498;1363266;1365667;"I just go ahead and give him
some cramps."
499;1365667;1368000;">> SCOTT: So do you feel, like,
more sympathetic towards them"
500;1368000;1370266;"now or no?
>> ROB: I mean, yeah, I respect"
501;1370266;1373800;"a woman who gives birth and has
periods all the time."
502;1373800;1383500;">> SCOTT: It must have sucked.
♪ ♪"
503;1383500;1387967;">> KIM: Mom?
>> KRIS: Hey, I'm in the office."
504;1387967;1390533;">> KIM: Hey.
>> KRIS: You look nice."
505;1390533;1395500;">> KIM: Well, thanks, so do you.
(phone rings)"
506;1395500;1398433;">> KRIS: ♪ Happy birthday to
you ♪"
507;1398433;1402734;">> KIM AND KRIS: ♪ Happy
birthday to you ♪"
508;1402734;1411066;"♪ Happy birthday...
dear Tristan... ♪"
509;1411066;1414433;">> KRIS: ♪ Happy birthday ♪
>> KIM (high-pitched):"
510;1414433;1419834;"♪ To you! ♪
>> KRIS: Oh, get it, Kim, get"
511;1419834;1421900;"it!
>> TRISTAN: Hey, girl."
512;1421900;1425767;">> KIM: Hey.
How does it feel to be 21?"
513;1425767;1427333;">> KHLOE: He's 26.
>> TRISTAN: 26."
514;1427333;1429100;">> KHLOE: Don't be an
ass(bleep)."
515;1429100;1432166;">> KIM: Thank God.
>> KHLOE: Bye, you guys."
516;1432166;1435767;">> KRIS: Bye.
>> KIM: So... I read Caitlyn's"
517;1435767;1437600;"book.
>> KRIS: Stop."
518;1437600;1439734;">> KIM: Yeah.
>> KRIS: And?"
519;1439734;1442600;">> KIM: She has her thoughts,
and you have your thoughts and"
520;1442600;1446800;"that's fine, but I do feel like
there's a way to tell your side"
521;1446800;1449667;"of the story without being so
negative."
522;1449667;1452533;"Like, everything is always your
fault."
523;1452533;1455367;">> KRIS: Absolutely.
>> KIM: I think what she doesn't"
524;1455367;1458433;"realize, when it says you got
all the checks, yeah, it was a"
525;1458433;1460600;"household...
>> KRIS: She never paid a bill"
526;1460600;1462900;"from 1972.
>> KIM: So you were in charge of"
527;1462900;1464734;"that.
>> KRIS: Didn't know how much a"
528;1464734;1468100;"gardener was.
And in the book writes, "Well,"
529;1468100;1471233;"Kris didn't need me anymore.
 Keeping Up"
530;1471233;1474000;"they all
went to Kris.""
531;1474000;1476133;""Went to Kris"?
How about it went to the"
532;1476133;1479900;"mortgage, and the insurance, and
education."
533;1479900;1483400;"You start talking about how I
was hoarding money, when we"
534;1483400;1486300;"didn't even have it?
You know when you get to know"
535;1486300;1489800;"somebody and you're dating?
And I said to Cait, "I didn't--"
536;1489800;1492533;"you know, you were married
before, how did you and your"
537;1492533;1495633;"last wife break up?"
And she weaves this elaborate"
538;1495633;1498100;"story about how she and Linda
broke up."
539;1498100;1501767;"Cait could've told me the story
that she writes about in the"
540;1501767;1507433;"book, which is, gee, Linda got
so angry and nasty that she had"
541;1507433;1510633;"to tell her about her gender
dysphoria."
542;1510633;1513333;"Like, why wouldn't you have just
told me what happened with Linda"
543;1513333;1516200;"so at least I could make my own
decision if I wanted to get"
544;1516200;1518967;"married to someone who really
wanted to be a woman?"
545;1518967;1521800;">> KIM: She just literally
started three families with"
546;1521800;1524367;"three different people and
(bleep) everyone over."
547;1524367;1527333;">> KRIS: 100%.
But doesn't-- can't handle that"
548;1527333;1530200;"negative publicity, so I'm gonna
be the scapegoat."
549;1530200;1532467;"She's gonna throw me under the
bus."
550;1532467;1535433;">> KIM: It's so wack.
Like, it really is so wack."
551;1535433;1540934;"♪ ♪
>> KRIS: If this is the way that"
552;1540934;1545066;"someone feels about me, after 23
years, and about all the"
553;1545066;1549300;"wonderful memories that I have,
(voice breaking): then... it's"
554;1549300;1552767;"just better for me to say, "You
know what? I have my own"
555;1552767;1556767;"memories, and they were great.
And the last five years were"
556;1556767;1559734;"hard, but I still have those
great memories.""
557;1559734;1562467;">> KIM: Yeah.
>> KRIS: So I choose to be the"
558;1562467;1565767;"bigger person and just wish them
well."
559;1565767;1571233;"And I feel sorry for her that
this is how she has her"
560;1571233;1574533;"memories.
>> KIM: 100%."
561;1574533;1579567;"My mom has been so fair to Cait.
And Cait just has no decency"
562;1579567;1582433;"towards my mom, whatsoever.
It's just hurtful."
563;1582433;1585166;"And I feel like my mom is
carrying this burden of feeling"
564;1585166;1588000;"like she has to maintain a
relationship with Caitlyn for"
565;1588000;1590000;"all the kids.
Like, we're grown up."
566;1590000;1592633;"I don't think my mom has to try
anymore."
567;1592633;1597166;"It's time to move on.
I just, like, have no respect"
568;1597166;1599433;"for her anymore.
Like, someone that had this"
569;1599433;1603800;"perspective, I wouldn't even
want around."
570;1603800;1608800;"Over it.
Done."
571;1608800;1612066;"And she goes, "And the girl and
those kids felt a way about it.""
572;1612066;1614734;">> KENDALL: Damn, she's really
pushing herself further and"
573;1614734;1616633;"further away from all of us."
574;1620100;1622000;"♪ ♪"
575;1628567;1630467;">> KHLOE: Can't even see."
576;1634533;1636533;"Perfect.
(doorbell rings)"
577;1636533;1638533;">> KIM: Hi.
>> MANVENDRA: Hi. How are you?"
578;1638533;1640467;">> KIM: So nice to meet you.
>> MANVENDRA: Hello. I'm Prince"
579;1640467;1642300;"Manvendra from India.
>> KIM: I'm Kim."
580;1642300;1643967;">> MANVENDRA: Hi. So nice...
>> KIM: So nice to meet you."
581;1643967;1645767;"Come in.
>> MANVENDRA: You got a"
582;1645767;1647767;"beautiful house.
>> KIM: Thank you."
583;1647767;1649367;">> KENDALL: Hi. How are you?
>> MANVENDRA: Hi. How are you?"
584;1649367;1651000;">> KENDALL: Nice to see you.
>> KIM: And this is Kourtney."
585;1651000;1652834;">> KOURTNEY: Hi. How are you?
>> KHLOE: Hi."
586;1652834;1654333;">> KIM: This is Khloe.
>> KHLOE: Hi. Nice to see you."
587;1654333;1655767;">> KIM: Your outfit is so
beautiful."
588;1655767;1657100;">> MANVENDRA: Thank you.
>> KHLOE: Do you want to sit"
589;1657100;1658533;"down?
>> MANVENDRA: Yeah."
590;1658533;1660533;">> KOURTNEY: Did you just come
from India?"
591;1660533;1663200;">> MANVENDRA: We went to San
Francisco to raise funds to"
592;1663200;1667967;"make, um, our LGBTA center,
community center."
593;1667967;1670000;""A" stands for allies.
That's happening in India."
594;1670000;1672233;"That's the first one in India.
>> KIM AND KENDALL: Oh, wow."
595;1672233;1674233;">> MANVENDRA: I knew that my
coming out would definitely make"
596;1674233;1677800;"a difference, you know? So...
>> KENDALL: How was the response"
597;1677800;1679834;"publicly?
>> MANVENDRA: Oh, my God, don't"
598;1679834;1681967;"even ask me what happened.
(laughter)"
599;1681967;1687233;"The first reaction was, they
all, they set a bonfire, and"
600;1687233;1689467;"they burned my effigies in that.
(Kendall gasps)"
601;1689467;1692700;"The whole town, they got
together, and there was protests"
602;1692700;1696233;"going on everywhere, and there
was a-- they said, "He's put a"
603;1696233;1698433;"shame to the royal family.
He should be stripped of his"
604;1698433;1700467;"title."
>> KHLOE: If your parents wanted"
605;1700467;1703600;"to, could they strip you of your
title and banish you?"
606;1703600;1705333;">> MANVENDRA: They-they did.
They did, in fact."
607;1705333;1707467;">> KHLOE: Oh, they did.
>> MANVENDRA: So, uh, my parents"
608;1707467;1710900;"publicly disowned me from the
royal family."
609;1710900;1712934;">> KHLOE: Oh...
>> MANVENDRA: And they also"
610;1712934;1715900;"publicly disinherited me from
the ancestral property."
611;1715900;1717233;">> KHLOE: Oh.
>> KENDALL: Wow."
612;1717233;1719800;">> MANVENDRA: Yes, so...
>> KHLOE: Have you spoken to"
613;1719800;1721800;"your parents since?
>> MANVENDRA: Yeah, then, things"
614;1721800;1724200;"did improve.
Like, uh, I have to educate"
615;1724200;1728200;"them, I have to make them aware
what is right, what is wrong."
616;1728200;1731767;"And media helped me a lot.
You know, media-- print media"
617;1731767;1735100;"and television media-- that
helped change their minds."
618;1735100;1737467;">> KIM: Yeah, 'cause once people
feel like other people will"
619;1737467;1740266;"accept it, then it might-- it
must not be that bad."
620;1740266;1742166;">> MANVENDRA: Exactly.
>> KIM: The more they hear about"
621;1742166;1744266;"it, the more common it becomes.
>> MANVENDRA: Yeah."
622;1744266;1746633;">> KIM: I mean, even just with,
like, our situation, like, with"
623;1746633;1749333;"your dad.
It's, like, 20 years ago, if you"
624;1749333;1752600;"heard someone was transgender,
that would be, like... (gasps)"
625;1752600;1754867;">> KENDALL: Yeah.
>> KIM: And now, it's, like..."
626;1754867;1757600;">> KENDALL: Well, someone said
the other night, they were like,"
627;1757600;1761000;""Before she publicly came out,
we heard she might publicly"
628;1761000;1762700;"come out," and they were, like,
nervous."
629;1762700;1765066;"They were like, "Oh, my God, I
don't know if, like, America or,"
630;1765066;1766967;"like, the world is ready for
this.""
631;1766967;1769133;">> KOURTNEY: Mm-hmm.
>> KIM: I was so happy for her"
632;1769133;1771133;"soul that it was a positive
reaction, 'cause I can only"
633;1771133;1772967;"imagine...
>> KENDALL: 'Cause it could have"
634;1772967;1774967;"been really bad. Yeah.
>> KIM: ...you know, how strong"
635;1774967;1776834;"you have to be to...
>> MANVENDRA: Yeah."
636;1776834;1779934;">> KIM: Really, I mean, and how
scared you must be."
637;1779934;1783400;">> KENDALL: When did you know?
>> MANVENDRA: It was around 12"
638;1783400;1786500;"or 13, I guess. I mean...
>> KIM: But you still got"
639;1786500;1790500;"married to a woman?
>> MANVENDRA: Mine was arranged,"
640;1790500;1793700;"and I was shown a number of
princesses from across the"
641;1793700;1795700;"country.
>> KIM: Oh, and you pick?"
642;1795700;1799834;">> MANVENDRA: And I picked one
who I thought I would..."
643;1799834;1802266;"assuming I'm straight.
(laughter)"
644;1802266;1804100;"You know?
>> KENDALL: Do you still speak"
645;1804100;1806100;"with her or no?
>> MANVENDRA: Uh, no, I didn't"
646;1806100;1808166;"speak to, I don't speak to her
anymore."
647;1808166;1811433;"But, uh, I mean, I haven't
spoken to her after our divorce"
648;1811433;1816633;"because, um, it really hit me
hard on my heart, because those"
649;1816633;1821567;"moments of living with her, I
realized that, uh, I kind of"
650;1821567;1825433;"made the biggest mistake.
We kind of mutually decided that"
651;1825433;1828100;"I said, no, I can't keep her in
this, uh, way."
652;1828100;1830967;"I mean, I can't continue with
this kind of a torture, I would"
653;1830967;1832900;"say, for her.
>> KENDALL: It's amazing of you,"
654;1832900;1834667;"though, to do that.
>> MANVENDRA: Yeah, I said, I--"
655;1834667;1836533;"it's not... it's not right.
>> KHLOE: Do you know if"
656;1836533;1838200;"she's...
Like, is she married now?"
657;1838200;1839900;">> MANVENDRA: Yeah, yeah, yeah.
>> KHLOE: Oh, she is?"
658;1839900;1842200;">> MANVENDRA: Yeah, yeah.
So, because it's very difficult,"
659;1842200;1845100;"in India especially, for girls
to get married after divorce, I"
660;1845100;1849333;"mean, I was just praying.
I said, I just wish she gets"
661;1849333;1852467;"married, 'cause, like, my
satisfaction was that she got"
662;1852467;1856033;"married.
That was itself the beginning"
663;1856033;1860233;"stage of my... my coming out.
Because till then, I was feeling"
664;1860233;1862567;"very guilty after this whole...
this whole thing happened."
665;1862567;1864533;">> KIM: And to be so thoughtful
of her..."
666;1864533;1866500;">> MANVENDRA: Yeah.
>> KIM: It just shows, like,"
667;1866500;1871233;"really great character.
I think coming out is such a"
668;1871233;1875600;"personal decision that you have
to do it in your own time, but I"
669;1875600;1879433;"think that it's really
commendable that he waited until"
670;1879433;1884333;"his wife remarried to come out
because he was so sensitive to"
671;1884333;1887600;"her experience.
>> MANVENDRA: The last words of"
672;1887600;1889800;"her I still remember.
She told me just before we"
673;1889800;1892433;"parted ways, she told me,
"You-you have tried to spoil my"
674;1892433;1895900;"life.
"I would advise you please don't"
675;1895900;1899433;"do it to another woman."
>> KENDALL: I feel like there"
676;1899433;1902433;"are some similarities between
Prince Manvendra's stories and"
677;1902433;1905433;"my parents' stories, so I really
would like my mom to meet him"
678;1905433;1907600;"and talk to him.
I think it could be really"
679;1907600;1911033;"interesting.
>> MANVENDRA: I have friends or"
680;1911033;1914834;"relatives who have, who have
known her and, uh, she seems to"
681;1914834;1916767;"be enjoying her life.
>> KHLOE: That's so good."
682;1916767;1918467;">> KIM: That must make you feel
good."
683;1918467;1920934;">> MANVENDRA: Yeah, I mean, uh,
of course, yeah, but, like, you"
684;1920934;1923533;"know, sometimes I go back,
flash back, and, you know, I"
685;1923533;1925967;"again think, "Oh, my God, why
did I cause so much of misery to"
686;1925967;1929033;"her?"
>> KIM: It's really clear that"
687;1929033;1931867;"the prince and Caitlyn handled
their situations totally"
688;1931867;1934233;"differently.
I know Kendall's such a daddy's"
689;1934233;1937700;"girl, but I do think it's
important to understand what my"
690;1937700;1943266;"mom's been going through just so
that Kendall knows both sides."
691;1943266;1947800;"It seems like such a simple
thing, just to be who you are,"
692;1947800;1949533;"but it's really not.
>> MANVENDRA: Yeah, yeah."
693;1949533;1952934;">> KIM: You know, and so many...
for so many different people."
694;1952934;1961500;">> MANVENDRA: Exactly.
♪ ♪"
695;1961500;1963967;">> KIM: Okay, what does this
thing say?"
696;1963967;1967033;">> KENDALL: The artist, Tracey
Emin, did the dimensions of her"
697;1967033;1969667;"ex-boyfriend's (bleep).
So he has a really big (bleep)"
698;1969667;1972800;"and the message is to his new
girlfriend saying, "I'm glad to"
699;1972800;1975300;"hear you're happy."
Do you like the placement over"
700;1975300;1977066;"my bed?
>> KIM: That is so funny."
701;1977066;1979934;">> KENDALL: It's good, right?
>> KIM: So, it's 22 centimeters."
702;1979934;1981834;">> KENDALL: Yeah, it's big.
I think, right?"
703;1981834;1986700;">> KIM: So funny.
I, uh, I finally read your dad's"
704;1986700;1989133;"book.
>> KENDALL: You read the whole"
705;1989133;1991667;"thing?
>> KIM: Yeah."
706;1991667;1994567;"There's just certain things that
you don't have to say about my"
707;1994567;1998266;"mom.
I feel like my mom always holds"
708;1998266;2001333;"in her feelings to her kids
'cause she doesn't want us to"
709;2001333;2003633;"pick sides.
She doesn't want us to be in"
710;2003633;2005533;"that position.
And I feel like Kendall should"
711;2005533;2007433;"know.
She should know what the book"
712;2007433;2011033;"says and then she should know
what my mom's feelings are."
713;2011033;2013433;"I just want to treat Kendall
like an adult and give her the"
714;2013433;2015233;"truth.
I think we always baby her and"
715;2015233;2017700;"Kylie, thinking they're, like,
the babies of the family and"
716;2017700;2019266;"they're not.
Like, they're grown now."
717;2019266;2024033;">> KENDALL: Like, what did she
say?"
718;2024033;2026433;">> KENDALL: That makes no sense
to me that she would go around"
719;2026433;2030734;"bashing, like, us for no reason.
It's insane, Mom."
720;2030734;2032633;"That's insane!"
721;2036667;2040200;">> KENDALL: Like, what did she
say?"
722;2040200;2043367;">> KIM: There's a way to tell
your story without being"
723;2043367;2046300;"negative.
So, she acts in the book, Kris"
724;2046300;2048700;"knew, but Kris knew what?
>> KENDALL: Mm-hmm."
725;2048700;2051467;">> KIM: You're making it seem
like Kris knew "I'm transgender;"
726;2051467;2054567;"I feel like I'm in the wrong
body," and then she goes, "Oh,"
727;2054567;2058500;"she knew.
I said that I, you know, liked"
728;2058500;2061900;"to dress up and she said 'don't
do that here,' or something like"
729;2061900;2063867;"that."
And I go, you know what?"
730;2063867;2066600;"She was 30-years-old.
She loved you."
731;2066600;2069166;"She probably didn't know what
you even meant."
732;2069166;2071367;">> KENDALL: Mm-hmm.
>> KIM: And then Cait said, "So,"
733;2071367;2074367;"every check Kris and I got, she
wouldn't let me write a check."
734;2074367;2075934;"She wouldn't let me write
anything."
735;2075934;2078600;"I got, Kris got all the money."
But where do you think that"
736;2078600;2080467;"money went to?
You're making it sound like she"
737;2080467;2083400;"just went shopping.
But you guys had to pay for the"
738;2083400;2085967;"home, insurance, health
insurance..."
739;2085967;2087867;">> KENDALL: Yeah, she wasn't,
like, out buying crazy stuff"
740;2087867;2089333;"with your money.
>> KIM: They hardly had any"
741;2089333;2091467;"money, and they were, like,
putting it into an account, and"
742;2091467;2094000;"paying taxes, and doing this and
paying old bills."
743;2094000;2098133;"And then, with her transition,
she goes, "And those kids felt"
744;2098133;2100467;"a way about it."
And, like, made it, you know,"
745;2100467;2103266;"said that we were so upset.
>> KENDALL: That's so awful to"
746;2103266;2105300;"say about your family.
>> KIM: Totally."
747;2105300;2107800;">> KENDALL: Like, the kids that,
like, you met Robert when he"
748;2107800;2109900;"was two.
>> KIM: Totally."
749;2109900;2112233;">> KENDALL: You ra-- you helped
raise all of you guys."
750;2112233;2114166;">> KIM: But if I was apart...
>> KENDALL: Like, that, those"
751;2114166;2115800;"are partly your kids, too, so,
like, what the (bleep)?"
752;2115800;2118200;">> KIM: Totally.
In the back of the book, she"
753;2118200;2122500;"says, "And when we did Diane
Sawyer, we specifically took out"
754;2122500;2126066;"every reference that said
Kardashian or insinuation to"
755;2126066;2128934;"them.
We did research and studies"
756;2128934;2131633;"show..."
And I'm like, instead of having"
757;2131633;2133600;"our back and, like...
>> KENDALL: Like, if you're not"
758;2133600;2137367;"gonna mention our name, fi-- or
your name, fine, but don't diss"
759;2137367;2139767;"it at the end of your thing.
>> KIM: It's like a-a"
760;2139767;2142166;"backhanded... yeah.
>> KENDALL: Yeah. You should,"
761;2142166;2145734;"like, make it seem better and
help."
762;2145734;2150533;"I think what upset me the most
about my dad's book is what she"
763;2150533;2153800;"had said about my family
because, at the end of the day,"
764;2153800;2157133;"she raised the Kardashians.
And at the end of the day, the"
765;2157133;2160367;"Kardashians are still part of my
blood, so I understand where my"
766;2160367;2162066;"mom's coming from a bit more
now."
767;2162066;2163700;">> KIM: So I think that, you
know, just that little..."
768;2163700;2165400;">> KENDALL: Damn, she's really
pushing herself further and"
769;2165400;2166900;"further away from all of us,
though."
770;2166900;2169033;"And then she complains, like,
"Why don't you guys come and"
771;2169033;2170834;"hang out with me?
Why don't you guys see me?""
772;2170834;2172667;"And it's, like, "Because you're
being mean.""
773;2172667;2174867;">> KIM: Yeah.
>> KENDALL: I don't know what"
774;2174867;2185834;"got into her, man.
♪ ♪"
775;2185834;2187734;"(doorbell rings)"
776;2190400;2191967;">> MANVENDRA: Hi, Kris.
>> KRIS: Hello. How are you?"
777;2191967;2193567;">> MANVENDRA: How are you?
>> KRIS: You must be Prince"
778;2193567;2195266;"Manvendra.
>> MANVENDRA: Yes."
779;2195266;2197600;">> KRIS: There's not many people
that come to my door in such"
780;2197600;2199700;"beautiful garments.
>> MANVENDRA: You look so"
781;2199700;2201567;"beautiful.
Yeah, thank you."
782;2201567;2204834;">> KRIS: Amazing. Come on in.
My girls have said so many"
783;2204834;2206967;"wonderful things about you.
>> MANVENDRA: Oh, have they?"
784;2206967;2209100;">> KRIS: They can't say enough.
They had a beautiful meeting"
785;2209100;2211100;"with you.
How are you?"
786;2211100;2213533;">> MANVENDRA: Yeah, I'm doing
great and I'm so happy to meet"
787;2213533;2215667;"you.
Uh, I mean, I've heard so much"
788;2215667;2217367;"about you, and...
>> KRIS: You have?"
789;2217367;2220600;">> MANVENDRA: Yes, and I wanted
to meet you to... to talk to"
790;2220600;2223867;"you.
>> KRIS: I was fascinated with"
791;2223867;2228767;"your story because you did
something that was so against"
792;2228767;2230600;"your culture.
>> MANVENDRA: Mm-hmm."
793;2230600;2234834;">> KRIS: And the price you had
to pay is extraordinary."
794;2234834;2237567;"And that's-- I mean, I admire
you for your strength."
795;2237567;2239800;">> MANVENDRA: Thank you.
>> KRIS: And for being true to"
796;2239800;2242066;"yourself.
And I'm not sure why your story"
797;2242066;2246300;"makes so much sense and
Caitlyn's doesn't, but what do"
798;2246300;2252300;"you think was the biggest thing
that you had to face when you"
799;2252300;2256500;"finally said, "This isn't me,
I'm gay"?"
800;2256500;2258333;">> MANVENDRA: My-my life.
>> KRIS: Yeah."
801;2258333;2260066;">> MANVENDRA: There's nothing
more precious than your own"
802;2260066;2262900;"life.
You can get a house, you can get"
803;2262900;2265433;"husband, but you can't get a
life back."
804;2265433;2267767;"So I sacrificed my old life.
>> KRIS: How long were you"
805;2267767;2269967;"married?
>> MANVENDRA: I was married for,"
806;2269967;2273200;"uh, 16 months, I would say.
>> KRIS: Oh, wow."
807;2273200;2276300;">> MANVENDRA: Yes.
>> KRIS: Mine lasted 23 years."
808;2276300;2280400;">> MANVENDRA: My goodness.
>> KRIS: I felt like I was"
809;2280400;2283767;"married to someone who really
wanted to be married to me."
810;2283767;2288100;"And then to suddenly, you know,
wake up one day and realize that"
811;2288100;2292300;"wasn't gonna be the end of your
chapter, is devastating."
812;2292300;2295867;">> MANVENDRA: Somewhere down the
line, I'm sure, she will also"
813;2295867;2300166;"be having a feeling of guilt.
Or like a, "Why did I do that to"
814;2300166;2304166;"her?"
>> KRIS: It's very liberating"
815;2304166;2308000;"for me to be able to talk to
somebody else who's gone through"
816;2308000;2312567;"a similar situation.
And, to have someone really"
817;2312567;2317133;"validate that it's okay to feel
the way that I've been feeling,"
818;2317133;2320934;"and that sooner or later it does
get a little bit better."
819;2320934;2324767;"The way that you've treated your
ex-wife, it gives me hope that"
820;2324767;2328734;"there are people out there like
you that are very considerate,"
821;2328734;2331900;"and loving, and caring and
that's a big deal."
822;2331900;2334367;">> MANVENDRA: I'm just hoping
that you also get treated the"
823;2334367;2337934;"same-- similar manner by, uh...
>> KRIS: Aw, maybe one day."
824;2337934;2340233;">> MANVENDRA: By-- one day,
yeah, I-I have, I have that"
825;2340233;2341667;"hope.
>> KRIS: Thank you."
826;2341667;2342834;">> MANVENDRA: That positive,
uh, hope."
827;2342834;2345900;"And, um, I believe in destiny.
>> KRIS: I do, too."
828;2345900;2349200;">> MANVENDRA: Yes. And I believe
that, when two strangers are"
829;2349200;2352700;"meeting, they're meeting for a
purpose, and for a good purpose."
830;2352700;2355667;"If I'm meeting you today, I'm
sure there's something good"
831;2355667;2358066;"coming in your life.
>> KRIS: Aw, thank you."
832;2358066;2360667;">> MANVENDRA: I will definitely
pray and wish something,"
833;2360667;2364133;"something good comes and you
will live a very happy,"
834;2364133;2367533;"satisfied life.
And if you'll be happy, I'm sure"
835;2367533;2370600;"you'll give more happiness to
your daughters."
836;2370600;2372500;"♪ ♪"
837;2377834;2381233;">> KRIS: Did you see my sheep?
These are the bronze ones that"
838;2381233;2383233;"live outside.
(high-pitched): And this is what"
839;2383233;2386100;"I got!
My little babies!"
840;2386100;2388333;"Look!
>> KENDALL: I can tell you miss"
841;2388333;2391734;"Kylie and I a lot.
>> KRIS: The mommy and the baby."
842;2391734;2394000;"All right, come here.
I'm gonna make you, like, look"
843;2394000;2397700;"at my sheep, they're right here.
(Kris claps, laughs)"
844;2397700;2399667;"Aren't they cute?
>> KENDALL: Why don't you trim"
845;2399667;2401533;"your grass?
Why does it look like that?"
846;2401533;2403800;">> KRIS: 'Cause it's just trying
to grow back after all the rain."
847;2403800;2406433;"We're gonna replace it.
Aren't they cute?"
848;2406433;2410233;">> KENDALL: So cute.
>> KRIS: I know."
849;2410233;2413133;">> KENDALL: I spoke to Kim about
Dad's book."
850;2413133;2415300;"And I heard about all the stuff
that she was saying in it."
851;2415300;2417300;">> KRIS: Mm-hmm.
>> KENDALL: And just how a lot"
852;2417300;2419233;"of it's so not true.
>> KRIS: Yeah."
853;2419233;2421600;">> KENDALL: The weird part is I
don't think it's a purposeful"
854;2421600;2423266;"lying.
>> KRIS: Yeah."
855;2423266;2425266;">> KENDALL: I think she's really
just thinks that's what"
856;2425266;2427767;"happened, for some weird reason.
>> KRIS: It could've been"
857;2427767;2431767;"handled in the most amazing,
loving way."
858;2431767;2434300;"Talk about your journey and keep
it to that."
859;2434300;2436567;"That I would've had great
respect for."
860;2436567;2440800;"Don't talk about, in a real
negative way."
861;2440800;2444333;"Like, everything was, like, I am
such a bad person."
862;2444333;2449867;"There's lies that are printed in
a book that lives there for the"
863;2449867;2452834;"end of time.
So your children are gonna read"
864;2452834;2456800;"this book about their
grandparent and have a story"
865;2456800;2460033;"that's fabricated.
That's in print and is a"
866;2460033;2463233;"fabrication.
>> KENDALL: Yeah, you're right."
867;2463233;2466834;"And then she goes around dissing
the Kardashians, but it's like,"
868;2466834;2469667;"those are the kids that you
raised."
869;2469667;2472834;"If you have a problem with them,
you raised them."
870;2472834;2475533;"That makes no sense to me that
she would go around bashing,"
871;2475533;2479900;"like, us for no reason.
It's insane, Mom."
872;2479900;2481800;"That's insane!"
873;2486100;2489734;">> KENDALL: It's insane, Mom.
It's com-- it-it blows my mind"
874;2489734;2492000;"that she would do that.
>> KRIS: But here's what you"
875;2492000;2494967;"have to understand, here's what
you-- here's what you have to"
876;2494967;2499533;"understand, she walked away from
four other kids, and then turned"
877;2499533;2501867;"around and blamed it on me.
>> KENDALL: Yeah."
878;2501867;2504500;">> KRIS: This was kind of like
my final straw."
879;2504500;2508767;"And, at some point, I just have
to let it go because it's too"
880;2508767;2511600;"painful to bear.
>> KENDALL: It sucks, but, like,"
881;2511600;2514300;"it's not worth putting too much
energy towards it right now, but"
882;2514300;2517300;"if that's, like, making you
stressed, like, it's her fault."
883;2517300;2520700;">> KRIS: Yeah.
I appreciate that."
884;2520700;2524233;">> KENDALL: My mom has been
pretty protective over Kylie and"
885;2524233;2527367;"I, and I can really appreciate
it, but at the same time, I"
886;2527367;2530266;"think Kylie and I are old enough
now to try and deal with it on"
887;2530266;2532700;"our own.
I mean, it's my dad is my dad,"
888;2532700;2535100;"I'll always love my dad.
I love my dad to death."
889;2535100;2537834;"But I think my mom needed to
know that it will all be okay,"
890;2537834;2542066;"and that, and that we'll be
fine, and I just... needed her"
891;2542066;2544533;"to know that.
I mean, it's unfortunate 'cause"
892;2544533;2548166;"that part, that connection is
falling apart, but that's okay."
893;2548166;2550433;"Like, I've learned to be okay
with it."
894;2550433;2554433;">> KRIS: I just never want you
to feel like I don't love you"
895;2554433;2556934;"more than anything in the whole,
entire world."
896;2556934;2561867;"And thanks for just being you.
You have a heart of gold."
897;2561867;2565000;"A heart of gold.
>> KENDALL: 'Kay, I'm leaving."
898;2565000;2567734;">> KRIS: You don't want to stay
for turkey meat loaf?"
899;2567734;2569734;">> KENDALL: Sure don't.
>> KRIS: Give me a kiss."
900;2569734;2572166;"And a hug.
>> KENDALL: No kisses."
901;2572166;2575266;"You have so much makeup on.
Mom, please, seriously,"
902;2575266;2577166;"seriously, seriously, Mom, this
gross!"
903;2577166;2579367;"This is so gross.
Look at your lipstick that you"
904;2579367;2581200;"have on, it's so weird.
>> KRIS: Ooh, you look like you"
905;2581200;2583033;"have a hickey.
>> KENDALL: Yeah, that's gross."
906;2583033;2585266;">> KRIS: Awesome.
Moms are gross, that's what"
907;2585266;2587700;"happens.
Better leave or I'm gonna kiss"
908;2587700;2589834;"you again.
I'm gonna get you."
909;2589834;2592100;">> KENDALL: Leave me alone.
>> KRIS: I'm gonna get you."
910;2592100;2595200;"(laughs): I'm gonna get you.
>> KIM: Coming up next week..."
911;2595200;2598133;">> KHLOE: When do you think
you're gonna start dating again?"
912;2598133;2600467;">> KOURTNEY: Hi. How are you?
Kourtney."
913;2600467;2601967;">> KRIS: We're discussing your
birthday party."
914;2601967;2604033;"So we got Disneyland.
Is that good?"
915;2604033;2605934;">> ROB: That doesn't...
>> KHLOE: This is something you"
916;2605934;2609066;"want to do, Rob.
>> KHLOE: I wonder how Tristan"
917;2609066;2611400;"would feel.
"I'm pregnant, but it's not"
918;2611400;2614133;"yours and it's not mine."
>> KIM: Having Khloe be my"
919;2614133;2615800;"surrogate would give me peace of
mind."
920;2615800;2617467;">> DOCTOR: There are fewer
follicles than for normal"
921;2617467;2619300;"32-year-olds.
>> KHLOE: Shut the (bleep) up."
922;2619300;2623367;"Captioning sponsored by
 BUNIM-MURRAY PRODUCTIONS"