﻿Number;Start time in milliseconds;End time in milliseconds;"Text"
1;5133;12834;"♪ ♪
(clock ticking)"
2;12834;14233;">> KOURTNEY: Hi.
>> REIGN: Gabbana."
3;14233;16500;">> KOURTNEY: Gabbana's coming.
Do you like Gabbana?"
4;16500;18400;"She's kissing you.
>> REIGN: No."
5;18400;19900;">> KOURTNEY: That's how
she kisses."
6;19900;21767;">> REIGN: No. Gabbana.
>> KOURTNEY: No?"
7;21767;23600;">> KHLOE: This braid?
I swear, I thought it was P"
8;23600;25767;"from this side.
He looks like a G-I-R-L."
9;25767;27433;">> KOURTNEY: It's not, like,
G'd up?"
10;27433;29367;">> KHLOE: No, 'cause you're not,
like, giving him a cornrow,"
11;29367;31567;"you're giving him, like,
a half up, half down."
12;31567;33767;">> KOURTNEY: Well,
I didn't do it."
13;33767;36100;"Wait, I'm just gonna
do a ponytail."
14;36100;38633;"Are you okay?
>> KHLOE: You're okay."
15;38633;42867;"(laughs)
You're okay."
16;42867;44767;"(Khloe laughs)"
17;47000;53533;"Are you okay, Reign?
Yay."
18;53533;64066;"Just deal with it, okay?
♪ ♪"
19;64066;77734;"♪ ♪
(siren whoops)"
20;77734;82767;">> COREY: Is Kim here?
>> KRIS: Kim's in the greenroom."
21;82767;84800;">> KIM: Hi.
>> KRIS: I brought Ashley with"
22;84800;86266;"me... to say hi.
>> KIM: Hi, guys."
23;86266;90000;">> COREY: And me.
(indistinct chatter)"
24;90000;92567;">> KRIS: We're at Kanye's
Pablo Tour."
25;92567;95367;"Kim hasn't been out
since the Paris robbery."
26;95367;98266;"Are you wearing a shirt again,
with nothing on under it?"
27;98266;100600;">> KIM: I don't have any energy
to, like, put on clothes"
28;100600;102266;"or makeup.
>> KRIS: That's all right."
29;102266;106200;"I know she's having a hard time,
so I really want Kim to be"
30;106200;109967;"around her family, her friends.
I know it'll be therapeutic"
31;109967;115433;"for Kim.
(crowd cheering)"
32;115433;122266;"(indistinct chatter)
(crowd cheering)"
33;122266;124300;">> KATY: How are you?
>> KIM: Hi!"
34;124300;126400;">> KATY: I'm so glad.
>> KIM: How are you?"
35;126400;128767;">> WOMAN: Have you been going
out much or seeing how...?"
36;128767;130767;">> KIM: Not really, no.
This is, like, actually,"
37;130767;134133;"my first time going out,
and I'm so used to staying home."
38;134133;136433;"The plan was always to go
on the entire tour."
39;136433;139400;"So I feel really bad that I just
kinda have been at home, but the"
40;139400;143300;"Forum is a place that, pretty
much, my aunt and uncle own,"
41;143300;147900;"the Azoffs, so I do feel like
it's a safe place to go to,"
42;147900;151100;"and I want to definitely
support my husband."
43;151100;153333;">> MARC: Like, Simone texted me,
she's like, "We were robbed.""
44;153333;156100;"And I was like, "Oh,
like, someone came up and, like,"
45;156100;157600;"stole, like..."
>> KIM: That's what Kanye"
46;157600;159133;"thought, even when he got
off the stage."
47;159133;161400;"They made it sound like,
"Oh, like, they were like,"
48;161400;163233;"'Give me your bag.'"
>> KATY: How are you?"
49;163233;165000;"How's everyone? Good?
>> KRIS: Yeah."
50;165000;166333;"Hanging in there.
>> KATY: Coming together."
51;166333;167834;">> KRIS: I just want Kim
to be okay."
52;167834;169800;">> KATY: She will.
Everything is a lesson."
53;169800;171900;">> KRIS: Yeah. For sure.
>> KATY: Every relationship is a"
54;171900;174900;"lesson, every experience, every
trauma: lesson, lesson, lesson."
55;174900;177300;">> KRIS: Completely agree.
>> KENDALL: You're here?"
56;177300;178934;">> KRIS: She is so strong.
>> KATY: Yeah."
57;178934;180433;">> KRIS: And if she can
get through this?"
58;180433;181800;">> KATY: 100%. And also...
>> KRIS: She teaches me"
59;181800;184033;"something every day.
>> KIM: Mom, I want to go out,"
60;184033;185900;"it started.
>> KRIS: Okay. All right."
61;185900;191033;"Let's go.
(crowd cheering)"
62;191033;193166;">> KIM: Where is Kourtney
and them?"
63;193166;195333;">> KOURTNEY: What? I'm here.
>> KANYE: Welcome"
64;195333;219000;"to Saint Pablo.
♪ ♪"
65;219000;220900;"♪ ♪"
66;232166;234000;">> STEPHANIE: Are you okay?
>> KIM: Yeah."
67;234000;235800;">> KOURTNEY: This girl's
video-ing you."
68;235800;241633;"Just don't video my sister.
I'll have you exited."
69;241633;244100;">> KIM: I can feel the energy
of, like, people pulling out"
70;244100;247000;"their camera phones,
and feel like a lot of people"
71;247000;250033;"are so, like, curious to see,
"What is she doing?"
72;250033;251900;"What is she...?"
You know, "God forbid"
73;251900;254900;"she's smiling," or if I'm, you
know, not smiling, then it's,"
74;254900;258133;"like, "Oh, she's so depressed."
I don't want that kind of"
75;258133;263000;"pressure right now.
(crowd cheering, screaming)"
76;263000;264934;"♪ ♪"
77;267367;270266;"Feeling the vibe of the crowd,
I'm really nervous."
78;270266;273000;"I now think, like, everyone has
a weapon, or everyone is gonna"
79;273000;275900;"do something harmful, like,
I just now have this,"
80;275900;284500;"like, anxiety.
I just want to go in the back."
81;284500;289967;"Just want to, like,
disappear for a little bit."
82;289967;291867;"♪ ♪"
83;294300;296200;"(crowd cheering)"
84;299333;302000;">> KOURTNEY: The show was fun.
I've never been in the mosh pit."
85;302000;304667;"Everyone's so sweaty down there,
that they have"
86;304667;307667;"full sweatshirt hoodies.
>> KIM: Yeah."
87;307667;309667;">> KOURTNEY: So that they don't
touch anyone."
88;309667;312300;"And I'm like, I didn't have
my jacket on, so I'm, like,"
89;312300;313800;"fully in this.
>> KANYE: Did you get"
90;313800;315467;"sweated on?
>> KOURTNEY: I didn't care."
91;315467;317533;"It was so (bleep) hot.
I was like,"
92;317533;319967;""Sweat on me, people."
(laughs)"
93;319967;321867;"♪ ♪"
94;329033;330233;">> KRIS: Oh!
>> COREY: Kendall,"
95;330233;332467;"happy birthday!
>> KRIS: The birthday girl"
96;332467;335166;"and her buddies.
>> KENDALL: MJ!"
97;335166;338200;"Hi!
It is my 21st birthday."
98;338200;340667;">> COREY: Oh, look at this pose.
>> KENDALL: We're having dinner"
99;340667;341667;"at Catch.
>> KRIS: Hi."
100;341667;343333;">> SCOTT: You look
like the Caped Crusader."
101;343333;344834;">> KRIS: I am
the Caped Crusader."
102;344834;348600;">> SCOTT: You see JJ?
>> KRIS: Ta-da...!"
103;348600;350600;">> SCOTT: Hmm?
>> KRIS: Yeah."
104;350600;352934;">> KHLOE: Where are you sitting?
>> KOURTNEY: Wherever you want."
105;352934;356033;">> KHLOE: I don't want
to sit next to Caitlyn."
106;356033;358433;">> KOURTNEY: Why not?
>> KHLOE: And do what, be fake"
107;358433;360767;"this whole time?
I just don't know what to do."
108;360767;364100;">> KOURTNEY: Okay.
I'll sit here, and then,"
109;364100;371600;"Khadijah, sit next to me.
>> KHLOE: I'm starving."
110;371600;375934;"I am hesitant to sit
next to Cait, because how Cait"
111;375934;378567;"handled her transition.
There's no handbook on this,"
112;378567;381000;"there's no right
or wrong way, I guess,"
113;381000;385233;"but Cait hurt a lot of people.
She hurt her children,"
114;385233;388667;"but she also really,
really devastated my mom."
115;388667;392500;"And when push comes to shove,
I'm always gonna be"
116;392500;396200;"Team Kris Jenner.
>> CAITLYN: Khloe?"
117;396200;397867;">> KHLOE: Hmm.
>> CAITLYN: I haven't seen you"
118;397867;400066;"in forever.
>> KHLOE: I know, I don't know"
119;400066;403700;"the last time I saw you.
>> CAITLYN: Have you been"
120;403700;407734;"hanging out in-- where is it--
Cleveland?"
121;407734;410066;">> KHLOE: I have.
>> CAITLYN: And how's"
122;410066;411734;"that going?
>> KHLOE: Good."
123;411734;414600;">> CAITLYN: Really, yeah?
>> KHLOE: I like Cleveland."
124;414600;421000;"It's nice.
>> CAITLYN: Good."
125;421000;425734;">> KHLOE: Can I have some
of those fries, MJ?"
126;425734;428233;">> CAITLYN: Are you going over?
>> KRIS: In a minute."
127;428233;430633;"I'm gonna go use
the ladies' room."
128;430633;432900;">> CAITLYN: Need any help?
>> KRIS: Sure."
129;432900;435367;"Come on, Jenner.
>> CAITLYN: This is a first."
130;435367;438400;"Let's go.
>> KHLOE: Caitlyn and Mom"
131;438400;440767;"went to the bathroom together.
>> MJ: Let's go watch them."
132;440767;443100;">> KHLOE: You should go.
I'll sit right here."
133;443100;445000;"♪ ♪"
134;450233;452533;">> JONATHAN: So how many people
are outside the house now?"
135;452533;455100;"There's always somebody here
24 hours now?"
136;455100;457333;"(Kris screams, laughs)
>> KIM: What?! What?!"
137;457333;460667;"(Kim screams)
What?!"
138;460667;462800;"What?!
What is it?"
139;462800;465333;"(laughter)
>> KRIS: It's the phone cord."
140;465333;467567;"Oh, this twisted
around my leg somehow."
141;467567;469600;"I thought it was crawling
up my..."
142;469600;471367;">> SCOTT: You guys probably
haven't seen anything long"
143;471367;473633;"and white go your direction
in a long time."
144;473633;476734;"(laughter)
>> KRIS: Oh, my God,"
145;476734;479000;"I have whiplash.
Are you gonna be in New York?"
146;479000;480433;"Like, for the whole month
of November?"
147;480433;482100;"Or, what's your schedule?
>> JONATHAN: Yeah, of course."
148;482100;483967;"No, I'm always in New York,
November, and then I move"
149;483967;486433;"to Miami in December, always,
for the cold."
150;486433;488834;">> KIM: L.A. for Christmas.
>> KRIS: You did, once."
151;488834;490333;">> JONATHAN: I did. Twice.
>> KRIS: Twice."
152;490333;491900;">> JONATHAN: Yeah. Last year.
I was so nervous here,"
153;491900;493734;"I couldn't even talk to--
first I saw Caitlyn"
154;493734;495066;"and almost fainted.
>> KRIS: Yeah, I know."
155;495066;496567;">> JONATHAN: That was a shocker.
>> KRIS: So shocking."
156;496567;498700;"It's shocking for me every time.
>> JONATHAN: Every time."
157;498700;502233;">> KRIS: So, on the 21st,
though, Denise Rich has her"
158;502233;503734;"annual Angel Ball.
>> JONATHAN: Oh, nice."
159;503734;506166;">> KRIS: So our family's being
honored on behalf of Robert."
160;506166;508433;"They want to raise money
for cancer research."
161;508433;510300;">> JONATHAN: Of course.
>> KRIS: And because he died of"
162;510300;513400;"esophageal cancer, this is just
a great way to bring attention"
163;513400;515600;"to all sorts of cancers.
>> JONATHAN: But the question"
164;515600;517433;"is: is Kim going?
>> KIM: I don't know"
165;517433;524433;"if I'm gonna go.
I'm gonna see how I feel."
166;524433;526133;">> JONATHAN: Kim, you need to
get out of the house."
167;526133;527967;"Like, this is crazy, she doesn't
want to leave the house."
168;527967;530433;">> SCOTT: The more you, like,
let yourself not be who you are,"
169;530433;533433;"it's like you just got to live
your life, I feel like."
170;533433;537133;">> KIM: My dad's being honored,
and I think it would be really"
171;537133;540433;"meaningful if I went.
But after Kanye's concert, and"
172;540433;543100;"me just, like, feeling so
overwhelmed, I just don't think"
173;543100;545000;"I'm ready.
>> JONATHAN: You have to go to a"
174;545000;547300;"public event eventually.
One honoring your dad, with your"
175;547300;549767;"whole family...
>> KRIS: If she doesn't show up,"
176;549767;552800;"it would be odd.
>> KIM: My nerves might seem,"
177;552800;555967;"like, irrational to other
people, but I have to do what"
178;555967;557767;"makes me feel comfortable.
I don't know, I just have to"
179;557767;559500;"think about it.
>> SCOTT: I'm excited to go on a"
180;559500;561100;"ski trip. Not that it's now,
but..."
181;561100;562934;">> KIM: Are we going on a ski
trip?"
182;562934;564967;">> SCOTT: I think we always go
skiing once a year and take the"
183;564967;566467;"kids.
>> JONATHAN: Where'd we go that"
184;566467;568734;"time when I went with you guys?
>> SCOTT: Montana?"
185;568734;570100;">> JONATHAN: Oh, Montana.
>> SCOTT: So nice."
186;570100;571767;">> KIM: That was so scary.
>> JONATHAN: That was crazy."
187;571767;573233;">> SCOTT: It was?
>> KIM: That car ride?"
188;573233;575333;"The almost the car accident?
>> SCOTT: That was ridiculous."
189;575333;578266;"I didn't want my whole family
going down by a 16-wheeler."
190;578266;580934;">> JONATHAN: That was insane.
>> SCOTT: Other than that, it"
191;580934;588967;"was a great trip.
♪ ♪"
192;588967;591700;"(ringtone plays)
>> KRIS: Hello."
193;591700;594834;">> CAITLYN: Wow, Kris, how are
you doing?"
194;594834;596934;">> KRIS: I'm fine, how are you?
>> CAITLYN: Yeah, I'm on the"
195;596934;599467;"driving range, I'm doing good.
>> KRIS: Oh, that's good."
196;599467;601867;">> CAITLYN: Yeah, I raced a car
with Burt this weekend, that was"
197;601867;603200;"fun.
>> KRIS: Oh, really?"
198;603200;605700;">> CAITLYN: (chuckles) Well, I
won a trophy, but I love"
199;605700;608100;"trophies, you know me.
>> KRIS: Yeah, you've always"
200;608100;610667;"loved a good trophy.
>> CAITLYN: I know."
201;610667;613800;"I'm doing great. (chuckles)
I ju-- you know, I just, you"
202;613800;615533;"know, worry about my Kimmy and
Khloe."
203;615533;618533;"Every time I text her, she's
fine if I'm talking about"
204;618533;620767;"little trivial stuff.
And I said, "Hey, we got to get"
205;620767;623467;"together."
And, uh, then she never texted"
206;623467;627200;"me back when I say that.
>> KRIS: Well, Khloe's been in"
207;627200;630300;"Cleveland for the last month,
and, like, everybody has some"
208;630300;632567;"real, big, major life-changing
thing going on."
209;632567;634633;">> CAITLYN: You know it would
mean a lot to me if you would"
210;634633;637767;"just, uh, reach out to her and
let her know I want to talk to"
211;637767;639934;"her.
>> KRIS: Okay."
212;639934;643000;"My emotions are definitely a
roller coaster when it comes to"
213;643000;644500;"Cait.
(over phone): That you would"
214;644500;650166;"have the nerve to go to help
Caitlyn to pick a gown."
215;650166;653300;"Like, what is going on?
>> KIM: I'm just gonna try to"
216;653300;655734;"stay neutral and not get
involved."
217;655734;658266;">> KRIS (crying): I want
loyalty."
218;658266;664233;"I don't want (bleep) neutral.
I do feel bad when I get angry"
219;664233;668734;"at one of my kids for having a
relationship with Cait."
220;668734;671433;"That's not fair.
>> CAITLYN: You have to realize"
221;671433;674600;"that I'm a little on the
sensitive side when it comes to"
222;674600;679100;"all the children.
♪ ♪"
223;679100;682500;"You know? 'Cause I-I could spend
a month out at my house and"
224;682500;685667;"really never hear from anybody.
You know?"
225;685667;689333;">> KRIS: Sometimes everyone
gets sort of distracted and"
226;689333;693233;"life takes over, you know?
>> CAITLYN: I get it, I just"
227;693233;696100;"miss her, that's all.
>> KRIS: Bruce entered Khloe's"
228;696100;698633;"life when she was five years
old, and I never want to be the"
229;698633;702867;"one that influences Khloe, one
way or the other, how to"
230;702867;704767;"behave with Cait."
231;708600;711166;">> KHLOE: It seems like you guys
are trying to work things out,"
232;711166;713667;"which is absolutely awesome.
>> KOURTNEY: But we're not."
233;713667;716400;">> KHLOE: I don't think Scott
thinks you're not."
234;716400;718500;"Yay.
Happy birthday, Mom."
235;718500;721400;">> COREY: Yay.
(Kris laughs)"
236;721400;723066;">> KRIS: Hello.
Where are you?"
237;723066;726700;"Why?
Her water broke?!"
238;726700;728600;"Are you ever gonna talk to
Caitlyn?"
239;728600;730700;">> KHLOE: Sitting down and
having a conversation with Cait,"
240;730700;733133;"I don't really feel like goes
much of anywhere."
241;733133;735500;"I don't like how I've seen you
treat my mother, how I've seen"
242;735500;742100;"treat me, and she's not the
stepdad I once had."
243;742100;744000;"♪ ♪"
244;748967;751800;">> KRIS: Hey.
>> KHLOE: Wow, don't you look"
245;751800;754266;"pretty, Michael Jackson.
>> KRIS: This is my French"
246;754266;757333;"outfit.
Louis "Wuitton.""
247;757333;760734;">> KHLOE: Vuitton?
>> KRIS: W-Wuitton."
248;760734;763100;">> KHLOE: Vuitton?
>> KRIS: Wui-tton."
249;763100;766333;">> KHLOE: No, still a "V."
>> KRIS: Vuit-ton."
250;766333;770734;"Vuit-ton.
>> KHLOE: No."
251;770734;773667;">> KRIS: So, Caitlyn called me.
>> KHLOE: Okay."
252;773667;776667;">> KRIS: And gave me an earful.
>> KHLOE: About what?"
253;776667;779867;">> KRIS: About how there's no
relationship, and you never"
254;779867;782300;"call, and...
>> KHLOE: Cait hasn't called me"
255;782300;785100;"one time.
>> KRIS: So are you ever gonna"
256;785100;790233;"have the energy to sit down and
talk to her about what the issue"
257;790233;792800;"is, for once and for all, and
maybe just...?"
258;792800;795867;">> KHLOE: I'm not opposed to it,
I'm just like there's really not"
259;795867;799333;"an issue.
Like, I'm cordial, I'm nice,"
260;799333;801934;"it's not that I'm mean.
Like, if I don't just vibe with"
261;801934;803600;"you, I don't vibe with you.
>> KRIS: Yeah."
262;803600;805266;">> KHLOE: I'm not gonna fake the
funk."
263;805266;807266;"Like, as a human being, I don't
like how I've seen you treat"
264;807266;808967;"my mother, how I've seen you
treat me."
265;808967;811233;"And I don't care if you've
transitioned or not."
266;811233;815000;"She's not the stepdad I once
had."
267;815000;817834;">> KRIS: I don't ever want you
to feel guilty about having a"
268;817834;821767;"relationship with Cait because
of what happened to me, or the"
269;821767;824800;"way I was treated, or my
feelings; it should be two"
270;824800;827433;"separate relationships.
>> KHLOE: I mean, after your"
271;827433;830734;"reaction to Kim, and how
hysterical you got at the ESPYs,"
272;830734;833066;"I don't know if you really mean
that."
273;833066;834800;">> KRIS: I don't either, but I'm
trying."
274;834800;838533;">> KHLOE: I appreciate that.
I really am impressed by my"
275;838533;843533;"mom's maturity in all of this.
So, if my mom is asking me to"
276;843533;846567;"talk to Cait, then I feel like I
owe that to my mom."
277;846567;849934;"But sitting down and having a
conversation with Cait, I don't"
278;849934;852433;"really feel like goes much of
anywhere."
279;852433;856767;"So, I do have mixed feelings
about the entire situation."
280;856767;859300;"But it's also, like, I'm not
complaining, I'm not holding"
281;859300;862834;"onto some anger and-- like, I
genuinely don't care."
282;862834;864567;">> KRIS: Yeah.
>> KHLOE: Why bring up stupid"
283;864567;866133;"drama?
>> KRIS: Yeah."
284;866133;868767;">> KHLOE: But, I don't know,
I'll see how it goes."
285;868767;870667;"♪ ♪"
286;878767;883033;">> KHLOE: Oh, my goodness, happy
birthday, Kris."
287;883033;886700;">> KRIS: It's my birthday.
And one of the sweetest things"
288;886700;889800;"that my kids did was rent out
the Cinepolis theater."
289;889800;891300;">> WAITRESS: Another Bloody
Mary?"
290;891300;894033;">> KRIS: Yes, please.
A movie, and dinner at The"
291;894033;896033;"Grill.
Great Saturday, everybody."
292;896033;898467;"(phone rings)
Oh, here we go."
293;898467;900967;"Hi, Kim.
>> KIM: Hey, Mom, happy"
294;900967;902967;"birthday.
>> KRIS: Thank you."
295;902967;905734;"Well, we missed you today.
>> KIM: Sorry I couldn't be"
296;905734;907600;"there.
>> KRIS: Don't worry about it."
297;907600;910367;"It breaks my heart that she
still feels uncomfortable about"
298;910367;912533;"being out and about.
>> KIM: Well, I want to give you"
299;912533;914734;"your present, so I'll give it to
you back at home."
300;914734;916400;">> KRIS: All right, sweetie.
>> KIM: Love you."
301;916400;919100;">> KRIS: Love you.
It's just gonna be a process,"
302;919100;921533;"and we're just gonna have to
take baby steps."
303;921533;926000;">> ALL: ♪ Happy birthday... ♪
(Kris laughs, all cheer)"
304;926000;928800;">> KHLOE: Yay.
Mom?"
305;928800;930800;">> KRIS: Yes.
>> KHLOE: I wanted you to know"
306;930800;936433;"that I think you are one of the
best people that I know and the"
307;936433;940800;"reason why we are able to be
very well-rounded entrepreneurs"
308;940800;943066;"that could go from the White
House to the trap house, and"
309;943066;946633;"that's all because of our
mother, so, Mom, God bless you."
310;946633;948700;">> KRIS: Thank you.
>> KOURTNEY: To the trap house."
311;948700;951467;">> KHLOE: To the trap house.
(laughter, phone rings)"
312;951467;955433;">> KRIS: Hello.
Mm, thank you, honey."
313;955433;956433;"Where are you?"
314;958934;960200;"Why?"
315;961767;963767;"Her water broke?!
>> KHADIJAH: What?"
316;963767;965900;">> KRIS: Are you serious?
>> ROB: I'm on my way, I just"
317;965900;968367;"got out the shower, I'm about to
go grab her and go right to the"
318;968367;969834;"hospital.
>> KOURTNEY: Okay."
319;969834;972567;">> KRIS: Okay, so we'll come to
the hospital."
320;972567;974567;">> ROB: No (bleep) you will.
But I'm gonna go there right"
321;974567;976300;"now.
>> KHLOE: Rob, are you lying?"
322;976300;979667;"Say "Bible."
>> ROB: Khloe, I don't know who"
323;979667;981533;"you are, you delusional...
>> KHLOE: See? He's lying, he"
324;981533;983967;"won't say "Bible," Mom, he's
just lying."
325;983967;986100;">> ROB: It's your birthday, this
is amazing."
326;986100;988266;"I'm on my way.
>> KHLOE: See, Mom? He's just a"
327;988266;990900;"(bleep) liar.
>> KRIS: Wait, am I going to the"
328;990900;993000;"hospital or not?
If I get to that (bleep)"
329;993000;996467;"hospital and you're not there, I
will (bleep) strangle you by"
330;996467;998700;"your balls.
>> ROB: Come over here."
331;998700;1000533;">> KRIS: What?
(phone beeps)"
332;1000533;1002600;"He hung up me.
>> KHLOE: He didn't say "Bible,""
333;1002600;1004033;"he's obviously a pathological
liar."
334;1004033;1007100;">> KRIS: Okay, no, let's just
(bleep) with him, I'm gonna say,"
335;1007100;1012100;""FaceTime me, I'm driving."
(laughter)"
336;1012100;1016367;"She isn't going into labor.
"I'm just messing with you.""
337;1016367;1025734;"Oh, my God, that's amazing.
♪ ♪"
338;1025734;1028500;">> KIM: "Kim, have a great
birthday. I love you. Daddy.""
339;1028500;1032166;">> KOURTNEY: What is that?
>> KIM: This is a box that"
340;1032166;1036033;"Grandma Lou gave me.
Do you think Khloe would mind if"
341;1036033;1037800;"I posted this?"
342;1039400;1041233;"(both laugh)"
343;1042600;1046166;"Says she's got five home runs,
she's cutest on the team."
344;1046166;1047834;">> KOURTNEY: "Cutest on the
team"?"
345;1047834;1052533;"(both laugh)
>> KIM: That is so funny."
346;1052533;1055166;">> KOURTNEY: Would she just die?
(Kim laughs)"
347;1055166;1057533;">> KIM: I'm gonna send it to
her."
348;1057533;1060767;"Looking at all of this, just all
these memories, I bet we'd have"
349;1060767;1063300;"so much footage of Dad, like, on
all the VHS stuff that he would"
350;1063300;1064734;"do.
>> KOURTNEY: Mm-hmm."
351;1064734;1067000;">> KIM: We should do, like, a
tribute video for him."
352;1067000;1068667;">> KOURTNEY: For the Angel Ball?
>> KIM: Yeah."
353;1068667;1071567;">> KOURTNEY: Will you go?
>> KIM: I don't know."
354;1071567;1074266;""Kimbo the bimbo."
This is a card you made me on my"
355;1074266;1077233;"birthday.
That video that Kanye made me"
356;1077233;1080133;"for my birthday, did you see it?
It literally made me cry."
357;1080133;1083700;">> KOURTNEY: So many times.
How much longer is Kanye on tour"
358;1083700;1085700;"for?
>> KIM: I think he just added,"
359;1085700;1090934;"like, 20 more shows.
I mean, I just feel bad 'cause,"
360;1090934;1093900;"like, he lost his voice the
other night."
361;1093900;1096967;">> KOURTNEY: So, do you say
that?"
362;1096967;1102166;">> KIM: Um... I mean...
he wants to do the show."
363;1102166;1104633;"He should do the show.
You know?"
364;1104633;1106867;"I-I don't want to, like, tell
him what to do."
365;1106867;1109300;"I think he knows, like, his own
limits, you know?"
366;1109300;1110967;">> KOURTNEY: Yeah.
He'll be fine."
367;1110967;1113533;"I'm sure everyone, like, who's
on tour loses their voice at"
368;1113533;1114934;"some point.
>> KIM: Yeah, I mean, it wasn't"
369;1114934;1118000;"that.
It was just like one song."
370;1118000;1121166;"Kanye is, like, beyond an
overachiever and has to do"
371;1121166;1124734;"everything to the highest level.
I love that drive in him."
372;1124734;1127467;"Like, that's just who he is.
You know, it's just, like, a"
373;1127467;1129367;"lot."
374;1130834;1132800;">> SCOTT: This time next year,
we'll be back here with our"
375;1132800;1134333;"fourth.
>> KRIS: Whose bag is this?"
376;1134333;1136834;">> KHLOE: I mean, I have no idea
what is going on with them."
377;1136834;1138967;"They say they're gonna go to
Mexico."
378;1138967;1141433;"I have so many questions that I
want to ask."
379;1141433;1143233;">> SCOTT: As long as this is
there, she's not gonna get"
380;1143233;1145700;"pregnant.
>> CAITLYN: The last year and a"
381;1145700;1148967;"half, uh, we certainly have
grown apart."
382;1148967;1151834;"You can't help but sit there and
think that, "Okay, is it because"
383;1151834;1159033;"I transitioned?
They don't like me anymore?""
384;1159033;1160934;"♪ ♪"
385;1173400;1176266;">> KIM: Ah, so cute.
>> KHLOE: He's very calm."
386;1176266;1177934;"How are you so calm?
>> PENELOPE: He doesn't even"
387;1177934;1179200;"talk.
(Khloe gasps)"
388;1179200;1180300;">> KIM: He doesn't talk.
>> KHLOE: How are we gonna get"
389;1180300;1181367;"him to talk?
>> KIM: But you know what he"
390;1181367;1183033;"does say?
He says "go.""
391;1183033;1185200;">> PENELOPE: And he says
"Daddy.""
392;1185200;1187166;">> KIM: He says "Dada" and
"go.""
393;1187166;1188934;"Still no "Mama."
>> KHLOE: Why not "Mama"?"
394;1188934;1191734;">> KIM: I've gotten a "Mama" out
of him maybe twice."
395;1191734;1196066;">> KHLOE: What is that face?
(Khloe trills)"
396;1196066;1198467;"Do you guys want to go look at
the videos?"
397;1198467;1201100;">> KIM: Yeah.
Even though I'm not ready to go"
398;1201100;1204567;"to the Angel Ball, I just want
everyone to see what a great"
399;1204567;1209333;"person my dad was and just make
a really sweet video."
400;1209333;1211867;">> KHLOE: So, that box right
there is all from Mom's house"
401;1211867;1214667;"and it has the most significant
stuff that Dad is in front of"
402;1214667;1217233;"the camera.
>> KOURTNEY: Okay."
403;1217233;1219333;">> ROBERT: Here you go.
Here's our little baby."
404;1219333;1221333;">> KRIS: Hey, Kourtney.
>> ROBERT: Our three-day-old"
405;1221333;1222667;"baby.
>> HELEN: Everybody's in red"
406;1222667;1224000;"and white.
>> ROBERT: There she is."
407;1224000;1225400;">> KRIS: Hi.
>> ROBERT: There's Kourtney."
408;1225400;1227100;">> KRIS: Hi, Kourtney.
>> KHLOE: Aw."
409;1227100;1231800;"He's so happy to be a dad.
>> ROBERT: Isn't that cute?"
410;1231800;1235300;">> KHLOE: Dad looks like Pablo
Escobar."
411;1235300;1237200;">> KIM: I've never seen any of
this. Have you?"
412;1237200;1238600;">> KOURTNEY: No.
>> ROBERT: Kourtney went for a"
413;1238600;1241100;"little walk.
It's the first day of school,"
414;1241100;1243734;"and what grade are you going
into, Kimberly?"
415;1243734;1246066;">> KIM: First grade.
>> ROBERT: Okay."
416;1246066;1249734;"(indistinct chatter on video)
>> KIM: Uh, is that Mom?"
417;1249734;1251533;">> KHLOE: Yeah.
>> KOURTNEY: I feel like our"
418;1251533;1253934;"parents were always, like,
having the best time."
419;1253934;1256033;">> ROBERT: Kourtney will
remember this party the rest of"
420;1256033;1258533;"her life.
>> KIM: Kourtney, like, reminds"
421;1258533;1260133;"me of North.
It's so funny."
422;1260133;1261600;">> KHLOE: She reminds me of
North, too."
423;1261600;1264166;">> ROBERT: All my... I have all
movies of Kimberly then."
424;1264166;1266467;">> KIM: And Khloe.
>> ROBERT: And Khloe."
425;1266467;1269600;"(Khloe cries)
>> KIM: I don't know."
426;1269600;1273133;"I feel like I should go to this.
>> KOURTNEY: Go to what?"
427;1273133;1275734;">> KIM: The Angel Ball.
I just, like, feel guilty,"
428;1275734;1278633;"like, not being there to
honor Dad, but, like, I just"
429;1278633;1282867;"don't know if I'm ready yet.
My dad shapes the person that I"
430;1282867;1287367;"am today, and so, to miss out on
seeing him being honored would"
431;1287367;1290900;"really be unfortunate.
Maybe it's a good thing."
432;1290900;1294266;"Maybe I should put my fears
aside."
433;1294266;1296367;"(Khloe and Kim laugh)
>> KOURTNEY: I feel like that"
434;1296367;1298367;"doesn't even look like Dad.
>> KHLOE: It doesn't look like"
435;1298367;1300934;"Dad.
>> ROBERT: Hey."
436;1300934;1303367;"Okay.
(Khloe laughs)"
437;1303367;1306367;">> KHLOE: Dad legit looks like a
Colombian."
438;1306367;1308266;"♪ ♪"
439;1313467;1316066;">> SCOTT: Can't believe your
brother has a baby."
440;1316066;1318867;"What's the baby's name?
>> KOURTNEY: Dream."
441;1318867;1321433;">> SCOTT: Dream?
>> KOURTNEY: Dream Kardashian."
442;1321433;1323200;">> SCOTT: I think it's always
weird going to the hospital when"
443;1323200;1327734;"it's, like, not our own kid
getting delivered."
444;1327734;1331000;"Kourtney and I have been
separated for a pretty long"
445;1331000;1334033;"time.
And it is a little weird because"
446;1334033;1336467;"any time I've ever gone to the
hospital like this in a rush,"
447;1336467;1338967;"she's usually pregnant and
having a baby."
448;1338967;1342133;"So, it brings back memories,
and, you know, it would be nice"
449;1342133;1345834;"to have that family unit back.
>> NAVIGATION VOICE: In 800"
450;1345834;1347433;"feet, turn right onto Beverly
Glen."
451;1347433;1353700;">> KOURTNEY: Come on, biatch.
Make a right on Beverly Glen."
452;1353700;1355600;"♪ ♪"
453;1361667;1363400;">> KOURTNEY: Hi.
>> SCOTT: I never thought the"
454;1363400;1365433;"day would come.
>> ROB: Me, neither."
455;1365433;1367967;">> KOURTNEY: Congratulations.
Oh, my gosh. She is Rob's twin."
456;1367967;1373000;">> KHLOE: Aw.
She's such a cutie."
457;1373000;1375600;">> KIM: Oh, my gosh, she's so
cute."
458;1375600;1377500;">> CHYNA: Thank you.
>> KIM: Oh, my gosh, she looks"
459;1377500;1381400;"just like Rob, don't you think?
>> CHYNA: Exactly like Rob."
460;1381400;1383900;">> KANYE: So cute.
Congratulations."
461;1383900;1387100;">> KRIS: One of the greatest
honors of my life has been"
462;1387100;1390767;"being in the room when my
grandchildren are born, and"
463;1390767;1395633;"nothing is a bigger blessing.
I'm so proud of my son."
464;1395633;1398133;"He's gonna make such a good
daddy."
465;1398133;1399834;">> SCOTT: This time next year,
we'll be back here with our"
466;1399834;1401133;"fourth.
>> KRIS: Whose bag is this?"
467;1401133;1402300;">> SCOTT: We're all excited
about it."
468;1402300;1403834;">> KOURTNEY: That's not true,
guys."
469;1403834;1408100;"(Kourtney laughs)
(Scott laughs)"
470;1408100;1409900;">> SCOTT: As long as this is
there, she's not gonna get"
471;1409900;1411300;"pregnant.
>> KOURTNEY: All right, guys,"
472;1411300;1412967;"we've got to catch our flight to
Mexico."
473;1412967;1415633;">> KHLOE: Wait, Kourt, you're
going to Mexico?"
474;1415633;1418200;"I mean, I have no idea what is
going on with them."
475;1418200;1420266;"They say they're gonna go to
Mexico."
476;1420266;1423867;"I have so many questions that I
want to ask, but Dream was just"
477;1423867;1426033;"born and I'm not gonna push it
today."
478;1426033;1427500;">> SCOTT: Congratulations.
>> ROB: Have fun."
479;1427500;1428767;">> KOURTNEY: Bye, Rob.
Love you."
480;1428767;1430900;">> ROB: Love you. Yeah.
>> KOURTNEY: Um, I'll call you."
481;1430900;1435266;"(laughter)
I'll call you when we get there."
482;1435266;1437100;">> SCOTT: All right, bye, guys.
>> ROB: Love you. Have fun."
483;1437100;1445166;"Be safe.
♪ ♪"
484;1445166;1447033;">> KIM: Can I check out your
guest house?"
485;1447033;1448367;">> KHLOE: I'm missing
lampshades."
486;1448367;1449734;">> KIM: I'm not judgmental
anymore."
487;1449734;1452567;">> KHLOE: Since when, yesterday?
Voilà."
488;1452567;1456066;">> KIM: Hmm, how gorgeous.
>> KHLOE: Literally, like, I"
489;1456066;1458066;"want to hide in here when
everyone's annoying me in that"
490;1458066;1459400;"house.
>> KIM: Mm-hmm."
491;1459400;1460667;">> KHLOE: I just want to come in
here and be like, "Don't"
492;1460667;1463100;"(bleep) with me."
>> KIM: Yeah, I love it."
493;1463100;1464834;">> KHLOE: Dream looks just like
Rob."
494;1464834;1466300;"It's so crazy.
>> KIM: Like his twin."
495;1466300;1468100;">> KHLOE: Yeah.
>> KIM: She's so cute."
496;1468100;1470767;">> KHLOE: Wait, so, did you even
know that Kourt and Scott were"
497;1470767;1473300;"in Mexico?
>> KIM: Yeah."
498;1473300;1474633;">> KHLOE: You did?
>> KIM: Yeah."
499;1474633;1476133;">> KHLOE: Together?
>> KIM: Yeah, he was, like,"
500;1476133;1478734;"asking me advice.
Planning the trip and trying to"
501;1478734;1482467;"figure it all out and...
>> KHLOE: Just them and the"
502;1482467;1484166;"babies.
>> KIM: Yeah. Yeah."
503;1484166;1485800;">> KHLOE: Is this like a, like,
they're trying to figure it out"
504;1485800;1486967;"type of trip?
>> KIM: I don't know what it is."
505;1486967;1488667;"I just don't even, like,
question it."
506;1488667;1490600;"I'm, like, pro-them.
Team him."
507;1490600;1493100;"Like, oh, I hope they get back
together, I hope they get back"
508;1493100;1497633;"together, and just so into it.
>> KHLOE: It's so weird."
509;1497633;1500467;"Who goes to Mexico with their ex
with just your kids?"
510;1500467;1502734;">> KIM: Unless there was any
chance of getting back together,"
511;1502734;1505600;"I would never go on vacay.
>> KHLOE: Exactly."
512;1505600;1508500;"So, I saw something online and
I, like, hit up Scott."
513;1508500;1510800;"I was like, "Hey, what you
doing?""
514;1510800;1515467;">> KIM: I didn't see.
>> KHLOE: Of, like, her ass."
515;1515467;1517767;">> KIM: That is wild.
>> KHLOE: They're alone."
516;1517767;1520000;"He said he's having, like, the
best time ever."
517;1520000;1522633;"He labeled it, "Views."
I don't know what the (bleep) is"
518;1522633;1525800;"going on.
Cabo is, like, romantic."
519;1525800;1528934;"This seems like an intimate
vacation, which is great."
520;1528934;1531200;"I would love for them to have
their family back and be"
521;1531200;1533166;"together, as long as Scott acts
right."
522;1533166;1535633;"I'm totally down with that.
And Scott's been doing great."
523;1535633;1537433;"He's been on a great path
lately."
524;1537433;1540500;"They're literally inseparable.
Honestly, I'm saying they're"
525;1540500;1542934;"(bleep).
>> KIM: It fully seems like"
526;1542934;1544800;"they're back together.
>> KHLOE: Totally."
527;1544800;1546367;"Hundred percent.
>> KIM: Like, I wonder what she"
528;1546367;1548967;"says to him.
>> KHLOE: I would literally give"
529;1548967;1551900;"money to be a fly on the wall.
Like, "Baby...""
530;1551900;1554066;"I don't know if she says "baby."
I don't think she's a "baby""
531;1554066;1555734;"kind of girl.
>> KIM: I don't, either."
532;1555734;1558033;">> KHLOE: But she'll say "babe"
'cause babe's more like you're"
533;1558033;1559700;"at a distance.
>> KIM: Yeah."
534;1559700;1562800;">> KHLOE: She won't say, "Baby.
Hi, baby.""
535;1562800;1565066;"She goes, "Hey, babe."
>> KHLOE: That sums up who"
536;1565066;1567100;"Kourtney is-- she's a babe girl,
not a baby girl."
537;1567100;1569433;">> KIM: Yeah.
>> KHLOE: I'm a baby girl."
538;1569433;1572500;">> KIM: Yeah, I'm, like, a babe.
>> KHLOE: No, you're a mix."
539;1572500;1575233;">> KIM: I'm a mix.
>> KHLOE: You're a mix."
540;1575233;1577100;"♪ ♪"
541;1582233;1584967;">> CAITLYN: Khloe?
I'm here."
542;1584967;1586900;">> KHLOE: Coming.
>> CAITLYN: Where are you?"
543;1586900;1589967;">> KHLOE: I'm coming.
Hi."
544;1589967;1592100;">> CAITLYN: Hello, baby.
>> KHLOE: How are you?"
545;1592100;1593900;">> CAITLYN: Good to see you.
>> KHLOE: Did you see Gabbana?"
546;1593900;1595133;">> CAITLYN: I know.
Gabbana heard my voice as soon"
547;1595133;1596600;"as I came in.
What do you want to do, you want"
548;1596600;1597834;"to get a drink?
>> KHLOE: Yeah, do you want a"
549;1597834;1599000;"drink?
>> CAITLYN: I think we might"
550;1599000;1600567;"need a drink, what do you say?
>> KHLOE: Oh, perfect."
551;1600567;1602567;">> CAITLYN: Oh, perfect.
>> KHLOE: That makes me super"
552;1602567;1605467;"excited to hear.
>> CAITLYN: I know."
553;1605467;1608967;">> KHLOE: I have a ton of
opinions and feelings about"
554;1608967;1613233;"Cait, but before Caitlyn, there
was Bruce."
555;1613233;1615734;"And Bruce was in my life for,
like, 24 years."
556;1615734;1619867;"So, I'm gonna have the sit-down.
>> CAITLYN: We haven't talked in"
557;1619867;1622166;"a while.
And I'm so happy to be here."
558;1622166;1623734;">> KHLOE: Thank you, I'm happy
to have you here."
559;1623734;1627133;">> CAITLYN: Um, I just really
feel like over the last year and"
560;1627133;1631400;"a half, it-- we certainly have
grown apart."
561;1631400;1636800;"Day after day after month
after month, nobody calls,"
562;1636800;1640834;"nobody checks in-- just, "Hey,
how are you doing?""
563;1640834;1643367;"You can't help but sit there
and thinking, "Okay, is it"
564;1643367;1646300;"because I transitioned?
They don't like me anymore?""
565;1646300;1651000;"And I want to know what I did
wrong, what I didn't do wrong,"
566;1651000;1654734;"what I did right.
And, uh, move forward."
567;1654734;1657734;">> KHLOE: I don't necessarily
want to say you did anything"
568;1657734;1660834;"wrong, 'cause I don't know if,
just 'cause you didn't do"
569;1660834;1663133;"something the way maybe I would
have preferred, that makes it"
570;1663133;1664900;"wrong.
In this family, we deal with"
571;1664900;1667133;"things very quickly.
We don't have time to really"
572;1667133;1669667;"process a lot of things, 'cause
we're always on to the next."
573;1669667;1673300;"And, for me, at the time, I just
wasn't at a place in my life"
574;1673300;1676500;"where I really could invest in
new relationships."
575;1676500;1679900;"It was very hard for me to
experience a lot of new things"
576;1679900;1684533;"so quickly and still feeling
like I have to protect my mom in"
577;1684533;1686400;"certain things that were
happening, where I felt like"
578;1686400;1688233;"they might not have been the
most positive."
579;1688233;1690433;"But then I was also like, "This
isn't even my fight to fight"
580;1690433;1691967;"anymore.
Like, I have my own (bleep) to"
581;1691967;1694633;"deal with, so why don't you guys
figure that stuff out?""
582;1694633;1697033;"But I don't think Caitlyn is a
bad person at all."
583;1697033;1698767;">> CAITLYN: And I understand
you've been through a lot."
584;1698767;1701100;"I mean, I get that.
But that's, you know, 23 years"
585;1701100;1703700;"of my life invested in the
family and you."
586;1703700;1706934;"You know, being there when you
have good days and bad days, and"
587;1706934;1709633;"all the things that you go
through when you're growing up,"
588;1709633;1711867;"and sneaking out of the house
and I found you and stuff like"
589;1711867;1713633;"that.
>> KHLOE: For me, you're all I"
590;1713633;1716800;"remember-- Bruce was.
So, not having you in my life,"
591;1716800;1720734;"it's a huge blow.
'Cause I'm like, "Okay, my"
592;1720734;1723667;"second dad, this guy that I've
grown up with, that raised me,"
593;1723667;1733900;"was taken away from me, but no
one really let me have that.""
594;1733900;1736200;">> KOURTNEY: In Mexico, at
dinner, he's like, "I think"
595;1736200;1738533;"you're already over-the-hill."
>> SCOTT: I didn't say that."
596;1738533;1740033;">> KHLOE: Scott!
>> SCOTT: It wasn't the way you"
597;1740033;1741533;"just portrayed it.
I'm gettin' out of here."
598;1741533;1743233;"This (bleep) trip was (bleep)
worthless."
599;1743233;1748300;">> KHLOE: Everyone, chill.
>> KIM: I am, like, exhausted."
600;1748300;1750900;">> KHLOE: Is everything okay?
>> KIM: Kanye just, like, walked"
601;1750900;1752800;"offstage last night."
602;1757900;1761166;">> KHLOE: Okay, my second dad,
this guy that I've grown up"
603;1761166;1764400;"with, that raised me, was taken
away from me, but no one really"
604;1764400;1769800;"let me have that.
I still need to, like, how you"
605;1769800;1772633;"need to transition, I need to
transition into, like,"
606;1772633;1775266;"accepting.
'Cause to me, you are two"
607;1775266;1778000;"different people, to me, and I
don't know if that's politically"
608;1778000;1780767;"correct to say, I'm not sure.
>> CAITLYN: Your feelings are"
609;1780767;1782667;"important and that's how you
feel, so..."
610;1782667;1784133;">> KHLOE: I appreciate that.
>> CAITLYN: Yeah."
611;1784133;1786166;">> KHLOE: And, like, I'm getting
to re-know you again."
612;1786166;1788767;"I know you still have the same
interests and, like, you like to"
613;1788767;1791133;"race cars and do this and that.
But your personality, you got to"
614;1791133;1794033;"admit, is different. To me.
>> CAITLYN: To you."
615;1794033;1795633;">> KHLOE: To me, like, you...
>> CAITLYN: Yeah."
616;1795633;1797867;">> KHLOE: The fact that you go
to a club, like at Kendall's, I"
617;1797867;1799700;"was like, "Bruce would never be
here.""
618;1799700;1801300;"Bruce was always the one like,
"Let's go home.""
619;1801300;1803166;"(Caitlyn laughs)
>> KHLOE: "I got to be home.""
620;1803166;1805567;"But Caitlyn is, like, you said
yourself, likes to go out and be"
621;1805567;1806934;"social and...
>> CAITLYN: Yeah."
622;1806934;1808633;">> KHLOE: You were even telling
me that Caitlyn's gonna be"
623;1808633;1810367;"different than Bruce.
Not in a bad way."
624;1810367;1812900;"I've never said Caitlyn was bad.
I never said Bruce was bad."
625;1812900;1814500;">> CAITLYN: True.
>> KHLOE: So now I'm getting"
626;1814500;1817467;"accustomed to that, but it's
like-- it has to be authentic."
627;1817467;1820000;"You can't just, like, push
someone onto somebody."
628;1820000;1821700;"It, like, has to happen in
time."
629;1821700;1824066;">> CAITLYN: Mm-hmm. I just want
you to know, from my"
630;1824066;1828000;"perspective, how important our
relationship is."
631;1828000;1829333;">> KHLOE: It's important to me,
too."
632;1829333;1831767;">> CAITLYN: If that's the case,
how can we move forward from"
633;1831767;1833867;"here?
>> KHLOE: What's done is done."
634;1833867;1836400;"And, like, that's why I don't
want to bring up the (bleep)"
635;1836400;1839133;"that, like, really bothered me.
>> CAITLYN: I don't, either."
636;1839133;1842133;">> KHLOE: If it's as simple as,
"Okay, yeah, I didn't try hard"
637;1842133;1843967;"enough."
And you didn't try-- like, we"
638;1843967;1845934;"both didn't try hard enough to
meet each other or hang."
639;1845934;1848633;"Like, it's a two-way street.
So, yeah, I'm sure we could both"
640;1848633;1851300;"try harder.
>> CAITLYN: You know I love you."
641;1851300;1853533;">> KHLOE: And I love you, too,
and I never want you to think"
642;1853533;1855767;"that I don't love you.
>> CAITLYN: Yeah, yeah."
643;1855767;1858333;"Um, although it may be tough, I
would like for you to experience"
644;1858333;1860367;"some of my life and what I do
now."
645;1860367;1862900;">> KHLOE: Good.
Like, I'm just about, like, life"
646;1862900;1866133;"and family and love and, like,
p-- like, whatever's, like,"
647;1866133;1868100;"makes everyone happy.
That's all I'm about."
648;1868100;1872767;">> CAITLYN: Yeah.
So, do you feel better about"
649;1872767;1877033;"this conversation we've had?
>> KHLOE: Yeah. Do you?"
650;1877033;1881367;">> CAITLYN: Of course I do.
>> KHLOE (laughing): Okay, good."
651;1881367;1885000;"From this meeting that we've
had, I think, you know, we're"
652;1885000;1887633;"making the right steps, and
with any friendship, you know,"
653;1887633;1892600;"there's ups and downs, but I
really hope that this will turn"
654;1892600;1896200;"into a relationship that I
really want to invest energy and"
655;1896200;1900433;"time into.
I'm excited to see where Caitlyn"
656;1900433;1902934;"and I take things.
(clicks tongue)"
657;1902934;1905967;">> CAITLYN: Oh...
You know, it's amazing, even"
658;1905967;1908433;"going through all of this--
transitioning and this and"
659;1908433;1911033;"that-- she still knows who I am.
>> KHLOE: Of course she knows"
660;1911033;1912567;"who you are.
>> CAITLYN: See, Gabbana knows"
661;1912567;1917700;"more than you know.
I'm still the same person."
662;1917700;1919600;"♪ ♪"
663;1925500;1927734;">> SCOTT: Pool day.
>> KHLOE: Hey-ya, Scott."
664;1927734;1929433;">> SCOTT: How are you,
Khloverfield?"
665;1929433;1931100;">> KHLOE: Good, how are you?
>> SCOTT: Looking good."
666;1931100;1932633;">> KHLOE (chuckling): Thank
you."
667;1932633;1934934;"I felt like, since you just came
back from Mexico, I wanted to"
668;1934934;1936700;"still be outside, enjoy the
weather."
669;1936700;1938400;">> SCOTT: Nothing's changed.
>> KHLOE: Nothing's changed."
670;1938400;1939867;">> SCOTT: Different sister, but
same vibe."
671;1939867;1941500;">> KHLOE: I'm sure we'll get
further than you and Kourtney"
672;1941500;1943467;"did.
>> SCOTT: 100%, we already did,"
673;1943467;1945767;"just now.
>> KHLOE: How was Mexico?"
674;1945767;1947533;">> SCOTT: It was perfect, just
to, like, get away."
675;1947533;1949500;"We hung out, swam.
>> KHLOE: It looked like you and"
676;1949500;1951000;"Kourt were getting along really
well."
677;1951000;1952600;">> SCOTT: Yeah.
>> KHLOE: Reconnecting?"
678;1952600;1955633;">> SCOTT: Yeah, I think so.
I mean, we've, like, made future"
679;1955633;1958133;"plans to do things together and
stuff, so that's good."
680;1958133;1960033;">> KHLOE: That's cute.
>> SCOTT: Yeah."
681;1960033;1961500;">> KHLOE: Did you guys kiss on
the lips?"
682;1961500;1963834;"(Scott chuckles sheepishly)
You did!"
683;1963834;1967533;"I could tell.
>> SCOTT: No, I-I don't think--"
684;1967533;1970166;"I probably did, she didn't.
But I don't know that she wants"
685;1970166;1971800;"anything to do with me.
You know, it's a one-way street,"
686;1971800;1973133;"but...
>> KHLOE: I think it's cute that"
687;1973133;1975000;"you're covering up for her.
I'll ask her, too."
688;1975000;1976934;"She'll probably tell me,
(imitating Kourtney): "No.""
689;1976934;1979767;">> SCOTT: No.
>> KHLOE: "Oh, my God, no.""
690;1979767;1982233;">> SCOTT: Kourtney and I have
had a lot of issues over the"
691;1982233;1986266;"past... lot of years.
But some of these times that we"
692;1986266;1988900;"get to spend with our kids,
really, is, like, the best"
693;1988900;1992567;"moments in my life.
So, the trip to Mexico was very"
694;1992567;1994800;"successful.
It felt like old times."
695;1994800;1997333;"It was great to see the kids,
swim and have fun."
696;1997333;2000100;"And truthfully, I'm not really
sure why we're not together."
697;2000100;2002100;"I mean, it seems like it's all
the same."
698;2002100;2004433;"A little confusing.
Uh-oh."
699;2004433;2006333;">> KOURTNEY: Hey, guys.
What are you doing?"
700;2006333;2009667;">> KHLOE: Hey-ya, Kourt!
You look so pretty."
701;2009667;2012700;"That ass shot of yours.
Now you're really one of us."
702;2012700;2014200;">> KOURTNEY: Yeah.
>> SCOTT: I took that pic."
703;2014200;2016166;">> KHLOE: That was a good one.
>> KOURTNEY: Then, today, when I"
704;2016166;2019200;"was changing in the closet,
Patrick and Andrew were like,"
705;2019200;2021667;""Your ass looks so good."
>> SCOTT: 'Cause hair and makeup"
706;2021667;2023467;"people are gonna tell you your
ass doesn't look good."
707;2023467;2025033;">> KHLOE: Right.
>> KOURTNEY: No, but, what a"
708;2025033;2027133;"hater! Always!
>> SCOTT: Hater?"
709;2027133;2028967;">> KOURTNEY: What a hater.
>> SCOTT: Okay, 'cause I'm over"
710;2028967;2030834;"here telling you you look bad.
>> KOURTNEY: In Mexico, at"
711;2030834;2034633;"dinner, I said, "I notice that
when people are older, that they"
712;2034633;2036734;"look better, I think, with long
hair.""
713;2036734;2038100;">> KHLOE: Mm-hmm.
>> KOURTNEY: And he's like,"
714;2038100;2040533;""You're really obsessed with
age. Well, guess what."
715;2040533;2043033;"I'll love you no matter how old
you are."
716;2043033;2047633;"In my opinion, I think you're
already, like, over-the-hill."
717;2047633;2049900;"Like, it's all downhill from
here.""
718;2049900;2051734;">> KHLOE: Scott!
>> SCOTT: I didn't say that."
719;2051734;2054667;">> KOURTNEY: I said, "I think I
have another ten years, so I"
720;2054667;2058066;"think you're just trying to get
back with me so that you'll"
721;2058066;2060600;"waste up my ten years, then
you'll ditch me."
722;2060600;2064133;"Like, trade me in for a younger
model.""
723;2064133;2065533;">> SCOTT: That's absolutely not
the case."
724;2065533;2066934;"It wasn't the way you just
portrayed it."
725;2066934;2068633;">> KOURTNEY: No, and he was
saying, like, "I could trade you"
726;2068633;2070734;"in for the younger model now."
>> SCOTT: Right."
727;2070734;2072500;">> KHLOE: Like, he could find
someone that's 18 or whatever."
728;2072500;2074033;">> KOURTNEY: But I didn't mean
it."
729;2074033;2075800;"So could I.
>> KHLOE: I know!"
730;2075800;2077333;">> SCOTT: I'm gettin' out of
here."
731;2077333;2079066;"This (bleep) trip was (bleep)
worthless."
732;2079066;2082033;">> KHLOE: Why are you so mad?
>> KOURTNEY: I don't know."
733;2082033;2086767;">> KHLOE: Everyone, chill.
>> KIM: Yeah, he just needs some"
734;2086767;2089100;"time off, so we just made that
happen."
735;2089100;2092200;"Everyone's trying to make this
decision to cancel the rest of"
736;2092200;2096667;"Kanye's tour.
21 shows canceled."
737;2096667;2098467;">> KHLOE: Are you kind of
getting over Kourtney?"
738;2098467;2100333;">> SCOTT: There's literally no
appreciation for anything ever,"
739;2100333;2103233;"but I feel like I would never be
over her."
740;2103233;2105600;"She's the love of my life."
741;2109066;2111033;"♪ ♪"
742;2115333;2119166;">> KHLOE: Ooh, yeah!
>> SCOTT: Oh, God."
743;2119166;2121934;">> KHLOE: You're steezing it up.
That's a tricky pair of pants."
744;2121934;2123934;">> SCOTT: Why is that?
>> KHLOE: Why do you have"
745;2123934;2125900;"metallic by your (bleep)?
Don't you see?"
746;2125900;2127734;"It's just right there.
>> SCOTT: Looks like I was at a"
747;2127734;2129567;"strippy.
>> KHLOE: Little body makeup on"
748;2129567;2132600;"brasule?
Get any tickling down there?"
749;2132600;2134700;"Like, when you and Kourt, like,
kiss, 'cause you know you want"
750;2134700;2136233;"it to work...
>> SCOTT: We didn't kiss."
751;2136233;2137767;">> KHLOE: You told me you
kissed."
752;2137767;2139266;">> SCOTT: I said I kissed her
good night."
753;2139266;2140834;">> KHLOE: And you said she
didn't kiss you back."
754;2140834;2142333;">> SCOTT: She didn't kiss me
back when we were together."
755;2142333;2144567;">> KHLOE: But, so, did your
"sau-seege," like, move in your"
756;2144567;2147266;"pants a little, 'cause it got
excited?"
757;2147266;2149000;">> SCOTT: I'm still, like,
turned on by her, if that's what"
758;2149000;2150567;"you're asking.
>> KHLOE: Do you see other"
759;2150567;2152166;"people at the moment?
>> SCOTT: No."
760;2152166;2153567;">> KHLOE: You don't?
>> SCOTT: Uh-uh."
761;2153567;2155834;"I mean, I technically could, I
guess."
762;2155834;2157834;">> KHLOE: Yeah, totally.
>> SCOTT: But I just don't feel"
763;2157834;2159500;"comfortable.
>> KHLOE: You don't?"
764;2159500;2161100;">> SCOTT: No.
>> KIM: Are you kind of getting"
765;2161100;2162600;"over it, though?
>> KHLOE: Yeah, you're kind of"
766;2162600;2164033;"getting over Kourtney.
>> KIM: 'Cause she's, like,"
767;2164033;2166266;"lagging.
>> SCOTT: No, I mean, you know,"
768;2166266;2169934;"she's a tough girl.
I mean, it's tough sometimes."
769;2169934;2172200;">> KHLOE: You're not getting
over her, right?"
770;2172200;2174967;">> SCOTT: No, I mean, I feel
 her."
771;2174967;2177834;"She's the love of my life.
But, you know, I just-- I try to"
772;2177834;2180233;"do everything to be there for
her, and it's just..."
773;2180233;2184600;"There's literally no
appreciation for anything ever."
774;2184600;2188333;"You know, I definitely realize
that a lot of things truly are"
775;2188333;2191567;"my fault, and I'm happy taking
ownership for all that."
776;2191567;2195767;"I just hope that, you know, one
day she understands that I would"
777;2195767;2201867;"never want to be with anybody
but her."
778;2201867;2204934;"(phone rings)
>> KIM: Hey."
779;2204934;2207433;"What?
Why, what's going on?"
780;2207433;2211533;"Don't scare me, please.
What's going on?"
781;2211533;2213834;"I-I can't."
782;2219100;2221000;"♪ ♪"
783;2226033;2228166;"(notes played on piano)
>> KHLOE: You know what the"
784;2228166;2230767;"problem with the piano is?
It tells you "A," "B," "C," "D,""
785;2230767;2233266;"like, on there, and then
randomly it starts giving you"
786;2233266;2236834;"these weird shapes.
Like, if you want me to take"
787;2236834;2239633;"piano lessons, keep up the
alphabet and stop switching over"
788;2239633;2241900;"to numbers.
'Cause these shapes are not"
789;2241900;2244033;"cutting it for me.
>> KIM: Hi."
790;2244033;2246133;">> KHLOE: I was just getting
warmed up, and you ruined it."
791;2246133;2248333;"I was about to play the best
song."
792;2248333;2253400;"But you take precedence.
>> KIM: I am, like, exhausted."
793;2253400;2255266;">> KHLOE: Why?
>> KIM: I just, like, have not"
794;2255266;2257300;"had any sleep.
>> KHLOE: Is everything okay?"
795;2257300;2261500;">> KIM: Kanye just, like, walked
offstage last night."
796;2261500;2267133;"Kanye had a show in Sacramento,
and he performed a few songs and"
797;2267133;2271066;"left early, and I feel really
bad for the people that, you"
798;2271066;2273467;"know, missed out on that show
and I know that he cares about"
799;2273467;2275967;"his fans so much.
>> KHLOE: I know how much he"
800;2275967;2278033;"works and how much all you guys
work."
801;2278033;2282000;"I think it's crazy.
>> KIM: Yeah."
802;2282000;2286900;"(typing)
(text alert chimes)"
803;2286900;2289900;"(text alerts chiming)
>> KHLOE: You guys!"
804;2289900;2291867;"Get off your phones.
I'm not kidding, give me both"
805;2291867;2292867;"your phones until...
Give it to me."
806;2292867;2294033;">> KOURTNEY: Here, I'll just
hide it under my butt."
807;2294033;2295200;">> KHLOE: No, you're not gonna
hide it."
808;2295200;2296367;">> KOURTNEY: I'm not using it.
>> KHLOE: Shut up."
809;2296367;2297567;"Give me your phone.
>> KOURTNEY: Khloe, you're"
810;2297567;2300233;"trying to grab my crotch.
>> KHLOE: You two are the most"
811;2300233;2302800;"annoying human beings I've ever
met."
812;2302800;2304900;"♪ ♪"
813;2309600;2313000;">> PENELOPE: Northie wants a new
baby sister."
814;2313000;2315433;">> KHLOE: Yeah, she does.
Do you?"
815;2315433;2317200;">> PENELOPE: No.
>> KHLOE: Yeah, I don't blame"
816;2317200;2319300;"you.
Do you want a brother, or you're"
817;2319300;2321633;"fine with the two you have?
The two."
818;2321633;2323967;">> PENELOPE: Mm-hmm.
>> KHLOE: Kourt, do you want to"
819;2323967;2326166;"have another kid?
>> KOURTNEY: I don't know."
820;2326166;2329133;">> KHLOE: What?
>> KOURTNEY: I don't know."
821;2329133;2331800;"What's so crazy about saying "I
don't know"?"
822;2331800;2333667;">> KHLOE: It's not a definitive
yes or no?"
823;2333667;2335133;">> KOURTNEY: Uh-uh.
>> KHLOE: I would have sworn you"
824;2335133;2336633;"would have said "absolutely
not.""
825;2336633;2338233;">> KOURTNEY: No.
>> KHLOE: What are you gonna do"
826;2338233;2339767;"with another one?
>> KOURTNEY: Love it."
827;2339767;2342100;">> PENELOPE: Here, I'm done.
>> KOURTNEY: All done?"
828;2342100;2344633;">> KHLOE: So I spoke to Scott,
and he told me that you guys"
829;2344633;2347734;"had, literally, the best trip.
Like, so good for your guys'"
830;2347734;2349867;"relationship, and you guys were,
like..."
831;2349867;2352567;">> KOURTNEY: We literally, like,
got into fights, and I'm just,"
832;2352567;2354667;"like, ugh, we've got so many
issues."
833;2354667;2357166;">> KHLOE: My thing is, from an
outsider looking in, it seems"
834;2357166;2360133;"like you guys are trying to work
things out, which is absolutely"
835;2360133;2362533;"awesome.
That's great if that's what you"
836;2362533;2364166;"want to do.
You guys have been together for"
837;2364166;2365667;"ten years.
>> KOURTNEY: Right, but we're"
838;2365667;2367600;"not.
>> KHLOE: I don't think"
839;2367600;2370967;"Scott thinks you're not.
I think, for Scott, like, every"
840;2370967;2373600;"trip it's like, "Oh, I'm that
much closer, I'm that much"
841;2373600;2376200;"closer."
In a way it's leading him on."
842;2376200;2379033;">> KOURTNEY: It's nice for the
kids and for us to be able to go"
843;2379033;2381133;"on trips together...
>> KHLOE: Listen, every"
844;2381133;2383333;"relationship is different, and
every relationship can do things"
845;2383333;2386333;"in their own way.
I'm saying I think you have to"
846;2386333;2389233;"spell it out for Scott.
>> KOURTNEY: But he said, "Do"
847;2389233;2391900;"you want to go to therapy
together so we can, like, work"
848;2391900;2394100;"on things?"
And I'm, like, "No, because"
849;2394100;2397834;"we're not working on things
right now.""
850;2397834;2402066;"It seems like Scott is just
reading into these trips so"
851;2402066;2405400;"much and, like, analyzing, like,
our every move."
852;2405400;2408767;"And, like, I love going on these
family trips together, but maybe"
853;2408767;2411367;"it's just too much for him to
handle."
854;2411367;2413467;"I've told him, like, "I'm not
just sitting around."
855;2413467;2416100;"I'm living my life, and you're
working on you."
856;2416100;2419033;"And, like, you've never been
better, but you're so"
857;2419033;2422967;"inconsistent that, like, I need
to see if, like, you can be"
858;2422967;2424934;"consistent.""
859;2430233;2432133;"♪ ♪"
860;2435800;2438800;">> KRIS: Look how pretty the
city looks."
861;2438800;2443900;"Good morning, New York.
(phone rings)"
862;2443900;2446667;">> KIM: Hi.
>> PUBLICIST: Hey, how are you?"
863;2446667;2450333;">> KIM: I'm good, how are you?
(publicist speaks indistinctly)"
864;2450333;2453934;"Yeah, um, you know,
he just needs some time off,"
865;2453934;2458934;"so we just made that happen.
As I'm traveling, everyone's"
866;2458934;2463667;"trying to make this decision to
cancel the rest of Kanye's tour,"
867;2463667;2467333;"and, you know, he would never
want to give, like, a half-assed"
868;2467333;2470133;"show.
He definitely wants to give his"
869;2470133;2473400;"all, and he knows that he needs
a little bit of time off in"
870;2473400;2476834;"order to do that.
So it'll be okay."
871;2476834;2481066;"He just needs to take some time
for himself and just get back,"
872;2481066;2484533;"focused, and I think it's for
the better."
873;2484533;2488333;"Okay, bye.
21 shows canceled."
874;2488333;2490200;">> KRIS: Were they add-ons
anyway?"
875;2490200;2491934;">> KIM: They were, like,
another leg."
876;2491934;2495433;">> KRIS: So, tonight, who's
gonna get up and speak?"
877;2495433;2499934;">> KOURTNEY: I won't, and I'm
not even capable of doing that."
878;2499934;2504133;"We all said that you were, Mom.
>> KRIS: I..."
879;2504133;2510900;"He wasn't my daddy.
He was my baby daddy."
880;2510900;2512800;"♪ ♪"
881;2520667;2522300;">> KOURTNEY: Cute.
>> KIM: A homemade breakfast is"
882;2522300;2525166;"here.
>> KOURTNEY: Ooh, flowers?"
883;2525166;2527500;">> KIM: This is nice.
>> KOURTNEY: Have you ever"
884;2527500;2529066;"stayed here?
>> KIM: No."
885;2529066;2532767;">> KOURTNEY: Oh, my God, I love
it, it's my favorite."
886;2532767;2535834;"Well, that was nice.
>> KIM: Oh, from Scott?"
887;2535834;2537333;">> KOURTNEY: I thought it was
from the hotel."
888;2537333;2539934;">> KIM: Me, too, but I was like,
why would the hotel say "Kourt"?"
889;2539934;2541867;">> KOURTNEY: Yeah.
>> KIM: Do you think Scott's"
890;2541867;2543600;"gonna, like, end up being
normal?"
891;2543600;2545333;">> KOURTNEY: I don't know, what
do you think?"
892;2545333;2547233;">> KIM: Do you care?
>> KOURTNEY: Yeah, I care."
893;2547233;2548967;">> KIM: I don't mean for your
kids, but, like, for you?"
894;2548967;2550934;">> KOURTNEY: I feel like it's in
God's hands, you know?"
895;2550934;2554200;">> KIM: That's what I'm putting
on your tombstone."
896;2554200;2556433;"(Kourtney chuckles)
"In God's hands now.""
897;2556433;2558166;">> KOURTNEY: I mean, it would be
nice."
898;2558166;2560000;">> KRIS: Hey.
>> KIM: Hey."
899;2560000;2561533;">> KRIS: What are you guys
drinking?"
900;2561533;2563367;">> KOURTNEY: Orange juice.
(phone rings)"
901;2563367;2565533;">> KIM: Hey."
902;2567667;2576567;"What?
Why, what's going on?"
903;2576567;2578500;"What's wrong?"
904;2581066;2586333;"Don't scare me, please.
What's going on?"
905;2586333;2588600;"I-I can't."
906;2593633;2596100;">> KHLOE: Coming up next week...
Is everything okay?"
907;2596100;2598567;">> KIM: I'm not in the mood to
get into it right now."
908;2598567;2600900;">> KHLOE: Kim's been through so
much."
909;2600900;2602633;">> KIM: There's just, like, a
lot on his plate."
910;2602633;2604500;">> KHLOE: A lot on your plate,
too."
911;2604500;2607834;"wants to review
the Kendall and Kylie"
912;2607834;2609467;"collection.
>> KENDALL: I have no idea what"
913;2609467;2611367;"she's thinking.
This could make or break us."
914;2611367;2613700;">> KHLOE: Okay, so are we not as
close as I thought we were?"
915;2613700;2615700;">> MALIKA: Our relationship has
become a little bit more"
916;2615700;2617533;"estranged.
Obviously, I just miss you,"
917;2617533;2619467;"that's all.
>> KHLOE: Why are you crying?"
918;2619467;2622233;">> MALIKA: Because I do.
 Captioning sponsored by"
919;2622233;2623433;"BUNIM-MURRAY PRODUCTIONS"