﻿Number;Start time in milliseconds;End time in milliseconds;"Text"
1;3533;5133;"Keeping
Up with the Kardashians..."
2;5133;7533;"(Scott yelling)
Scott is being so selfish right"
3;7533;9967;"now.
And the fact that Kourt's so far"
4;9967;13000;"along and pregnant, it's just
not okay to do to someone."
5;13000;15667;"(crowd cheering)
>> KOURTNEY: The doctor said the"
6;15667;19333;"baby's coming early.
Don't know if I could even rely"
7;19333;22900;"on you to be there.
Maybe I just need to wrap my"
8;22900;26500;"head around the idea that he
isn't going to be here."
9;26500;28400;"I can't deal with the stress."
10;31400;36867;"Our new baby boy, Reign Aston
Disick, was born on December 14,"
11;36867;42800;"and we feel so blessed and so
excited to welcome him into our"
12;42800;51567;"family.
♪ ♪"
13;51567;53700;">> KHLOE: Hey.
>> SCOTT: How'd you get up here"
14;53700;55367;"like this?
>> KHLOE: Do you have a new"
15;55367;57233;"brother?
Come here!"
16;57233;60600;"Give me a hug.
Up!"
17;60600;65567;"Ooh, I like this dance.
Kourtney has been hibernating"
18;65567;69066;"ever since she gave birth to
baby Reign, and I cannot wait to"
19;69066;71667;"see him.
He's so cute and chubby and I"
20;71667;76400;"just want to see him.
Lord, how's life as having,"
21;76400;81734;"like, a five-person household?
>> SCOTT: No difference."
22;81734;83767;">> KHLOE: No?
>> SCOTT: I mean, people keep,"
23;83767;87133;"like, just writing me e-mails
and calling me and"
24;87133;89333;"congratulating me like this is
my first child."
25;89333;91867;"And yeah, it's nice, but I know
what it's like to have kids."
26;91867;93467;">> KHLOE: Normally, that's,
like, a nice thing to do..."
27;93467;95266;">> SCOTT: Yeah, I don't want to
be bothered."
28;95266;97600;"'Cause then I have to write them
back, which is annoying."
29;97600;100934;">> KHLOE: Scott is now telling
me what an inconvenience it is"
30;100934;104934;"to write back to people who are
congratulating him."
31;104934;107867;"I know he's been going through a
really tough time, but this is"
32;107867;112600;"definitely not the way to handle
the situation."
33;112600;114767;">> SCOTT: You think I want to
take the time to write you back"
34;114767;116667;""thank you"?"
35;128367;130500;">> KIM: Kanye and I tried to
move a couch last night."
36;130500;134033;"Us, together, we could not even
lift it one inch off the ground."
37;134033;137633;"We were like, what is going on?
Isn't it weird when you had your"
38;137633;140233;"own place, like, by yourself,
the strength you have to move"
39;140233;143233;"furniture when no one's around?
>> KHLOE: Yeah, for sure."
40;143233;146600;">> KIM: Like, I feel like I
finally have my own space."
41;146600;149367;"Unpacking all these boxes and
seeing stuff I haven't seen in a"
42;149367;151867;"year and a half makes me so
happy."
43;151867;156600;"How did I survive in Mom's guest
room downstairs with me, Kanye"
44;156600;158266;"and the baby...
>> KHLOE: I don't know."
45;158266;160000;">> KIM: ...for a year and a
half?"
46;160000;162233;">> KHLOE: I'd never move back
home, ever."
47;162233;164333;">> KIM: I just... I don't know
why we didn't rent a house."
48;164333;166934;"Like, half the year was like a
nightmare."
49;166934;169633;"Those last six months was really
hard."
50;169633;173433;"We finally moved into our new
home, and it is so exciting."
51;173433;176767;"We have been living in a
one-bedroom room at my mom's"
52;176767;180934;"house, sharing this tiny closet,
and so it feels really good just"
53;180934;184133;"to have our own home.
I am so happy with the house."
54;184133;186600;"It's just, I don't want anyone
to see it until..."
55;186600;189200;">> KHLOE: Fully decorated.
>> KIM: Yeah, fully decorated."
56;189200;190834;">> KHLOE: That's how I felt
about here."
57;190834;192333;">> KIM: I just want, like, a
perfect house."
58;192333;194266;">> KHLOE: Robert threw a party
here last night."
59;194266;197000;"Major whores.
>> KIM: Ew, really?"
60;197000;199300;">> KHLOE: Someone threw up in my
house."
61;199300;202000;">> KIM: What?
Like, he won't leave the house"
62;202000;204000;"or see us, hardly, but he'll
have parties and see other"
63;204000;206333;"people?
>> KHLOE: Yep."
64;206333;208734;">> KIM: His life is so bizarre."
65;213100;216467;">> KYLIE: Mom, I really want to
put an offer on this house."
66;216467;218967;">> KRIS: Yeah, but let's just
figure out how much work needs"
67;218967;222100;"to be done first, because you're
the one who said you want this"
68;222100;224633;"to be a good investment.
>> KYLIE: Yeah."
69;224633;227433;">> KRIS: This would have to be
painted, you know, white."
70;227433;228934;"Everything white.
>> BRIAN: Right."
71;228934;230934;"Whole house painted, done.
>> KYLIE: Wait, why?"
72;230934;233867;">> KRIS: Because it's yellow.
>> KYLIE: I like this color"
73;233867;236333;"better than white.
>> KRIS: Okay."
74;236333;238967;"We'll pick a color.
>> KYLIE: Cool."
75;238967;244033;"I have found the perfect house,
and I think you just know, when"
76;244033;247200;"you're buying a house, when you
go into it, if it's the one or"
77;247200;250100;"not, and I just felt like this
one was really the one."
78;250100;252633;"Wait, so what were you thinking
about in here?"
79;252633;255867;">> KRIS: This floor stays wood
and everything painted white and"
80;255867;259500;"change the door handles.
>> KYLIE: Okay."
81;259500;262400;">> KRIS: And suddenly, you have
a kick-ass, gorgeous office."
82;262400;265333;"'Cause this'll be like--
Haven't you seen those homes in,"
83;265333;268667;"Architectural Digest
when everything is white and"
84;268667;272000;"then the dark wood floor?
Like, you could do that gray fur"
85;272000;275200;"carpet in here.
I just found out a couple weeks"
86;275200;278600;"ago that Kylie really wants to
move out, ASAP."
87;278600;280834;">> SALESWOMAN: Are you gonna
have a new place pretty soon?"
88;280834;282333;">> KYLIE: Yeah.
I think I'm gonna start looking,"
89;282333;284533;"like, this week.
>> SALESWOMAN: Oh, my goodness."
90;284533;287567;">> KYLIE: So the second I turn
18, I'll be all moved in and"
91;287567;290934;"ready to live in my house.
>> SALESWOMAN: Wow."
92;290934;293667;">> KRIS: Kylie reminded me that
she has a lot of projects she's"
93;293667;297033;"been working on and she really
wants to take that money and"
94;297033;300066;"invest in some real estate.
I think sometimes Kylie is"
95;300066;304400;"really underestimated, because
she's really a bright kid, and I"
96;304400;308033;"just want to be here for Kylie
every step of the way."
97;308033;312133;"My suggestion was she does a...
like, a pole here and then"
98;312133;314633;"maybe...
>> KYLIE: Curtain?"
99;314633;316834;">> KRIS: ...curtains.
Put them back like that, so,"
100;316834;320066;"like, two hooks here and so you
see this cute little room and"
101;320066;324000;"there's just shelf after shelf,
and this is accessories."
102;324000;325834;">> BRIAN: Okay.
>> KRIS: Purses and..."
103;325834;327233;">> KYLIE: Yeah.
>> KRIS: So... like a little"
104;327233;328734;"store.
>> KYLIE: Mm-hmm."
105;328734;330533;">> BRIAN: Very cool.
>> KRIS: We are so smart."
106;330533;343533;">> KYLIE: I think so, too.
>> KRIS: Okay. I'm done."
107;343533;345867;">> KHADIJAH: Oh... (bleep) a
duck, bro."
108;345867;348500;">> KHLOE: What are you doing?
You just had a baby."
109;348500;350400;">> SCOTT: Everybody's mad at me."
110;353867;357200;">> KHLOE: Um...
So, Lord, what is your plan for"
111;357200;358867;"the day?
>> SCOTT (slurring): Why?"
112;358867;361900;"Y'all trying to go clubbing?
>> KHADIJAH: Um, I need to"
113;361900;365500;"remind you that it is 11:00
a.m., not p.m."
114;365500;369467;"No clubs are open.
But I do suggest, like, a"
115;369467;371800;"shower.
>> SCOTT: I'll go home right"
116;371800;373633;"now.
>> KHLOE: You're not allowed"
117;373633;375467;"there.
>> SCOTT: Huh."
118;375467;379633;">> KHLOE: Scott has, apparently,
had a wild night last night and"
119;379633;382834;"Kourtney has made it very clear
that he is not allowed to go"
120;382834;388000;"home when he is... like this.
He was very wild last night."
121;388000;390500;">> KOURTNEY: It's ridiculous.
This is what happened last time."
122;390500;393467;"It's like, I've set this ban
here, and he just can't come"
123;393467;397633;"here in this state.
>> KHLOE: I 100% want to respect"
124;397633;401133;"Kourt's wishes, but I also don't
know what to do with Scott."
125;401133;403166;"She wants to call the police on
you."
126;403166;406000;"She wanted me to call the police
on you, so... unless you want"
127;406000;408867;"that to happen...
>> SCOTT: She said that?"
128;408867;411133;">> KHLOE: Yeah, plenty of times.
>> SCOTT: She said I couldn't go"
129;411133;412900;"home?
>> KHLOE: No, yeah, you can't."
130;412900;416734;"Yeah, she will have you
arrested if you go home."
131;416734;418734;">> SCOTT: Yeah, I'm gonna go
home."
132;418734;420100;">> KHADIJAH: Where are you
going?"
133;420100;424367;">> KHLOE: Nope, nope.
Nope, nope, nope."
134;424367;426133;"Excuse me.
>> SCOTT: Yeah, I'm gonna go"
135;426133;427333;"home.
>> KHLOE: Nope."
136;427333;429567;">> KHADIJAH: No, you're not.
If you take a shower, have a"
137;429567;431967;"nap, have some food, maybe you
could go home."
138;431967;435100;">> SCOTT: I can't go there?
>> KHLOE: If you sober up,"
139;435100;437867;"you're allowed to go there.
Until then, you got to chill."
140;437867;440066;">> SCOTT: Okay.
>> KHLOE: What are you chasing"
141;440066;442400;"the high for?
Like, where are we going?"
142;442400;444734;"This is, like, a boring day.
>> SCOTT: That's a good point."
143;444734;447734;">> KHLOE: It's not like anyone
else is raging with you."
144;447734;451667;"There's not a party going on.
Isn't it boring?"
145;451667;453800;"Why don't we simmer down...
>> SCOTT: You're right."
146;453800;459200;">> KHLOE: ...and chill?
Scott, in this condition, is not"
147;459200;463033;"easy to handle.
I think I have a lot of patience"
148;463033;465567;"for people, especially in these
situations, and this is a hard"
149;465567;468533;"one.
(line ringing)"
150;468533;471800;">> KHADIJAH: Okay.
>> KHLOE: Is he getting up?"
151;471800;473133;">> KOURTNEY: Hello?
>> KHLOE: Hi."
152;473133;474934;">> KHADIJAH: I hope not.
>> KOURTNEY: Hi."
153;474934;476700;">> KHLOE: I'm with Khadijah,
here on speaker."
154;476700;479867;"We finally both wrangled him
into his room."
155;479867;482033;"He's just not really slowing
down, but..."
156;482033;484834;">> KOURTNEY: Yeah.
>> KHLOE: Oh, hi."
157;484834;486667;">> KHADIJAH: Hi.
>> KHLOE and KHADIJAH: Scott's"
158;486667;488900;"here.
>> KOURTNEY: I'm sure he is."
159;488900;490333;">> KHLOE: I thought you were
gonna lay down, Scott."
160;490333;492800;">> SCOTT: Can I come home?
>> KOURTNEY: You're not allowed"
161;492800;496100;"to come here in that state of
mind."
162;496100;501567;">> SCOTT: I love you, and by the
way, I know I've made you sick."
163;501567;503967;"I know I've made you...
>> KHADIJAH: Can you just... can"
164;503967;506700;"we go... can you go to bed?
>> KHLOE: Scott, I just don't"
165;506700;509600;"think any of this is, like,
going anywhere positive."
166;509600;514867;"Give me the phone.
Stay here."
167;514867;517333;"This is what he does when he
comes home?"
168;517333;518934;">> SCOTT: All right, I'm doing
it."
169;518934;520934;"I'm going home.
>> KHLOE: No, you're not."
170;520934;522400;">> KHADIJAH: No, you're not.
>> SCOTT: I'm going home."
171;522400;523667;">> KHLOE: Stop.
>> KHADIJAH: She doesn't want"
172;523667;524767;"you to come home.
You're not gonna..."
173;524767;526033;">> SCOTT: She don't want me to
come home?"
174;526033;528767;">> KHLOE: Shut up!
You (bleep) (bleep), shut up."
175;528767;530500;"Kourt, I got to call you back.
>> KHADIJAH: Can we sit and talk"
176;530500;532533;"for a second?
>> KHLOE: Scott is determined to"
177;532533;534800;"walk to his house.
>> KHADIJAH: No."
178;534800;537166;">> KHLOE: At this point, I feel
like there's nothing else I can"
179;537166;539800;"do.
He is on a mission, and there's"
180;539800;541934;"really no stopping him.
>> SCOTT: I don't give a (bleep)"
181;541934;543667;"about all of you.
>> KHLOE: I don't know what else"
182;543667;546066;"to do.
Where you going?"
183;546066;549233;">> SCOTT: My (bleep) house.
>> KHLOE: Hello?"
184;549233;551800;">> SCOTT: I don't need this
(bleep) (bleep)."
185;551800;555633;">> KHADIJAH: No, no, no, no, no.
>> KHLOE: Scott."
186;555633;558734;"All right, I'm calling Kourtney.
Kylie has been looking at"
187;558734;561633;"houses, and I think she found
one in Calabasas."
188;561633;564233;">> KENDALL: What is there to do
in Calabasas?"
189;564233;566633;"What?
>> KHLOE: He's gone again."
190;566633;568934;">> BRUCE: Kourt, like, kick him
out of the house or what?"
191;568934;571500;">> KHLOE: Scott has been MIA,
and it's been a few days now."
192;571500;588166;"Kourtney never knew he left.
He left without telling her."
193;588166;590367;">> BRUCE: Khloe!
>> KHLOE: Yeah?"
194;590367;592333;">> BRUCE: Oh, there you are.
>> KHLOE: Hi."
195;592333;594033;">> BRUCE: How are you doing?
>> KHLOE: I'm just so tired."
196;594033;596000;">> BRUCE: I'm stealing a cookie.
>> KHLOE: Of course, that's what"
197;596000;598033;"they're there for.
>> BRUCE: When I was talking to"
198;598033;599934;"you the other day, you sounded
down."
199;599934;602133;">> KHLOE: When?
>> BRUCE: The other day, we were"
200;602133;604200;"on the phone and we're talking,
and you just didn't..."
201;604200;606567;"You know, "I'm working so hard."
>> KHLOE: It wasn't... had"
202;606567;608867;"anything to do with me.
Scott went, like, ballistic."
203;608867;611166;">> BRUCE: Why was he going
ballistic?"
204;611166;615100;"He's got the life of Riley.
>> KHLOE: The life of who?"
205;615100;618000;">> BRUCE: It's kind of a-a
saying, "the life of Riley.""
206;618000;619967;"It's like you're living this
great life."
207;619967;621834;">> KHLOE: Why don't we change it
to the life of Scott?"
208;621834;624033;"'Cause Scott has...
>> BRUCE: Kind of does anything"
209;624033;626033;"he wants to do, right?
>> KHLOE: Yes."
210;626033;628467;"I was babysitting Scott because
the whole night he was drinking"
211;628467;630233;"alcohol.
>> BRUCE: I thought he stopped"
212;630233;632000;"drinking.
>> KHLOE: Every day it's"
213;632000;634734;"different.
At 6:00 a.m., a security guard"
214;634734;637600;"brought Scott here 'cause
Kourtney doesn't let him go to"
215;637600;640700;"their house when he's, like,
crazy."
216;640700;645700;"It was just such a draining
experience."
217;645700;647700;">> BRUCE: Kourt, like, kick him
out of the house or what?"
218;647700;650433;">> KHLOE: He ended up around,
like, 3:00 in the afternoon"
219;650433;654333;"leaving here.
He's gone again."
220;654333;658800;"Ever since Scott left my house,
he's been MIA, and it's been a"
221;658800;662000;"few days now.
Kourtney never knew he left."
222;662000;665400;"He left without telling her.
Everyone's worried about you,"
223;665400;668867;"and the only person that you're
worried about is yourself."
224;668867;672033;"It's pretty sad.
>> BRUCE: It's not okay."
225;672033;674500;"It's not okay.
If you're gonna do stupid"
226;674500;677734;"(bleep) like that, I'm not
letting you in the house."
227;677734;679734;"You sleep outside on the front
lawn."
228;679734;681633;"You can't be doing that."
229;693667;695667;">> KENDALL: Can I get the
chicken wrap, please?"
230;695667;697667;"Can I get a blueberry muffin,
too?"
231;697667;699433;">> KHLOE: Don't do that to me,
Kendall."
232;699433;701033;"I'm not allowed to eat a
blueberry muffin."
233;701033;703500;"Can I get pulled chicken with a
side of veggies?"
234;703500;705700;">> SERVER: Yeah, sure.
>> KHLOE: I would love that."
235;705700;707767;"Thank you so much.
So you're leaving tomorrow for"
236;707767;709433;"Paris.
>> KENDALL: No, I leave on"
237;709433;711300;"Friday.
>> KHLOE: Oh, you leave on"
238;711300;714133;"Friday for Paris.
>> KENDALL: They're blueberry,"
239;714133;723200;"right?
>> SERVER: Yeah."
240;723200;726000;">> KHLOE: Is it good?
(Kendall humming)"
241;726000;730767;"Shut the (bleep) up.
So, you know Kylie has been"
242;730767;734266;"looking at houses, and I think
she found one in Calabasas."
243;734266;738400;">> KENDALL: I know.
>> KHLOE: It's too much work."
244;738400;740600;">> KENDALL: What is there to do
in Calabasas? What?"
245;740600;742667;">> KHLOE: Hey, I live there.
>> KENDALL: And you get, like, a"
246;742667;744467;"nice, big house.
>> KHLOE: I know, but I wish"
247;744467;746567;"I had a condo-- but if I was
younger, I never would."
248;746567;748700;">> KENDALL: Exactly, exactly.
I was about to do the same"
249;748700;751533;"thing, ended up moving out here.
So much more to do."
250;751533;753700;">> KHLOE: So much more.
You guys have a social life."
251;753700;755333;"If you live in Calabasas, you
would never."
252;755333;758700;">> KENDALL: Exactly, exactly.
I think Kylie getting her first"
253;758700;762233;"house is amazing, and I think
she's just really excited to be"
254;762233;764934;"able to have her own house and
live on her own, but there's"
255;764934;767633;"just a lot that goes into it.
That was, like, the thing that"
256;767633;770433;"surprised me when I bought my
house, and I hope she"
257;770433;775200;"understands.
It's a lot of work."
258;775200;777100;"Yum."
259;784200;787033;">> KIM: Oh, my God.
This is too good."
260;787033;789867;"It can't be, like, healthy.
>> KHLOE: It's all protein."
261;789867;791867;">> KIM: It's only five grams of
protein."
262;791867;793266;">> KRIS: Hey.
>> KHLOE: I like it."
263;793266;795400;">> KIM: I ate perfect in New
York; you would've been"
264;795400;797867;"so proud of me.
(phone rings)"
265;797867;799934;"Hello? Hi.
>> GRUTMAN: Hello? Hey, Kim."
266;799934;801867;">> KIM: I'm with Khloe right
now."
267;801867;803700;">> GRUTMAN: Hi, guys.
>> KHLOE: Hi, gorg."
268;803700;805367;">> GRUTMAN: So, I told him I was
coming here; he said he was"
269;805367;807533;"coming here, and it's been four
days now, right?"
270;807533;810367;"This is not one of those
situations where, "Oh, (bleep),"
271;810367;813834;"I got (bleep) up, and then I,
uh, I sobered up, and I realized"
272;813834;816266;"I got (bleep) up, and okay, I'm
cool now for a week.""
273;816266;818567;"You know what I mean?
He needs help, he needs help."
274;818567;821433;">> KIM: None of us have really
heard from Scott up until I get"
275;821433;825500;"a call from one of our mutual
friends saying that Scott is in"
276;825500;827900;"Aspen.
You know, I always give Scott"
277;827900;830500;"the benefit of the doubt, but in
this case, I think Scott's just"
278;830500;833166;"way out of line.
I don't even know what to do."
279;833166;836533;">> GRUTMAN: The good news is
that they are gonna get a plane"
280;836533;839066;"now, within the next hour, and
get him out of here."
281;839066;841633;">> KIM: So, yeah, go talk to
him and then call me. Okay, bye."
282;841633;844033;">> GRUTMAN: Okay, I'll call you.
>> KRIS: So he just, like, up"
283;844033;846133;"and went to Aspen?
>> KHLOE: He ended up not even"
284;846133;849533;"telling Kourtney he left.
She just texts me."
285;849533;851600;"She goes, "I'm not sure what to
do. He's flying home tonight"
286;851600;853867;"from Aspen.
He basically said he knows he"
287;853867;855934;"can't be a good partner."
Blah, blah, blah."
288;855934;859500;"So what do I say to her?
>> KRIS: If it was me, I'd"
289;859500;861834;"probably have him come home,
stay in the bedroom downstairs"
290;861834;866367;"until he gets it together and we
can figure it out."
291;866367;869834;">> KIM: Scott has had a really
hard year, and I understand that"
292;869834;872500;"it's different this time.
Like, his parents aren't here."
293;872500;875667;"But as a man, he's got to grow
up, and he's got to be there for"
294;875667;880800;"his girlfriend.
(sighs)"
295;880800;883000;"You're gonna shoot a video with
Daddy."
296;883000;886300;"Kanye is shooting a video for
his song, "Only One.""
297;886300;892800;"Aw, look at how cute she looks.
This is so exciting."
298;892800;895400;">> SCOTT: This is not what I
wanted to be doing with my life,"
299;895400;898266;"but everything has taken a turn.
>> KIM: You have three of the"
300;898266;900266;"most beautiful kids in the
world."
301;900266;916400;">> SCOTT: Everything just
doesn't feel good inside."
302;916400;919166;">> KIM: We're going out.
You're gonna shoot a video with"
303;919166;923166;"Daddy.
How fun."
304;923166;928600;"This is so exciting.
Kanye is shooting a video for"
305;928600;932233;"his song, "Only One."
It's really a song that he"
306;932233;936200;"realized is his mother singing
through him to him, and Spike"
307;936200;940600;"Jonze is shooting this video
just on his iPhone."
308;940600;944066;"I think it's such a cool, like,
concept, and I know it's gonna"
309;944066;949133;"turn out so amazing.
I wonder if she needs me over"
310;949133;951033;"there."
311;954367;956266;"♪ ♪"
312;959667;961934;"It's so crazy how she, like,
loves to be outside."
313;961934;967700;"She, like, loves the rain, loves
everything about outside."
314;967700;970033;"Aw, look at how cute she looks."
315;978700;982367;"I feel like I should hide.
Like, if she sees me, she's"
316;982367;985367;"gonna, like, run to me and slip
in the mud."
317;985367;987266;"Let's hide behind the bush."
318;992367;996934;"It's so special to have North in
a video with her dad."
319;996934;999533;"I'll peek out again.
Ooh."
320;999533;1003467;"And I think she looks so
beautiful."
321;1003467;1006967;"♪ ♪
I feel so blessed that we now"
322;1006967;1011600;"have our little family.
It's, like, so amazing that this"
323;1011600;1013500;"is my life."
324;1019600;1023633;"Hi!
Hey, cutie."
325;1023633;1038166;"You did so good in Daddy's
video."
326;1038166;1041967;"Are you cleaning out?
What are these from?"
327;1041967;1044467;"Looks like you literally
hand-made this."
328;1044467;1047600;"Khloe, this you don't need.
Come on, come on."
329;1047600;1050400;">> KHLOE: I agree with that.
>> KIM: You need to have, like,"
330;1050400;1054734;"cool sequiny things.
This one looks cheap, too."
331;1054734;1056734;">> KHLOE: You know what you
could do is go through my"
332;1056734;1059133;"dresses, 'cause I agree I don't
need all that."
333;1059133;1062233;">> KIM: Okay.
>> KHLOE: Do you know that Kylie"
334;1062233;1065834;"is going into escrow on her
house?"
335;1065834;1068800;">> KIM: Stop. She really got it?
>> KHLOE: Yeah. Well, in escrow."
336;1068800;1072400;">> KIM: No way.
She's just, like, so advanced in"
337;1072400;1075100;"some areas, but it's like, to
run a whole household?"
338;1075100;1077300;">> KHLOE: You literally have to
get, like, gardeners, you have"
339;1077300;1079533;"to get a pool man.
You have to pay, like, estate"
340;1079533;1081200;"tax.
I don't think she understands,"
341;1081200;1084567;"like, we have to pay H.O.A.
fees, like..."
342;1084567;1087734;"I definitely had to learn what
to expect when I got my first"
343;1087734;1090700;"house, and I'm still learning.
And Kylie's definitely gonna"
344;1090700;1093834;"need a cheat sheet as to what
goes into owning a house."
345;1093834;1096467;"I think Kim and I are the best
ones to give it to her, 'cause"
346;1096467;1099200;"Kim and I have definitely had to
learn the hard way with some of"
347;1099200;1101367;"our houses.
I just think I need to teach"
348;1101367;1104233;"Kylie how to do this stuff.
Like, we all have to learn to"
349;1104233;1106667;"prove to Mom that she can do it.
>> KIM: Yeah."
350;1106667;1109500;"I mean, I'm down.
I'll help her, too."
351;1109500;1111600;">> KHLOE: Like, I just need to
make sure she even knows how to"
352;1111600;1115166;"do her laundry.
>> KIM: A mummy for Halloween?"
353;1115166;1118500;"Do you want it for a mummy
costume, seriously?"
354;1118500;1131500;"You want it.
This is just, like, horrendous."
355;1131500;1133800;">> KIM: You got to get rid of
these cookies, Khlo."
356;1133800;1136400;">> KHLOE: I don't eat them!
Like, you're mad 'cause you ate"
357;1136400;1138400;"three today?
That's your (bleep) problem."
358;1138400;1141533;"Get some self-control.
>> KIM: I don't have it."
359;1141533;1142867;">> KHLOE: Well, that's not my
problem."
360;1142867;1144500;"I want decorative (bleep) in my
house."
361;1144500;1146066;"And want a guest wants (bleep)
cookies, they can..."
362;1146066;1148000;">> KIM: I wish I could buy
self-control."
363;1148000;1153333;">> KHLOE: The rebel's back!
The last time I saw you, why I"
364;1153333;1155800;"ought to.
He was at my house throwing"
365;1155800;1158266;"liquor everywhere.
>> KIM: Oh, my God."
366;1158266;1161900;"Scott just got back from this
wild weekend in Aspen, and he"
367;1161900;1166600;"looks better after sleep, and I
realize that we need to help out"
368;1166600;1169667;"in any way that we can.
>> KHLOE: So how was Aspen?"
369;1169667;1172700;">> KIM: I heard it was wild,
from numerous people there."
370;1172700;1175700;">> SCOTT: It was a debacle.
I mean, I went out to dinner"
371;1175700;1177400;"with all these kids that
randomly were there from New"
372;1177400;1179767;"York.
Like, all my Syrian friends were"
373;1179767;1181633;"there, so I went out to Nobu the
first night."
374;1181633;1183667;">> KIM: Do they think you're
just a lunatic?"
375;1183667;1185567;">> SCOTT: Most people do, yeah.
>> KIM: Do they, like..."
376;1185567;1187300;">> SCOTT: But it's getting to
the point it's not that cute, so"
377;1187300;1189233;"I'm like, I just want to calm
down."
378;1189233;1191867;"Beautiful town though.
>> KHLOE: Do you remember?"
379;1191867;1194834;">> SCOTT: Yeah, first day.
We should really go there."
380;1194834;1196834;">> KIM: Do you think they will
have you back?"
381;1196834;1199400;">> SCOTT: No.
>> KIM: I would just die if I"
382;1199400;1202333;"were Kourt just for the fact,
you have a little baby."
383;1202333;1204400;">> KHLOE: How did she act when
you came home?"
384;1204400;1207200;"Were you on punishment?
>> SCOTT: Super bizarre to me"
385;1207200;1211233;"that she's even speaking to me,
to be quite honest."
386;1211233;1213967;"I just think, at this point,
she's just feeling bad for me"
387;1213967;1218066;"and herself.
I feel bad for everybody, too."
388;1218066;1220900;"Obviously, like, this is not
what I wanted to be doing with"
389;1220900;1224600;"my life, but everything's taken
a turn. I mean..."
390;1224600;1226400;">> KIM: But you have such a good
life."
391;1226400;1228100;"You have three of the most
beautiful kids in the world."
392;1228100;1230667;">> SCOTT: I get it.
Everything sounds perfect, you"
393;1230667;1233767;"know?
It just doesn't feel good"
394;1233767;1235767;"inside."
395;1239400;1242367;"It's just hard, and it's a
struggle, and..."
396;1242367;1245600;"You know, obviously, I can't
blame it on my parents forever."
397;1245600;1250900;"Either I need to make a life for
myself or, you know."
398;1250900;1253467;">> KHLOE: I used to get so upset
with Scott."
399;1253467;1255467;"I used to hold everything over
his head."
400;1255467;1258834;"Right now though I just want to
help him and get him to a"
401;1258834;1261133;"comfortable place.
>> SCOTT: I have a family and"
402;1261133;1263133;"all these things.
I can't just be like, "Oh, my"
403;1263133;1265567;"parents died.
That's sad. I hate my life.""
404;1265567;1269900;"Like, you know, it's ridiculous.
>> KIM: Yeah."
405;1269900;1273066;">> SCOTT: It's (bleep) hard
though."
406;1273066;1275200;">> KHLOE: Having a house is a
huge responsibility."
407;1275200;1277200;">> KIM: You need to think about
earthquake insurance."
408;1277200;1279300;">> KHLOE: Flood insurance.
>> KIM: Homeowner's association"
409;1279300;1281967;"fees.
>> KHLOE: Rattlesnake fencing."
410;1281967;1284967;"Do you know how to do your own
laundry?"
411;1284967;1288033;">> KYLIE: No.
>> KOURTNEY: He thinks this is"
412;1288033;1290100;"his destiny.
Certain things run in his"
413;1290100;1292567;"family...
>> KHLOE: That's an excuse."
414;1292567;1304100;">> KOURTNEY: I don't know what
to do anymore."
415;1304100;1306934;">> KHLOE: Damn, Gina, you
looking fly and (bleep)."
416;1306934;1310233;">> KIM: Mm-hmm.
>> KHLOE: Guess what I heard."
417;1310233;1312233;">> KIM: Huh?
>> KHLOE: Do you guys know what"
418;1312233;1314233;"freezing is?
>> KIM: No."
419;1314233;1318000;">> KHLOE: It's, like, a form of
witchcraft, and I heard some"
420;1318000;1321700;"people around us are doing it.
You write down names, and you,"
421;1321700;1324066;"like, put them in the freezer
and you, like, freeze them."
422;1324066;1327166;"It's like doing voodoo to you,
and it's, like, a form to, like,"
423;1327166;1329467;"freeze them so they're stuck in
a place of, like, torment"
424;1329467;1331867;"because, like, whatever.
I'm like, "Why would anybody do"
425;1331867;1333900;"that?"
Don't (bleep) freeze me."
426;1333900;1335967;"I'll freeze you back.
That's so rude."
427;1335967;1339033;">> KIM: No voodoo (bleep) can
tear us down."
428;1339033;1341033;"That's what Michael Jackson used
to always say."
429;1341033;1343166;">> KHLOE: Really?
Maybe I'm reincarnated Michael"
430;1343166;1347133;"Jackson.
Okay, Kylie, so you're moving"
431;1347133;1348900;"into your house soon.
>> KYLIE: Mm-hmm."
432;1348900;1350767;"Having a house is a huge
responsibility."
433;1350767;1352967;">> KIM: A huge responsibility
that I don't even think that you"
434;1352967;1355066;"realize.
>> KHLOE: Do you know how to do"
435;1355066;1360467;"your own laundry?
>> KYLIE: No."
436;1360467;1363300;">> KIM: Do you know anything
about credit?"
437;1363300;1365333;">> KYLIE: Not really.
>> KHLOE: Do you know how to"
438;1365333;1367333;"iron?
What?"
439;1367333;1371700;">> KIM: Kylie. No, seriously?
I cannot believe you don't know"
440;1371700;1373834;"this.
Here's things that you need to"
441;1373834;1376133;"think about.
>> KHLOE: Yeah. You need to take"
442;1376133;1378367;"notes.
>> KIM: Earthquake insurance."
443;1378367;1380367;"We live in California.
That is a must."
444;1380367;1383100;">> KHLOE: Flood insurance, fire
insurance, especially up here."
445;1383100;1385400;"There was a flood in my house.
I came home, the whole thing"
446;1385400;1387567;"was flooded.
My pool table room."
447;1387567;1389633;">> KIM: Homeowner's association
fees."
448;1389633;1392133;"H.O.A. fees could be, like,
1,000 bucks a month."
449;1392133;1394133;">> KHLOE: If you hang something,
it has to be bolted down to the"
450;1394133;1396133;"walls.
You have to have them"
451;1396133;1398266;"earthquake-proof.
You have to have rattlesnake"
452;1398266;1401133;"fencing for your house for your
dogs."
453;1401133;1403467;">> KIM: You need to have a
really good gardener."
454;1403467;1407500;">> KHLOE: Set up electricity.
>> KYLIE: Kim and Khloe have"
455;1407500;1412066;"made me aware that it's a little
tough to own a home, and I"
456;1412066;1415600;"really hope I'm not in over my
head."
457;1415600;1419066;">> KIM: Here's a list.
Mom's not gonna do all of this"
458;1419066;1423300;"for you, so, you know, I think
this is really important."
459;1423300;1425333;"Now, there's a lot more we can
add, but I think it's really"
460;1425333;1428166;"important that you start to do
those things and realize the"
461;1428166;1430500;"responsibilities of having a
house."
462;1430500;1432433;">> KYLIE: I agree."
463;1442400;1445700;"(line ringing)
>> KOURTNEY: Hi."
464;1445700;1448033;">> KHLOE: Hi.
How's everything going?"
465;1448033;1452500;">> KOURTNEY: You know, same old
situation, different day."
466;1452500;1455400;">> KHLOE: Yeah? Are you good
with Scott going to Pismo and"
467;1455400;1459734;"everything?
>> KOURTNEY: Um, yeah."
468;1459734;1464734;"I think it's good for him to do,
you know, positive things."
469;1464734;1468500;">> KHLOE: Yeah. Me, too.
After talking with Scott, I"
470;1468500;1473066;"think he definitely needs some
family bonding behavior, so I've"
471;1473066;1476066;"invited Scott to go drive dune
buggies with Bruce and I in"
472;1476066;1478467;"Pismo Beach.
Why do you think he's acting the"
473;1478467;1480667;"way he is?
>> KOURTNEY: Honestly, I don't"
474;1480667;1484000;"know.
You know, and I do feel bad, but"
475;1484000;1487433;"I feel like a lot of it is,
like, he thinks this is his"
476;1487433;1491500;"destiny.
Certain things run in his"
477;1491500;1494266;"family...
>> KHLOE: That's an excuse."
478;1494266;1496834;">> KOURTNEY: ...and I'm like,
"You have so many blessings.""
479;1496834;1500500;">> KHLOE: I know.
Ever since Scott has returned"
480;1500500;1506734;"home from his bender, he's been
really depressed, and I feel so"
481;1506734;1510767;"incredibly bad for Kourt because
I know she loves her family, I"
482;1510767;1513900;"know she loves Scott, and I
think she's at such a loss as to"
483;1513900;1516900;"what to do with him that she's
willing to try anything."
484;1516900;1521467;">> KOURTNEY: I just feel like
I don't know what to do anymore."
485;1521467;1523467;">> KHLOE: Why did you want to
stay in Santa Barbara last"
486;1523467;1525467;"night?
>> BRUCE: Wouldn't you rather"
487;1525467;1527467;"be, like, home?
>> SCOTT: You know, I definitely"
488;1527467;1531633;"go in and out of happy and dark
places in my life, so the last"
489;1531633;1535500;"thing I want is to hear some big
lectures."
490;1535500;1538734;">> KYLIE: I was talking to Khloe
and Kim, and they were just"
491;1538734;1541233;"making me second-guess the
house."
492;1541233;1543233;"I don't know if I can handle it."
493;1552400;1554834;">> KHLOE: We need to put
"Kardashian Beauty" on here."
494;1554834;1557266;"Who's paying you for this?
>> BRUCE: I got people."
495;1557266;1559266;">> KHLOE: Okay, what are you
doing, buddy?"
496;1559266;1563700;">> BRUCE: We're leaving.
>> KHLOE: I am going to be on a"
497;1563700;1567767;"wonderful road trip with Bruce.
Scott was supposed to be a part"
498;1567767;1571867;"of our long road trip, but he is
driving up to Pismo Beach on his"
499;1571867;1577400;"own because he did not want to
be stuck in a car with Bruce for"
500;1577400;1579900;"that many hours.
>> BRUCE: Isn't this exciting?"
501;1579900;1581967;">> KHLOE: Totally.
>> BRUCE: We're going to Pismo"
502;1581967;1584266;"Beach, Khloe, and it's gonna
take us two hours and 11"
503;1584266;1587400;"minutes of wonderful
conversation."
504;1587400;1589433;">> KHLOE: Mm-hmm.
>> BRUCE: Aren't you excited?"
505;1589433;1591967;">> KHLOE: Yeah.
>> BRUCE: How often do we get"
506;1591967;1597867;"two hours and 11 minutes with
nothing to do but talk?"
507;1597867;1601934;"♪ Bum, bum, bum, bum, bum. ♪
Tell me when you get done, so we"
508;1601934;1603900;"can...
>> KHLOE: Bruce, you have two"
509;1603900;1606667;"and a half (bleep) hours.
Relax."
510;1606667;1610567;"(line ringing)
Seriously."
511;1610567;1613000;">> BRUCE: ♪ We're getting
closer. ♪"
512;1613000;1617533;">> KHLOE: ♪ Yes, we are. ♪
>> BRUCE: You're missing"
513;1617533;1619433;"everything.
>> KHLOE: No, I've seen grass"
514;1619433;1621400;"before.
>> BRUCE: Look at these trailer"
515;1621400;1624600;"parks.
A whole town went by."
516;1624600;1627000;"That you never even looked up
and saw."
517;1627000;1629567;">> KHLOE: Mm-hmm.
>> BRUCE: And you missed it."
518;1629567;1632800;">> KHLOE: I'm okay with that.
>> BRUCE: I'm not."
519;1632800;1634433;"You missed that chicken.
>> KHLOE: I'm not okay with"
520;1634433;1635667;"smelling this...
>> BRUCE: See that chicken back"
521;1635667;1636900;"there?
>> KHLOE: I'm not okay with"
522;1636900;1638266;"smelling this tuna.
>> BRUCE: Look at that chicken"
523;1638266;1639467;"back there.
>> KHLOE: Okay, Bruce, this is"
524;1639467;1642066;"getting ridiculous.
>> BRUCE: It was a huge chicken."
525;1642066;1652800;">> KHLOE: You smell like
(bleep)."
526;1652800;1656900;"(phone ringing)
>> KRIS: Hello?"
527;1656900;1659333;">> KYLIE: Hey, Mom.
>> KRIS: Hey, Kylie."
528;1659333;1661200;">> KYLIE: Do you have a second
to talk?"
529;1661200;1665100;">> KRIS: Yeah, but aren't I
gonna see you in five minutes?"
530;1665100;1670867;">> KYLIE: Um, well...
I was talking to Khloe and Kim"
531;1670867;1674567;"the other day or whatever, and,
um, they were just telling me"
532;1674567;1680433;"all this stuff that's making me
second-guess the house."
533;1680433;1683667;"And making me feel like this is
a very big deal."
534;1683667;1687567;"I don't know if I can handle it.
>> KRIS: Kylie, first of all,"
535;1687567;1690934;"you can handle anything that you
set your mind to."
536;1690934;1694934;"Let's start there.
Second of all, every single one"
537;1694934;1699300;"of your sisters has gone through
this process, and it's been a"
538;1699300;1702633;"great learning experience.
>> KYLIE: So I was really"
539;1702633;1705367;"excited, but they're talking
about money."
540;1705367;1708633;"All the work and all the stuff.
>> KRIS: Your sisters are"
541;1708633;1712233;"probably worried because you're
so young and they didn't do it"
542;1712233;1714900;"quite as young as you.
You've gotten a major head"
543;1714900;1718700;"start, especially financially.
And they didn't have that same"
544;1718700;1720700;"opportunity, so they were a
little bit older."
545;1720700;1722700;"Maybe they're worried about
that."
546;1722700;1724734;">> KYLIE: Yeah.
>> KRIS: I think that what"
547;1724734;1728800;"you're doing is really
responsible, really a good idea."
548;1728800;1732333;"Besides the fact that we're
gonna have a ton of fun while"
549;1732333;1734934;"we're doing it.
Maybe you'll really love to do"
550;1734934;1737767;"this and you'll start, you know,
buying and selling homes."
551;1737767;1740367;"Who knows what it could lead to,
you know?"
552;1740367;1743433;">> KYLIE: Yeah.
>> KRIS: I think one of the"
553;1743433;1747800;"reasons that I want Kylie to buy
this house so badly is because I"
554;1747800;1751033;"feel like it's a really good
investment, and it's something"
555;1751033;1755133;"that she'll be so thankful for
years from now."
556;1755133;1758266;"Just know that I'm here to
protect you, sweetie, I'm not"
557;1758266;1761633;"here to let you fail or make a
bad decision, you know what I"
558;1761633;1763633;"mean?
>> KYLIE: Yeah."
559;1763633;1765633;">> KRIS: Okay.
I'll see you in a few minutes,"
560;1765633;1768033;"okay?
We're gonna have so much fun."
561;1768033;1777934;">> KYLIE: All right, I love you.
>> KRIS: I love you, too."
562;1777934;1780934;">> KHLOE: You know, Scott is
meeting us there."
563;1780934;1783266;">> BRUCE: Now, what's the deal
with Scott?"
564;1783266;1785400;">> KHLOE: I don't know.
Why don't you talk to him?"
565;1785400;1787400;">> BRUCE: What do you think I
should say to him?"
566;1787400;1789400;">> KHLOE: I would... It's not
what you say, it's how you say"
567;1789400;1791400;"it.
I think I would just say it"
568;1791400;1795233;"like, "Hey, I notice you've been
not around as much at the house."
569;1795233;1800333;"Like, is something going on?"
Say exactly what you said to me."
570;1800333;1802934;">> BRUCE: Let's get something to
eat and go ride!"
571;1802934;1805633;">> KHLOE: Okay.
>> BRUCE: Here we are, the"
572;1805633;1809166;"Madonna Inn.
Let's go find the Lord."
573;1809166;1813000;">> KHLOE: Scottie.
>> SCOTT: Hello."
574;1813000;1815066;">> KHLOE: What a miraculous
restaurant."
575;1815066;1817066;">> BRUCE: Have you ever been in
a car for almost two and a half"
576;1817066;1819133;"hours with her?
>> SCOTT: I've been in a house"
577;1819133;1821133;"with her for two and a half
years at a time."
578;1821133;1823133;">> KHLOE: Why did you want to
stay in Santa Barbara last"
579;1823133;1825133;"night?
It's just a three-hour drive"
580;1825133;1827133;"here.
>> SCOTT: I don't know, I just"
581;1827133;1829133;"felt like once everybody went to
sleep in the house, I would just"
582;1829133;1831333;"get on the road, 'cause I like
driving at night better."
583;1831333;1833367;">> KHLOE: But why would you want
to sleep alone and not with"
584;1833367;1835367;"your...
>> SCOTT: I don't sleep with"
585;1835367;1837533;"Kourtney anyway.
>> KHLOE: But why don't you?"
586;1837533;1839533;">> SCOTT: She sleeps with the
baby, in the baby's room."
587;1839533;1841533;">> KHLOE: So does Kourtney know
you slipped out last night?"
588;1841533;1843533;">> SCOTT: Yeah.
>> BRUCE: Instead of doing that,"
589;1843533;1845533;"wouldn't you rather be, like,
home?"
590;1845533;1848233;">> SCOTT: I think for a really
long time I've struggled with"
591;1848233;1851767;"going back and forth from
drinking and not drinking and"
592;1851767;1854800;"going out and partying and not
partying."
593;1854800;1858500;"And I came up here hoping to
kind of relax a little bit, take"
594;1858500;1861500;"some time off.
So the last thing I want is to"
595;1861500;1866400;"hear some big lectures.
>> BRUCE: Let's do it!"
596;1866400;1868400;"(Khloe yells)
>> KHLOE: Bruce, Scott and I are"
597;1868400;1871166;"renting dune buggies, and I
think it's gonna be a lot of"
598;1871166;1873233;"fun.
>> BRUCE: The other day when we"
599;1873233;1876867;"were over at the house, we kept
looking for you."
600;1876867;1879000;"And you were, like, gone.
>> SCOTT: I've always wanted to"
601;1879000;1894567;"change, it's just not as simple
as people think."
602;1894567;1898066;">> BRUCE: All right, we're
getting into the play park here."
603;1898066;1900600;">> SCOTT: Oh, wow, cool.
>> KHLOE: I'm excited."
604;1900600;1902600;">> BRUCE: I'll take it off and
bring it over."
605;1902600;1905066;">> KHLOE: Hi.
>> GUIDE: What we're gonna do is"
606;1905066;1907767;"take this back path and head
south down the beach."
607;1907767;1910934;">> KHLOE: I am actually so
excited to be dune buggying."
608;1910934;1914300;"Scott and I are renting our dune
buggies and, of course,"
609;1914300;1918233;"Mr. Bruce Jenner has to bring
his own custom dune buggy and"
610;1918233;1920967;"show off.
Think this is gonna be a lot of"
611;1920967;1924000;"fun.
(engine starts)"
612;1924000;1926567;">> GUIDE: Oh, there we go.
>> SCOTT: Look at Bruiser, he's"
613;1926567;1928967;"ready to go.
(engines revving)"
614;1928967;1931700;">> GUIDE: Whenever you guys are
ready, just fire it up."
615;1931700;1933767;">> KHLOE: Bruce has a roof on
his."
616;1933767;1937667;"Scott, we need a roof on ours.
>> GUIDE: Oh, there we go."
617;1937667;1945734;">> BRUCE: Let's do it!
(Khloe yells)"
618;1945734;1949233;"Buggies out in the desert are,
like, so much fun to drive."
619;1949233;1951533;"You got to be careful, because
you don't know what's on the"
620;1951533;1954667;"other side of the hill, but it's
amazing how quick they go."
621;1954667;1956567;"Anybody can drive them."
622;1960166;1963166;">> SCOTT: It's got, like, 20
horsepower."
623;1963166;1964667;">> BRUCE: Take mine for a quick
ride."
624;1964667;1966500;">> SCOTT: I'll go with you.
I don't mind."
625;1966500;1970300;"I don't need to drive.
I'll just hang with you."
626;1970300;1972567;">> BRUCE: Are you having fun,
babe?"
627;1972567;1974567;">> KHLOE: Mine doesn't go as
fast as yours, but I tried."
628;1974567;1976567;">> BRUCE: I know, because you
went all the way through, that's"
629;1976567;1989433;"all you need.
Good job."
630;1989433;1993200;">> SCOTT: I got to say, this is
actually quite fun, and I kind"
631;1993200;1995700;"of needed this.
Definitely not gonna feel guilty"
632;1995700;1998133;"about this tomorrow, and it's
like a breath of fresh air."
633;1998133;1999800;">> KHLOE: That was so fun.
>> SCOTT: Yeah, it was..."
634;1999800;2001533;">> BRUCE: Wasn't that fun?
>> KHLOE: I did pretty good for"
635;2001533;2003166;"my first time.
>> SCOTT: You were ballsy."
636;2003166;2004667;">> BRUCE: No, yeah, Khloe, you
were going for it."
637;2004667;2006166;"I can't believe you did that big
banker one."
638;2006166;2007800;">> KHLOE: Yeah.
>> SCOTT: You just hit the"
639;2007800;2009300;"throttle on that one.
>> BRUCE: Yeah."
640;2009300;2011300;">> KHLOE: That's as fast as it
goes."
641;2011300;2013300;">> SCOTT: Right.
>> BRUCE: Yeah, those things..."
642;2013300;2016166;"(engine revving)
>> SCOTT: Hey, how are you guys?"
643;2016166;2018166;">> KHLOE: Whoa, "Come and take
it.""
644;2018166;2020767;"Stop.
That's what their flag says."
645;2020767;2023567;""Come and take it."
Who is that person?"
646;2023567;2025600;">> SCOTT: They're just rednecks.
>> BRUCE: Yeah."
647;2025600;2027600;"(line ringing)
>> SCOTT: I'm gonna hit up that"
648;2027600;2030600;"chick I'm seeing.
Hey, buggle."
649;2030600;2033266;"What are you doing?
>> KOURTNEY: Just feeding Reign."
650;2033266;2035734;"Mase is sitting with me,
 and Penelope's"
651;2035734;2037734;"helping Grace make soup.
>> SCOTT: Let me say hi to"
652;2037734;2039734;"Marty.
>> KOURTNEY: Do you want to come"
653;2039734;2042734;"here and say hello?
No."
654;2042734;2044800;">> SCOTT: Ooh, hoo, hoo.
Tell him I'm not happy about"
655;2044800;2046800;"that.
>> KOURTNEY: Okay."
656;2046800;2051967;">> SCOTT: Okay, I love you, bye.
>> KHLOE: Freakin' put this on"
657;2051967;2056100;"Instagram.
Hey, everyone."
658;2056100;2059066;"Scott, what's my caption?
Threesome."
659;2059066;2061633;">> SCOTT: No.
Triplets."
660;2061633;2064433;">> KHLOE: Two in the front, one
in the back."
661;2064433;2066934;">> SCOTT: Did you put it?
>> KHLOE: My caption for this"
662;2066934;2068934;"picture...
>> BRUCE: Is?"
663;2068934;2071767;">> KHLOE: What I'm titling it is
"two in the pink, one in the"
664;2071767;2075033;"stink."
(laughter)"
665;2075033;2079133;"I'm gonna go...
(laughter)"
666;2079133;2081867;">> BRUCE: Uh, all right, let's
go get something to eat."
667;2081867;2085500;"I'm hungry.
>> KHLOE: Oh, my God, I haven't"
668;2085500;2090834;"had chips and guac in so long.
>> BRUCE: God, you shoved that"
669;2090834;2093600;"thing in there.
>> KHLOE: I had years of"
670;2093600;2095600;"practice.
>> BRUCE: Oh!"
671;2095600;2098166;"One of the few things you don't
want to hear come out of the"
672;2098166;2100467;"mouth of your daughter.
>> KHLOE: I meant eating tacos."
673;2100467;2103266;">> BRUCE: Mm-hmm.
>> SCOTT: Oh, this is awkward."
674;2103266;2106000;">> KHLOE: Did Kourt tell you
about Mase trying to do a dance"
675;2106000;2108100;"party for Rob but, like, was so
shy?"
676;2108100;2110934;"And then P was, like, slowly
rocking it out."
677;2110934;2113734;"So then he got jealous.
So then-then he started doing"
678;2113734;2115800;"it.
>> BRUCE: Auntie Khloe is great,"
679;2115800;2117800;"but...
>> KHLOE: I love her."
680;2117800;2123166;">> BRUCE: ...it's important that
their dad's around."
681;2123166;2125667;"The other day when we were over
at the house, we kept looking"
682;2125667;2127967;"for you, and you were, like,
gone."
683;2127967;2130300;"I go, "Where the hell did Scott
go?""
684;2130300;2132300;"And Kourtney didn't even know,
but I guess you had left."
685;2132300;2134333;">> SCOTT: Mm.
>> BRUCE: Do you do that a lot--"
686;2134333;2138200;"just vacate the premises?
>> SCOTT: Try to, yeah."
687;2138200;2140800;">> BRUCE: You have this great
urge to get out of the house?"
688;2140800;2146000;">> SCOTT: I don't know.
You know, I definitely go in and"
689;2146000;2152333;"out of happy and dark places in
my life, and I wish that I could"
690;2152333;2155600;"be a little bit more consistent,
and I wish it was a little bit"
691;2155600;2160000;"easier for me to be under
control, but it's not, and, you"
692;2160000;2162333;"know, it's something I've always
wanted to change."
693;2162333;2170700;"It's just not as simple as
people think."
694;2170700;2173600;">> BRUCE: You have this great
urge to get out of the house?"
695;2173600;2177300;">> SCOTT: Yeah, I always have an
urge to get out of the house."
696;2177300;2179300;">> BRUCE: I just want you to
know, because, you know, I've"
697;2179300;2181300;"had...
>> SCOTT: You've been through it"
698;2181300;2183300;"all.
>> BRUCE: When you're older, or"
699;2183300;2186533;"you're my age, the most proud
thing I am about my life is the"
700;2186533;2188400;"great kids I've raised.
>> SCOTT: Yeah, no, I know that"
701;2188400;2190233;"you've been through both.
I mean, and you missed some"
702;2190233;2192133;"times.
>> BRUCE: I've been... I've been"
703;2192133;2193967;"through everything, um...
>> SCOTT: With your oth... with"
704;2193967;2195867;"the others boys, and now you
know how important, but at least"
705;2195867;2197767;"you're making it up now, which
is awesome."
706;2197767;2199633;">> BRUCE: Bottom line: that's
what life's all about."
707;2199633;2202800;"Kind of that next generation.
>> SCOTT: Yeah."
708;2202800;2206467;">> BRUCE: You know?
And that's important stuff."
709;2206467;2209600;"And the little tidbits you can
give them to help them, make"
710;2209600;2212633;"them a better person.
And you never know when those"
711;2212633;2215600;"times were... are gonna come
that you can do that, so you got"
712;2215600;2220700;"to be around all the time.
'Cause as time go on, and the"
713;2220700;2223333;"kids start growing up, it only
gets more and more difficult."
714;2223333;2225400;">> SCOTT: I get it.
I want to be there."
715;2225400;2227667;"And the kids are old enough.
They know now, you know?"
716;2227667;2231367;"You know, I definitely realize
that this is one of the times"
717;2231367;2233633;"that Kourtney needs me the most,
and I want to give her"
718;2233633;2236734;"everything that she deserves.
It's just been a very big"
719;2236734;2240867;"struggle with my own stuff.
And I wish I could throw it out,"
720;2240867;2244266;"but I can't, but I'm gonna do
everything I can in order to get"
721;2244266;2246734;"back to where I need to be.
And I really just want Kourtney"
722;2246734;2248734;"to be happy, because she
deserves that."
723;2248734;2251133;"I thought it was gonna be, like,
way crazier with three kids, so"
724;2251133;2253333;"that's why I was running out the
door, 'cause I was scared."
725;2253333;2255400;"But now I realize, it's not so
bad."
726;2255400;2257400;">> BRUCE: And it's not just what
you do."
727;2257400;2259400;"It's just being there.
>> SCOTT: Right."
728;2259400;2261400;">> BRUCE: Like, Dad's here.
>> SCOTT: Right."
729;2261400;2263400;">> BRUCE: You know?
>> SCOTT: I mean, if it's only"
730;2263400;2265400;"two and a half hours to get
home, better I get home tonight"
731;2265400;2267433;"than wake up tomorrow, hit
traffic."
732;2267433;2269367;">> KHLOE: Yeah. I'll ride home
with him. I live..."
733;2269367;2271200;">> BRUCE: You're gonna leave me
just like that?"
734;2271200;2273000;"You can't take another ride with
me?"
735;2273000;2274834;">> KHLOE: No.
>> BRUCE: Is that what you're"
736;2274834;2276867;"trying to say?
You didn't enjoy our ride"
737;2276867;2278166;"up here?
>> KHLOE: Do you want to drive"
738;2278166;2279834;"me home?
She could drive..."
739;2279834;2281500;">> BRUCE: Scott can take you.
>> SCOTT and KHLOE: Oh!"
740;2281500;2283233;">> BRUCE: Yeah. Bye.
>> KHLOE: See how easy that was?"
741;2283233;2284600;"Bruce?
>> BRUCE: What?"
742;2284600;2287233;">> KHLOE: Two in the pink, one
in the...?"
743;2287233;2288900;">> BRUCE: Sink, or whatever you
said."
744;2288900;2291000;"I don't know what you said.
(laughter)"
745;2291000;2292700;">> KHLOE: No, you're right.
One in the sink."
746;2292700;2294600;">> SCOTT: She's just so crazy."
747;2301333;2303667;"(birds chirping)
>> SCOTT: Hey, doll."
748;2303667;2305667;">> KOURTNEY: Hey.
>> SCOTT: How you doing?"
749;2305667;2307667;">> KOURTNEY: What are you doing
here?"
750;2307667;2309567;">> SCOTT: I came home last night
late."
751;2309567;2312066;">> KOURTNEY: How was it?
Did you go dune buggying?"
752;2312066;2314867;">> SCOTT: Well, we rented, like,
some little ones-- me and Khloe"
753;2314867;2316967;"and Bruce.
And, I mean, it was fun."
754;2316967;2318867;"We had a good time.
>> KOURTNEY: That's nice."
755;2318867;2320867;"I thought you were staying
longer."
756;2320867;2322867;">> SCOTT: You know how Bruce is.
He was telling me that I need to"
757;2322867;2325900;"be home more.
And I did realize that, why am I"
758;2325900;2329066;"gonna waste time spending a
night in the middle of Pismo"
759;2329066;2332533;"Beach with Bruce when I could be
home with you and the kids?"
760;2332533;2334567;"So I was like, forget it.
I'll just drive home now than"
761;2334567;2336400;"stay another day and waste
time."
762;2336400;2339200;">> KOURTNEY: That's nice.
It's really hard because Scott"
763;2339200;2343233;"goes through super high highs
and then really low lows."
764;2343233;2346667;"And, you know, I don't always
know what to do, but I know that"
765;2346667;2350066;"I don't want to leave somebody
when they're at their lowest."
766;2350066;2353867;"And it's always gonna be a
constant struggle."
767;2353867;2358900;"No relationship is perfect.
But Scott is an amazing father"
768;2358900;2362967;"to our kids, and I am going to
be here to support him during"
769;2362967;2364967;"this struggle.
>> SCOTT: So, what's the plan"
770;2364967;2367033;"for today?
Should we go pick up Mason?"
771;2367033;2369133;">> KOURTNEY: Yes, that would be
fun."
772;2369133;2372467;"He would be excited.
>> SCOTT: Well, come give me a"
773;2372467;2376000;"hug.
Hello."
774;2376000;2377900;">> KOURTNEY: Hi. Welcome home."
775;2384600;2387700;">> KHLOE: Is that fish?
>> KIM: Yeah."
776;2387700;2389800;">> KHLOE: Oh, will you please
put the lid on that if you're"
777;2389800;2392133;"not eating it?
It really smells a little"
778;2392133;2394200;"(bleep).
>> SCOTT: You (bleep)."
779;2394200;2395734;">> KHLOE: I smell (bleep).
>> SCOTT: You've been with"
780;2395734;2397767;"somebody with (bleep) that
smells like straight-up cod?"
781;2397767;2400467;">> KHLOE: You smell like cod.
So, I was in a car ride"
782;2400467;2403000;"yesterday, and I chose to go
with Bruce."
783;2403000;2405166;">> KIM: Oh, yeah, how was Pismo
Beach?"
784;2405166;2407033;">> KHLOE: I had fun.
>> SCOTT: Uh-huh."
785;2407033;2409233;">> KHLOE: It was two hours and
20 minutes, the drive."
786;2409233;2411767;">> SCOTT: It wasn't two hours,
20 minutes; it was three hours."
787;2411767;2415700;">> KHLOE: So, Bruce decides to
eat a foot-long tuna sandwich"
788;2415700;2418166;"the entire car ride with the
windows..."
789;2418166;2419667;">> SCOTT: That is the worst
thing ever."
790;2419667;2420934;">> KHLOE: ...with the windows
rolled up."
791;2420934;2422533;">> KIM: Ew, that's so rude.
>> SCOTT: It's so rude."
792;2422533;2424500;">> KHLOE: I was like, hmm, who
should I ride home with on the"
793;2424500;2426200;"way home?
Scott, right?"
794;2426200;2428200;"It will be way easier of a car
ride."
795;2428200;2430400;"So I have no idea what was up
Scott's ass..."
796;2430400;2432266;">> SCOTT: Don't make it sound
like a..."
797;2432266;2436200;">> KHLOE: Literally, three hours
of being fully interrogated."
798;2436200;2438200;""So what's going on?
What's happening with Khadijah"
799;2438200;2440033;"and Bob?
Wait, so Bob's starting a hedge"
800;2440033;2441867;"fund?
So does he change the kids'"
801;2441867;2443700;"diapers?
Does he take them to school and,"
802;2443700;2445367;"like, does he actually play with
them or, like, does he just put"
803;2445367;2447367;"them in front of the TV?"
"I don't know, Scott!"
804;2447367;2449367;"Ask Bobby!"
Then he's like, "So what's"
805;2449367;2451367;"going on with French?
Like, how does he get at his"
806;2451367;2453200;"house every month?
Do you hear he was looking at a"
807;2453200;2455200;"house in Calabasas?
It's really weird, huh?""
808;2455200;2457033;"And he's like, "So what does he
do?"
809;2457033;2459100;"Like, how many more albums does
he have? Does, like...?""
810;2459100;2460834;">> SCOTT: You're the worst
person to talk..."
811;2460834;2463033;"She was trying to use her phone.
That's basically what it is."
812;2463033;2464433;">> KHLOE: No, but...
>> SCOTT: I was trying to have a"
813;2464433;2466100;"conversation with my sister.
>> KHLOE: But how funny was it?"
814;2466100;2467567;">> SCOTT: Is that weird?
>> KHLOE: How funny... Weren't"
815;2467567;2468934;"we hysterically laughing?
>> SCOTT: Yeah. Then she would"
816;2468934;2471400;"be, like... she would get mad
that I asked too many questions."
817;2471400;2473400;"She'd be like, "Please, please,
please, please give me five"
818;2473400;2475300;"minutes, give me five minutes.
Can I have five? Can I have"
819;2475300;2476800;"five? Can I have five?"
I was like, "I'll give you"
820;2476800;2478467;"four."
She'd sit for one minute without"
821;2478467;2481000;"questions, she'd be like,
"I'm ready again.""
822;2481000;2483000;"(laughter)
If you go to dinner or lunch"
823;2483000;2485000;"with her, she's like, "Oh,
(bleep), got to go. Bye."
824;2485000;2487000;"I'm going to Pilates, and I'm
going to a workout class, then I"
825;2487000;2488967;"got to meet Gunnar, then I got
to go to an appearance, then I"
826;2488967;2490900;"got to go to New York, then I
got snowed in.""
827;2490900;2492800;"And I'm like, "Dude, you know,
it's a lot.""
828;2492800;2494700;">> KHLOE: I'm busy. (laughs)"
829;2504333;2507400;">> KIM: Wouldn't it be so cool
if North and Reign got baptized"
830;2507400;2510033;"in Jerusalem?
>> KHLOE: That would be"
831;2510033;2512100;"incredible.
>> KIM: I know, right?"
832;2512100;2515300;"I'm gonna find out the baptism
site of Jesus Christ."
833;2515300;2517300;"Oh.
>> KHLOE: What?"
834;2517300;2519834;">> KIM: "This is the official
Web site of the baptism site of"
835;2519834;2522767;"Jesus Christ, where 2,000 years
ago, Jesus came to be baptized"
836;2522767;2524767;"by John."
I want a guy named John to"
837;2524767;2526767;"baptize North.
>> KHLOE: I'm sure we can find"
838;2526767;2528767;"you a John.
How did Kanye's video turn out?"
839;2528767;2530767;">> KIM: Did you see it?
Can I show you?"
840;2530767;2533600;"This was right in the back of
our house."
841;2533600;2536700;"♪ ♪
He said it was shot on"
842;2536700;2539533;"an iPhone.
>> KHLOE: Awesome."
843;2539533;2541934;"♪ ♪
Who shot it?"
844;2541934;2546967;">> KIM: Spike Jonze.
♪ ♪"
845;2546967;2551333;"It's so cool to have
these memories of North being so"
846;2551333;2554066;"young and being in a video with
her dad."
847;2554066;2557700;"♪ ♪
We can look back and"
848;2557700;2561433;"have these moments to last
forever."
849;2561433;2565633;"♪ ♪
>> KHLOE: I think it's so cool."
850;2565633;2567667;"Did you know what Kanye told
Kourtney?"
851;2567667;2569500;">> KIM: What?
>> KHLOE: Like, how I got him"
852;2569500;2571500;"those boots?
>> KIM: He loves them."
853;2571500;2573166;">> KHLOE: It was like, "Kourt,
do you know what an honor that"
854;2573166;2575000;"is?"
'Cause he went and bought a"
855;2575000;2576800;"second pair of the boots.
It means he really likes it."
856;2576800;2578667;">> KIM: Oh, no.
He went and met with the"
857;2578667;2580500;"designer and was like, "You
have to custom make me these in"
858;2580500;2582500;"every color," and the guy did.
>> KHLOE: It's a big deal."
859;2582500;2584734;">> KIM: And he walked into the
store, and they were like, "Ah,"
860;2584734;2587767;"the guy who wears the boots is
here!""
861;2587767;2590266;"And now they're rereleasing
the boot because of that."
862;2590266;2593066;">> KHLOE: He is one of a kind.
>> KIM: That was such a good"
863;2593066;2596700;"gift.
(woman shouts)"
864;2596700;2598533;">> MAN: Beautiful!
 Keeping Up"
865;2598533;2601066;"with the Kardashians...
What are you doing, you guys?"
866;2601066;2603233;"(Khloe laughs)
>> KOURTNEY: We could be, like,"
867;2603233;2605467;"the ultimate design team.
>> SCOTT: This is supposed to be"
868;2605467;2607767;"a business project.
I mean, by the time she gets"
869;2607767;2610133;"done, I'll be losing money.
You being the decorator just"
870;2610133;2612400;"doesn't work.
>> KHLOE: Look at Kylie's lips."
871;2612400;2613934;">> KENDALL: She got a little
crazy."
872;2613934;2615767;">> MAN: People were talking a
lot about your lips."
873;2615767;2617767;"Tell me about them.
 Captioning sponsored by"
874;2617767;2620767;"BUNIM-MURRAY PRODUCTIONS
 Captioned by"
875;2620767;2623667;"Media Access Group at WGBH
 access.wgbh.org"