﻿Number;Start time in milliseconds;End time in milliseconds;"Text"
1;6567;10667;"good.
>> KHLOE: Rob's missing out."
2;10667;13333;"he?
>> KRIS: When was the last time"
3;13333;14900;"he missed a Thursday night
dinner?"
4;14900;17500;">> KIM: He always comes
 no"
5;17500;23066;"laundry. So weird.
>> ADRIENNE BIALON: So you need"
6;23066;26033;"to learn these three things.
If it's dark clothes, cold."
7;26033;30700;"If it's colors, go cold-warm.
Whites get washed in only hot"
8;30700;32233;"water.
They're the only thing that gets"
9;32233;34233;"washed in hot water.
>> ROB: Okay."
10;34233;36233;">> ADRIENNE: Okay, go.
What did I just tell you?"
11;36233;40467;">> ROB: Uh, cold... I don't
know. I don't do this (bleep)."
12;40467;43133;">> ADRIENNE: Okay, listen,
listen, listen."
13;43133;45934;">> ROB: So I'm dating
Adrienne Bailon and she is, uh,"
14;45934;49200;"a Cheetah Girl.
It started off as the first"
15;49200;53266;"musical on the Disney channel
They sing, dance. Movies."
16;53266;54934;"Clothes, video games, you name
it."
17;54934;59367;"When I first met Adrienne, I 
 in love with her..."
18;59367;61266;">> ADRIENNE: Just make them all
go in."
19;61266;65066;">> ROB: Let's go. Let's go.
I'm trying to find someone who's"
20;65066;67734;"your best friend and who makes
you happy and who you can talk"
21;67734;70133;"to all the time, and that's
Adrienne."
22;70133;72200;"my first time I've been
in love."
23;72200;75567;"I'm starting to act as I
was before my dad passed away."
24;75567;77900;"I definitely feel that my dad
brought us together."
25;77900;79433;"I tell Adrienne that all the
time."
26;79433;80767;">> ADRIENNE: We're getting ice
cream everywhere."
27;80767;82433;">> ROB: Yeah, you're getting
it on your face."
28;82433;83700;">> ADRIENNE: Where is it?
Fix it."
29;83700;89567;">> ROB: No, you.
>> ADRIENNE: Fix it."
30;89567;95900;"Captioning sponsored by
 BUNIM-MURRAY PRODUCTIONS"
31;95900;98767;">> KOURTNEY: Rob, I feel like we
have to set up an appointment to"
32;98767;100667;"see you these days.
>> KHLOE: Yeah, where have you"
33;100667;102567;"been?
Were you, um, studying for"
34;102567;104467;"finals?
I haven't seen you in like two"
35;104467;106567;"weeks.
>> ROB: I've been in school and"
36;106567;108734;"with my... I got a girlfriend
now."
37;108734;110200;">> KOURTNEY: Wait, you're
like..."
38;110200;111800;">> ROB: Official.
>> KOURTNEY: ...exclusive and"
39;111800;113934;"official?
>> KHLOE: When did that happen?"
40;113934;116600;">> ROB: I'm very hesitant to
bring Adrienne around my three"
41;116600;120000;"sisters.
My sisters, they tend to get too"
42;120000;122934;"involved in my relationships.
You guys aren't coming."
43;122934;127400;">> KHLOE: Robert! We are the
people that approve or deny."
44;127400;131967;"(laughing)
>> ROB: Why are you guys here?"
45;131967;134100;"so
weird."
46;134100;135166;">> KOURTNEY: Wait, you're
like..."
47;135166;136367;">> ROB: Official.
>> KOURTNEY: ...exclusive and"
48;136367;137767;"official.
>> KHLOE: When did that happen?"
49;137767;139433;">> KOURTNEY: Do you call each
other your girlfriend,"
50;139433;140233;"boyfriend?
>> ROB: Yeah."
51;140233;142367;">> KIM: Are you guys in love?
>> KOURTNEY: Wait, you're in"
52;142367;144166;"love?
>> ROB: Guys, I got a tattoo to"
53;144166;146100;"prove it.
>> KHLOE: You did not get a"
54;146100;149233;"tattoo.
>> ROB: I'll show you."
55;149233;150900;">> KHLOE: Robert!
>> KIM: Rob! It's enormous."
56;150900;155700;">> ROB: No one's gonna see this.
>> KHLOE: You never take your"
57;155700;157767;"shirt off? All you do is take
your shirt off."
58;157767;160233;"You walk around in Calvin Kleins
and no shirts all the time."
59;160233;163166;">> KOURTNEY: We're, like, all in
shock, like, is this a joke or"
60;163166;165600;"something?
Her full name is tattooed on"
61;165600;170166;""What
 doing?""
62;170166;171900;">> ROB: You're just jealous
'cause I'm in love."
63;171900;174200;">> KIM: Whatever.
>> KOURTNEY: Does she have one,"
64;174200;175600;"too?
>> ROB: Yeah."
65;175600;178133;">> KOURTNEY: So, since we
don't know Adrienne, we decide"
66;178133;182700;"to get to know her, whether Rob
likes it or not."
67;182700;186867;">> ROB: I'm gonna go use the
restroom."
68;186867;190033;">> KOURTNEY: Pass me that.
>> KHLOE: What are you doing?"
69;190033;191734;">> KOURTNEY: Let's get
Adrienne's number."
70;191734;193133;">> KIM: You don't even know
her."
71;193133;195934;"You're gonna ruin it with him.
Why are you gonna call her?"
72;195934;198133;">> KOURTNEY: I just want to get
to know her."
73;198133;200834;"If he's not introducing us, we
need to get to know her"
74;200834;202233;"ourselves.
He's not introducing us."
75;202233;205834;"Because I don't know Adrienne,
I'm just scared that she will"
76;205834;209734;"hurt him and, like, that would
just be devastating to all of"
77;209734;212300;"us.
>> KIM: Kourtney, you're"
78;212300;214233;"crazy.
>> All right, we're ready."
79;214233;216133;">> KRIS: No, no, no, you're
right here."
80;216133;218233;">> KHLOE: The wind, you guys--
is this necessary?"
81;218233;220533;">> KRIS: Go change. Awful.
>> KOURTNEY: No, that is not"
82;220533;223200;"cute.
>> ROB: I need someone to"
83;223200;225300;"make me laugh.
>> KRIS: Where's Kim?"
84;225300;227734;"Kim is always late.
>> KIM: I'm here."
85;227734;230700;">> KOURTNEY: Get out of our way.
>> KIM: Stop, jealous."
86;230700;232233;">> BRUCE: Stop!
>> KRIS: That's enough."
87;232233;235100;">> All right, you guys.
>> That's it, we're done."
88;235100;237100;">> Money."
89;243867;247000;">> KRIS: Kim.
Why are you eating cake?"
90;247000;249200;"Kim.
My entire family has been"
91;249200;251066;"eating horribly lately."
92;252533;255166;"I need to do something to get
them on a healthy track."
93;255166;256867;"You've got to stop with the
sugar."
94;256867;259100;">> KIM: Really? I had no idea.
>> KRIS: Stop with the..."
95;259100;261200;">> KIM: Mom, relax-- I just had
one small bite."
96;261200;263533;">> KRIS: It's always one small
bite, Kim, and it just turns"
97;263533;265400;"into about 62 small bites."
98;268867;271867;">> KOURTNEY: So let's call
Adrienne right now."
99;271867;275867;"(phone ringing)
>> ADRIENNE: Hello."
100;275867;278166;">> KOURTNEY: Adrienne?
>> ADRIENNE: This is she."
101;278166;280300;"Who's calling?
>> KOURTNEY: Hi, it's Kourtney"
102;280300;284400;"and Khloe, Rob's sisters.
We were just calling, um..."
103;284400;287934;"'cause we just had lunch with
Rob and he told us how you guys"
104;287934;292000;"are official and we thought that
maybe on your way out tonight we"
105;292000;294734;"could meet for coffee next to
our store."
106;294734;296900;">> ADRIENNE: Um, sure.
It's okay."
107;296900;298400;">> KOURTNEY: Okay, perfect,
we'll see you later."
108;298400;300233;">> KHLOE: Bye!
>> KOURTNEY: Bye, sugah."
109;300233;302867;"My family's constantly getting
involved in each other's love"
110;302867;305200;"lives.
My sisters just got involved"
111;305200;308433;"with me and Scott and we're back
together now and things are"
112;308433;311133;"really good.
 gonna get involved"
113;311133;312734;"love life."
114;316533;319200;"(doorbell ringing)
>> KIM: How are you?"
115;319200;320667;">> KATHY KAYLOR: I'm good.
How are you?"
116;320667;322133;">> KIM: Good.
>> KRIS: I'm bringing in my"
117;322133;323934;"trainer and my nutritionist,
Kathy Kaylor, who's gonna teach"
118;323934;327333;"us how to eat a little bit
better."
119;327333;328734;">> KATHY: What are you eating
over there?"
120;328734;330934;">> KRIS: I-I don't even know.
>> KATHY: What is, what is this"
121;330934;333133;"that you were just eating?
No, no. Let me see that."
122;333133;335100;"Do you have this stuff?
>> KRIS: She's like, look what"
123;335100;337266;"she just ate for breakfast.
>> KIM: Mom..."
124;337266;340333;">> KRIS: Excuse me. Who just
took the whole piece out of the"
125;340333;341633;"cake?
>> KIM: Who just made it?"
126;341633;343867;">> KATHY: We're gonna clean out
all this stuff that you should"
127;343867;346233;"not be feeding, one, yourself,
but let alone your kids!"
128;346233;348367;">> KRIS: You're gonna throw all
this stuff in my refrigerator"
129;348367;350567;"away?
>> KATHY: Yes! Yes."
130;350567;353133;">> KIM: Wait, I like that stuff.
>> KATHY: No, no, no. This is..."
131;353133;356100;">> KIM: I love those.
>> KATHY: Kim, we are starting."
132;356100;357567;">> KIM: Wait, I love to
make biscuits."
133;357567;359233;">> KRIS: These are done.
>> KATHY: Look at this."
134;359233;362367;"This is... Okay, honestly.
(Kris laughing)"
135;362367;364700;"I don't want you to have this.
>> KIM: These are just for"
136;364700;367500;"looks, they're like real glitter
eggs that you can eat."
137;367500;369367;">> KATHY: If you're talking
about cute little glitter eggs,"
138;369367;371433;"where are your real eggs?
Do you guys eat eggs?"
139;371433;375166;">> KIM: We just used them to
bake that cake."
140;375166;377467;">> KATHY: What about having your
own coop?"
141;377467;381033;"You've got so much space here.
You could have fresh eggs every"
142;381033;382533;"day.
>> KRIS: You mean like real"
143;382533;383333;"chickens?
>> KATHY: Yes."
144;383333;384800;">> KRIS: I love that idea.
>> KIM: Really?"
145;384800;386800;">> KRIS: That's really a good
idea."
146;386800;390133;"When Kathy realizes that we're
not using, you know, organic"
147;390133;393066;"eggs...
She said to me that the best"
148;393066;397533;"thing to do for our family would
be to get some chickens and have"
149;397533;400900;"a chicken coop in the backyard,
so that every day we could have"
150;400900;403834;"fresh eggs for our whole family.
>> KATHY: This is not dairy,"
151;403834;405467;"just FYI.
>> KRIS: Whipped cream?"
152;405467;406900;">> KATHY: Yeah.
(nozzle squirting)"
153;406900;409800;">> KATHY: Oh, stop.
Okay, but this gets"
154;409800;412734;"hard and... Stop it.
>> KIM: Mom! Stop! Mom! Stop!"
155;412734;414600;">>> KATHY: No, no, no, no, no...
>> KRIS: No! No..."
156;414600;416867;"(laughing)"
157;420567;422100;">> KRIS: We have to start eating
healthy."
158;422100;423600;"We're gonna have a new eating
plan."
159;423600;425266;"Oh, my God, guess what we're
gonna do."
160;425266;428100;"We're gonna build a chicken
coop."
161;428100;430033;">> BRUCE: What are you girls
talking about?"
162;430033;432700;">> KRIS: Kathy Kaylor was here
and took one look at what we had"
163;432700;435400;"going on in this kitchen and she
was, like, mortified."
164;435400;437800;"And we need to build a chicken
coop."
165;437800;440734;">> KOURTNEY: My mom wants to get
a chicken coop 'cause one of her"
166;440734;444734;"Beverly Hills friends has a
chicken coop in the backyard of"
167;444734;447667;"her $20 million house.
>> BRUCE: Chickens are the"
168;447667;450533;"dirtiest animals alive.
They're disgusting."
169;450533;454533;"I hate chickens.
I won the Olympic games..."
170;454533;457300;"eating old eggs.
>> KRIS: I've got news for you"
171;457300;463734;"guys.
I'm gonna get some chickens."
172;463734;466800;">> KOURTNEY: I just really
wanna make sure that Adrienne is"
173;466800;469567;"like a good girl and that she's
not gonna break Rob's heart."
174;469567;471834;">> KHLOE: Now that he went and
got this whole tattoo, I'm"
175;471834;473066;"like... Ahh!"
176;476633;481200;"♪ Tie the bows... ♪
>> KOURTNEY: Hi."
177;481200;484367;">> ADRIENNE: How are you?
>> KOURTNEY: We meet Adrienne,"
178;484367;488166;"and we're a little bit scared,
like who's this girl?"
179;488166;490800;"Did she force my brother to get
a tattoo?"
180;490800;493633;">> KHLOE: We're really not here
to like bombard you or scare"
181;493633;495900;"you.
We just want to get to know you."
182;495900;498133;"And you cannot tell Rob, because
he would kill us."
183;498133;499834;">> ADRIENNE: I feel bad-- I
can't tell..."
184;499834;501367;">> KHLOE: I know, but just...
we'll tell him later."
185;501367;502967;"Just don't tell him tonight.
>> ADRIENNE: Okay."
186;502967;505000;">> KHLOE: Adrienne might be
great."
187;505000;507934;"They might really be in love.
We just want to feel her out and"
188;507934;512567;"we'll see what kind of girl she
is."
189;512567;514100;">> ADRIENNE: You know what's
weird for me?"
190;514100;516033;"Is Rob is actually the first guy
that I've ever introduced as my"
191;516033;518400;"boyfriend to anyone.
I didn't see Rob like that at"
192;518400;520066;"first.
>> KOURTNEY: Yeah, that's how it"
193;520066;522734;"was with Scott and I, too.
He was four years younger than"
194;522734;526567;"me also, and I was just like,
oh, this little boy-- whatever."
195;526567;528533;">> ADRIENNE: It's so weird for
me to say, "This is my"
196;528533;530567;"boyfriend... this is Robert,
he's my boyfriend.""
197;530567;532000;">> KOURTNEY: Yeah.
>> ADRIENNE: Like it's a big"
198;532000;534300;"thing for me.
>> KOURTNEY: Are you in love?"
199;534300;537567;">> ADRIENNE: Yes.
Rob is like, to me, really,"
200;537567;539600;"really handsome.
I think you guys know your"
201;539600;541600;"brother's a great guy.
>> KOURTNEY: He's amazing."
202;541600;543767;">> ADRIENNE: I feel super, super
blessed to have met him."
203;543767;545367;">> KOURTNEY: We just want to
make sure he doesn't get his"
204;545367;546967;"heart broken.
>> ADRIENNE: I love that boy to"
205;546967;551800;"death.
And it sounds soon... but"
206;551800;554333;"something inside tells me that I
really do believe that Rob is"
207;554333;556300;"the one.
He's great."
208;556300;558934;">> KOURTNEY: You cannot tell Rob
that we met with you."
209;558934;561900;">> ADRIENNE: I'm not saying a
word."
210;561900;563834;">> KHLOE: After sitting and
talking with Adrienne, she's"
211;563834;566467;"actually the sweetest girl.
It's a really genuine good"
212;566467;569433;"relationship.
>> ADRIENNE: Bye, babe."
213;569433;578867;">> KHLOE: Bye.
>> KOURTNEY: Toodle-loo."
214;578867;581734;"(doorbell ringing)
>> KYLIE: Hey, Rob."
215;581734;585100;"Oh, my goodness.
>> ROB: This is Adrienne,"
216;585100;589667;"everybody.
>> ADRIENNE: Hi. How are you?"
217;589667;591900;">> KYLIE: Hi. Nice to meet you.
>> ADRIENNE: Are you Kendall?"
218;591900;593233;">> KENDALL: Yeah.
>> ROB: Adrienne and I are"
219;593233;594867;"together.
I'm in love."
220;594867;597300;"So now I'm going to introduce
Adrienne to my family and we'll"
221;597300;599133;"see how that goes.
Isn't she more beautiful in"
222;599133;600467;"person?
>> KRIS: Hi, handsome."
223;600467;602233;">> KENDALL: Yes.
>> KRIS: What do you think,"
224;602233;604667;"girls? Are you surprised?
>> ROB: She's even better naked."
225;604667;607367;">> KYLIE: Robert!
>> KENDALL: Robbie!"
226;607367;609867;">> KRIS: Why would you say that?
>> ROB: I'm kidding."
227;609867;611233;"Do you know she's a Cheetah
Girl?"
228;611233;613000;">> KENDALL: I just saw the
 movie."
229;613000;614500;">> ADRIENNE: That's
embarrassing."
230;614500;616600;">> KRIS: I think Robert, for the
first time in his life, has"
231;616600;619133;"fallen in love.
You know, he's so comfortable"
232;619133;621166;"with her.
It's really, really sweet."
233;621166;622967;">> KYLIE: Let's pick her up.
Come on, let's go."
234;622967;624633;">> ADRIENNE: Can you guys...?
Oh, my God!"
235;624633;627066;">> ROB: Whoa there.
>> ADRIENNE: Whoa, the picture."
236;627066;630033;"You're losing your girlfriend to
your little sisters."
237;630033;640300;"(yelling)
>> KRIS: She's not a toy."
238;640300;642567;">> ADRIENNE: Kylie reminds me of
me."
239;642567;644467;"She's going to be an actress,
watch."
240;644467;645734;"She should come with us for the
third movie."
241;645734;648000;">> ROB: She's too old.
She's got to get... oh, yeah."
242;648000;649300;">> ADRIENNE: The third Cheetah
Girls movie."
243;649300;650700;"I'm stealing your sister...
>> ROB: The third one?"
244;650700;652867;">> ADRIENNE: ...and taking her
with me to India."
245;652867;656867;">> ROB: What, you're going to
India to shoot the third movie?"
246;656867;660533;"I've only been dating Adrienne
for three months, and all of a"
247;660533;664633;"sudden she is saying how she's
going to India and I'm just"
248;664633;666567;"shocked.
>> ADRIENNE: It takes three"
249;666567;668333;"months.
It takes three months."
250;668333;670600;">> ROB: Three months is a
long... that's a long time."
251;670600;672033;">> ADRIENNE: I know.
>> ROB: I'm with you like every"
252;672033;673400;"single day.
I can't believe that this is"
253;673400;676066;"happening.
I spend every minute with her."
254;676066;679133;"And then to go from a
minute to like three months is"
255;679133;681266;"just crazy.
>> ADRIENNE: If I wasn't with"
256;681266;683533;"you every day, would it be
different?"
257;683533;685967;"Would it change?
>> ROB: No, I mean, like, yeah,"
258;685967;687166;"it would be...
>> ADRIENNE: You want to go"
259;687166;689000;"home, or...?
>> ROB: Well, I really want to"
260;689000;690734;"see you.
I'm always texting you like,"
261;690734;693166;""Come home, come home, come
home.""
262;693166;698800;"I need to like, be with you all
the time."
263;698800;702100;"No, stay.
Don't go."
264;702100;713900;"I don't want this time to come.
She just makes me really happy."
265;713900;716433;">> KHLOE: Rob Dawg's depressed.
>> KOURTNEY: Why?"
266;716433;718400;">> KHLOE: 'Cause Cheetah Nuts is
leaving."
267;718400;719900;">> KOURTNEY: Where, did she go
back to New York?"
268;719900;722834;">> ROB: Cheetah Girl.
No, she's going to, uh, India."
269;722834;725166;">> KHLOE: Do you think she's
going to cheat on you?"
270;725166;727133;">> ROB: She never would.
I'm just very insecure."
271;727133;728700;">> KOURTNEY: I don't really
think you have anything to worry"
272;728700;730700;"about.
I think that she's..."
273;730700;732800;">> KHLOE: She's really honest.
>> KOURTNEY: ...you know, seems"
274;732800;734734;"like she's really an honest
girl, and that she would..."
275;734734;737266;">> ROB: What the (bleep) would
you guys know?"
276;737266;739600;"Seriously, you guys don't know
(bleep)."
277;739600;741133;">> KOURTNEY: When we were at
lunch and you went to the"
278;741133;742800;"bathroom...
>> ROB: Yeah?"
279;742800;745066;">> KOURTNEY: I got her... it
fell out of your phone, and we"
280;745066;747166;"asked her to come have coffee
with us so we could get to know"
281;747166;748967;"her better.
>> ROB: Did you guys (bleep) it"
282;748967;750633;"up or no?
Did she like you?"
283;750633;752700;">> KHLOE: Obviously not, if
she's still calling you."
284;752700;754700;">> ROB: Well, thank you.
I don't know what's the deal"
285;754700;758700;"with my sisters doing these 007
sneaky things to me."
286;758700;761367;"But, you know, they ended up
liking her, so I guess it made"
287;761367;763700;"things easier for me.
>> KOURTNEY: And I don't think"
288;763700;765000;"you have anything to worry
about."
289;765000;766700;">> KHLOE: I wouldn't stress
about it."
290;766700;768567;">> ROB: All right."
291;778934;782266;"Feed her.
>> ADRIENNE: ♪ Feed me... ♪"
292;782266;786166;">> KHLOE: When my dad died, so
much of my brother disappeared."
293;786166;790700;"And I really appreciate Adrienne
for letting him play and be"
294;790700;794066;"goofy and just be so genuinely
happy."
295;794066;795600;"It's really sad that this is
Adrienne's last dinner."
296;795600;800333;"She's going to India for three
months."
297;800333;803200;">> ADRIENNE: How far away is...?
14 hours for me from New York."
298;803200;805066;">> ROB: We got a plan, though.
>> ADRIENNE: But we got a plan."
299;805066;807066;"We went and changed our phone
plans-- we have a global plan,"
300;807066;808567;"right, baby?
>> ROB: Yeah."
301;808567;810734;">> BRUCE: These kids live in
cyberspace."
302;810734;812333;">> ADRIENNE: And I have the
cologne."
303;812333;813734;">> KRIS: You're taking his
cologne?"
304;813734;815200;">> ADRIENNE: Yes.
>> ROB: I'm a sucker for love."
305;815200;817100;">> BRUCE: When do you...?"
306;819734;822533;">> KIM: I didn't know I was
going to a feed barn."
307;822533;825767;">> KRIS: How cute is this place.
>> KIM: My mom decides to drag"
308;825767;829433;"us all to this barn and get
chickens."
309;829433;831233;"It's so disgusting.
>> KRIS: Oh, my God, that little"
310;831233;833100;"chicken's cute."
311;836200;839367;"(cooing)
>> KRIS: Okay, I'll take all of"
312;839367;840867;"those.
>> Okay."
313;840867;842834;">> KRIS: They're so cute.
I want all black and white ones"
314;842834;845433;"with like little red things on
the front."
315;845433;849600;">> KHLOE: I'm not sitting here.
Bye, kook."
316;849600;853500;"It smells like a dinosaur's
cave."
317;853500;855967;"It's disgusting.
I'm not touching the chicken."
318;855967;858567;"It's gross.
>> KRIS: You're going to love"
319;858567;860433;"it at our house."
320;866066;871734;"What do you think of all these
new chickens?"
321;871734;874200;"Khloe, she's jerking around.
What does that mean?"
322;874200;876100;">> KHLOE: She wants jerk
chicken."
323;876100;877800;">> KRIS: Khloe... Khloe...
>> KHLOE: Drop it!"
324;877800;879667;">> KRIS: Khloe! Khloe! Khloe!"
325;881467;885233;"(screaming)
>> KIM: I know, I'm going to"
326;885233;888834;"corner it. Get it, get it.
On that side. Got it?"
327;888834;892934;">> KRIS: I got it, I got it.
>> KIM: Will you help us catch"
328;892934;895133;"the chicken?
>> KRIS: Kim's got it."
329;895133;897000;"(screaming)"
330;901066;903166;"Help me.
Come here."
331;903166;905834;"No, no, no.
No, no, it's okay."
332;905834;914967;"It's okay. It's okay.
Ew! It pooped on me!"
333;914967;918333;">> ROB: When is your flight?
Like, when are you taking off?"
334;918333;921233;">> ADRIENNE: Like, should be
heading now."
335;921233;924100;"Like right on time.
>> ROB: No, stay."
336;924100;927166;"Don't go.
I don't want this time to come."
337;927166;929900;"I don't want this to happen,
but, you know, she has to make"
338;929900;932100;"her flight.
I mean, I'm not forgetting about"
339;932100;937633;"my dad, but she fills that void.
So she just makes me really"
340;937633;941934;"happy.
Don't cry."
341;941934;944467;">> ADRIENNE: I love you.
I just, I'm gonna miss you."
342;944467;950600;"It's not that I think...
I'm just really gonna miss you."
343;950600;954967;"♪ So what do we do from here? ♪"
344;957467;960066;">> ADRIENNE: I love you.
♪ When this damn town"
345;960066;964000;"Has got us crazy? ♪"
346;975367;978433;">> KRIS: I'm gonna show you guys
what real fresh eggs taste like."
347;978433;981467;">> KYLIE: They reek. They reek.
>> KHLOE: Mom, these eggs"
348;981467;983533;"better be good after how those
damn chickens smelled."
349;983533;986000;">> KRIS: The best eggs you've
ever had in your entire life."
350;986000;988133;"Okay, Kylie...
>> KHLOE: These better be"
351;988133;990700;"miracle eggs.
>> KRIS: Taste the ones that"
352;990700;996500;"I... cultivated and hatched.
>> KIM: I actually think this"
353;996500;999400;"tastes a little dirty.
>> KRIS: Dirty? It's the"
354;999400;1002800;"freshest, most organic thing you
guys can have."
355;1002800;1004700;">> KOURTNEY: They have, like, a
weird scent and taste."
356;1004700;1006233;">> BRUCE: Did you try a regular
egg?"
357;1006233;1007633;">> KOURTNEY: I did.
>> KHLOE: Yeah, I don't like..."
358;1007633;1010100;"Here, nanny.
>> KRIS: I just wanted you guys"
359;1010100;1012100;"to, like, eat something good in
your life, like some organic"
360;1012100;1014700;"eggs.
>> BRUCE: Get him out of here."
361;1014700;1022800;"The dog will not eat the chicken
eggs."
362;1022800;1026100;">> ROB: Hey, Kourt, I just
dropped Adrienne off at the"
363;1026100;1028367;"airport.
>> KOURTNEY: Aw. You should just"
364;1028367;1030567;"come over and take your mind off
of it."
365;1030567;1034033;"I just want to go to my place
 movies."
366;1034033;1035734;">> KOURTNEY: It's only gonna
make you more sad."
367;1035734;1037367;"Rob, you should really just come
over."
368;1037367;1039567;">> ROB: I'm sorry.
I'm just... I just need, like,"
369;1039567;1041767;"to be alone for right now.
>> KOURTNEY: Feel better."
370;1041767;1043533;">> ROB: Okay. Love you. Bye."
371;1045700;1047166;">> KOURTNEY: I just hung up with
Rob..."
372;1047166;1049300;">> KHLOE: Mm-hmm.
>> KOURTNEY: ...and I really"
373;1049300;1051867;"think we need to do something.
I've, like, never seen him this"
374;1051867;1054066;"depressed.
>> KIM: That's so sad."
375;1054066;1056800;">> KHLOE: It's so...
>> KOURTNEY: Oh, my God, I just"
376;1056800;1058333;"thought of what we can do."
377;1064633;1067200;">> KYLIE: It's too cold for the
chickens to be outside."
378;1067200;1069333;">> KHLOE: Chickens are fine.
They sit together."
379;1069333;1071000;"They'll be fine.
>> KYLIE: Well, why don't we"
380;1071000;1072967;"bring 'em inside?
We'll put 'em in Mom's bathtub."
381;1072967;1076967;">> KHLOE: I feel bad for the
chickens, so I decide to go with"
382;1076967;1079433;"Kylie and put the chickens
inside."
383;1079433;1083333;"Since my mom loves chickens so
much, I wanted to put them in"
384;1083333;1084934;"her bathtub.
>> KYLIE: Khloe, can you take"
385;1084934;1086467;"this?
>> KHLOE: No, put 'em in there."
386;1086467;1089367;"I got to wash my hands.
>> KYLIE: I can't 'cause you"
387;1089367;1090867;"made me hug him.
>> KHLOE: Throw it."
388;1090867;1094300;"(Kylie shrieks)
Who did not help you in this?"
389;1094300;1097166;">> KYLIE: You.
>> KHLOE: Exactly."
390;1097166;1100533;"If there are any traces of my
DNA in this room..."
391;1100533;1103800;"(chickens clucking)"
392;1110133;1113533;">> ROB: It was really hard
for me to get up and take"
393;1113533;1116200;"Adrienne to the airport.
I'm not gonna be able to, like,"
394;1116200;1120300;"see Adrienne, kiss Adrienne.
It's just a miserable feeling."
395;1120300;1141333;"♪ My poor heart
My poor heart... ♪"
396;1141333;1145667;">> BRUCE: Oh!
(girls shrieking)"
397;1145667;1147367;"Whose idea? Kylie, was it your
idea?"
398;1147367;1169934;">> KYLIE: That wasn't my fault.
That was all Khloe's fault."
399;1169934;1172834;"(chickens clucking)
>> BRUCE: You have got to be"
400;1172834;1175967;"kidding me.
Hey, guys, what are you doing in"
401;1175967;1180300;"here?
(clucking continues)"
402;1180300;1186934;"You make a mess on me, buddy,
and you'll be dinner."
403;1186934;1189433;"What's the deal with the
chickens in the bathtub?"
404;1189433;1191433;">> KHLOE: Kylie did it.
>> KYLIE: No, it was..."
405;1191433;1193100;">> BRUCE: Oh, you're ratting on
her. Whose idea?"
406;1193100;1195533;"Kylie, was it your idea?
>> KYLIE: That wasn't my fault!"
407;1195533;1197934;"That was all Khloe's fault!
>> KRIS: Where are the rest of"
408;1197934;1200900;"the chickens?
(clucking)"
409;1200900;1205000;">> BRUCE: Oh...!
(girls shrieking)"
410;1205000;1207500;">> KHLOE: Honestly, that is the
most digesting thing."
411;1207500;1209567;">> BRUCE: Pick it. Pick it up.
Come on, buddy."
412;1209567;1211600;">> KRIS: Get it out of my house.
>> KHLOE: Oh, my God, I'm never"
413;1211600;1213600;"eating a chicken...
>> KIM: It stinks!"
414;1213600;1216400;">> BRUCE: I knew this chicken
thing was a bad idea right from"
415;1216400;1218867;"the beginning.
They are going back to the farm."
416;1218867;1222266;"You want eggs?
What'd you get? Poopy."
417;1222266;1224266;">> KRIS: There's not gonna be
any chickens."
418;1224266;1226967;"That was not a great idea that I
brought the chickens home."
419;1226967;1229333;"You can't win 'em all."
420;1233333;1236533;">> KHLOE: Roberto!
Okay."
421;1236533;1239066;">> KOURTNEY: Rob.
>> KHLOE: Sit down."
422;1239066;1241567;">> KOURTNEY: We know you're
having a rough day."
423;1241567;1244233;">> KHLOE: We got you this.
>> ROB: You know, you guys"
424;1244233;1248233;"shouldn't have.
>> KHLOE: We work really hard to"
425;1248233;1251667;"support our brother.
>> ROB: Thank you so much."
426;1251667;1254200;"What am I gonna do with a video
camera?"
427;1254200;1256467;">> KHLOE: Open this and you'll
find out."
428;1256467;1259834;">> ROB: You guys are too much.
What is this mumbo-jumbo?"
429;1259834;1262300;">> KHLOE: That's your itinerary
to go to India!"
430;1262300;1265567;">> KOURTNEY: Air India!
>> ROB: My sisters are so"
431;1265567;1267533;"cool.
I love 'em to death."
432;1267533;1269100;"They're the best sisters in the
world."
433;1269100;1272667;"India's really expensive, A:
and B: I'm gonna see Adrienne,"
434;1272667;1275900;"who I love, so I'm gonna be very
happy, it'll cheer me up."
435;1275900;1279233;"Come here. Give papa a hug.
>> KHLOE: Aw..."
436;1279233;1283700;"Papi chulo. Papi...
>> ROB: That's what she calls"
437;1283700;1287500;"me.
>> BRUCE: Girls? I got dinner."
438;1287500;1289233;"I picked up dinner on my way
home."
439;1289233;1294300;"Got fried chicken, girls.
You, eat it for getting that"
440;1294300;1296100;"chicken.
Bringing that chicken in my"
441;1296100;1297567;"house.
>> KHLOE: I didn't do anything."
442;1297567;1299934;">> BRUCE: Bringing that chicken
in my house and making its poop"
443;1299934;1302166;"on the floor, helping Kylie
with it."
444;1302166;1304033;"You gotta eat this chicken.
>> KHLOE: That was Kendall!"
445;1304033;1305333;">> BRUCE: Eat it!
>> KHLOE: Kendall did that!"
446;1305333;1307433;">> BRUCE: Eat the chicken!
>> KRIS: The dog's gonna eat it."
447;1307433;1310300;">> KOURTNEY: Oh, that's so mean.
>> KHLOE: She doesn't eat people"
448;1310300;1312300;"food.
>> KIM: It's gonna make a run"
449;1312300;1313867;"for it."
450;1317433;1319333;"Keeping Up
With The Kardashians:"
451;1319333;1321767;"Kim, I have a ton of
other things I wanna do."
452;1321767;1324100;">> KIM: Go do it all.
>> KHLOE: So keep your ass here"
453;1324100;1325967;"instead of coming once every two
months."
454;1325967;1329166;"Come to the store more!
I need your (bleep) help!"
455;1329166;1331700;">> KRIS: Wouldn't it be great to
have somebody dress you?"
456;1331700;1333667;">> BRUCE: I don't want a
stylist."
457;1333667;1335667;">> I need to get the inseam of
your pants."
458;1335667;1337000;"I don't mind going down."