﻿Number;Start time in milliseconds;End time in milliseconds;"Text"
1;3200;6567;"Captioning sponsored by 
 BUNIM-MURRAY PRODUCTIONS"
2;6567;8166;">> KIM KARDASHIAN: Oh, my God,
guys, listen up."
3;8166;10734;"I have an announcement to make.
Did you guys know that I'm,"
4;10734;12867;"like, the number one Google
search last week?"
5;12867;15533;">> KHLOE: Kim, shut up.
You're so into yourself."
6;15533;19000;">> KIM: And then yesterday I was
the top AOL search for the whole"
7;19000;21300;"week.
>> KOURTNEY: Do you also know"
8;21300;23934;"that you are the number two on
the dumbest people?"
9;23934;26533;"(laughing)
 New York Post?"
10;26533;28734;">> KIM: As long as they're
talking about me, honey."
11;28734;31166;"Is there a manicurist on the
 Bongo?"
12;31166;33767;"I really have no time to get him
anything."
13;33767;35734;">> KHLOE: "I have a soda shoot
tomorrow.""
14;35734;40867;""I need a golden egg, Dadsy.
Dadsy, I want it now!""
15;40867;42900;">> KRIS: Sometimes I just don't
know how I got stuck in this"
16;42900;46066;"horror movie.
>> BRUCE: Kimberly's gotta learn"
17;46066;48066;"how to deal with this thing
called "fame.""
18;48066;50800;"The world doesn't revolve around
her."
19;50800;52433;"it does...
>> KIM: You're gonna make me"
20;52433;53400;"nauseous.
>> KHLOE: Who cares?!"
21;53400;56400;">> KIM: Okay, honestly, my
makeup is running down my face!"
22;56400;58233;"Stop!
>> KHLOE: Oh, my God."
23;58233;60900;"Are you okay?
>> KIM: No."
24;60900;63033;">> KHLOE: I think you're getting
a little full of yourself,"
25;63033;65033;"sugar.
You know why she's the"
26;65033;66834;"most Googled person?
>> KRIS: Mm."
27;66834;69834;">> 'Cause she's Googling
herself."
28;69834;71600;">> All right, we're ready.
>> KRIS: No, no, no, you're"
29;71600;73834;"right here.
>> KHLOE: The wind, you guys--"
30;73834;75533;"is this necessary?
>> KRIS: Go change."
31;75533;77033;"Awful.
>> KOURTNEY: No, that is not"
32;77033;79700;"cute.
>> ROBERT: I need someone to"
33;79700;81800;"make me laugh.
>> KRIS: Where's Kim?"
34;81800;84233;"Kim is always late.
>> KIM: I'm here."
35;84233;87200;">> KOURTNEY: Get out of our way.
>> KIM: Stop, jealous."
36;87200;88734;">> BRUCE: Stop!
>> KRIS: That's enough."
37;88734;91600;">> All right, you guys.
>> That's it, we're done."
38;91600;95467;">> Money.
♪ You are the girl of my"
39;95467;100400;"dreams... ♪
>> KIM: I'm finally at a really"
40;100400;102533;"happy place in my life right
now."
41;102533;107066;"Everything from career to family
is going perfect."
42;107066;110166;"Every night it's a different red
carpet event, a different photo"
43;110166;112900;"shoot.
There's paparazzi everywhere I"
44;112900;115133;"go now.
>> KOURTNEY: We've been doing a"
45;115133;117400;"lot more together as sisters.
Oh, my God. They totally"
46;117400;121066;"marked my boob.
>> You could tell, they did."
47;121066;124166;">> KIM: I've, you know, been
dating somebody."
48;124166;125900;">> KOURTNEY: Kim, Santa and
Reggie."
49;125900;128867;">> KHLOE: Kim is dating Reggie
Bush. They're really happy and"
50;128867;130567;"serious about each other.
>> KHLOE: Kim really misses"
51;130567;133934;"Reggie, 'cause he's always on
the road, training and he just"
52;133934;137567;"is super, super busy.
>> KRIS: And I think it's great"
53;137567;141500;"that she's really, really happy.
>> Bye, Reggie! Bye, tight-ass!"
54;141500;143967;">> Tight-end. Tight-end.
 of my"
55;143967;147200;"girls have found true love.
>> BRUCE: Scotty is back."
56;147200;149266;"We get another guy in the
house, which is great."
57;149266;151166;">> KOURTNEY: Scotty, I made you
a burger with no cheese."
58;151166;153000;">> BRUCE: Yeah, I hear you're
lactose-intolerant."
59;153000;155600;"I didn't know that.
Would that be like an"
60;155600;157133;"imperfection in the gene pool
here?"
61;157133;159700;">> SCOTT: Yeah, but everything
else I look good, so it's fine."
62;159700;162834;">> KOURTNEY: Scott and I have
been together for a year now."
63;162834;164533;">> SCOTT: I love you.
>> KOURTNEY: I love you."
64;164533;168000;"Everything's going really well.
I haven't been able to open up"
65;168000;173000;"with a guy since my high school
boyfriend, and it's like the"
66;173000;176567;"being
really honest and affectionate."
67;176567;178767;"I think that we're doing really
good."
68;178767;180300;"dolce.
>> SCOTT: All right."
69;180300;188166;">> KOURTNEY: Bye, doll.
>> SCOTT: All right."
70;188166;191300;">> KIM: I just feel like you
guys have no idea what I'm"
71;191300;192967;"going through.
You have no idea..."
72;192967;195467;">> KOURTNEY: Do you become so,
like, up your own ass that you"
73;195467;197200;"won't even...?
>> KIM: I'm not up own my ass--"
74;197200;199166;"I'm just really busy doing
stuff."
75;199166;202500;">> KOURTNEY: Okay, I have to go
meet Scott because I have his"
76;202500;204400;"old phone.
>> KIM: Wait, you have his old"
77;204400;208233;"phone?
>> KOURTNEY: It's like this"
78;208233;211700;"phone from four months ago.
>> KIM: Have you gone through"
79;211700;213200;"it?
>> KOURTNEY: I'm not a spy like"
80;213200;215533;"you psychopaths.
>> KIM: Okay, but I am."
81;215533;218934;">> KOURTNEY: I'm not gonna spy.
>> KIM: Give me his phone."
82;218934;220633;">> KOURTNEY: Like, what is the
point of this?"
83;220633;222900;">> KIM: What do you mean, what
is the point of this?"
84;222900;225200;"You want to know what your
boyfriend's up to."
85;225200;228867;"I am queen of 007.
I could break into any phone."
86;228867;231567;"I can get any code, any...
Hear any voicemail."
87;231567;236867;"I know how to do it all.
Wait. It says "Kyra... Model.""
88;236867;238367;">> KOURTNEY: What?!
Let me see."
89;238367;240433;">> KIM: Exactly. It's so funny
when guys write in codes."
90;240433;244033;"I'm like between codes.
And that's a Miami phone number."
91;244033;246734;">> KHLOE: Miami number. Ooh.
>> KIM: That's "law"."
92;246734;248600;"What is "law"?
>> KOURTNEY: That means..."
93;248600;252834;"He has a text message from
somebody called "my wife.""
94;252834;254133;">> KHLOE: What?
>> KIM: What?"
95;254133;257033;">> KOURTNEY: And it says, "I
loved looking into your eyes"
96;257033;260700;"last night."
And then she said, "Yes, it was"
97;260700;263367;"great seeing you."
This is when he was in the"
98;263367;267834;"Hamptons.
>> KIM: What?"
99;267834;270367;">> KHLOE: Kourtney...
>> KIM: Hold on."
100;270367;273834;"Then he wrote to his loser
friend..."
101;273834;276700;">> KOURTNEY: "I wish I could
come to L. A. for a week and not"
102;276700;281867;"tell Kourt, but the second we go
out, she'll know I'm in town.""
103;281867;287066;"I cannot believe Scott could
have cheated on me."
104;287066;289000;">> KIM: I'm sorry, Kourt, that
is not okay."
105;289000;292066;">> KOURTNEY: I'm sick to my
stomach that this could have"
106;292066;294200;"even happened.
>> KHLOE: He's a bull (bleep)"
107;294200;296333;"and you do not need that in your
life."
108;296333;298600;">> KIM: I feel like he's one
person when he's with you and"
109;298600;300100;"he's another person when he's
not with you."
110;300100;301967;">> KHLOE: Yeah, I just would
never let someone treat me"
111;301967;303266;"like that.
>> KOURTNEY: I just really do"
112;303266;307667;"not know what to do.
I think whenever I'm in, like, a"
113;307667;313700;"crazy emotional situation, I
definitely do rely on my sisters"
114;313700;317500;"for guidance and support and
just what to do."
115;317500;325667;">> KHLOE: You need to break up
with him."
116;325667;328300;"(phone ringing through)
>> SCOTT: What up?"
117;328300;331500;">> KOURTNEY: Hey.
>> SCOTT: Hey."
118;331500;334700;">> KOURTNEY: So who is Kira and
why are you staring into"
119;334700;336834;"people's eyes?
>> SCOTT: What are you talking"
120;336834;339166;"about?
Kira who and staring into whose"
121;339166;341100;"eyes?
>> KOURTNEY: Why don't you tell"
122;341100;342867;"who Kira is?
Tell me all about her."
123;342867;344667;"I'd love to know.
>> SCOTT: About what? I don't"
124;344667;345967;"even know what you're talking
about."
125;345967;348166;">> KOURTNEY: Unless you're gonna
be honest, I have no reason to"
126;348166;350867;"talk to you again.
Okay, gotta go."
127;350867;353200;"Just call me when you want to be
honest."
128;353200;358000;">> SCOTT: Huh!
>> KOURTNEY: I'm so disgusted"
129;358000;360300;"and sick right now, I'm leaving.
>> KHLOE: Are you okay to drive"
130;360300;362266;"and everything?
>> KOURTNEY: Yes, I just need to"
131;362266;366667;"go home and literally go to bed
and never talk to losers like"
132;366667;373433;"this again or associate them in
my life."
133;373433;376600;"I have read every single thing
in your phone."
134;376600;379633;"Who's your wife?"
135;389734;394166;">> KOURTNEY: I really can't stop
thinking about this whole Scott"
136;394166;397433;"situation.
The quotes of the phone keep"
137;397433;400934;"popping up in my head, and I
just really can't stop thinking"
138;400934;402700;"about it.
>> KRIS: All right, I'm gonna"
139;402700;405233;"put this in the mailbox.
>> KOURTNEY: But the last thing"
140;405233;409066;"I need is another annoying
person like my mom to get"
141;409066;413400;"involved, so this is just
between Kim, Khloe, and I."
142;413400;415066;">> KHLOE: Hi, jewel.
>> KIM: Hey, jewel."
143;415066;417066;">> KHLOE: We wanted to know if
you wanted to go to lunch with"
144;417066;418233;"us.
>> KIM: Are you okay?"
145;418233;419967;"How are you feeling about Scott?
>> KOURTNEY: I'm just trying to"
146;419967;422133;"keep busy and not think about
it, but I just have so much to"
147;422133;425433;"do, so I'm going to have to
pass."
148;425433;429800;">> KHLOE: Okay, well, Kim and
I will go eat for you like we"
149;429800;431533;"normally do.
>> KOURTNEY: Okay."
150;431533;434266;">> KHLOE: Poor little Kourtney
is sad and depressed."
151;434266;436100;"Cheer up, Charlie.
I don't know if she needs some"
152;436100;439900;"alone time, if she's just tired.
I'm kind of concerned."
153;439900;441400;">> KIM: I feel like we should do
something to cheer her up,"
154;441400;443066;"like...
>> KHLOE: Like what?"
155;443066;445400;">> KIM: Like go on a girls'
trip."
156;445400;447166;">> KHLOE: Oh, my God, that would
be so fun."
157;447166;449266;">> KIM: What's like close?
>> KHLOE: I mean Cabo's the"
158;449266;451633;"easiest place.
>> KIM: That's relaxing."
159;451633;453900;"She can totally get her mind off
of Scott."
160;453900;455767;">> KHLOE: Out of the country so
he can't call."
161;455767;457800;">> KIM: The phone won't work.
Oh, my God, that's perfect."
162;457800;459100;">> KHLOE: It's going to be
amazing."
163;459100;460700;">> KIM: It's so perfect.
>> KHLOE: I feel like if we left"
164;460700;462734;"it up to Kourtney, Kourtney
would sit in her room all"
165;462734;466033;"weekend contemplating and
thinking about Scott."
166;466033;469100;"So Kim and I come up with the
best idea-- to take Kourtney"
167;469100;473767;"to Mi Cabo in Cabo San Lucas.
No Scott allowed."
168;473767;475800;"♪ ♪"
169;480600;484667;"(snoring)
>> KHLOE: What are you guys"
170;484667;486433;"doing?
We're in Cabo."
171;486433;488033;">> KOURTNEY: Vacations are
relaxing."
172;488033;489867;"They don't always have to be...
>> KHLOE: Kourtney..."
173;489867;491467;">> KOURTNEY: ...a bit fiesta.
>> KHLOE: I'm not saying we got"
174;491467;493033;"to party.
Let's go do things we wouldn't"
175;493033;501233;"normally do at home.
This is your trip, let's go."
176;501233;506467;">> KIM: Cheers, honey.
(phone ringing)"
177;506467;509967;">> KIM: I've got it.
Hello."
178;509967;511767;">> KRIS: Hi, Kim.
How you doing?"
179;511767;514300;"How's it going down there?
>> KIM: Mom, my hotel situation"
180;514300;517500;"in Miami is all screwed up.
>> KRIS: A few weeks ago, Kim"
181;517500;520734;"asked me to book her a room in
Miami for an upcoming event."
182;520734;523667;"But it's been so difficult
trying to get get exactly what"
183;523667;525734;"she wants.
>> KIM: And I'm not going if I'm"
184;525734;527867;"not having a suite at the
Setai."
185;527867;530867;"I want the $2,500 room-- the
best room that they have."
186;530867;533433;"The couple bedroom suite.
>> KRIS: The particular suite"
187;533433;536533;"that you requested has been
booked for a year."
188;536533;538533;">> KIM: I don't care.
They need to get that room."
189;538533;541200;"That room needs to magically
become available for me, because"
190;541200;543133;"I've asked for it for a month
ago."
191;543133;545166;">> KRIS: You're asking all these
things, and you have all these"
192;545166;548166;"requests and I'm trying to do my
best to get done what you really"
193;548166;550133;"want.
>> KIM: I don't want to stay in"
194;550133;552400;"a piece of (bleep) hotel.
Like everything you've booked"
195;552400;554400;"me in Miami, has been the worst
hotel ever."
196;554400;556266;">> KRIS: I don't know what's
gotten into you lately, but you"
197;556266;558100;"should really check your
attitude."
198;558100;560767;"You know, she can holler at me
or raise her voice or get"
199;560767;563834;"angry-- I understand she's
frustrated-- but don't be a"
200;563834;565900;"spoiled brat, because this is
how life is."
201;565900;568834;"It's not all perfection.
>> KOURTNEY: She's so annoying."
202;568834;572533;"I don't think it's asking for
too much to stay in a nice"
203;572533;575934;"hotel in a suite.
Thank goodness I'm not asking"
204;575934;578500;"for a private plane.
>> BRUCE: You know, she can't"
205;578500;580667;"get this attitude stuff.
>> KRIS: We're on her team."
206;580667;593767;"You know, we're just trying to
make her life, you know, cushy."
207;593767;595533;">> KHLOE: Kourt, what are you
doing?"
208;595533;597967;"Are you texting Scott?
>> KOURTNEY: It's nice to be"
209;597967;603066;"away, and it's gorgeous in Cabo,
but I really can't stop thinking"
210;603066;605700;"about Scott.
>> KHLOE: I leave you alone for"
211;605700;608233;"five minutes and look at you.
You're no longer allowed to have"
212;608233;616467;"your phone.
Come on, chip-chop."
213;616467;618433;"How do you think that guest
bedroom's going to work out"
214;618433;620000;"tonight?
Come in handy?"
215;620000;621934;">> KOURTNEY: Khloe, you know
that's not my style."
216;621934;624033;">> KHLOE: You never know what
happens in Cabo, honey."
217;624033;627367;">> KOURTNEY: Khloe keeps trying
to push me into hooking up with"
218;627367;631400;"a guy tonight in Cabo.
And that is not where my head is"
219;631400;635033;"at at all.
>> KHLOE: Look at Fabio."
220;635033;638033;"(laughing)
>> KOURTNEY: That could be your"
221;638033;640133;"one-night stand.
>> KHLOE: That's Fabio."
222;640133;642000;"♪ ♪"
223;650033;652567;">> KOURTNEY: Kim and Khloe,
you know, they're trying to get"
224;652567;663467;"me to drink and have fun and
dance all night long."
225;663467;665533;">> KHLOE: I think we're having a
lot of fun."
226;665533;674533;"And the next moment I realize
Kourtney's gone."
227;674533;678600;">> KOURTNEY: I could drink and
dance for a little while, but I"
228;678600;682467;"just can't stop thinking about
this."
229;682467;696433;"I'm just ready to go home and
deal with the situation."
230;696433;699200;">> KIM: I just called and got
the same suite for $1,700 in the"
231;699200;700934;"three nights I'm going to be
there."
232;700934;702934;">> KRIS: You keep going on and
on about this room."
233;702934;704500;"The problem is...
>> KIM: I have it handled."
234;704500;707967;"Thanks.
Um, all right, what am I going"
235;707967;709300;"to eat?
I'm starving."
236;709300;711967;"All I have is a frickin' orange.
>> KRIS: And look at how"
237;711967;713834;"gorgeous these pears are.
These are like Asian pears."
238;713834;715433;"They're fabulous.
>> KIM: They're gorgeous and"
239;715433;717533;"they taste like crap.
>> KIM: I'm going to kill her if"
240;717533;724333;"this attitude continues.
>> Four new voice messages."
241;724333;726567;">> KHLOE: He called you?
When was that, when we were out"
242;726567;728000;"of town?
>> KOURTNEY: I don't know."
243;728000;730867;">> Message has been deleted.
New message."
244;730867;734500;">> KHLOE: Are you joking?"
245;736500;738367;">> New message."
246;743300;744734;">> KHLOE: I'm sorry, he knows
he's wrong."
247;744734;746066;">> KOURTNEY: He's suddenly
freaking out."
248;746066;747834;">> KHLOE: That's why he's
calling you four times."
249;747834;749967;">> KOURTNEY: Okay, but Khloe,
I'd rather him calling me."
250;749967;752233;"If he wasn't calling me, I
would be like..."
251;752233;754433;">> KHLOE: I mean, I understand
you want closure-- and that's"
252;754433;755633;"one thing, but...
(phone ringing)"
253;755633;757266;">> KOURTNEY: Hold on, this is
him calling me."
254;757266;759333;">> KHLOE: Don't answer.
>> KOURTNEY: I want to answer."
255;759333;760900;">> KHLOE: Why?
Don't answer the phone."
256;760900;762567;">> KOURTNEY: I don't know, I
just want... I just want to get"
257;762567;765300;"this over with.
I'm an adult, and if I choose"
258;765300;768100;"that I want to talk to Scott, I
can do that."
259;768100;771000;"And Khloe needs to be supportive
of whatever I decide."
260;771000;772934;"Hello."
261;775433;777333;"I mean, I have things I'd like
to get off my chest and say to"
262;777333;779200;"you."
263;783800;785667;"Yeah."
264;786633;788800;">> KHLOE: Are you serious?
>> KOURTNEY: Khloe, I said I"
265;788800;792500;"just want for my own self-- I'm
not like doing him a favor."
266;792500;794100;">> KHLOE: This is such a bad
idea."
267;794100;795900;"I'm really frustrated that
Kourtney's about to go talk to"
268;795900;797367;"Scott.
>> KOURTNEY: I'm going."
269;797367;799367;">> KHLOE: You're such an idiot.
Look, 'cause I know he's going"
270;799367;804867;"to make up an excuse to get back
in her life."
271;804867;807500;">> KOURTNEY: I want to know what
happened."
272;807500;810667;"And I want an explanation.
This is not going to be a"
273;810667;814066;"pleasant conversation.
I read every single thing in"
274;814066;816300;"your phone.
>> SCOTT: Anything that you"
275;816300;819500;"think that was bad, I can
explain everything about."
276;819500;821567;">> KOURTNEY: Who's your "wife"
that's in your phone?"
277;821567;824667;">> SCOTT: Some girl that, like,
I dated in, like, high school."
278;824667;828867;">> KOURTNEY: Why were you
looking into my wife's eyes?"
279;828867;831567;">> SCOTT: She came over to the
house, and as a joke, we, like,"
280;831567;834166;"looked into each other's eyes.
We were like, "Oh, yeah, good to"
281;834166;836400;"see you."
And then over text message, it"
282;836400;838400;"was back before like, "Oh, so
good to look in your eyes.""
283;838400;840100;">> KOURTNEY: Okay, well, that's
inappropriate."
284;840100;843333;">> SCOTT: You're right.
That was just me being immature"
285;843333;845567;"and just being stupid.
Even talking and flirting with"
286;845567;847567;"other girls is disrespectful
to you."
287;847567;851367;"But in no way was that really
what I meant."
288;851367;855467;"I just always had that image
that I thought it was like cool"
289;855467;858333;"to act like you want to hang out
with your guy friends and go out"
290;858333;860567;"and party.
But I do swear to God to you, I"
291;860567;864333;"never cheated on you ever.
I don't know exactly how to try"
292;864333;868066;"to start over, but I'm going to
make a change."
293;868066;870467;"You'll see.
>> KOURTNEY: Really deep down"
294;870467;874266;"inside, I don't feel like I'm
done with the relationship,"
295;874266;879400;"so I decide to give it a chance,
but really slowly and definitely"
296;879400;884100;"not jump in with both feet.
>> SCOTT: I still love you."
297;884100;887433;">> KOURTNEY: Okay, well, I
can't, definitely can't give you"
298;887433;891133;"all of me right now, so...
>> SCOTT: All I ask is, you just"
299;891133;901000;"keep a somewhat open mind.
>> KOURTNEY: Okay."
300;901000;903600;">> KENDALL: Do her pose that she
always does."
301;903600;907633;">> KYLIE: I'm Kim Kardashian.
I am fabulous and I am the best"
302;907633;911800;"and everyone does what I say,
and soon, I'll be the queen of"
303;911800;914133;"the world!
>> KENDALL: (clicks tongue)"
304;914133;916000;"You're my favorite daughter.
>> KYLIE: Thanks, Mom, for the"
305;916000;918166;"shopping spree.
Now I just need my $5,000 hotel."
306;918166;921033;"I can't stay in a crappy hotel,
Mom."
307;921033;924967;"This is Busha, okay?
Since we're going on red carpet,"
308;924967;928767;"and I have to get my hotel, I
need to shop till we drop, okay,"
309;928767;930533;"Mom?
>> KIM: They're totally in there"
310;930533;932367;"making fun of me.
(Bruce laughs)"
311;932367;934400;">> BRUCE: Uh, yeah.
>> KIM: They're, like, imitating"
312;934400;936166;"me, making fun of me.
I overheard them."
313;936166;938834;">> BRUCE: Well, maybe they're
watching you and just kind of"
314;938834;942100;"mimicking what you're doing.
You know, the old Charles"
315;942100;944433;"Barkley line: "Hey, I am no role
model.""
316;944433;946633;"Well, wrong. You are.
Especially to these kids."
317;946633;948767;"They look up to you.
You're their big sister."
318;948767;951033;"You just gotta keep the whole
thing in proper perspective."
319;951033;952533;"Don't let anything go to your
head."
320;952533;954600;"Just stay nice.
Be nice to everybody, including"
321;954600;956667;"your mother.
You know, you just cannot act"
322;956667;958533;"that way."
323;966967;969066;">> KOURTNEY: Please, come here.
You're gonna die."
324;969066;972867;"Scott wants to take me out to
dinner tonight, but I want you"
325;972867;976533;"to come with me.
And, like, he needs to explain"
326;976533;978467;"himself to you guys.
>> KHLOE: I'm not going and"
327;978467;980433;"you're not going.
I'm sorry. He's conned his way"
328;980433;982333;"back into your life.
>> KOURTNEY: Khloe, you can't"
329;982333;984266;"make make all the decisions for
me."
330;984266;986567;"How many times have you been
there for Kim and her lunatic"
331;986567;988900;"decisions?
>> KHLOE: Okay, well, then I"
332;988900;994367;"will go because I get it.
But I still, I can't keep my"
333;994367;996533;"mouth shut.
That wouldn't be me."
334;996533;999967;"Are you gonna invite Kim?
>> KOURTNEY: No, I didn't even"
335;999967;1002266;"talk to her.
She's too caught up in her own"
336;1002266;1006834;"business.
>> KHLOE: When you hurt"
337;1006834;1011400;"Kourtney, you hurt me.
You do it twice, I will cut your"
338;1011400;1013467;"Capisce?"
339;1020934;1023166;"(ring tones play)
>> KOURTNEY: Kim is calling."
340;1023166;1025633;">> KHLOE: Put it on speaker.
>> KOURTNEY: Hey, Kim."
341;1025633;1029166;">> KIM: Hey, Kourt. I just
wanted to say that I know that"
342;1029166;1031433;"you're going through a lot with
Scott, and I haven't really"
343;1031433;1033433;"taken the time to listen to your
problems."
344;1033433;1036200;">> KHLOE: Well, speaking of her
problems, guess where Kourt and"
345;1036200;1038700;"I are going tonight?
>> KIM: Where?"
346;1038700;1041133;">> KHLOE: To dinner with Scott.
>> KIM: No!"
347;1041133;1043033;">> KHLOE: Yes.
>> KIM: Why are you going,"
348;1043033;1044400;"Khloe?
>> KOURTNEY: I'm making her"
349;1044400;1046066;"come.
>> KHLOE: And I am the strong"
350;1046066;1047567;"one in the family.
>> KIM: You invite me!"
351;1047567;1049900;">> BOTH: 'Cause we haven't
talked to you!"
352;1049900;1051734;">> KIM: Wait, you guys.
I want to go."
353;1051734;1053834;">> KOURTNEY: Fine. Pick us up at
my house."
354;1053834;1056133;"And don't worry about being a
diva."
355;1056133;1058467;"We love you anyway, honey.
We're sistas."
356;1058467;1065133;"Sistas stick together.
(Khloe laughs)"
357;1065133;1067834;">> KIM: Wait. Does he know we're
coming? No way!"
358;1067834;1069166;">> KHLOE: He's probably
terrified."
359;1069166;1071633;">> KOURTNEY: I think I feel
really, really positive about"
360;1071633;1075567;"the decision to give Scott
another chance."
361;1075567;1080734;"But I really need the support of
my sisters, or else this won't"
362;1080734;1082200;"work.
Hey, doll."
363;1082200;1085233;">> SCOTT: I get three for the
price of one being mad at me?"
364;1085233;1087433;">> KIM: Oh, no, three for the
price of three."
365;1087433;1089834;">> SCOTT: You look like you're
in a hit man attire."
366;1089834;1092333;">> KHLOE: You don't know what I
have on under this coat, buddy."
367;1092333;1094900;"Kourtney may have forgiven
Scott, but he's not getting off"
368;1094900;1097333;"that easily with me.
>> KIM: Are you gazing into our"
369;1097333;1100533;"eyes?
 First off, I"
370;1100533;1105500;"understand where I was wrong and
immature and disrespectful."
371;1105500;1107367;">> KHLOE: Where's that?
>> SCOTT: But the actual things"
372;1107367;1110400;"that you think that are concrete
are completely false."
373;1110400;1113433;">> KHLOE: Why would you page
your friend saying, "I wish"
374;1113433;1116633;"you would've come to L.A.
without telling Kourtney so I"
375;1116633;1118967;"could hang out with you"?
>> SCOTT: I can't make an excuse"
376;1118967;1121667;"for me being pathetically
immature and retarded to talk"
377;1121667;1124400;"that much (bleep), to try to act
cool for my guy friends."
378;1124400;1127300;">> KIM: It does take a lot for a
guy to admit that he's immature."
379;1127300;1129367;">> KHLOE: I understand it does.
>> KIM: ...when being in love is"
380;1129367;1131333;"like way cooler.
>> KHLOE: Why do you think he's"
381;1131333;1133100;"saying this right now?
Because he's in the doghouse."
382;1133100;1135333;">> KIM: I think Khloe and I
know what these crazy"
383;1135333;1138000;"relationships are like.
Thank goodness Reggie and I"
384;1138000;1140433;"don't have the need to be psycho
like this."
385;1140433;1142800;">> KHLOE: So what are your
intentions with Kourt?"
386;1142800;1146867;">> SCOTT: Whatever it takes till
whenever it takes is what I'm"
387;1146867;1150834;"gonna do to try to be with her.
So, obviously, I'd like to say"
388;1150834;1153567;"more to you, but you got the
bodyguard over here."
389;1153567;1156233;"Unfortunately, I have to go to
the bathroom, and I know it's"
390;1156233;1162033;"only gonna be downhill talking
when I leave. Thanks."
391;1162033;1165133;">> KOURTNEY: I don't want to be
an idiot, but I'm crazy about"
392;1165133;1167867;"him.
I just feel like I need your"
393;1167867;1171433;"support, though, and you can't
have, like, an attitude every"
394;1171433;1174433;"time Scott's there or it's gonna
just make it really annoying."
395;1174433;1177066;">> KHLOE: ...tonight, but I'll
be fine."
396;1177066;1179633;">> KOURTNEY: It's nice to know
that I can make decisions on my"
397;1179633;1182000;"own.
But it's great to have the"
398;1182000;1185066;"support of my sisters, whatever
I decide."
399;1185066;1187800;">> KHLOE: I have to go to the
restroom."
400;1187800;1188967;">> KOURTNEY: Okay."
401;1192700;1196900;">> KHLOE: Hey, Scott.
>> SCOTT: Hi."
402;1196900;1199400;">> KHLOE: Whatever goes on
between you and Kourtney is"
403;1199400;1202000;"really between you and Kourtney,
but when you hurt Kourtney, you"
404;1202000;1204633;"hurt me.
And you can (bleep) her over"
405;1204633;1206934;"once, and if she accepts it,
cool."
406;1206934;1210834;"If you do it twice, I will cut
your (bleep) balls off."
407;1210834;1212700;"Capisce?"
408;1222700;1224867;">> BRUCE: You're cooking?
>> KIM: Oh, yes, I am."
409;1224867;1226333;">> BRUCE: Oh, my gosh, this is
great."
410;1226333;1228367;"What are you cooking?
>> KIM: Some French toast."
411;1228367;1230000;">> KOURTNEY: Hey, Kim.
>> KIM: Hey, guys."
412;1230000;1231800;">> KRIS: What's going on?
>> KIM: Making you guys"
413;1231800;1233467;"breakfast.
>> KRIS: Why is she making"
414;1233467;1235800;"breakfast?
>> KIM: Because I just feel bad."
415;1235800;1237367;"I've been really rude to
everyone lately."
416;1237367;1239367;">> KHLOE: You have. I'm
surprised you're not at home"
417;1239367;1242467;"checking your Google alerts.
>> KIM: Guys, don't push your"
418;1242467;1244233;"luck.
I was here to say I'm sorry."
419;1244233;1246934;"I love you. I'm making you
breakfast."
420;1246934;1249500;"If you guys want to help me...
>> KRIS: Oh, what a sweet girl"
421;1249500;1251200;"you are.
>> KIM: Girls, I'm here to"
422;1251200;1254100;"also tell you to stop making fun
of me."
423;1254100;1256734;"I saw you guys.
I think I've learned that no"
424;1256734;1261000;"matter how stressful and crazy
things get, you can never treat"
425;1261000;1263367;"people the way that you don't
want to be treated."
426;1263367;1265133;">> KRIS: Can I have mine over
well?"
427;1265133;1266867;">> BRUCE: Yeah, please.
And my bacon kind of crispy."
428;1266867;1268533;">> KHLOE: Kim's first apology
ever!"
429;1268533;1270533;">> KOURTNEY: In her whole 27
years of life."
430;1270533;1272567;"Captioned by 
 Media Access Group at WGBH"
431;1272567;1273800;"access.wgbh.org"
432;1276266;1277767;"Keeping
Up With The Kardashians:"
433;1277767;1279734;">> Beautiful.
>> KRIS: That is so cute."
434;1279734;1283333;">> So cute.
(whooping)"
435;1283333;1285734;">> KRIS: We have to start eating
healthy."
436;1285734;1287667;">> What about having your own
coop?"
437;1287667;1290200;">> KRIS: Come here.
(girls scream)"
438;1290200;1292734;"Wouldn't it be great to have
somebody totally dress you?"
439;1292734;1294200;">> You may be a little
uncomfortable."
440;1294200;1296133;"I need to get the inseam of your
pants."
441;1296133;1297767;"(Bruce groans)
I don't mind going down."
442;1297767;1300233;">> KHLOE: We're going on a date!
We're going on a date!"
443;1300233;1302300;">> KIM: It's sexual.
It makes people want to rip your"
444;1302300;1304033;"clothes off.
>> I got a girlfriend now."
445;1304033;1306967;">> KIM: Wait, you're in love?
Hey, babe. I miss you."
446;1306967;1308834;"(loud belch)
>> KHLOE: Kourtney, stop!"
447;1308834;1311266;">> BRUCE: I'm picking you up and
throwing you down!"
448;1311266;1313200;">> KIM: Reggie is doing this
celebrity pool tournament in"
449;1313200;1315533;"New Orleans.
>> We're gonna go rob them and"
450;1315533;1317400;"teach them a lesson.
>> It's like putting a miniature"
451;1317400;1319700;"Jimmy hat on.
>> KRIS: Khloe! Ew!"
452;1319700;1321834;">> KHLOE: Mom, you look like a
12-year-old hooker in that"
453;1321834;1324400;"dress.
>> KIM: Don't be (bleep) rude!"
454;1324400;1326633;"I'll (bleep) hurt you.
(honking)"
455;1326633;1328934;">> BRUCE: Get off that car!
Get off that car!"
456;1328934;1330767;"Just get out. Go!
>> KIM: You're sitting there"
457;1330767;1332533;"laughing.
It's not funny!"
458;1332533;1336633;"(siren wails)
I can't even take it anymore."